SMS,Entities
"Dear Customer, Rs.399 has been deducted to your Chase account XX4621 through RTGS on 05/12/2026. Ref No: 6443363988",Rs. -> CURRENCY; 399 -> AMOUNT; deducted -> TRANSACTION_TYPE; Chase -> BANK; XX4621 -> ACCOUNT_SUFFIX; RTGS -> MODE; 05/12/2026 -> DATE; 6443363988 -> REFERENCE
"Your UPI transaction of Rs.1,400 was deposited to IRCTC from Chase A/c XX1578 on Jul 24, 2026. Ref: TXN17543","UPI -> MODE; Rs. -> CURRENCY; 1,400 -> AMOUNT; deposited -> TRANSACTION_TYPE; IRCTC -> MERCHANT; Chase -> BANK; XX1578 -> ACCOUNT_SUFFIX; Jul 24, 2026 -> DATE; TXN17543 -> REFERENCE"
"IDBI Bank Alert: ₹2,399 paid at Airtel using Credit Card (A/c XX8767) on 19/05/2026. Txn Ref TXN85102","IDBI Bank -> BANK; ₹ -> CURRENCY; 2,399 -> AMOUNT; paid -> TRANSACTION_TYPE; Airtel -> MERCHANT; Credit Card -> MODE; XX8767 -> ACCOUNT_SUFFIX; 19/05/2026 -> DATE; TXN85102 -> REFERENCE"
"deposited: ₹6,299 using IMPS at Ola. Yes Bank A/c XX2348 Ref No 740790256436. Date: 18-Jun-2026","deposited -> TRANSACTION_TYPE; ₹ -> CURRENCY; 6,299 -> AMOUNT; IMPS -> MODE; Ola -> MERCHANT; Yes Bank -> BANK; XX2348 -> ACCOUNT_SUFFIX; 740790256436 -> REFERENCE; 18-Jun-2026 -> DATE"
Your PNB account XXXX8450 was deducted with INR599 at Airtel via Debit Card on 04/06/2026. Transaction Ref TXN81061,PNB -> BANK; XXXX8450 -> ACCOUNT_SUFFIX; deducted -> TRANSACTION_TYPE; INR -> CURRENCY; 599 -> AMOUNT; Airtel -> MERCHANT; Debit Card -> MODE; 04/06/2026 -> DATE; TXN81061 -> REFERENCE
"Alert: INR2,000 spent via Net Banking from IDBI Bank A/c XXXX1553 on 18/03/2026. Merchant: Myntra. Ref: 282033747980","INR -> CURRENCY; 2,000 -> AMOUNT; spent -> TRANSACTION_TYPE; Net Banking -> MODE; IDBI Bank -> BANK; XXXX1553 -> ACCOUNT_SUFFIX; 18/03/2026 -> DATE; Myntra -> MERCHANT; 282033747980 -> REFERENCE"
"₹5,450 debited from SBI A/c XXXX2520 via ATM to Amazon on 26-Dec-2026. Ref: 678313180","₹ -> CURRENCY; 5,450 -> AMOUNT; debited -> TRANSACTION_TYPE; SBI -> BANK; XXXX2520 -> ACCOUNT_SUFFIX; ATM -> MODE; Amazon -> MERCHANT; 26-Dec-2026 -> DATE; 678313180 -> REFERENCE"
"HDFC Bank Alert: Rs.4,950 paid at BigBasket using NEFT (A/c XX5146) on 18/04/2026. Txn Ref REF8HDTGT","HDFC Bank -> BANK; Rs. -> CURRENCY; 4,950 -> AMOUNT; paid -> TRANSACTION_TYPE; BigBasket -> MERCHANT; NEFT -> MODE; XX5146 -> ACCOUNT_SUFFIX; 18/04/2026 -> DATE; REF8HDTGT -> REFERENCE"
"Your Canara Bank account XXXX1844 was deposited with INR2,200 at Apple Store via Credit Card on 20-Dec-2026. Transaction Ref REFC860TP","Canara Bank -> BANK; XXXX1844 -> ACCOUNT_SUFFIX; deposited -> TRANSACTION_TYPE; INR -> CURRENCY; 2,200 -> AMOUNT; Apple Store -> MERCHANT; Credit Card -> MODE; 20-Dec-2026 -> DATE; REFC860TP -> REFERENCE"
"Dear Customer, Rs.499 has been withdrawn to your Citibank account xx9877 through RTGS on 22-Feb-2026. Ref No: TXN83665",Rs. -> CURRENCY; 499 -> AMOUNT; withdrawn -> TRANSACTION_TYPE; Citibank -> BANK; xx9877 -> ACCOUNT_SUFFIX; RTGS -> MODE; 22-Feb-2026 -> DATE; TXN83665 -> REFERENCE
"Your IDBI Bank account xx1494 was deposited with Rs.7,250 at Amazon via Debit Card on 13/01/2026. Transaction Ref 2725527188","IDBI Bank -> BANK; xx1494 -> ACCOUNT_SUFFIX; deposited -> TRANSACTION_TYPE; Rs. -> CURRENCY; 7,250 -> AMOUNT; Amazon -> MERCHANT; Debit Card -> MODE; 13/01/2026 -> DATE; 2725527188 -> REFERENCE"
"received: ₹5,899 using RTGS at BigBasket. ICICI Bank A/c XX9620 Ref No 712979646233. Date: 20/12/2026","received -> TRANSACTION_TYPE; ₹ -> CURRENCY; 5,899 -> AMOUNT; RTGS -> MODE; BigBasket -> MERCHANT; ICICI Bank -> BANK; XX9620 -> ACCOUNT_SUFFIX; 712979646233 -> REFERENCE; 20/12/2026 -> DATE"
"Dear Customer, INR1,200 has been debited to your Standard Chartered account xx6237 through Net Banking on 22-Aug-2026. Ref No: 419596521039","INR -> CURRENCY; 1,200 -> AMOUNT; debited -> TRANSACTION_TYPE; Standard Chartered -> BANK; xx6237 -> ACCOUNT_SUFFIX; Net Banking -> MODE; 22-Aug-2026 -> DATE; 419596521039 -> REFERENCE"
"Payment of INR3,950 to Flipkart was credited via RTGS from SBI A/c XX9232 on 27/11/2026. Reference: REF15TYN6","INR -> CURRENCY; 3,950 -> AMOUNT; Flipkart -> MERCHANT; credited -> TRANSACTION_TYPE; RTGS -> MODE; SBI -> BANK; XX9232 -> ACCOUNT_SUFFIX; 27/11/2026 -> DATE; REF15TYN6 -> REFERENCE"
"Kotak Mahindra Alert: Rs.8,050 spent at Amazon using Net Banking (A/c XXXX2304) on 09-Feb-2026. Txn Ref 3016419655","Kotak Mahindra -> BANK; Rs. -> CURRENCY; 8,050 -> AMOUNT; spent -> TRANSACTION_TYPE; Amazon -> MERCHANT; Net Banking -> MODE; XXXX2304 -> ACCOUNT_SUFFIX; 09-Feb-2026 -> DATE; 3016419655 -> REFERENCE"
"Dear Customer, Rs.4,799 has been withdrawn to your PNB account XXXX2282 through NEFT on Jul 17, 2026. Ref No: 498055174354","Rs. -> CURRENCY; 4,799 -> AMOUNT; withdrawn -> TRANSACTION_TYPE; PNB -> BANK; XXXX2282 -> ACCOUNT_SUFFIX; NEFT -> MODE; Jul 17, 2026 -> DATE; 498055174354 -> REFERENCE"
"withdrawn: Rs.1,699 using IMPS at Jio. HDFC Bank A/c xx5833 Ref No TXN71456. Date: Dec 5, 2026","withdrawn -> TRANSACTION_TYPE; Rs. -> CURRENCY; 1,699 -> AMOUNT; IMPS -> MODE; Jio -> MERCHANT; HDFC Bank -> BANK; xx5833 -> ACCOUNT_SUFFIX; TXN71456 -> REFERENCE; Dec 5, 2026 -> DATE"
"Rs.7,899 spent from Citibank A/c xx8144 via UPI to Uber on 03/03/2026. Ref: 3661331605","Rs. -> CURRENCY; 7,899 -> AMOUNT; spent -> TRANSACTION_TYPE; Citibank -> BANK; xx8144 -> ACCOUNT_SUFFIX; UPI -> MODE; Uber -> MERCHANT; 03/03/2026 -> DATE; 3661331605 -> REFERENCE"
"HSBC Alert: ₹8,400 refunded at Walmart using Debit Card (A/c XXXX1647) on Mar 21, 2026. Txn Ref TXN59822","HSBC -> BANK; ₹ -> CURRENCY; 8,400 -> AMOUNT; refunded -> TRANSACTION_TYPE; Walmart -> MERCHANT; Debit Card -> MODE; XXXX1647 -> ACCOUNT_SUFFIX; Mar 21, 2026 -> DATE; TXN59822 -> REFERENCE"
"Your IMPS transaction of INR4,599 was paid to Netflix from Canara Bank A/c XXXX8002 on 14/07/2026. Ref: 143673934","IMPS -> MODE; INR -> CURRENCY; 4,599 -> AMOUNT; paid -> TRANSACTION_TYPE; Netflix -> MERCHANT; Canara Bank -> BANK; XXXX8002 -> ACCOUNT_SUFFIX; 14/07/2026 -> DATE; 143673934 -> REFERENCE"
"Your Credit Card transaction of Rs.7,650 was credited to Flipkart from Axis Bank A/c xx8006 on Aug 10, 2026. Ref: 9660019273","Credit Card -> MODE; Rs. -> CURRENCY; 7,650 -> AMOUNT; credited -> TRANSACTION_TYPE; Flipkart -> MERCHANT; Axis Bank -> BANK; xx8006 -> ACCOUNT_SUFFIX; Aug 10, 2026 -> DATE; 9660019273 -> REFERENCE"
"received: INR2,599 using Net Banking at Amazon. ICICI Bank A/c xx1559 Ref No TXN17485. Date: 21/07/2026","received -> TRANSACTION_TYPE; INR -> CURRENCY; 2,599 -> AMOUNT; Net Banking -> MODE; Amazon -> MERCHANT; ICICI Bank -> BANK; xx1559 -> ACCOUNT_SUFFIX; TXN17485 -> REFERENCE; 21/07/2026 -> DATE"
"Payment of INR4,599 to Uber was deducted via IMPS from IDBI Bank A/c XX2107 on Oct 3, 2026. Reference: 694699136675","INR -> CURRENCY; 4,599 -> AMOUNT; Uber -> MERCHANT; deducted -> TRANSACTION_TYPE; IMPS -> MODE; IDBI Bank -> BANK; XX2107 -> ACCOUNT_SUFFIX; Oct 3, 2026 -> DATE; 694699136675 -> REFERENCE"
"Payment of INR8,800 to IRCTC was deducted via UPI from ICICI Bank A/c XXXX5400 on Sep 7, 2026. Reference: 8953997100","INR -> CURRENCY; 8,800 -> AMOUNT; IRCTC -> MERCHANT; deducted -> TRANSACTION_TYPE; UPI -> MODE; ICICI Bank -> BANK; XXXX5400 -> ACCOUNT_SUFFIX; Sep 7, 2026 -> DATE; 8953997100 -> REFERENCE"
"Dear Customer, INR6,499 has been refunded to your Kotak Mahindra account XX3288 through Credit Card on 26-Nov-2026. Ref No: 269917748470","INR -> CURRENCY; 6,499 -> AMOUNT; refunded -> TRANSACTION_TYPE; Kotak Mahindra -> BANK; XX3288 -> ACCOUNT_SUFFIX; Credit Card -> MODE; 26-Nov-2026 -> DATE; 269917748470 -> REFERENCE"
"Your Standard Chartered account XXXX5457 was spent with ₹4,050 at Swiggy via NEFT on 24-Aug-2026. Transaction Ref 649431574","Standard Chartered -> BANK; XXXX5457 -> ACCOUNT_SUFFIX; spent -> TRANSACTION_TYPE; ₹ -> CURRENCY; 4,050 -> AMOUNT; Swiggy -> MERCHANT; NEFT -> MODE; 24-Aug-2026 -> DATE; 649431574 -> REFERENCE"
"Payment of ₹8,300 to Uber was paid via NEFT from HSBC A/c XX7902 on 27-Apr-2026. Reference: REFCXF9A3","₹ -> CURRENCY; 8,300 -> AMOUNT; Uber -> MERCHANT; paid -> TRANSACTION_TYPE; NEFT -> MODE; HSBC -> BANK; XX7902 -> ACCOUNT_SUFFIX; 27-Apr-2026 -> DATE; REFCXF9A3 -> REFERENCE"
"₹300 withdrawn from Canara Bank A/c XXXX2340 via UPI to Reliance Digital on Sep 19, 2026. Ref: 110369600316","₹ -> CURRENCY; 300 -> AMOUNT; withdrawn -> TRANSACTION_TYPE; Canara Bank -> BANK; XXXX2340 -> ACCOUNT_SUFFIX; UPI -> MODE; Reliance Digital -> MERCHANT; Sep 19, 2026 -> DATE; 110369600316 -> REFERENCE"
"Your IMPS transaction of INR3,799 was debited to Netflix from Standard Chartered A/c xx2817 on 26/02/2026. Ref: 1676285997","IMPS -> MODE; INR -> CURRENCY; 3,799 -> AMOUNT; debited -> TRANSACTION_TYPE; Netflix -> MERCHANT; Standard Chartered -> BANK; xx2817 -> ACCOUNT_SUFFIX; 26/02/2026 -> DATE; 1676285997 -> REFERENCE"
"Payment of ₹2,600 to Swiggy was refunded via ATM from Yes Bank A/c xx3091 on 22/10/2026. Reference: 983781880","₹ -> CURRENCY; 2,600 -> AMOUNT; Swiggy -> MERCHANT; refunded -> TRANSACTION_TYPE; ATM -> MODE; Yes Bank -> BANK; xx3091 -> ACCOUNT_SUFFIX; 22/10/2026 -> DATE; 983781880 -> REFERENCE"
"Your Axis Bank account XXXX4556 was spent with ₹5,650 at McDonald's via RTGS on 23-Apr-2026. Transaction Ref 9096655460","Axis Bank -> BANK; XXXX4556 -> ACCOUNT_SUFFIX; spent -> TRANSACTION_TYPE; ₹ -> CURRENCY; 5,650 -> AMOUNT; McDonald's -> MERCHANT; RTGS -> MODE; 23-Apr-2026 -> DATE; 9096655460 -> REFERENCE"
"credited: ₹7,100 using NEFT at Uber. HDFC Bank A/c XXXX1514 Ref No 703133969. Date: Mar 28, 2026","credited -> TRANSACTION_TYPE; ₹ -> CURRENCY; 7,100 -> AMOUNT; NEFT -> MODE; Uber -> MERCHANT; HDFC Bank -> BANK; XXXX1514 -> ACCOUNT_SUFFIX; 703133969 -> REFERENCE; Mar 28, 2026 -> DATE"
"INR700 deducted from Citibank A/c XX8012 via ATM to Walmart on Nov 25, 2026. Ref: TXN49413","INR -> CURRENCY; 700 -> AMOUNT; deducted -> TRANSACTION_TYPE; Citibank -> BANK; XX8012 -> ACCOUNT_SUFFIX; ATM -> MODE; Walmart -> MERCHANT; Nov 25, 2026 -> DATE; TXN49413 -> REFERENCE"
"Your UPI transaction of Rs.5,299 was received to Ola from Chase A/c XXXX3402 on Feb 21, 2026. Ref: 138552130","UPI -> MODE; Rs. -> CURRENCY; 5,299 -> AMOUNT; received -> TRANSACTION_TYPE; Ola -> MERCHANT; Chase -> BANK; XXXX3402 -> ACCOUNT_SUFFIX; Feb 21, 2026 -> DATE; 138552130 -> REFERENCE"
"Your Chase account xx9387 was credited with ₹8,699 at Apple Store via IMPS on 05/09/2026. Transaction Ref TXN78508","Chase -> BANK; xx9387 -> ACCOUNT_SUFFIX; credited -> TRANSACTION_TYPE; ₹ -> CURRENCY; 8,699 -> AMOUNT; Apple Store -> MERCHANT; IMPS -> MODE; 05/09/2026 -> DATE; TXN78508 -> REFERENCE"
"Payment of ₹9,500 to Uber was deducted via Credit Card from Chase A/c XXXX1893 on 11-May-2026. Reference: 626071125329","₹ -> CURRENCY; 9,500 -> AMOUNT; Uber -> MERCHANT; deducted -> TRANSACTION_TYPE; Credit Card -> MODE; Chase -> BANK; XXXX1893 -> ACCOUNT_SUFFIX; 11-May-2026 -> DATE; 626071125329 -> REFERENCE"
"Payment of ₹1,150 to Jio was withdrawn via UPI from ICICI Bank A/c XX4504 on Jun 8, 2026. Reference: REF63V3SJ","₹ -> CURRENCY; 1,150 -> AMOUNT; Jio -> MERCHANT; withdrawn -> TRANSACTION_TYPE; UPI -> MODE; ICICI Bank -> BANK; XX4504 -> ACCOUNT_SUFFIX; Jun 8, 2026 -> DATE; REF63V3SJ -> REFERENCE"
"credited: ₹1,950 using RTGS at McDonald's. IDBI Bank A/c xx7147 Ref No 159033341489. Date: 18/04/2026","credited -> TRANSACTION_TYPE; ₹ -> CURRENCY; 1,950 -> AMOUNT; RTGS -> MODE; McDonald's -> MERCHANT; IDBI Bank -> BANK; xx7147 -> ACCOUNT_SUFFIX; 159033341489 -> REFERENCE; 18/04/2026 -> DATE"
"HDFC Bank Alert: ₹9,500 spent at Zomato using IMPS (A/c XXXX3770) on 04-Jul-2026. Txn Ref TXN26478","HDFC Bank -> BANK; ₹ -> CURRENCY; 9,500 -> AMOUNT; spent -> TRANSACTION_TYPE; Zomato -> MERCHANT; IMPS -> MODE; XXXX3770 -> ACCOUNT_SUFFIX; 04-Jul-2026 -> DATE; TXN26478 -> REFERENCE"
"Your PNB account xx1623 was deducted with ₹4,750 at Jio via Net Banking on 28-Oct-2026. Transaction Ref REF60KS12","PNB -> BANK; xx1623 -> ACCOUNT_SUFFIX; deducted -> TRANSACTION_TYPE; ₹ -> CURRENCY; 4,750 -> AMOUNT; Jio -> MERCHANT; Net Banking -> MODE; 28-Oct-2026 -> DATE; REF60KS12 -> REFERENCE"
"Your Net Banking transaction of ₹5,199 was debited to Amazon from SBI A/c xx4179 on Nov 12, 2026. Ref: REF2TFZZK","Net Banking -> MODE; ₹ -> CURRENCY; 5,199 -> AMOUNT; debited -> TRANSACTION_TYPE; Amazon -> MERCHANT; SBI -> BANK; xx4179 -> ACCOUNT_SUFFIX; Nov 12, 2026 -> DATE; REF2TFZZK -> REFERENCE"
"Your Canara Bank account XXXX4287 was debited with INR6,399 at BigBasket via Debit Card on 17/08/2026. Transaction Ref 9553400047","Canara Bank -> BANK; XXXX4287 -> ACCOUNT_SUFFIX; debited -> TRANSACTION_TYPE; INR -> CURRENCY; 6,399 -> AMOUNT; BigBasket -> MERCHANT; Debit Card -> MODE; 17/08/2026 -> DATE; 9553400047 -> REFERENCE"
"Your Standard Chartered account XX4926 was debited with ₹2,750 at Zomato via RTGS on May 28, 2026. Transaction Ref 4504346018","Standard Chartered -> BANK; XX4926 -> ACCOUNT_SUFFIX; debited -> TRANSACTION_TYPE; ₹ -> CURRENCY; 2,750 -> AMOUNT; Zomato -> MERCHANT; RTGS -> MODE; May 28, 2026 -> DATE; 4504346018 -> REFERENCE"
"₹8,850 refunded from Axis Bank A/c xx1328 via RTGS to Swiggy on 14-Apr-2026. Ref: 1911416469","₹ -> CURRENCY; 8,850 -> AMOUNT; refunded -> TRANSACTION_TYPE; Axis Bank -> BANK; xx1328 -> ACCOUNT_SUFFIX; RTGS -> MODE; Swiggy -> MERCHANT; 14-Apr-2026 -> DATE; 1911416469 -> REFERENCE"
"Rs.4,800 debited from Wells Fargo A/c XXXX1993 via RTGS to McDonald's on Nov 16, 2026. Ref: 340617163","Rs. -> CURRENCY; 4,800 -> AMOUNT; debited -> TRANSACTION_TYPE; Wells Fargo -> BANK; XXXX1993 -> ACCOUNT_SUFFIX; RTGS -> MODE; McDonald's -> MERCHANT; Nov 16, 2026 -> DATE; 340617163 -> REFERENCE"
"paid: Rs.1,300 using NEFT at Myntra. ICICI Bank A/c xx3802 Ref No REFTRS3BB. Date: 28-Feb-2026","paid -> TRANSACTION_TYPE; Rs. -> CURRENCY; 1,300 -> AMOUNT; NEFT -> MODE; Myntra -> MERCHANT; ICICI Bank -> BANK; xx3802 -> ACCOUNT_SUFFIX; REFTRS3BB -> REFERENCE; 28-Feb-2026 -> DATE"
"INR6,599 deposited from Standard Chartered A/c XX6438 via UPI to Airtel on 08/06/2026. Ref: 828341252881","INR -> CURRENCY; 6,599 -> AMOUNT; deposited -> TRANSACTION_TYPE; Standard Chartered -> BANK; XX6438 -> ACCOUNT_SUFFIX; UPI -> MODE; Airtel -> MERCHANT; 08/06/2026 -> DATE; 828341252881 -> REFERENCE"
"paid: INR4,700 using Debit Card at McDonald's. Canara Bank A/c XX7893 Ref No TXN48449. Date: Oct 22, 2026","paid -> TRANSACTION_TYPE; INR -> CURRENCY; 4,700 -> AMOUNT; Debit Card -> MODE; McDonald's -> MERCHANT; Canara Bank -> BANK; XX7893 -> ACCOUNT_SUFFIX; TXN48449 -> REFERENCE; Oct 22, 2026 -> DATE"
"Alert: ₹500 spent via Credit Card from Standard Chartered A/c XX9876 on Jul 19, 2026. Merchant: Croma. Ref: REF6HDSIP","₹ -> CURRENCY; 500 -> AMOUNT; spent -> TRANSACTION_TYPE; Credit Card -> MODE; Standard Chartered -> BANK; XX9876 -> ACCOUNT_SUFFIX; Jul 19, 2026 -> DATE; Croma -> MERCHANT; REF6HDSIP -> REFERENCE"
"Your Bank of America account XX6592 was debited with INR7,399 at Swiggy via Debit Card on 27/02/2026. Transaction Ref 348685317887","Bank of America -> BANK; XX6592 -> ACCOUNT_SUFFIX; debited -> TRANSACTION_TYPE; INR -> CURRENCY; 7,399 -> AMOUNT; Swiggy -> MERCHANT; Debit Card -> MODE; 27/02/2026 -> DATE; 348685317887 -> REFERENCE"
"debited: ₹9,450 using Debit Card at Ola. IDBI Bank A/c xx8843 Ref No 9168362067. Date: 11-Mar-2026","debited -> TRANSACTION_TYPE; ₹ -> CURRENCY; 9,450 -> AMOUNT; Debit Card -> MODE; Ola -> MERCHANT; IDBI Bank -> BANK; xx8843 -> ACCOUNT_SUFFIX; 9168362067 -> REFERENCE; 11-Mar-2026 -> DATE"
"debited: ₹5,100 using RTGS at Myntra. Axis Bank A/c xx8903 Ref No 4942240247. Date: Jun 7, 2026","debited -> TRANSACTION_TYPE; ₹ -> CURRENCY; 5,100 -> AMOUNT; RTGS -> MODE; Myntra -> MERCHANT; Axis Bank -> BANK; xx8903 -> ACCOUNT_SUFFIX; 4942240247 -> REFERENCE; Jun 7, 2026 -> DATE"
"Alert: Rs.7,050 refunded via NEFT from Bank of America A/c XXXX2406 on 12/11/2026. Merchant: Zomato. Ref: 563410359755","Rs. -> CURRENCY; 7,050 -> AMOUNT; refunded -> TRANSACTION_TYPE; NEFT -> MODE; Bank of America -> BANK; XXXX2406 -> ACCOUNT_SUFFIX; 12/11/2026 -> DATE; Zomato -> MERCHANT; 563410359755 -> REFERENCE"
"Alert: INR2,199 deducted via ATM from Citibank A/c XX7117 on 19/11/2026. Merchant: Amazon. Ref: REFK5IDV8","INR -> CURRENCY; 2,199 -> AMOUNT; deducted -> TRANSACTION_TYPE; ATM -> MODE; Citibank -> BANK; XX7117 -> ACCOUNT_SUFFIX; 19/11/2026 -> DATE; Amazon -> MERCHANT; REFK5IDV8 -> REFERENCE"
"Your Axis Bank account xx2907 was spent with Rs.1,099 at IRCTC via RTGS on 11-Apr-2026. Transaction Ref TXN89277","Axis Bank -> BANK; xx2907 -> ACCOUNT_SUFFIX; spent -> TRANSACTION_TYPE; Rs. -> CURRENCY; 1,099 -> AMOUNT; IRCTC -> MERCHANT; RTGS -> MODE; 11-Apr-2026 -> DATE; TXN89277 -> REFERENCE"
"Alert: INR4,300 paid via IMPS from Bank of America A/c XX3940 on 04/06/2026. Merchant: Starbucks. Ref: REF6IVZTJ","INR -> CURRENCY; 4,300 -> AMOUNT; paid -> TRANSACTION_TYPE; IMPS -> MODE; Bank of America -> BANK; XX3940 -> ACCOUNT_SUFFIX; 04/06/2026 -> DATE; Starbucks -> MERCHANT; REF6IVZTJ -> REFERENCE"
"Payment of ₹5,199 to Croma was received via IMPS from Kotak Mahindra A/c XX2446 on 16-Feb-2026. Reference: 983431030461","₹ -> CURRENCY; 5,199 -> AMOUNT; Croma -> MERCHANT; received -> TRANSACTION_TYPE; IMPS -> MODE; Kotak Mahindra -> BANK; XX2446 -> ACCOUNT_SUFFIX; 16-Feb-2026 -> DATE; 983431030461 -> REFERENCE"
"INR8,000 debited from Standard Chartered A/c XXXX4439 via RTGS to Uber on 24/06/2026. Ref: REFLY1W1J","INR -> CURRENCY; 8,000 -> AMOUNT; debited -> TRANSACTION_TYPE; Standard Chartered -> BANK; XXXX4439 -> ACCOUNT_SUFFIX; RTGS -> MODE; Uber -> MERCHANT; 24/06/2026 -> DATE; REFLY1W1J -> REFERENCE"
"Payment of Rs.8,350 to Uber was credited via ATM from Chase A/c xx3633 on 23-Dec-2026. Reference: REFFMAZWC","Rs. -> CURRENCY; 8,350 -> AMOUNT; Uber -> MERCHANT; credited -> TRANSACTION_TYPE; ATM -> MODE; Chase -> BANK; xx3633 -> ACCOUNT_SUFFIX; 23-Dec-2026 -> DATE; REFFMAZWC -> REFERENCE"
"INR3,500 paid from PNB A/c XX4838 via UPI to Uber on Oct 19, 2026. Ref: TXN57467","INR -> CURRENCY; 3,500 -> AMOUNT; paid -> TRANSACTION_TYPE; PNB -> BANK; XX4838 -> ACCOUNT_SUFFIX; UPI -> MODE; Uber -> MERCHANT; Oct 19, 2026 -> DATE; TXN57467 -> REFERENCE"
"Your RTGS transaction of INR1,550 was paid to Domino's from Canara Bank A/c XXXX9183 on 24/01/2026. Ref: 8157096190","RTGS -> MODE; INR -> CURRENCY; 1,550 -> AMOUNT; paid -> TRANSACTION_TYPE; Domino's -> MERCHANT; Canara Bank -> BANK; XXXX9183 -> ACCOUNT_SUFFIX; 24/01/2026 -> DATE; 8157096190 -> REFERENCE"
"Your Yes Bank account xx1274 was withdrawn with Rs.3,050 at Reliance Digital via NEFT on Jan 27, 2026. Transaction Ref 386141299","Yes Bank -> BANK; xx1274 -> ACCOUNT_SUFFIX; withdrawn -> TRANSACTION_TYPE; Rs. -> CURRENCY; 3,050 -> AMOUNT; Reliance Digital -> MERCHANT; NEFT -> MODE; Jan 27, 2026 -> DATE; 386141299 -> REFERENCE"
"Your Axis Bank account xx7117 was credited with ₹9,300 at Jio via Net Banking on Jun 11, 2026. Transaction Ref 4392262701","Axis Bank -> BANK; xx7117 -> ACCOUNT_SUFFIX; credited -> TRANSACTION_TYPE; ₹ -> CURRENCY; 9,300 -> AMOUNT; Jio -> MERCHANT; Net Banking -> MODE; Jun 11, 2026 -> DATE; 4392262701 -> REFERENCE"
"Rs.4,050 debited from Bank of America A/c XXXX9740 via ATM to Ola on 21-Feb-2026. Ref: 679125159334","Rs. -> CURRENCY; 4,050 -> AMOUNT; debited -> TRANSACTION_TYPE; Bank of America -> BANK; XXXX9740 -> ACCOUNT_SUFFIX; ATM -> MODE; Ola -> MERCHANT; 21-Feb-2026 -> DATE; 679125159334 -> REFERENCE"
"deducted: ₹5,250 using Net Banking at Swiggy. Yes Bank A/c XX9794 Ref No 800024227. Date: 08/10/2026","deducted -> TRANSACTION_TYPE; ₹ -> CURRENCY; 5,250 -> AMOUNT; Net Banking -> MODE; Swiggy -> MERCHANT; Yes Bank -> BANK; XX9794 -> ACCOUNT_SUFFIX; 800024227 -> REFERENCE; 08/10/2026 -> DATE"
"Axis Bank Alert: Rs.4,999 deposited at Uber using ATM (A/c xx5274) on 06-Aug-2026. Txn Ref 411854109","Axis Bank -> BANK; Rs. -> CURRENCY; 4,999 -> AMOUNT; deposited -> TRANSACTION_TYPE; Uber -> MERCHANT; ATM -> MODE; xx5274 -> ACCOUNT_SUFFIX; 06-Aug-2026 -> DATE; 411854109 -> REFERENCE"
"Dear Customer, INR800 has been debited to your Standard Chartered account xx4620 through Net Banking on 21/10/2026. Ref No: TXN58925",INR -> CURRENCY; 800 -> AMOUNT; debited -> TRANSACTION_TYPE; Standard Chartered -> BANK; xx4620 -> ACCOUNT_SUFFIX; Net Banking -> MODE; 21/10/2026 -> DATE; TXN58925 -> REFERENCE
"Chase Alert: Rs.8,800 refunded at Swiggy using Net Banking (A/c xx5917) on 20-Jul-2026. Txn Ref REFBCSLUW","Chase -> BANK; Rs. -> CURRENCY; 8,800 -> AMOUNT; refunded -> TRANSACTION_TYPE; Swiggy -> MERCHANT; Net Banking -> MODE; xx5917 -> ACCOUNT_SUFFIX; 20-Jul-2026 -> DATE; REFBCSLUW -> REFERENCE"
Your UPI transaction of Rs.100 was credited to Domino's from Kotak Mahindra A/c XXXX1054 on 12/06/2026. Ref: 889016667,UPI -> MODE; Rs. -> CURRENCY; 100 -> AMOUNT; credited -> TRANSACTION_TYPE; Domino's -> MERCHANT; Kotak Mahindra -> BANK; XXXX1054 -> ACCOUNT_SUFFIX; 12/06/2026 -> DATE; 889016667 -> REFERENCE
"Dear Customer, ₹3,099 has been credited to your ICICI Bank account xx9818 through UPI on 08-Nov-2026. Ref No: 374772771485","₹ -> CURRENCY; 3,099 -> AMOUNT; credited -> TRANSACTION_TYPE; ICICI Bank -> BANK; xx9818 -> ACCOUNT_SUFFIX; UPI -> MODE; 08-Nov-2026 -> DATE; 374772771485 -> REFERENCE"
"Dear Customer, INR3,699 has been deposited to your Bank of America account XXXX6388 through UPI on 04-Mar-2026. Ref No: TXN89430","INR -> CURRENCY; 3,699 -> AMOUNT; deposited -> TRANSACTION_TYPE; Bank of America -> BANK; XXXX6388 -> ACCOUNT_SUFFIX; UPI -> MODE; 04-Mar-2026 -> DATE; TXN89430 -> REFERENCE"
"Alert: Rs.4,250 deposited via IMPS from HDFC Bank A/c XX7718 on Dec 12, 2026. Merchant: Croma. Ref: 374300134821","Rs. -> CURRENCY; 4,250 -> AMOUNT; deposited -> TRANSACTION_TYPE; IMPS -> MODE; HDFC Bank -> BANK; XX7718 -> ACCOUNT_SUFFIX; Dec 12, 2026 -> DATE; Croma -> MERCHANT; 374300134821 -> REFERENCE"
"Dear Customer, Rs.900 has been received to your ICICI Bank account XXXX6271 through Debit Card on 17/05/2026. Ref No: 146217228252",Rs. -> CURRENCY; 900 -> AMOUNT; received -> TRANSACTION_TYPE; ICICI Bank -> BANK; XXXX6271 -> ACCOUNT_SUFFIX; Debit Card -> MODE; 17/05/2026 -> DATE; 146217228252 -> REFERENCE
"Payment of INR3,050 to Flipkart was debited via Debit Card from Axis Bank A/c XX1313 on Apr 28, 2026. Reference: REF1BS0QF","INR -> CURRENCY; 3,050 -> AMOUNT; Flipkart -> MERCHANT; debited -> TRANSACTION_TYPE; Debit Card -> MODE; Axis Bank -> BANK; XX1313 -> ACCOUNT_SUFFIX; Apr 28, 2026 -> DATE; REF1BS0QF -> REFERENCE"
"Alert: INR8,950 deposited via Net Banking from Citibank A/c XXXX5600 on Jul 25, 2026. Merchant: Apple Store. Ref: REF4LUCC5","INR -> CURRENCY; 8,950 -> AMOUNT; deposited -> TRANSACTION_TYPE; Net Banking -> MODE; Citibank -> BANK; XXXX5600 -> ACCOUNT_SUFFIX; Jul 25, 2026 -> DATE; Apple Store -> MERCHANT; REF4LUCC5 -> REFERENCE"
"SBI Alert: ₹299 credited at Walmart using Net Banking (A/c xx5870) on May 24, 2026. Txn Ref TXN46135","SBI -> BANK; ₹ -> CURRENCY; 299 -> AMOUNT; credited -> TRANSACTION_TYPE; Walmart -> MERCHANT; Net Banking -> MODE; xx5870 -> ACCOUNT_SUFFIX; May 24, 2026 -> DATE; TXN46135 -> REFERENCE"
"withdrawn: ₹1,250 using Debit Card at Domino's. SBI A/c xx9205 Ref No 486507472470. Date: 06-Jun-2026","withdrawn -> TRANSACTION_TYPE; ₹ -> CURRENCY; 1,250 -> AMOUNT; Debit Card -> MODE; Domino's -> MERCHANT; SBI -> BANK; xx9205 -> ACCOUNT_SUFFIX; 486507472470 -> REFERENCE; 06-Jun-2026 -> DATE"
"Payment of INR9,399 to BookMyShow was paid via Credit Card from Wells Fargo A/c XXXX8422 on Jan 6, 2026. Reference: 1411934130","INR -> CURRENCY; 9,399 -> AMOUNT; BookMyShow -> MERCHANT; paid -> TRANSACTION_TYPE; Credit Card -> MODE; Wells Fargo -> BANK; XXXX8422 -> ACCOUNT_SUFFIX; Jan 6, 2026 -> DATE; 1411934130 -> REFERENCE"
"Alert: Rs.5,850 deposited via RTGS from HDFC Bank A/c XXXX1257 on Jan 18, 2026. Merchant: Ola. Ref: 2429705956","Rs. -> CURRENCY; 5,850 -> AMOUNT; deposited -> TRANSACTION_TYPE; RTGS -> MODE; HDFC Bank -> BANK; XXXX1257 -> ACCOUNT_SUFFIX; Jan 18, 2026 -> DATE; Ola -> MERCHANT; 2429705956 -> REFERENCE"
"₹6,600 deducted from Standard Chartered A/c xx2033 via Debit Card to Flipkart on 16/07/2026. Ref: 881801378","₹ -> CURRENCY; 6,600 -> AMOUNT; deducted -> TRANSACTION_TYPE; Standard Chartered -> BANK; xx2033 -> ACCOUNT_SUFFIX; Debit Card -> MODE; Flipkart -> MERCHANT; 16/07/2026 -> DATE; 881801378 -> REFERENCE"
"paid: Rs.8,450 using IMPS at IRCTC. Canara Bank A/c XXXX2315 Ref No 846938989459. Date: 18/06/2026","paid -> TRANSACTION_TYPE; Rs. -> CURRENCY; 8,450 -> AMOUNT; IMPS -> MODE; IRCTC -> MERCHANT; Canara Bank -> BANK; XXXX2315 -> ACCOUNT_SUFFIX; 846938989459 -> REFERENCE; 18/06/2026 -> DATE"
"PNB Alert: Rs.2,199 deducted at BigBasket using IMPS (A/c xx7135) on Jan 16, 2026. Txn Ref REFI34M03","PNB -> BANK; Rs. -> CURRENCY; 2,199 -> AMOUNT; deducted -> TRANSACTION_TYPE; BigBasket -> MERCHANT; IMPS -> MODE; xx7135 -> ACCOUNT_SUFFIX; Jan 16, 2026 -> DATE; REFI34M03 -> REFERENCE"
"Dear Customer, INR4,350 has been deducted to your IDBI Bank account XXXX1404 through ATM on Sep 7, 2026. Ref No: 2477874104","INR -> CURRENCY; 4,350 -> AMOUNT; deducted -> TRANSACTION_TYPE; IDBI Bank -> BANK; XXXX1404 -> ACCOUNT_SUFFIX; ATM -> MODE; Sep 7, 2026 -> DATE; 2477874104 -> REFERENCE"
"Alert: Rs.1,300 deposited via ATM from PNB A/c XX3419 on Jul 19, 2026. Merchant: BookMyShow. Ref: TXN19759","Rs. -> CURRENCY; 1,300 -> AMOUNT; deposited -> TRANSACTION_TYPE; ATM -> MODE; PNB -> BANK; XX3419 -> ACCOUNT_SUFFIX; Jul 19, 2026 -> DATE; BookMyShow -> MERCHANT; TXN19759 -> REFERENCE"
"SBI Alert: INR8,800 credited at Croma using UPI (A/c xx3398) on 13/11/2026. Txn Ref 997701390202","SBI -> BANK; INR -> CURRENCY; 8,800 -> AMOUNT; credited -> TRANSACTION_TYPE; Croma -> MERCHANT; UPI -> MODE; xx3398 -> ACCOUNT_SUFFIX; 13/11/2026 -> DATE; 997701390202 -> REFERENCE"
"Payment of Rs.7,000 to Domino's was withdrawn via IMPS from Chase A/c XXXX5332 on 15-Jan-2026. Reference: 788221218","Rs. -> CURRENCY; 7,000 -> AMOUNT; Domino's -> MERCHANT; withdrawn -> TRANSACTION_TYPE; IMPS -> MODE; Chase -> BANK; XXXX5332 -> ACCOUNT_SUFFIX; 15-Jan-2026 -> DATE; 788221218 -> REFERENCE"
"deposited: INR9,450 using RTGS at Reliance Digital. Axis Bank A/c XX2655 Ref No 889335883529. Date: 10/02/2026","deposited -> TRANSACTION_TYPE; INR -> CURRENCY; 9,450 -> AMOUNT; RTGS -> MODE; Reliance Digital -> MERCHANT; Axis Bank -> BANK; XX2655 -> ACCOUNT_SUFFIX; 889335883529 -> REFERENCE; 10/02/2026 -> DATE"
"₹5,100 withdrawn from IDBI Bank A/c XX1528 via Net Banking to McDonald's on 26/06/2026. Ref: 459313717062","₹ -> CURRENCY; 5,100 -> AMOUNT; withdrawn -> TRANSACTION_TYPE; IDBI Bank -> BANK; XX1528 -> ACCOUNT_SUFFIX; Net Banking -> MODE; McDonald's -> MERCHANT; 26/06/2026 -> DATE; 459313717062 -> REFERENCE"
"Alert: ₹9,299 refunded via NEFT from ICICI Bank A/c xx8481 on 05-Oct-2026. Merchant: IRCTC. Ref: TXN99936","₹ -> CURRENCY; 9,299 -> AMOUNT; refunded -> TRANSACTION_TYPE; NEFT -> MODE; ICICI Bank -> BANK; xx8481 -> ACCOUNT_SUFFIX; 05-Oct-2026 -> DATE; IRCTC -> MERCHANT; TXN99936 -> REFERENCE"
"paid: Rs.8,400 using Net Banking at Swiggy. ICICI Bank A/c XX1298 Ref No 1135945496. Date: 01-Jan-2026","paid -> TRANSACTION_TYPE; Rs. -> CURRENCY; 8,400 -> AMOUNT; Net Banking -> MODE; Swiggy -> MERCHANT; ICICI Bank -> BANK; XX1298 -> ACCOUNT_SUFFIX; 1135945496 -> REFERENCE; 01-Jan-2026 -> DATE"
"HSBC Alert: ₹2,099 received at Airtel using IMPS (A/c XX1514) on Nov 28, 2026. Txn Ref TXN43333","HSBC -> BANK; ₹ -> CURRENCY; 2,099 -> AMOUNT; received -> TRANSACTION_TYPE; Airtel -> MERCHANT; IMPS -> MODE; XX1514 -> ACCOUNT_SUFFIX; Nov 28, 2026 -> DATE; TXN43333 -> REFERENCE"
"deducted: Rs.4,399 using Net Banking at Apple Store. Bank of America A/c xx9098 Ref No 743626346849. Date: 11-Apr-2026","deducted -> TRANSACTION_TYPE; Rs. -> CURRENCY; 4,399 -> AMOUNT; Net Banking -> MODE; Apple Store -> MERCHANT; Bank of America -> BANK; xx9098 -> ACCOUNT_SUFFIX; 743626346849 -> REFERENCE; 11-Apr-2026 -> DATE"
"Your Net Banking transaction of ₹6,950 was deducted to Croma from SBI A/c xx5808 on Jun 21, 2026. Ref: 457120175263","Net Banking -> MODE; ₹ -> CURRENCY; 6,950 -> AMOUNT; deducted -> TRANSACTION_TYPE; Croma -> MERCHANT; SBI -> BANK; xx5808 -> ACCOUNT_SUFFIX; Jun 21, 2026 -> DATE; 457120175263 -> REFERENCE"
"₹5,150 received from Chase A/c XX1944 via RTGS to Myntra on 01/08/2026. Ref: 827757601","₹ -> CURRENCY; 5,150 -> AMOUNT; received -> TRANSACTION_TYPE; Chase -> BANK; XX1944 -> ACCOUNT_SUFFIX; RTGS -> MODE; Myntra -> MERCHANT; 01/08/2026 -> DATE; 827757601 -> REFERENCE"
"Rs.7,899 spent from Bank of America A/c XXXX9139 via Credit Card to Ola on 12/09/2026. Ref: 848328833","Rs. -> CURRENCY; 7,899 -> AMOUNT; spent -> TRANSACTION_TYPE; Bank of America -> BANK; XXXX9139 -> ACCOUNT_SUFFIX; Credit Card -> MODE; Ola -> MERCHANT; 12/09/2026 -> DATE; 848328833 -> REFERENCE"
"Rs.6,799 refunded from Axis Bank A/c xx5794 via NEFT to Myntra on 01-Apr-2026. Ref: 128874736","Rs. -> CURRENCY; 6,799 -> AMOUNT; refunded -> TRANSACTION_TYPE; Axis Bank -> BANK; xx5794 -> ACCOUNT_SUFFIX; NEFT -> MODE; Myntra -> MERCHANT; 01-Apr-2026 -> DATE; 128874736 -> REFERENCE"
"Your UPI transaction of Rs.7,599 was deposited to IRCTC from Citibank A/c xx9524 on 06/07/2026. Ref: 178386175798","UPI -> MODE; Rs. -> CURRENCY; 7,599 -> AMOUNT; deposited -> TRANSACTION_TYPE; IRCTC -> MERCHANT; Citibank -> BANK; xx9524 -> ACCOUNT_SUFFIX; 06/07/2026 -> DATE; 178386175798 -> REFERENCE"
"Your Wells Fargo account XX5461 was refunded with Rs.600 at Croma via IMPS on May 12, 2026. Transaction Ref REFUUP325","Wells Fargo -> BANK; XX5461 -> ACCOUNT_SUFFIX; refunded -> TRANSACTION_TYPE; Rs. -> CURRENCY; 600 -> AMOUNT; Croma -> MERCHANT; IMPS -> MODE; May 12, 2026 -> DATE; REFUUP325 -> REFERENCE"
"deposited: Rs.7,550 using UPI at Ola. Canara Bank A/c xx3132 Ref No 334568883. Date: 24-Apr-2026","deposited -> TRANSACTION_TYPE; Rs. -> CURRENCY; 7,550 -> AMOUNT; UPI -> MODE; Ola -> MERCHANT; Canara Bank -> BANK; xx3132 -> ACCOUNT_SUFFIX; 334568883 -> REFERENCE; 24-Apr-2026 -> DATE"
"Payment of Rs.4,299 to Walmart was deposited via Debit Card from IDBI Bank A/c xx9948 on Jul 18, 2026. Reference: 8837851792","Rs. -> CURRENCY; 4,299 -> AMOUNT; Walmart -> MERCHANT; deposited -> TRANSACTION_TYPE; Debit Card -> MODE; IDBI Bank -> BANK; xx9948 -> ACCOUNT_SUFFIX; Jul 18, 2026 -> DATE; 8837851792 -> REFERENCE"
Your ATM transaction of ₹850 was deducted to Myntra from Chase A/c xx9231 on 11-Jun-2026. Ref: REFAQQOW7,ATM -> MODE; ₹ -> CURRENCY; 850 -> AMOUNT; deducted -> TRANSACTION_TYPE; Myntra -> MERCHANT; Chase -> BANK; xx9231 -> ACCOUNT_SUFFIX; 11-Jun-2026 -> DATE; REFAQQOW7 -> REFERENCE
"₹6,399 credited from Canara Bank A/c XX8812 via RTGS to Apple Store on 17/10/2026. Ref: REFVMRSNL","₹ -> CURRENCY; 6,399 -> AMOUNT; credited -> TRANSACTION_TYPE; Canara Bank -> BANK; XX8812 -> ACCOUNT_SUFFIX; RTGS -> MODE; Apple Store -> MERCHANT; 17/10/2026 -> DATE; REFVMRSNL -> REFERENCE"
"Your SBI account XXXX5096 was spent with INR2,099 at Uber via Credit Card on 03/12/2026. Transaction Ref REFX82CA8","SBI -> BANK; XXXX5096 -> ACCOUNT_SUFFIX; spent -> TRANSACTION_TYPE; INR -> CURRENCY; 2,099 -> AMOUNT; Uber -> MERCHANT; Credit Card -> MODE; 03/12/2026 -> DATE; REFX82CA8 -> REFERENCE"
"credited: Rs.6,899 using UPI at Swiggy. Bank of America A/c XXXX4642 Ref No 120759081. Date: 26/02/2026","credited -> TRANSACTION_TYPE; Rs. -> CURRENCY; 6,899 -> AMOUNT; UPI -> MODE; Swiggy -> MERCHANT; Bank of America -> BANK; XXXX4642 -> ACCOUNT_SUFFIX; 120759081 -> REFERENCE; 26/02/2026 -> DATE"
"Dear Customer, ₹9,050 has been deposited to your ICICI Bank account XXXX8851 through RTGS on 17/04/2026. Ref No: 6126932296","₹ -> CURRENCY; 9,050 -> AMOUNT; deposited -> TRANSACTION_TYPE; ICICI Bank -> BANK; XXXX8851 -> ACCOUNT_SUFFIX; RTGS -> MODE; 17/04/2026 -> DATE; 6126932296 -> REFERENCE"
"Rs.7,400 spent from HDFC Bank A/c xx5826 via Debit Card to Flipkart on 06/05/2026. Ref: REFJ0I7EM","Rs. -> CURRENCY; 7,400 -> AMOUNT; spent -> TRANSACTION_TYPE; HDFC Bank -> BANK; xx5826 -> ACCOUNT_SUFFIX; Debit Card -> MODE; Flipkart -> MERCHANT; 06/05/2026 -> DATE; REFJ0I7EM -> REFERENCE"
"₹6,299 received from Standard Chartered A/c XX5130 via RTGS to Myntra on 07-Dec-2026. Ref: TXN52375","₹ -> CURRENCY; 6,299 -> AMOUNT; received -> TRANSACTION_TYPE; Standard Chartered -> BANK; XX5130 -> ACCOUNT_SUFFIX; RTGS -> MODE; Myntra -> MERCHANT; 07-Dec-2026 -> DATE; TXN52375 -> REFERENCE"
"INR6,499 deducted from Axis Bank A/c xx2553 via Debit Card to Amazon on 19-Nov-2026. Ref: 2741919717","INR -> CURRENCY; 6,499 -> AMOUNT; deducted -> TRANSACTION_TYPE; Axis Bank -> BANK; xx2553 -> ACCOUNT_SUFFIX; Debit Card -> MODE; Amazon -> MERCHANT; 19-Nov-2026 -> DATE; 2741919717 -> REFERENCE"
"Dear Customer, INR7,899 has been withdrawn to your Wells Fargo account XX3456 through UPI on Apr 10, 2026. Ref No: TXN50301","INR -> CURRENCY; 7,899 -> AMOUNT; withdrawn -> TRANSACTION_TYPE; Wells Fargo -> BANK; XX3456 -> ACCOUNT_SUFFIX; UPI -> MODE; Apr 10, 2026 -> DATE; TXN50301 -> REFERENCE"
"Bank of America Alert: ₹2,450 paid at Croma using Debit Card (A/c XXXX3331) on 11/07/2026. Txn Ref 108408592634","Bank of America -> BANK; ₹ -> CURRENCY; 2,450 -> AMOUNT; paid -> TRANSACTION_TYPE; Croma -> MERCHANT; Debit Card -> MODE; XXXX3331 -> ACCOUNT_SUFFIX; 11/07/2026 -> DATE; 108408592634 -> REFERENCE"
"Alert: INR4,550 deducted via ATM from Bank of America A/c XX8185 on Apr 24, 2026. Merchant: Ola. Ref: 204504584870","INR -> CURRENCY; 4,550 -> AMOUNT; deducted -> TRANSACTION_TYPE; ATM -> MODE; Bank of America -> BANK; XX8185 -> ACCOUNT_SUFFIX; Apr 24, 2026 -> DATE; Ola -> MERCHANT; 204504584870 -> REFERENCE"
"Dear Customer, INR8,550 has been spent to your Yes Bank account XXXX2903 through UPI on 17-Sep-2026. Ref No: TXN70298","INR -> CURRENCY; 8,550 -> AMOUNT; spent -> TRANSACTION_TYPE; Yes Bank -> BANK; XXXX2903 -> ACCOUNT_SUFFIX; UPI -> MODE; 17-Sep-2026 -> DATE; TXN70298 -> REFERENCE"
"Alert: Rs.4,750 credited via Net Banking from SBI A/c XX7646 on 03-Jan-2026. Merchant: Apple Store. Ref: TXN27989","Rs. -> CURRENCY; 4,750 -> AMOUNT; credited -> TRANSACTION_TYPE; Net Banking -> MODE; SBI -> BANK; XX7646 -> ACCOUNT_SUFFIX; 03-Jan-2026 -> DATE; Apple Store -> MERCHANT; TXN27989 -> REFERENCE"
"Your SBI account XX9242 was received with ₹2,600 at Apple Store via UPI on 04-Aug-2026. Transaction Ref TXN98412","SBI -> BANK; XX9242 -> ACCOUNT_SUFFIX; received -> TRANSACTION_TYPE; ₹ -> CURRENCY; 2,600 -> AMOUNT; Apple Store -> MERCHANT; UPI -> MODE; 04-Aug-2026 -> DATE; TXN98412 -> REFERENCE"
"Your Axis Bank account XX5123 was debited with INR5,399 at Airtel via IMPS on 17/11/2026. Transaction Ref TXN89298","Axis Bank -> BANK; XX5123 -> ACCOUNT_SUFFIX; debited -> TRANSACTION_TYPE; INR -> CURRENCY; 5,399 -> AMOUNT; Airtel -> MERCHANT; IMPS -> MODE; 17/11/2026 -> DATE; TXN89298 -> REFERENCE"
"Alert: Rs.5,250 paid via RTGS from Standard Chartered A/c xx6452 on 25/06/2026. Merchant: IRCTC. Ref: 737126507599","Rs. -> CURRENCY; 5,250 -> AMOUNT; paid -> TRANSACTION_TYPE; RTGS -> MODE; Standard Chartered -> BANK; xx6452 -> ACCOUNT_SUFFIX; 25/06/2026 -> DATE; IRCTC -> MERCHANT; 737126507599 -> REFERENCE"
"Your Net Banking transaction of ₹6,800 was deposited to Netflix from IDBI Bank A/c XXXX6723 on May 28, 2026. Ref: REFFCXX3C","Net Banking -> MODE; ₹ -> CURRENCY; 6,800 -> AMOUNT; deposited -> TRANSACTION_TYPE; Netflix -> MERCHANT; IDBI Bank -> BANK; XXXX6723 -> ACCOUNT_SUFFIX; May 28, 2026 -> DATE; REFFCXX3C -> REFERENCE"
"Yes Bank Alert: Rs.4,999 credited at Zomato using RTGS (A/c xx1209) on Aug 17, 2026. Txn Ref REFEZH0VD","Yes Bank -> BANK; Rs. -> CURRENCY; 4,999 -> AMOUNT; credited -> TRANSACTION_TYPE; Zomato -> MERCHANT; RTGS -> MODE; xx1209 -> ACCOUNT_SUFFIX; Aug 17, 2026 -> DATE; REFEZH0VD -> REFERENCE"
"Dear Customer, ₹4,850 has been deducted to your Citibank account XXXX2241 through UPI on 06-Nov-2026. Ref No: 573891750","₹ -> CURRENCY; 4,850 -> AMOUNT; deducted -> TRANSACTION_TYPE; Citibank -> BANK; XXXX2241 -> ACCOUNT_SUFFIX; UPI -> MODE; 06-Nov-2026 -> DATE; 573891750 -> REFERENCE"
"Kotak Mahindra Alert: Rs.3,799 withdrawn at Amazon using Net Banking (A/c xx7053) on 07-Mar-2026. Txn Ref 158173653038","Kotak Mahindra -> BANK; Rs. -> CURRENCY; 3,799 -> AMOUNT; withdrawn -> TRANSACTION_TYPE; Amazon -> MERCHANT; Net Banking -> MODE; xx7053 -> ACCOUNT_SUFFIX; 07-Mar-2026 -> DATE; 158173653038 -> REFERENCE"
"Wells Fargo Alert: Rs.7,799 credited at Walmart using IMPS (A/c xx5975) on 06/03/2026. Txn Ref 263816190635","Wells Fargo -> BANK; Rs. -> CURRENCY; 7,799 -> AMOUNT; credited -> TRANSACTION_TYPE; Walmart -> MERCHANT; IMPS -> MODE; xx5975 -> ACCOUNT_SUFFIX; 06/03/2026 -> DATE; 263816190635 -> REFERENCE"
"Your Kotak Mahindra account XXXX3463 was credited with Rs.150 at Walmart via RTGS on Jun 16, 2026. Transaction Ref 442776718","Kotak Mahindra -> BANK; XXXX3463 -> ACCOUNT_SUFFIX; credited -> TRANSACTION_TYPE; Rs. -> CURRENCY; 150 -> AMOUNT; Walmart -> MERCHANT; RTGS -> MODE; Jun 16, 2026 -> DATE; 442776718 -> REFERENCE"
"Dear Customer, INR3,750 has been deducted to your Chase account XXXX9517 through Credit Card on 18-Sep-2026. Ref No: 383502048132","INR -> CURRENCY; 3,750 -> AMOUNT; deducted -> TRANSACTION_TYPE; Chase -> BANK; XXXX9517 -> ACCOUNT_SUFFIX; Credit Card -> MODE; 18-Sep-2026 -> DATE; 383502048132 -> REFERENCE"
"₹2,950 withdrawn from Chase A/c XXXX5344 via RTGS to Ola on 08/01/2026. Ref: 871608372424","₹ -> CURRENCY; 2,950 -> AMOUNT; withdrawn -> TRANSACTION_TYPE; Chase -> BANK; XXXX5344 -> ACCOUNT_SUFFIX; RTGS -> MODE; Ola -> MERCHANT; 08/01/2026 -> DATE; 871608372424 -> REFERENCE"
"Your Credit Card transaction of Rs.2,799 was received to Jio from PNB A/c XX7722 on 07/06/2026. Ref: REFG57BQO","Credit Card -> MODE; Rs. -> CURRENCY; 2,799 -> AMOUNT; received -> TRANSACTION_TYPE; Jio -> MERCHANT; PNB -> BANK; XX7722 -> ACCOUNT_SUFFIX; 07/06/2026 -> DATE; REFG57BQO -> REFERENCE"
Your IMPS transaction of INR899 was spent to Apple Store from Axis Bank A/c XX2911 on 19/10/2026. Ref: 6087655146,IMPS -> MODE; INR -> CURRENCY; 899 -> AMOUNT; spent -> TRANSACTION_TYPE; Apple Store -> MERCHANT; Axis Bank -> BANK; XX2911 -> ACCOUNT_SUFFIX; 19/10/2026 -> DATE; 6087655146 -> REFERENCE
"Payment of ₹2,750 to Reliance Digital was deposited via IMPS from Standard Chartered A/c xx3760 on 28-Apr-2026. Reference: 888378781360","₹ -> CURRENCY; 2,750 -> AMOUNT; Reliance Digital -> MERCHANT; deposited -> TRANSACTION_TYPE; IMPS -> MODE; Standard Chartered -> BANK; xx3760 -> ACCOUNT_SUFFIX; 28-Apr-2026 -> DATE; 888378781360 -> REFERENCE"
"Rs.3,150 debited from ICICI Bank A/c XXXX9380 via Net Banking to BookMyShow on Nov 18, 2026. Ref: 753252290","Rs. -> CURRENCY; 3,150 -> AMOUNT; debited -> TRANSACTION_TYPE; ICICI Bank -> BANK; XXXX9380 -> ACCOUNT_SUFFIX; Net Banking -> MODE; BookMyShow -> MERCHANT; Nov 18, 2026 -> DATE; 753252290 -> REFERENCE"
"Your RTGS transaction of Rs.3,900 was debited to Walmart from Kotak Mahindra A/c xx1155 on 16-Jul-2026. Ref: REFWBRMRO","RTGS -> MODE; Rs. -> CURRENCY; 3,900 -> AMOUNT; debited -> TRANSACTION_TYPE; Walmart -> MERCHANT; Kotak Mahindra -> BANK; xx1155 -> ACCOUNT_SUFFIX; 16-Jul-2026 -> DATE; REFWBRMRO -> REFERENCE"
"₹6,750 received from Bank of America A/c xx6360 via Credit Card to McDonald's on 25-Aug-2026. Ref: 8270034636","₹ -> CURRENCY; 6,750 -> AMOUNT; received -> TRANSACTION_TYPE; Bank of America -> BANK; xx6360 -> ACCOUNT_SUFFIX; Credit Card -> MODE; McDonald's -> MERCHANT; 25-Aug-2026 -> DATE; 8270034636 -> REFERENCE"
"Axis Bank Alert: INR1,500 spent at Netflix using Debit Card (A/c xx8537) on 01/01/2026. Txn Ref 4141437790","Axis Bank -> BANK; INR -> CURRENCY; 1,500 -> AMOUNT; spent -> TRANSACTION_TYPE; Netflix -> MERCHANT; Debit Card -> MODE; xx8537 -> ACCOUNT_SUFFIX; 01/01/2026 -> DATE; 4141437790 -> REFERENCE"
"Alert: Rs.4,699 deducted via RTGS from IDBI Bank A/c XXXX6443 on Jul 21, 2026. Merchant: Swiggy. Ref: 979220245","Rs. -> CURRENCY; 4,699 -> AMOUNT; deducted -> TRANSACTION_TYPE; RTGS -> MODE; IDBI Bank -> BANK; XXXX6443 -> ACCOUNT_SUFFIX; Jul 21, 2026 -> DATE; Swiggy -> MERCHANT; 979220245 -> REFERENCE"
"Payment of ₹2,499 to Swiggy was paid via Net Banking from ICICI Bank A/c XX1932 on 09/10/2026. Reference: 7945234423","₹ -> CURRENCY; 2,499 -> AMOUNT; Swiggy -> MERCHANT; paid -> TRANSACTION_TYPE; Net Banking -> MODE; ICICI Bank -> BANK; XX1932 -> ACCOUNT_SUFFIX; 09/10/2026 -> DATE; 7945234423 -> REFERENCE"
"Payment of INR8,499 to Netflix was spent via RTGS from HDFC Bank A/c XX6392 on May 9, 2026. Reference: 721958897403","INR -> CURRENCY; 8,499 -> AMOUNT; Netflix -> MERCHANT; spent -> TRANSACTION_TYPE; RTGS -> MODE; HDFC Bank -> BANK; XX6392 -> ACCOUNT_SUFFIX; May 9, 2026 -> DATE; 721958897403 -> REFERENCE"
received: ₹600 using Credit Card at Zomato. Canara Bank A/c xx3684 Ref No REFCOJE53. Date: 01/10/2026,received -> TRANSACTION_TYPE; ₹ -> CURRENCY; 600 -> AMOUNT; Credit Card -> MODE; Zomato -> MERCHANT; Canara Bank -> BANK; xx3684 -> ACCOUNT_SUFFIX; REFCOJE53 -> REFERENCE; 01/10/2026 -> DATE
"Payment of ₹900 to Myntra was credited via IMPS from Wells Fargo A/c xx8059 on Nov 9, 2026. Reference: 9467067370","₹ -> CURRENCY; 900 -> AMOUNT; Myntra -> MERCHANT; credited -> TRANSACTION_TYPE; IMPS -> MODE; Wells Fargo -> BANK; xx8059 -> ACCOUNT_SUFFIX; Nov 9, 2026 -> DATE; 9467067370 -> REFERENCE"
"HDFC Bank Alert: ₹5,350 credited at Ola using RTGS (A/c XXXX8125) on Apr 27, 2026. Txn Ref 824646955216","HDFC Bank -> BANK; ₹ -> CURRENCY; 5,350 -> AMOUNT; credited -> TRANSACTION_TYPE; Ola -> MERCHANT; RTGS -> MODE; XXXX8125 -> ACCOUNT_SUFFIX; Apr 27, 2026 -> DATE; 824646955216 -> REFERENCE"
"Dear Customer, INR4,299 has been deducted to your Canara Bank account XX1352 through Debit Card on 24/08/2026. Ref No: REF059YVE","INR -> CURRENCY; 4,299 -> AMOUNT; deducted -> TRANSACTION_TYPE; Canara Bank -> BANK; XX1352 -> ACCOUNT_SUFFIX; Debit Card -> MODE; 24/08/2026 -> DATE; REF059YVE -> REFERENCE"
"Rs.1,999 withdrawn from Axis Bank A/c xx6322 via Debit Card to McDonald's on Jun 12, 2026. Ref: 818624947925","Rs. -> CURRENCY; 1,999 -> AMOUNT; withdrawn -> TRANSACTION_TYPE; Axis Bank -> BANK; xx6322 -> ACCOUNT_SUFFIX; Debit Card -> MODE; McDonald's -> MERCHANT; Jun 12, 2026 -> DATE; 818624947925 -> REFERENCE"
"ICICI Bank Alert: INR3,399 received at Reliance Digital using UPI (A/c xx5235) on 21-Jun-2026. Txn Ref REFWGCJ00","ICICI Bank -> BANK; INR -> CURRENCY; 3,399 -> AMOUNT; received -> TRANSACTION_TYPE; Reliance Digital -> MERCHANT; UPI -> MODE; xx5235 -> ACCOUNT_SUFFIX; 21-Jun-2026 -> DATE; REFWGCJ00 -> REFERENCE"
"SBI Alert: ₹6,600 paid at Netflix using Credit Card (A/c xx8409) on 09-Jul-2026. Txn Ref 840752969","SBI -> BANK; ₹ -> CURRENCY; 6,600 -> AMOUNT; paid -> TRANSACTION_TYPE; Netflix -> MERCHANT; Credit Card -> MODE; xx8409 -> ACCOUNT_SUFFIX; 09-Jul-2026 -> DATE; 840752969 -> REFERENCE"
"Citibank Alert: Rs.2,150 debited at Domino's using IMPS (A/c xx6049) on 01/03/2026. Txn Ref REFDKF51K","Citibank -> BANK; Rs. -> CURRENCY; 2,150 -> AMOUNT; debited -> TRANSACTION_TYPE; Domino's -> MERCHANT; IMPS -> MODE; xx6049 -> ACCOUNT_SUFFIX; 01/03/2026 -> DATE; REFDKF51K -> REFERENCE"
"Alert: Rs.2,199 paid via Debit Card from HSBC A/c xx7325 on 20-Feb-2026. Merchant: McDonald's. Ref: 5940659650","Rs. -> CURRENCY; 2,199 -> AMOUNT; paid -> TRANSACTION_TYPE; Debit Card -> MODE; HSBC -> BANK; xx7325 -> ACCOUNT_SUFFIX; 20-Feb-2026 -> DATE; McDonald's -> MERCHANT; 5940659650 -> REFERENCE"
"refunded: ₹7,450 using Net Banking at Myntra. Citibank A/c XX4392 Ref No 466970511485. Date: Jun 11, 2026","refunded -> TRANSACTION_TYPE; ₹ -> CURRENCY; 7,450 -> AMOUNT; Net Banking -> MODE; Myntra -> MERCHANT; Citibank -> BANK; XX4392 -> ACCOUNT_SUFFIX; 466970511485 -> REFERENCE; Jun 11, 2026 -> DATE"
"₹1,199 deposited from HSBC A/c XXXX9552 via Debit Card to Reliance Digital on 25-Feb-2026. Ref: 572743974398","₹ -> CURRENCY; 1,199 -> AMOUNT; deposited -> TRANSACTION_TYPE; HSBC -> BANK; XXXX9552 -> ACCOUNT_SUFFIX; Debit Card -> MODE; Reliance Digital -> MERCHANT; 25-Feb-2026 -> DATE; 572743974398 -> REFERENCE"
"Your NEFT transaction of Rs.4,999 was credited to McDonald's from Chase A/c xx6251 on Nov 17, 2026. Ref: 360965309","NEFT -> MODE; Rs. -> CURRENCY; 4,999 -> AMOUNT; credited -> TRANSACTION_TYPE; McDonald's -> MERCHANT; Chase -> BANK; xx6251 -> ACCOUNT_SUFFIX; Nov 17, 2026 -> DATE; 360965309 -> REFERENCE"
"INR4,300 deposited from Chase A/c xx6564 via Credit Card to Starbucks on Mar 6, 2026. Ref: REFBAG3L6","INR -> CURRENCY; 4,300 -> AMOUNT; deposited -> TRANSACTION_TYPE; Chase -> BANK; xx6564 -> ACCOUNT_SUFFIX; Credit Card -> MODE; Starbucks -> MERCHANT; Mar 6, 2026 -> DATE; REFBAG3L6 -> REFERENCE"
"spent: INR8,499 using UPI at Swiggy. Bank of America A/c xx7592 Ref No 102447286. Date: Nov 14, 2026","spent -> TRANSACTION_TYPE; INR -> CURRENCY; 8,499 -> AMOUNT; UPI -> MODE; Swiggy -> MERCHANT; Bank of America -> BANK; xx7592 -> ACCOUNT_SUFFIX; 102447286 -> REFERENCE; Nov 14, 2026 -> DATE"
"Your ATM transaction of ₹1,200 was withdrawn to McDonald's from Yes Bank A/c xx8495 on Jul 26, 2026. Ref: TXN85086","ATM -> MODE; ₹ -> CURRENCY; 1,200 -> AMOUNT; withdrawn -> TRANSACTION_TYPE; McDonald's -> MERCHANT; Yes Bank -> BANK; xx8495 -> ACCOUNT_SUFFIX; Jul 26, 2026 -> DATE; TXN85086 -> REFERENCE"
"HDFC Bank Alert: Rs.5,350 spent at Flipkart using UPI (A/c xx2869) on 16-Sep-2026. Txn Ref 2398500491","HDFC Bank -> BANK; Rs. -> CURRENCY; 5,350 -> AMOUNT; spent -> TRANSACTION_TYPE; Flipkart -> MERCHANT; UPI -> MODE; xx2869 -> ACCOUNT_SUFFIX; 16-Sep-2026 -> DATE; 2398500491 -> REFERENCE"
"Citibank Alert: Rs.4,050 refunded at IRCTC using Net Banking (A/c XX8232) on Aug 21, 2026. Txn Ref TXN52401","Citibank -> BANK; Rs. -> CURRENCY; 4,050 -> AMOUNT; refunded -> TRANSACTION_TYPE; IRCTC -> MERCHANT; Net Banking -> MODE; XX8232 -> ACCOUNT_SUFFIX; Aug 21, 2026 -> DATE; TXN52401 -> REFERENCE"
"Dear Customer, ₹4,400 has been deposited to your IDBI Bank account XXXX8171 through Net Banking on 05-Jul-2026. Ref No: REFTOX5QK","₹ -> CURRENCY; 4,400 -> AMOUNT; deposited -> TRANSACTION_TYPE; IDBI Bank -> BANK; XXXX8171 -> ACCOUNT_SUFFIX; Net Banking -> MODE; 05-Jul-2026 -> DATE; REFTOX5QK -> REFERENCE"
"deposited: Rs.3,499 using UPI at Jio. IDBI Bank A/c xx7168 Ref No 494941754. Date: 03-Jun-2026","deposited -> TRANSACTION_TYPE; Rs. -> CURRENCY; 3,499 -> AMOUNT; UPI -> MODE; Jio -> MERCHANT; IDBI Bank -> BANK; xx7168 -> ACCOUNT_SUFFIX; 494941754 -> REFERENCE; 03-Jun-2026 -> DATE"
"paid: Rs.5,800 using ATM at Domino's. ICICI Bank A/c XX8452 Ref No TXN25182. Date: 08/10/2026","paid -> TRANSACTION_TYPE; Rs. -> CURRENCY; 5,800 -> AMOUNT; ATM -> MODE; Domino's -> MERCHANT; ICICI Bank -> BANK; XX8452 -> ACCOUNT_SUFFIX; TXN25182 -> REFERENCE; 08/10/2026 -> DATE"
"HSBC Alert: Rs.2,200 credited at Walmart using UPI (A/c xx6231) on 04-Jul-2026. Txn Ref TXN67183","HSBC -> BANK; Rs. -> CURRENCY; 2,200 -> AMOUNT; credited -> TRANSACTION_TYPE; Walmart -> MERCHANT; UPI -> MODE; xx6231 -> ACCOUNT_SUFFIX; 04-Jul-2026 -> DATE; TXN67183 -> REFERENCE"
"Your SBI account xx7988 was deducted with Rs.9,199 at Zomato via RTGS on Aug 3, 2026. Transaction Ref 250266959","SBI -> BANK; xx7988 -> ACCOUNT_SUFFIX; deducted -> TRANSACTION_TYPE; Rs. -> CURRENCY; 9,199 -> AMOUNT; Zomato -> MERCHANT; RTGS -> MODE; Aug 3, 2026 -> DATE; 250266959 -> REFERENCE"
"paid: ₹4,199 using UPI at Reliance Digital. ICICI Bank A/c xx4908 Ref No 773093697. Date: 21-Jul-2026","paid -> TRANSACTION_TYPE; ₹ -> CURRENCY; 4,199 -> AMOUNT; UPI -> MODE; Reliance Digital -> MERCHANT; ICICI Bank -> BANK; xx4908 -> ACCOUNT_SUFFIX; 773093697 -> REFERENCE; 21-Jul-2026 -> DATE"
"HSBC Alert: INR1,699 debited at Jio using UPI (A/c XX7828) on Jan 3, 2026. Txn Ref REF9VBZLV","HSBC -> BANK; INR -> CURRENCY; 1,699 -> AMOUNT; debited -> TRANSACTION_TYPE; Jio -> MERCHANT; UPI -> MODE; XX7828 -> ACCOUNT_SUFFIX; Jan 3, 2026 -> DATE; REF9VBZLV -> REFERENCE"
"withdrawn: ₹7,350 using RTGS at Netflix. Bank of America A/c XX1074 Ref No 1799435039. Date: Dec 11, 2026","withdrawn -> TRANSACTION_TYPE; ₹ -> CURRENCY; 7,350 -> AMOUNT; RTGS -> MODE; Netflix -> MERCHANT; Bank of America -> BANK; XX1074 -> ACCOUNT_SUFFIX; 1799435039 -> REFERENCE; Dec 11, 2026 -> DATE"
"Alert: ₹7,100 paid via UPI from Kotak Mahindra A/c xx3038 on 19/08/2026. Merchant: Jio. Ref: REFD2X83K","₹ -> CURRENCY; 7,100 -> AMOUNT; paid -> TRANSACTION_TYPE; UPI -> MODE; Kotak Mahindra -> BANK; xx3038 -> ACCOUNT_SUFFIX; 19/08/2026 -> DATE; Jio -> MERCHANT; REFD2X83K -> REFERENCE"
"spent: ₹5,400 using IMPS at Walmart. SBI A/c XXXX9847 Ref No TXN29416. Date: 01-Nov-2026","spent -> TRANSACTION_TYPE; ₹ -> CURRENCY; 5,400 -> AMOUNT; IMPS -> MODE; Walmart -> MERCHANT; SBI -> BANK; XXXX9847 -> ACCOUNT_SUFFIX; TXN29416 -> REFERENCE; 01-Nov-2026 -> DATE"
"Your UPI transaction of ₹7,350 was debited to Starbucks from Canara Bank A/c xx1208 on 13/10/2026. Ref: 3221429971","UPI -> MODE; ₹ -> CURRENCY; 7,350 -> AMOUNT; debited -> TRANSACTION_TYPE; Starbucks -> MERCHANT; Canara Bank -> BANK; xx1208 -> ACCOUNT_SUFFIX; 13/10/2026 -> DATE; 3221429971 -> REFERENCE"
"Your NEFT transaction of ₹3,100 was spent to Netflix from Kotak Mahindra A/c XXXX1572 on 07/04/2026. Ref: 9833723899","NEFT -> MODE; ₹ -> CURRENCY; 3,100 -> AMOUNT; spent -> TRANSACTION_TYPE; Netflix -> MERCHANT; Kotak Mahindra -> BANK; XXXX1572 -> ACCOUNT_SUFFIX; 07/04/2026 -> DATE; 9833723899 -> REFERENCE"
"Payment of INR8,099 to Apple Store was debited via NEFT from Canara Bank A/c XXXX7496 on 01-Jan-2026. Reference: 911514124177","INR -> CURRENCY; 8,099 -> AMOUNT; Apple Store -> MERCHANT; debited -> TRANSACTION_TYPE; NEFT -> MODE; Canara Bank -> BANK; XXXX7496 -> ACCOUNT_SUFFIX; 01-Jan-2026 -> DATE; 911514124177 -> REFERENCE"
"Payment of INR6,100 to Zomato was spent via NEFT from HDFC Bank A/c XX2865 on 24-Jul-2026. Reference: 783029662","INR -> CURRENCY; 6,100 -> AMOUNT; Zomato -> MERCHANT; spent -> TRANSACTION_TYPE; NEFT -> MODE; HDFC Bank -> BANK; XX2865 -> ACCOUNT_SUFFIX; 24-Jul-2026 -> DATE; 783029662 -> REFERENCE"
"Dear Customer, INR2,550 has been withdrawn to your Citibank account xx6750 through IMPS on 19-Jan-2026. Ref No: 1747788476","INR -> CURRENCY; 2,550 -> AMOUNT; withdrawn -> TRANSACTION_TYPE; Citibank -> BANK; xx6750 -> ACCOUNT_SUFFIX; IMPS -> MODE; 19-Jan-2026 -> DATE; 1747788476 -> REFERENCE"
"Payment of Rs.3,100 to Swiggy was refunded via NEFT from Standard Chartered A/c XX3406 on Jan 21, 2026. Reference: TXN76219","Rs. -> CURRENCY; 3,100 -> AMOUNT; Swiggy -> MERCHANT; refunded -> TRANSACTION_TYPE; NEFT -> MODE; Standard Chartered -> BANK; XX3406 -> ACCOUNT_SUFFIX; Jan 21, 2026 -> DATE; TXN76219 -> REFERENCE"
"credited: ₹1,100 using NEFT at Domino's. HDFC Bank A/c XXXX1989 Ref No 1735289747. Date: Oct 13, 2026","credited -> TRANSACTION_TYPE; ₹ -> CURRENCY; 1,100 -> AMOUNT; NEFT -> MODE; Domino's -> MERCHANT; HDFC Bank -> BANK; XXXX1989 -> ACCOUNT_SUFFIX; 1735289747 -> REFERENCE; Oct 13, 2026 -> DATE"
"INR7,699 refunded from HSBC A/c XXXX6301 via IMPS to Airtel on 15/02/2026. Ref: TXN71365","INR -> CURRENCY; 7,699 -> AMOUNT; refunded -> TRANSACTION_TYPE; HSBC -> BANK; XXXX6301 -> ACCOUNT_SUFFIX; IMPS -> MODE; Airtel -> MERCHANT; 15/02/2026 -> DATE; TXN71365 -> REFERENCE"
"Your RTGS transaction of Rs.6,499 was deducted to Flipkart from Yes Bank A/c XX1582 on Jul 5, 2026. Ref: 4029078695","RTGS -> MODE; Rs. -> CURRENCY; 6,499 -> AMOUNT; deducted -> TRANSACTION_TYPE; Flipkart -> MERCHANT; Yes Bank -> BANK; XX1582 -> ACCOUNT_SUFFIX; Jul 5, 2026 -> DATE; 4029078695 -> REFERENCE"
"Your Axis Bank account XXXX3064 was deducted with INR2,950 at Uber via UPI on 01-Apr-2026. Transaction Ref 960267925","Axis Bank -> BANK; XXXX3064 -> ACCOUNT_SUFFIX; deducted -> TRANSACTION_TYPE; INR -> CURRENCY; 2,950 -> AMOUNT; Uber -> MERCHANT; UPI -> MODE; 01-Apr-2026 -> DATE; 960267925 -> REFERENCE"
"Your ATM transaction of ₹7,399 was withdrawn to BigBasket from Standard Chartered A/c XXXX8747 on 16-Apr-2026. Ref: 728277187","ATM -> MODE; ₹ -> CURRENCY; 7,399 -> AMOUNT; withdrawn -> TRANSACTION_TYPE; BigBasket -> MERCHANT; Standard Chartered -> BANK; XXXX8747 -> ACCOUNT_SUFFIX; 16-Apr-2026 -> DATE; 728277187 -> REFERENCE"
"₹2,850 deducted from ICICI Bank A/c XXXX7302 via Net Banking to BigBasket on Nov 12, 2026. Ref: REFI85YZ9","₹ -> CURRENCY; 2,850 -> AMOUNT; deducted -> TRANSACTION_TYPE; ICICI Bank -> BANK; XXXX7302 -> ACCOUNT_SUFFIX; Net Banking -> MODE; BigBasket -> MERCHANT; Nov 12, 2026 -> DATE; REFI85YZ9 -> REFERENCE"
"Payment of ₹4,950 to Swiggy was paid via Net Banking from ICICI Bank A/c XX1377 on 14/12/2026. Reference: 437841134758","₹ -> CURRENCY; 4,950 -> AMOUNT; Swiggy -> MERCHANT; paid -> TRANSACTION_TYPE; Net Banking -> MODE; ICICI Bank -> BANK; XX1377 -> ACCOUNT_SUFFIX; 14/12/2026 -> DATE; 437841134758 -> REFERENCE"
"Alert: ₹4,350 credited via NEFT from Chase A/c XX9447 on 27-Aug-2026. Merchant: Zomato. Ref: 698299219814","₹ -> CURRENCY; 4,350 -> AMOUNT; credited -> TRANSACTION_TYPE; NEFT -> MODE; Chase -> BANK; XX9447 -> ACCOUNT_SUFFIX; 27-Aug-2026 -> DATE; Zomato -> MERCHANT; 698299219814 -> REFERENCE"
"INR1,100 paid from SBI A/c xx6912 via Net Banking to Netflix on Mar 10, 2026. Ref: REFO991M8","INR -> CURRENCY; 1,100 -> AMOUNT; paid -> TRANSACTION_TYPE; SBI -> BANK; xx6912 -> ACCOUNT_SUFFIX; Net Banking -> MODE; Netflix -> MERCHANT; Mar 10, 2026 -> DATE; REFO991M8 -> REFERENCE"
"Alert: ₹4,199 spent via Debit Card from Wells Fargo A/c XX4498 on 26/08/2026. Merchant: Netflix. Ref: TXN80543","₹ -> CURRENCY; 4,199 -> AMOUNT; spent -> TRANSACTION_TYPE; Debit Card -> MODE; Wells Fargo -> BANK; XX4498 -> ACCOUNT_SUFFIX; 26/08/2026 -> DATE; Netflix -> MERCHANT; TXN80543 -> REFERENCE"
"Alert: INR6,399 deposited via RTGS from Chase A/c XX3391 on Nov 28, 2026. Merchant: McDonald's. Ref: TXN55415","INR -> CURRENCY; 6,399 -> AMOUNT; deposited -> TRANSACTION_TYPE; RTGS -> MODE; Chase -> BANK; XX3391 -> ACCOUNT_SUFFIX; Nov 28, 2026 -> DATE; McDonald's -> MERCHANT; TXN55415 -> REFERENCE"
Your UPI transaction of Rs.450 was deposited to Reliance Digital from Standard Chartered A/c xx7066 on 08-Sep-2026. Ref: 757102985,UPI -> MODE; Rs. -> CURRENCY; 450 -> AMOUNT; deposited -> TRANSACTION_TYPE; Reliance Digital -> MERCHANT; Standard Chartered -> BANK; xx7066 -> ACCOUNT_SUFFIX; 08-Sep-2026 -> DATE; 757102985 -> REFERENCE
"Dear Customer, INR9,450 has been credited to your PNB account xx9102 through ATM on 20-Jun-2026. Ref No: REF5VMQC2","INR -> CURRENCY; 9,450 -> AMOUNT; credited -> TRANSACTION_TYPE; PNB -> BANK; xx9102 -> ACCOUNT_SUFFIX; ATM -> MODE; 20-Jun-2026 -> DATE; REF5VMQC2 -> REFERENCE"
"Dear Customer, INR9,399 has been spent to your SBI account XXXX2792 through IMPS on Sep 8, 2026. Ref No: 334224976","INR -> CURRENCY; 9,399 -> AMOUNT; spent -> TRANSACTION_TYPE; SBI -> BANK; XXXX2792 -> ACCOUNT_SUFFIX; IMPS -> MODE; Sep 8, 2026 -> DATE; 334224976 -> REFERENCE"
"Dear Customer, INR5,550 has been paid to your Standard Chartered account XX4984 through Credit Card on 28-Nov-2026. Ref No: REF6QAFCE","INR -> CURRENCY; 5,550 -> AMOUNT; paid -> TRANSACTION_TYPE; Standard Chartered -> BANK; XX4984 -> ACCOUNT_SUFFIX; Credit Card -> MODE; 28-Nov-2026 -> DATE; REF6QAFCE -> REFERENCE"
"Your Net Banking transaction of Rs.8,600 was deposited to Zomato from Chase A/c xx5779 on Feb 27, 2026. Ref: 628337868510","Net Banking -> MODE; Rs. -> CURRENCY; 8,600 -> AMOUNT; deposited -> TRANSACTION_TYPE; Zomato -> MERCHANT; Chase -> BANK; xx5779 -> ACCOUNT_SUFFIX; Feb 27, 2026 -> DATE; 628337868510 -> REFERENCE"
"Payment of Rs.8,499 to Swiggy was refunded via RTGS from Kotak Mahindra A/c xx2978 on 06/06/2026. Reference: TXN59689","Rs. -> CURRENCY; 8,499 -> AMOUNT; Swiggy -> MERCHANT; refunded -> TRANSACTION_TYPE; RTGS -> MODE; Kotak Mahindra -> BANK; xx2978 -> ACCOUNT_SUFFIX; 06/06/2026 -> DATE; TXN59689 -> REFERENCE"
"Alert: INR7,850 deducted via RTGS from SBI A/c xx4326 on 23-Aug-2026. Merchant: Amazon. Ref: 5856993817","INR -> CURRENCY; 7,850 -> AMOUNT; deducted -> TRANSACTION_TYPE; RTGS -> MODE; SBI -> BANK; xx4326 -> ACCOUNT_SUFFIX; 23-Aug-2026 -> DATE; Amazon -> MERCHANT; 5856993817 -> REFERENCE"
Your Kotak Mahindra account xx6182 was deducted with INR150 at Amazon via NEFT on 24-Jul-2026. Transaction Ref REFW863WN,Kotak Mahindra -> BANK; xx6182 -> ACCOUNT_SUFFIX; deducted -> TRANSACTION_TYPE; INR -> CURRENCY; 150 -> AMOUNT; Amazon -> MERCHANT; NEFT -> MODE; 24-Jul-2026 -> DATE; REFW863WN -> REFERENCE
"₹3,100 withdrawn from PNB A/c XX9167 via Net Banking to Ola on May 16, 2026. Ref: 699513054","₹ -> CURRENCY; 3,100 -> AMOUNT; withdrawn -> TRANSACTION_TYPE; PNB -> BANK; XX9167 -> ACCOUNT_SUFFIX; Net Banking -> MODE; Ola -> MERCHANT; May 16, 2026 -> DATE; 699513054 -> REFERENCE"
"Chase Alert: ₹3,499 received at BigBasket using Net Banking (A/c XX4075) on 02/09/2026. Txn Ref REFHD8KCH","Chase -> BANK; ₹ -> CURRENCY; 3,499 -> AMOUNT; received -> TRANSACTION_TYPE; BigBasket -> MERCHANT; Net Banking -> MODE; XX4075 -> ACCOUNT_SUFFIX; 02/09/2026 -> DATE; REFHD8KCH -> REFERENCE"
"₹8,900 paid from PNB A/c XXXX2139 via Credit Card to Netflix on May 7, 2026. Ref: REFFPAEJN","₹ -> CURRENCY; 8,900 -> AMOUNT; paid -> TRANSACTION_TYPE; PNB -> BANK; XXXX2139 -> ACCOUNT_SUFFIX; Credit Card -> MODE; Netflix -> MERCHANT; May 7, 2026 -> DATE; REFFPAEJN -> REFERENCE"
Your ATM transaction of INR550 was refunded to Starbucks from HSBC A/c XX4851 on 23-Aug-2026. Ref: 544777082,ATM -> MODE; INR -> CURRENCY; 550 -> AMOUNT; refunded -> TRANSACTION_TYPE; Starbucks -> MERCHANT; HSBC -> BANK; XX4851 -> ACCOUNT_SUFFIX; 23-Aug-2026 -> DATE; 544777082 -> REFERENCE
Alert: ₹300 paid via ATM from HSBC A/c xx8457 on 24-Sep-2026. Merchant: Netflix. Ref: REF912SHD,₹ -> CURRENCY; 300 -> AMOUNT; paid -> TRANSACTION_TYPE; ATM -> MODE; HSBC -> BANK; xx8457 -> ACCOUNT_SUFFIX; 24-Sep-2026 -> DATE; Netflix -> MERCHANT; REF912SHD -> REFERENCE
"paid: Rs.4,999 using Net Banking at Flipkart. Citibank A/c XXXX2997 Ref No 118481769991. Date: 16-Oct-2026","paid -> TRANSACTION_TYPE; Rs. -> CURRENCY; 4,999 -> AMOUNT; Net Banking -> MODE; Flipkart -> MERCHANT; Citibank -> BANK; XXXX2997 -> ACCOUNT_SUFFIX; 118481769991 -> REFERENCE; 16-Oct-2026 -> DATE"
"Dear Customer, Rs.5,299 has been deposited to your ICICI Bank account xx1583 through NEFT on Nov 7, 2026. Ref No: TXN94381","Rs. -> CURRENCY; 5,299 -> AMOUNT; deposited -> TRANSACTION_TYPE; ICICI Bank -> BANK; xx1583 -> ACCOUNT_SUFFIX; NEFT -> MODE; Nov 7, 2026 -> DATE; TXN94381 -> REFERENCE"
"HSBC Alert: INR6,199 spent at BigBasket using NEFT (A/c XXXX2134) on 08/11/2026. Txn Ref 926845059997","HSBC -> BANK; INR -> CURRENCY; 6,199 -> AMOUNT; spent -> TRANSACTION_TYPE; BigBasket -> MERCHANT; NEFT -> MODE; XXXX2134 -> ACCOUNT_SUFFIX; 08/11/2026 -> DATE; 926845059997 -> REFERENCE"
"SBI Alert: Rs.6,650 received at Myntra using Net Banking (A/c XXXX2134) on Mar 9, 2026. Txn Ref TXN98464","SBI -> BANK; Rs. -> CURRENCY; 6,650 -> AMOUNT; received -> TRANSACTION_TYPE; Myntra -> MERCHANT; Net Banking -> MODE; XXXX2134 -> ACCOUNT_SUFFIX; Mar 9, 2026 -> DATE; TXN98464 -> REFERENCE"
"Payment of Rs.6,299 to Myntra was refunded via ATM from Bank of America A/c xx8052 on Apr 18, 2026. Reference: TXN76266","Rs. -> CURRENCY; 6,299 -> AMOUNT; Myntra -> MERCHANT; refunded -> TRANSACTION_TYPE; ATM -> MODE; Bank of America -> BANK; xx8052 -> ACCOUNT_SUFFIX; Apr 18, 2026 -> DATE; TXN76266 -> REFERENCE"
paid: Rs.950 using RTGS at Apple Store. SBI A/c XXXX8551 Ref No 879103682. Date: 20/11/2026,paid -> TRANSACTION_TYPE; Rs. -> CURRENCY; 950 -> AMOUNT; RTGS -> MODE; Apple Store -> MERCHANT; SBI -> BANK; XXXX8551 -> ACCOUNT_SUFFIX; 879103682 -> REFERENCE; 20/11/2026 -> DATE
"Chase Alert: INR4,899 deposited at Netflix using UPI (A/c XX9012) on 23-Jan-2026. Txn Ref 328492681","Chase -> BANK; INR -> CURRENCY; 4,899 -> AMOUNT; deposited -> TRANSACTION_TYPE; Netflix -> MERCHANT; UPI -> MODE; XX9012 -> ACCOUNT_SUFFIX; 23-Jan-2026 -> DATE; 328492681 -> REFERENCE"
"debited: ₹8,600 using Debit Card at IRCTC. PNB A/c XX5806 Ref No REFY3AYTW. Date: 24-Oct-2026","debited -> TRANSACTION_TYPE; ₹ -> CURRENCY; 8,600 -> AMOUNT; Debit Card -> MODE; IRCTC -> MERCHANT; PNB -> BANK; XX5806 -> ACCOUNT_SUFFIX; REFY3AYTW -> REFERENCE; 24-Oct-2026 -> DATE"
"paid: INR2,100 using RTGS at Swiggy. Standard Chartered A/c XX4608 Ref No TXN10286. Date: Apr 18, 2026","paid -> TRANSACTION_TYPE; INR -> CURRENCY; 2,100 -> AMOUNT; RTGS -> MODE; Swiggy -> MERCHANT; Standard Chartered -> BANK; XX4608 -> ACCOUNT_SUFFIX; TXN10286 -> REFERENCE; Apr 18, 2026 -> DATE"
"deposited: INR8,450 using ATM at Ola. Citibank A/c XX4830 Ref No TXN30711. Date: 20/03/2026","deposited -> TRANSACTION_TYPE; INR -> CURRENCY; 8,450 -> AMOUNT; ATM -> MODE; Ola -> MERCHANT; Citibank -> BANK; XX4830 -> ACCOUNT_SUFFIX; TXN30711 -> REFERENCE; 20/03/2026 -> DATE"
"Your Credit Card transaction of INR7,900 was debited to Croma from PNB A/c xx9134 on Nov 17, 2026. Ref: 653710284","Credit Card -> MODE; INR -> CURRENCY; 7,900 -> AMOUNT; debited -> TRANSACTION_TYPE; Croma -> MERCHANT; PNB -> BANK; xx9134 -> ACCOUNT_SUFFIX; Nov 17, 2026 -> DATE; 653710284 -> REFERENCE"
"Dear Customer, Rs.4,900 has been debited to your HSBC account XX2054 through ATM on 17/09/2026. Ref No: 706819239","Rs. -> CURRENCY; 4,900 -> AMOUNT; debited -> TRANSACTION_TYPE; HSBC -> BANK; XX2054 -> ACCOUNT_SUFFIX; ATM -> MODE; 17/09/2026 -> DATE; 706819239 -> REFERENCE"
"credited: INR4,500 using Net Banking at Flipkart. PNB A/c XXXX3345 Ref No 442417216. Date: 06-Oct-2026","credited -> TRANSACTION_TYPE; INR -> CURRENCY; 4,500 -> AMOUNT; Net Banking -> MODE; Flipkart -> MERCHANT; PNB -> BANK; XXXX3345 -> ACCOUNT_SUFFIX; 442417216 -> REFERENCE; 06-Oct-2026 -> DATE"
"Payment of INR1,150 to Apple Store was spent via ATM from Kotak Mahindra A/c xx6612 on Feb 14, 2026. Reference: 4651431163","INR -> CURRENCY; 1,150 -> AMOUNT; Apple Store -> MERCHANT; spent -> TRANSACTION_TYPE; ATM -> MODE; Kotak Mahindra -> BANK; xx6612 -> ACCOUNT_SUFFIX; Feb 14, 2026 -> DATE; 4651431163 -> REFERENCE"
"Alert: INR3,450 spent via NEFT from HDFC Bank A/c XXXX5200 on 03-May-2026. Merchant: Croma. Ref: 6292518560","INR -> CURRENCY; 3,450 -> AMOUNT; spent -> TRANSACTION_TYPE; NEFT -> MODE; HDFC Bank -> BANK; XXXX5200 -> ACCOUNT_SUFFIX; 03-May-2026 -> DATE; Croma -> MERCHANT; 6292518560 -> REFERENCE"
"Payment of Rs.6,799 to Swiggy was paid via RTGS from Wells Fargo A/c XXXX6480 on Sep 14, 2026. Reference: 986373138","Rs. -> CURRENCY; 6,799 -> AMOUNT; Swiggy -> MERCHANT; paid -> TRANSACTION_TYPE; RTGS -> MODE; Wells Fargo -> BANK; XXXX6480 -> ACCOUNT_SUFFIX; Sep 14, 2026 -> DATE; 986373138 -> REFERENCE"
"Payment of INR8,299 to Swiggy was debited via RTGS from Citibank A/c XX6520 on 17-Feb-2026. Reference: 153404457","INR -> CURRENCY; 8,299 -> AMOUNT; Swiggy -> MERCHANT; debited -> TRANSACTION_TYPE; RTGS -> MODE; Citibank -> BANK; XX6520 -> ACCOUNT_SUFFIX; 17-Feb-2026 -> DATE; 153404457 -> REFERENCE"
"Alert: INR8,499 debited via Debit Card from Yes Bank A/c XX4812 on 18-Jan-2026. Merchant: Ola. Ref: 188152207987","INR -> CURRENCY; 8,499 -> AMOUNT; debited -> TRANSACTION_TYPE; Debit Card -> MODE; Yes Bank -> BANK; XX4812 -> ACCOUNT_SUFFIX; 18-Jan-2026 -> DATE; Ola -> MERCHANT; 188152207987 -> REFERENCE"
"Rs.2,699 paid from Axis Bank A/c XX4673 via RTGS to Swiggy on Dec 27, 2026. Ref: TXN80978","Rs. -> CURRENCY; 2,699 -> AMOUNT; paid -> TRANSACTION_TYPE; Axis Bank -> BANK; XX4673 -> ACCOUNT_SUFFIX; RTGS -> MODE; Swiggy -> MERCHANT; Dec 27, 2026 -> DATE; TXN80978 -> REFERENCE"
"Your Debit Card transaction of INR4,250 was deposited to Jio from Axis Bank A/c xx9099 on Oct 20, 2026. Ref: REFCV399O","Debit Card -> MODE; INR -> CURRENCY; 4,250 -> AMOUNT; deposited -> TRANSACTION_TYPE; Jio -> MERCHANT; Axis Bank -> BANK; xx9099 -> ACCOUNT_SUFFIX; Oct 20, 2026 -> DATE; REFCV399O -> REFERENCE"
Your Bank of America account XX8877 was debited with INR799 at Zomato via Net Banking on 20/06/2026. Transaction Ref 116109963,Bank of America -> BANK; XX8877 -> ACCOUNT_SUFFIX; debited -> TRANSACTION_TYPE; INR -> CURRENCY; 799 -> AMOUNT; Zomato -> MERCHANT; Net Banking -> MODE; 20/06/2026 -> DATE; 116109963 -> REFERENCE
"Dear Customer, INR1,650 has been paid to your Standard Chartered account xx2112 through ATM on 14/02/2026. Ref No: 823194611","INR -> CURRENCY; 1,650 -> AMOUNT; paid -> TRANSACTION_TYPE; Standard Chartered -> BANK; xx2112 -> ACCOUNT_SUFFIX; ATM -> MODE; 14/02/2026 -> DATE; 823194611 -> REFERENCE"
"Your UPI transaction of Rs.9,250 was refunded to Amazon from Wells Fargo A/c xx1700 on Mar 6, 2026. Ref: TXN28156","UPI -> MODE; Rs. -> CURRENCY; 9,250 -> AMOUNT; refunded -> TRANSACTION_TYPE; Amazon -> MERCHANT; Wells Fargo -> BANK; xx1700 -> ACCOUNT_SUFFIX; Mar 6, 2026 -> DATE; TXN28156 -> REFERENCE"
"Payment of ₹2,050 to Amazon was deducted via RTGS from Canara Bank A/c XXXX9144 on Dec 28, 2026. Reference: TXN29009","₹ -> CURRENCY; 2,050 -> AMOUNT; Amazon -> MERCHANT; deducted -> TRANSACTION_TYPE; RTGS -> MODE; Canara Bank -> BANK; XXXX9144 -> ACCOUNT_SUFFIX; Dec 28, 2026 -> DATE; TXN29009 -> REFERENCE"
"Payment of Rs.2,299 to Zomato was withdrawn via Credit Card from Standard Chartered A/c xx8186 on 14-Sep-2026. Reference: REFA0JYDP","Rs. -> CURRENCY; 2,299 -> AMOUNT; Zomato -> MERCHANT; withdrawn -> TRANSACTION_TYPE; Credit Card -> MODE; Standard Chartered -> BANK; xx8186 -> ACCOUNT_SUFFIX; 14-Sep-2026 -> DATE; REFA0JYDP -> REFERENCE"
"refunded: Rs.3,900 using UPI at Domino's. HSBC A/c XX5032 Ref No REFA6BTOJ. Date: 28/10/2026","refunded -> TRANSACTION_TYPE; Rs. -> CURRENCY; 3,900 -> AMOUNT; UPI -> MODE; Domino's -> MERCHANT; HSBC -> BANK; XX5032 -> ACCOUNT_SUFFIX; REFA6BTOJ -> REFERENCE; 28/10/2026 -> DATE"
"Dear Customer, Rs.4,350 has been credited to your HSBC account XX5266 through Debit Card on Jun 11, 2026. Ref No: REF3N4M3Q","Rs. -> CURRENCY; 4,350 -> AMOUNT; credited -> TRANSACTION_TYPE; HSBC -> BANK; XX5266 -> ACCOUNT_SUFFIX; Debit Card -> MODE; Jun 11, 2026 -> DATE; REF3N4M3Q -> REFERENCE"
"Payment of Rs.7,250 to Reliance Digital was deducted via NEFT from Standard Chartered A/c xx2481 on 11/09/2026. Reference: TXN64805","Rs. -> CURRENCY; 7,250 -> AMOUNT; Reliance Digital -> MERCHANT; deducted -> TRANSACTION_TYPE; NEFT -> MODE; Standard Chartered -> BANK; xx2481 -> ACCOUNT_SUFFIX; 11/09/2026 -> DATE; TXN64805 -> REFERENCE"
"Payment of Rs.7,050 to Myntra was spent via IMPS from Bank of America A/c xx4057 on 28/10/2026. Reference: TXN36404","Rs. -> CURRENCY; 7,050 -> AMOUNT; Myntra -> MERCHANT; spent -> TRANSACTION_TYPE; IMPS -> MODE; Bank of America -> BANK; xx4057 -> ACCOUNT_SUFFIX; 28/10/2026 -> DATE; TXN36404 -> REFERENCE"
paid: ₹999 using Debit Card at BigBasket. PNB A/c XXXX4104 Ref No 283401697659. Date: 03/03/2026,paid -> TRANSACTION_TYPE; ₹ -> CURRENCY; 999 -> AMOUNT; Debit Card -> MODE; BigBasket -> MERCHANT; PNB -> BANK; XXXX4104 -> ACCOUNT_SUFFIX; 283401697659 -> REFERENCE; 03/03/2026 -> DATE
"Axis Bank Alert: ₹7,899 credited at Swiggy using Credit Card (A/c XX4163) on May 4, 2026. Txn Ref TXN76638","Axis Bank -> BANK; ₹ -> CURRENCY; 7,899 -> AMOUNT; credited -> TRANSACTION_TYPE; Swiggy -> MERCHANT; Credit Card -> MODE; XX4163 -> ACCOUNT_SUFFIX; May 4, 2026 -> DATE; TXN76638 -> REFERENCE"
"Dear Customer, ₹2,099 has been withdrawn to your IDBI Bank account xx4591 through IMPS on 27/09/2026. Ref No: 8152750600","₹ -> CURRENCY; 2,099 -> AMOUNT; withdrawn -> TRANSACTION_TYPE; IDBI Bank -> BANK; xx4591 -> ACCOUNT_SUFFIX; IMPS -> MODE; 27/09/2026 -> DATE; 8152750600 -> REFERENCE"
"INR7,799 withdrawn from Bank of America A/c XXXX4145 via ATM to Croma on Jul 16, 2026. Ref: REFBT716Q","INR -> CURRENCY; 7,799 -> AMOUNT; withdrawn -> TRANSACTION_TYPE; Bank of America -> BANK; XXXX4145 -> ACCOUNT_SUFFIX; ATM -> MODE; Croma -> MERCHANT; Jul 16, 2026 -> DATE; REFBT716Q -> REFERENCE"
"Axis Bank Alert: ₹4,900 paid at Reliance Digital using RTGS (A/c XXXX2556) on 06/12/2026. Txn Ref 582190187237","Axis Bank -> BANK; ₹ -> CURRENCY; 4,900 -> AMOUNT; paid -> TRANSACTION_TYPE; Reliance Digital -> MERCHANT; RTGS -> MODE; XXXX2556 -> ACCOUNT_SUFFIX; 06/12/2026 -> DATE; 582190187237 -> REFERENCE"
"Axis Bank Alert: INR1,599 received at McDonald's using Credit Card (A/c xx9757) on 22-Feb-2026. Txn Ref REF8OZNGM","Axis Bank -> BANK; INR -> CURRENCY; 1,599 -> AMOUNT; received -> TRANSACTION_TYPE; McDonald's -> MERCHANT; Credit Card -> MODE; xx9757 -> ACCOUNT_SUFFIX; 22-Feb-2026 -> DATE; REF8OZNGM -> REFERENCE"
"INR6,499 received from ICICI Bank A/c XX1439 via IMPS to Starbucks on May 2, 2026. Ref: 174381933023","INR -> CURRENCY; 6,499 -> AMOUNT; received -> TRANSACTION_TYPE; ICICI Bank -> BANK; XX1439 -> ACCOUNT_SUFFIX; IMPS -> MODE; Starbucks -> MERCHANT; May 2, 2026 -> DATE; 174381933023 -> REFERENCE"
"₹1,599 credited from ICICI Bank A/c xx7217 via Credit Card to BookMyShow on Apr 27, 2026. Ref: 4176602167","₹ -> CURRENCY; 1,599 -> AMOUNT; credited -> TRANSACTION_TYPE; ICICI Bank -> BANK; xx7217 -> ACCOUNT_SUFFIX; Credit Card -> MODE; BookMyShow -> MERCHANT; Apr 27, 2026 -> DATE; 4176602167 -> REFERENCE"
Wells Fargo Alert: INR999 refunded at IRCTC using NEFT (A/c XX7662) on 22/03/2026. Txn Ref REFIURJVX,Wells Fargo -> BANK; INR -> CURRENCY; 999 -> AMOUNT; refunded -> TRANSACTION_TYPE; IRCTC -> MERCHANT; NEFT -> MODE; XX7662 -> ACCOUNT_SUFFIX; 22/03/2026 -> DATE; REFIURJVX -> REFERENCE
"Alert: ₹2,450 paid via ATM from SBI A/c XXXX8699 on 28/07/2026. Merchant: Apple Store. Ref: 339904002606","₹ -> CURRENCY; 2,450 -> AMOUNT; paid -> TRANSACTION_TYPE; ATM -> MODE; SBI -> BANK; XXXX8699 -> ACCOUNT_SUFFIX; 28/07/2026 -> DATE; Apple Store -> MERCHANT; 339904002606 -> REFERENCE"
"spent: Rs.9,300 using Debit Card at BigBasket. Wells Fargo A/c XX3216 Ref No 131995830. Date: May 7, 2026","spent -> TRANSACTION_TYPE; Rs. -> CURRENCY; 9,300 -> AMOUNT; Debit Card -> MODE; BigBasket -> MERCHANT; Wells Fargo -> BANK; XX3216 -> ACCOUNT_SUFFIX; 131995830 -> REFERENCE; May 7, 2026 -> DATE"
"Your Canara Bank account xx6949 was deducted with ₹2,699 at BigBasket via Debit Card on Apr 5, 2026. Transaction Ref 8814441796","Canara Bank -> BANK; xx6949 -> ACCOUNT_SUFFIX; deducted -> TRANSACTION_TYPE; ₹ -> CURRENCY; 2,699 -> AMOUNT; BigBasket -> MERCHANT; Debit Card -> MODE; Apr 5, 2026 -> DATE; 8814441796 -> REFERENCE"
"Alert: Rs.8,850 withdrawn via ATM from Canara Bank A/c XXXX1732 on 23/11/2026. Merchant: Zomato. Ref: 8546072218","Rs. -> CURRENCY; 8,850 -> AMOUNT; withdrawn -> TRANSACTION_TYPE; ATM -> MODE; Canara Bank -> BANK; XXXX1732 -> ACCOUNT_SUFFIX; 23/11/2026 -> DATE; Zomato -> MERCHANT; 8546072218 -> REFERENCE"
"PNB Alert: Rs.3,050 withdrawn at Amazon using UPI (A/c XX2543) on 22/05/2026. Txn Ref 210795212","PNB -> BANK; Rs. -> CURRENCY; 3,050 -> AMOUNT; withdrawn -> TRANSACTION_TYPE; Amazon -> MERCHANT; UPI -> MODE; XX2543 -> ACCOUNT_SUFFIX; 22/05/2026 -> DATE; 210795212 -> REFERENCE"
Your Yes Bank account XX2552 was withdrawn with Rs.600 at Reliance Digital via NEFT on 02/12/2026. Transaction Ref REF7BG6DZ,Yes Bank -> BANK; XX2552 -> ACCOUNT_SUFFIX; withdrawn -> TRANSACTION_TYPE; Rs. -> CURRENCY; 600 -> AMOUNT; Reliance Digital -> MERCHANT; NEFT -> MODE; 02/12/2026 -> DATE; REF7BG6DZ -> REFERENCE
"Your Credit Card transaction of INR7,400 was refunded to Netflix from Canara Bank A/c XXXX1510 on Mar 8, 2026. Ref: 126204751398","Credit Card -> MODE; INR -> CURRENCY; 7,400 -> AMOUNT; refunded -> TRANSACTION_TYPE; Netflix -> MERCHANT; Canara Bank -> BANK; XXXX1510 -> ACCOUNT_SUFFIX; Mar 8, 2026 -> DATE; 126204751398 -> REFERENCE"
"Alert: INR3,700 refunded via Net Banking from Bank of America A/c XX7111 on Oct 24, 2026. Merchant: Ola. Ref: 874351283483","INR -> CURRENCY; 3,700 -> AMOUNT; refunded -> TRANSACTION_TYPE; Net Banking -> MODE; Bank of America -> BANK; XX7111 -> ACCOUNT_SUFFIX; Oct 24, 2026 -> DATE; Ola -> MERCHANT; 874351283483 -> REFERENCE"
"deposited: Rs.2,299 using IMPS at Flipkart. Canara Bank A/c XX6897 Ref No 885372815222. Date: 05/03/2026","deposited -> TRANSACTION_TYPE; Rs. -> CURRENCY; 2,299 -> AMOUNT; IMPS -> MODE; Flipkart -> MERCHANT; Canara Bank -> BANK; XX6897 -> ACCOUNT_SUFFIX; 885372815222 -> REFERENCE; 05/03/2026 -> DATE"
"Dear Customer, ₹6,200 has been refunded to your Canara Bank account xx2779 through NEFT on Apr 15, 2026. Ref No: REF6J1A27","₹ -> CURRENCY; 6,200 -> AMOUNT; refunded -> TRANSACTION_TYPE; Canara Bank -> BANK; xx2779 -> ACCOUNT_SUFFIX; NEFT -> MODE; Apr 15, 2026 -> DATE; REF6J1A27 -> REFERENCE"
"Your NEFT transaction of INR6,350 was deducted to McDonald's from SBI A/c xx8269 on 22-Aug-2026. Ref: 3394913232","NEFT -> MODE; INR -> CURRENCY; 6,350 -> AMOUNT; deducted -> TRANSACTION_TYPE; McDonald's -> MERCHANT; SBI -> BANK; xx8269 -> ACCOUNT_SUFFIX; 22-Aug-2026 -> DATE; 3394913232 -> REFERENCE"
"Axis Bank Alert: ₹1,200 received at Croma using NEFT (A/c xx8819) on Jun 3, 2026. Txn Ref TXN33996","Axis Bank -> BANK; ₹ -> CURRENCY; 1,200 -> AMOUNT; received -> TRANSACTION_TYPE; Croma -> MERCHANT; NEFT -> MODE; xx8819 -> ACCOUNT_SUFFIX; Jun 3, 2026 -> DATE; TXN33996 -> REFERENCE"
"Alert: Rs.7,100 refunded via UPI from Kotak Mahindra A/c XX8841 on 10/09/2026. Merchant: IRCTC. Ref: 716741655","Rs. -> CURRENCY; 7,100 -> AMOUNT; refunded -> TRANSACTION_TYPE; UPI -> MODE; Kotak Mahindra -> BANK; XX8841 -> ACCOUNT_SUFFIX; 10/09/2026 -> DATE; IRCTC -> MERCHANT; 716741655 -> REFERENCE"
"Rs.500 spent from Yes Bank A/c XX5433 via ATM to BookMyShow on Oct 19, 2026. Ref: 479357023","Rs. -> CURRENCY; 500 -> AMOUNT; spent -> TRANSACTION_TYPE; Yes Bank -> BANK; XX5433 -> ACCOUNT_SUFFIX; ATM -> MODE; BookMyShow -> MERCHANT; Oct 19, 2026 -> DATE; 479357023 -> REFERENCE"
"Alert: INR4,100 spent via RTGS from Canara Bank A/c XX9871 on 19-Mar-2026. Merchant: BigBasket. Ref: 509821321269","INR -> CURRENCY; 4,100 -> AMOUNT; spent -> TRANSACTION_TYPE; RTGS -> MODE; Canara Bank -> BANK; XX9871 -> ACCOUNT_SUFFIX; 19-Mar-2026 -> DATE; BigBasket -> MERCHANT; 509821321269 -> REFERENCE"
"Payment of Rs.6,050 to Ola was withdrawn via ATM from PNB A/c XXXX7941 on 20-Oct-2026. Reference: 144400789","Rs. -> CURRENCY; 6,050 -> AMOUNT; Ola -> MERCHANT; withdrawn -> TRANSACTION_TYPE; ATM -> MODE; PNB -> BANK; XXXX7941 -> ACCOUNT_SUFFIX; 20-Oct-2026 -> DATE; 144400789 -> REFERENCE"
"Alert: Rs.1,199 debited via RTGS from Standard Chartered A/c XX6294 on 21-Aug-2026. Merchant: Croma. Ref: 818135350","Rs. -> CURRENCY; 1,199 -> AMOUNT; debited -> TRANSACTION_TYPE; RTGS -> MODE; Standard Chartered -> BANK; XX6294 -> ACCOUNT_SUFFIX; 21-Aug-2026 -> DATE; Croma -> MERCHANT; 818135350 -> REFERENCE"
"Dear Customer, INR8,450 has been spent to your Yes Bank account XX3632 through RTGS on 03/06/2026. Ref No: 7115623657","INR -> CURRENCY; 8,450 -> AMOUNT; spent -> TRANSACTION_TYPE; Yes Bank -> BANK; XX3632 -> ACCOUNT_SUFFIX; RTGS -> MODE; 03/06/2026 -> DATE; 7115623657 -> REFERENCE"
"Payment of ₹8,299 to Amazon was received via Net Banking from Kotak Mahindra A/c xx5263 on 05/02/2026. Reference: REF2OQNDM","₹ -> CURRENCY; 8,299 -> AMOUNT; Amazon -> MERCHANT; received -> TRANSACTION_TYPE; Net Banking -> MODE; Kotak Mahindra -> BANK; xx5263 -> ACCOUNT_SUFFIX; 05/02/2026 -> DATE; REF2OQNDM -> REFERENCE"
"Payment of INR5,300 to Reliance Digital was deducted via ATM from Wells Fargo A/c xx4122 on 04-May-2026. Reference: REFSMD7WA","INR -> CURRENCY; 5,300 -> AMOUNT; Reliance Digital -> MERCHANT; deducted -> TRANSACTION_TYPE; ATM -> MODE; Wells Fargo -> BANK; xx4122 -> ACCOUNT_SUFFIX; 04-May-2026 -> DATE; REFSMD7WA -> REFERENCE"
"Your IDBI Bank account xx2122 was paid with ₹8,999 at IRCTC via Net Banking on 11/11/2026. Transaction Ref 429771596464","IDBI Bank -> BANK; xx2122 -> ACCOUNT_SUFFIX; paid -> TRANSACTION_TYPE; ₹ -> CURRENCY; 8,999 -> AMOUNT; IRCTC -> MERCHANT; Net Banking -> MODE; 11/11/2026 -> DATE; 429771596464 -> REFERENCE"
"HDFC Bank Alert: INR2,200 deposited at Zomato using ATM (A/c XX9381) on Mar 24, 2026. Txn Ref TXN68809","HDFC Bank -> BANK; INR -> CURRENCY; 2,200 -> AMOUNT; deposited -> TRANSACTION_TYPE; Zomato -> MERCHANT; ATM -> MODE; XX9381 -> ACCOUNT_SUFFIX; Mar 24, 2026 -> DATE; TXN68809 -> REFERENCE"
"Your Credit Card transaction of ₹250 was spent to Myntra from Kotak Mahindra A/c XXXX6188 on Jan 19, 2026. Ref: REF3ZQ7AM","Credit Card -> MODE; ₹ -> CURRENCY; 250 -> AMOUNT; spent -> TRANSACTION_TYPE; Myntra -> MERCHANT; Kotak Mahindra -> BANK; XXXX6188 -> ACCOUNT_SUFFIX; Jan 19, 2026 -> DATE; REF3ZQ7AM -> REFERENCE"
"Alert: ₹8,399 withdrawn via IMPS from Bank of America A/c xx7383 on Feb 6, 2026. Merchant: Swiggy. Ref: REFN6ZZF7","₹ -> CURRENCY; 8,399 -> AMOUNT; withdrawn -> TRANSACTION_TYPE; IMPS -> MODE; Bank of America -> BANK; xx7383 -> ACCOUNT_SUFFIX; Feb 6, 2026 -> DATE; Swiggy -> MERCHANT; REFN6ZZF7 -> REFERENCE"
"Your Net Banking transaction of ₹3,300 was refunded to Apple Store from Bank of America A/c XX8477 on 11/10/2026. Ref: 2683527827","Net Banking -> MODE; ₹ -> CURRENCY; 3,300 -> AMOUNT; refunded -> TRANSACTION_TYPE; Apple Store -> MERCHANT; Bank of America -> BANK; XX8477 -> ACCOUNT_SUFFIX; 11/10/2026 -> DATE; 2683527827 -> REFERENCE"
"spent: Rs.8,399 using UPI at Reliance Digital. SBI A/c XX6844 Ref No 277265303. Date: Aug 3, 2026","spent -> TRANSACTION_TYPE; Rs. -> CURRENCY; 8,399 -> AMOUNT; UPI -> MODE; Reliance Digital -> MERCHANT; SBI -> BANK; XX6844 -> ACCOUNT_SUFFIX; 277265303 -> REFERENCE; Aug 3, 2026 -> DATE"
"Payment of INR6,150 to Jio was deposited via Net Banking from SBI A/c XX8699 on May 17, 2026. Reference: 405796920998","INR -> CURRENCY; 6,150 -> AMOUNT; Jio -> MERCHANT; deposited -> TRANSACTION_TYPE; Net Banking -> MODE; SBI -> BANK; XX8699 -> ACCOUNT_SUFFIX; May 17, 2026 -> DATE; 405796920998 -> REFERENCE"
"Rs.5,300 received from ICICI Bank A/c XXXX4407 via UPI to Uber on Oct 25, 2026. Ref: 303275763","Rs. -> CURRENCY; 5,300 -> AMOUNT; received -> TRANSACTION_TYPE; ICICI Bank -> BANK; XXXX4407 -> ACCOUNT_SUFFIX; UPI -> MODE; Uber -> MERCHANT; Oct 25, 2026 -> DATE; 303275763 -> REFERENCE"
"Your Credit Card transaction of Rs.5,099 was deposited to Zomato from PNB A/c xx7263 on 03-May-2026. Ref: 9259316527","Credit Card -> MODE; Rs. -> CURRENCY; 5,099 -> AMOUNT; deposited -> TRANSACTION_TYPE; Zomato -> MERCHANT; PNB -> BANK; xx7263 -> ACCOUNT_SUFFIX; 03-May-2026 -> DATE; 9259316527 -> REFERENCE"
"spent: Rs.2,599 using NEFT at BigBasket. Standard Chartered A/c XX8077 Ref No 8510953326. Date: 27/12/2026","spent -> TRANSACTION_TYPE; Rs. -> CURRENCY; 2,599 -> AMOUNT; NEFT -> MODE; BigBasket -> MERCHANT; Standard Chartered -> BANK; XX8077 -> ACCOUNT_SUFFIX; 8510953326 -> REFERENCE; 27/12/2026 -> DATE"
"refunded: Rs.5,050 using ATM at Amazon. Standard Chartered A/c xx7160 Ref No 4312014472. Date: 05-Sep-2026","refunded -> TRANSACTION_TYPE; Rs. -> CURRENCY; 5,050 -> AMOUNT; ATM -> MODE; Amazon -> MERCHANT; Standard Chartered -> BANK; xx7160 -> ACCOUNT_SUFFIX; 4312014472 -> REFERENCE; 05-Sep-2026 -> DATE"
"received: Rs.4,899 using Debit Card at Apple Store. Yes Bank A/c XX2292 Ref No 8887196314. Date: Aug 27, 2026","received -> TRANSACTION_TYPE; Rs. -> CURRENCY; 4,899 -> AMOUNT; Debit Card -> MODE; Apple Store -> MERCHANT; Yes Bank -> BANK; XX2292 -> ACCOUNT_SUFFIX; 8887196314 -> REFERENCE; Aug 27, 2026 -> DATE"
"Canara Bank Alert: INR4,600 withdrawn at Myntra using Credit Card (A/c xx8487) on Jul 10, 2026. Txn Ref REFXGADJ5","Canara Bank -> BANK; INR -> CURRENCY; 4,600 -> AMOUNT; withdrawn -> TRANSACTION_TYPE; Myntra -> MERCHANT; Credit Card -> MODE; xx8487 -> ACCOUNT_SUFFIX; Jul 10, 2026 -> DATE; REFXGADJ5 -> REFERENCE"
"Alert: INR5,599 paid via UPI from SBI A/c xx8902 on Sep 2, 2026. Merchant: Starbucks. Ref: TXN23137","INR -> CURRENCY; 5,599 -> AMOUNT; paid -> TRANSACTION_TYPE; UPI -> MODE; SBI -> BANK; xx8902 -> ACCOUNT_SUFFIX; Sep 2, 2026 -> DATE; Starbucks -> MERCHANT; TXN23137 -> REFERENCE"
"Rs.2,800 received from SBI A/c xx2666 via NEFT to Starbucks on 09/11/2026. Ref: TXN86895","Rs. -> CURRENCY; 2,800 -> AMOUNT; received -> TRANSACTION_TYPE; SBI -> BANK; xx2666 -> ACCOUNT_SUFFIX; NEFT -> MODE; Starbucks -> MERCHANT; 09/11/2026 -> DATE; TXN86895 -> REFERENCE"
"refunded: ₹4,050 using IMPS at Reliance Digital. Canara Bank A/c XXXX1987 Ref No 7980700615. Date: 12/01/2026","refunded -> TRANSACTION_TYPE; ₹ -> CURRENCY; 4,050 -> AMOUNT; IMPS -> MODE; Reliance Digital -> MERCHANT; Canara Bank -> BANK; XXXX1987 -> ACCOUNT_SUFFIX; 7980700615 -> REFERENCE; 12/01/2026 -> DATE"
"received: INR5,750 using Credit Card at Walmart. ICICI Bank A/c XXXX3015 Ref No TXN66586. Date: 23-Jan-2026","received -> TRANSACTION_TYPE; INR -> CURRENCY; 5,750 -> AMOUNT; Credit Card -> MODE; Walmart -> MERCHANT; ICICI Bank -> BANK; XXXX3015 -> ACCOUNT_SUFFIX; TXN66586 -> REFERENCE; 23-Jan-2026 -> DATE"
"Your RTGS transaction of Rs.5,299 was spent to BigBasket from SBI A/c XX6631 on Oct 25, 2026. Ref: 700334754240","RTGS -> MODE; Rs. -> CURRENCY; 5,299 -> AMOUNT; spent -> TRANSACTION_TYPE; BigBasket -> MERCHANT; SBI -> BANK; XX6631 -> ACCOUNT_SUFFIX; Oct 25, 2026 -> DATE; 700334754240 -> REFERENCE"
"Alert: Rs.5,400 spent via Net Banking from Canara Bank A/c XX2612 on 01-Jan-2026. Merchant: Zomato. Ref: REFWYXWYW","Rs. -> CURRENCY; 5,400 -> AMOUNT; spent -> TRANSACTION_TYPE; Net Banking -> MODE; Canara Bank -> BANK; XX2612 -> ACCOUNT_SUFFIX; 01-Jan-2026 -> DATE; Zomato -> MERCHANT; REFWYXWYW -> REFERENCE"
"Your Debit Card transaction of INR6,300 was deducted to Starbucks from Standard Chartered A/c XXXX9590 on 04/02/2026. Ref: 131760597136","Debit Card -> MODE; INR -> CURRENCY; 6,300 -> AMOUNT; deducted -> TRANSACTION_TYPE; Starbucks -> MERCHANT; Standard Chartered -> BANK; XXXX9590 -> ACCOUNT_SUFFIX; 04/02/2026 -> DATE; 131760597136 -> REFERENCE"
"Your Debit Card transaction of INR850 was deducted to Airtel from Standard Chartered A/c xx1450 on Sep 5, 2026. Ref: 148717048","Debit Card -> MODE; INR -> CURRENCY; 850 -> AMOUNT; deducted -> TRANSACTION_TYPE; Airtel -> MERCHANT; Standard Chartered -> BANK; xx1450 -> ACCOUNT_SUFFIX; Sep 5, 2026 -> DATE; 148717048 -> REFERENCE"
"Your Chase account xx9336 was deducted with INR1,050 at BookMyShow via UPI on 02-Jun-2026. Transaction Ref TXN53067","Chase -> BANK; xx9336 -> ACCOUNT_SUFFIX; deducted -> TRANSACTION_TYPE; INR -> CURRENCY; 1,050 -> AMOUNT; BookMyShow -> MERCHANT; UPI -> MODE; 02-Jun-2026 -> DATE; TXN53067 -> REFERENCE"
"Dear Customer, ₹7,999 has been spent to your Standard Chartered account XX2294 through RTGS on Feb 3, 2026. Ref No: REFIDS5X8","₹ -> CURRENCY; 7,999 -> AMOUNT; spent -> TRANSACTION_TYPE; Standard Chartered -> BANK; XX2294 -> ACCOUNT_SUFFIX; RTGS -> MODE; Feb 3, 2026 -> DATE; REFIDS5X8 -> REFERENCE"
"Axis Bank Alert: Rs.6,250 spent at Starbucks using RTGS (A/c XXXX8759) on Jan 13, 2026. Txn Ref TXN81610","Axis Bank -> BANK; Rs. -> CURRENCY; 6,250 -> AMOUNT; spent -> TRANSACTION_TYPE; Starbucks -> MERCHANT; RTGS -> MODE; XXXX8759 -> ACCOUNT_SUFFIX; Jan 13, 2026 -> DATE; TXN81610 -> REFERENCE"
"withdrawn: ₹5,299 using Debit Card at Starbucks. Kotak Mahindra A/c xx1038 Ref No REF9TTWEY. Date: May 16, 2026","withdrawn -> TRANSACTION_TYPE; ₹ -> CURRENCY; 5,299 -> AMOUNT; Debit Card -> MODE; Starbucks -> MERCHANT; Kotak Mahindra -> BANK; xx1038 -> ACCOUNT_SUFFIX; REF9TTWEY -> REFERENCE; May 16, 2026 -> DATE"
"Rs.4,399 refunded from Citibank A/c xx8252 via RTGS to Swiggy on Jan 15, 2026. Ref: 232111660337","Rs. -> CURRENCY; 4,399 -> AMOUNT; refunded -> TRANSACTION_TYPE; Citibank -> BANK; xx8252 -> ACCOUNT_SUFFIX; RTGS -> MODE; Swiggy -> MERCHANT; Jan 15, 2026 -> DATE; 232111660337 -> REFERENCE"
"SBI Alert: Rs.3,400 credited at Domino's using Net Banking (A/c XX3145) on 02/09/2026. Txn Ref 895320996246","SBI -> BANK; Rs. -> CURRENCY; 3,400 -> AMOUNT; credited -> TRANSACTION_TYPE; Domino's -> MERCHANT; Net Banking -> MODE; XX3145 -> ACCOUNT_SUFFIX; 02/09/2026 -> DATE; 895320996246 -> REFERENCE"
"INR6,350 received from Canara Bank A/c XXXX6167 via IMPS to Domino's on 14-Oct-2026. Ref: TXN31992","INR -> CURRENCY; 6,350 -> AMOUNT; received -> TRANSACTION_TYPE; Canara Bank -> BANK; XXXX6167 -> ACCOUNT_SUFFIX; IMPS -> MODE; Domino's -> MERCHANT; 14-Oct-2026 -> DATE; TXN31992 -> REFERENCE"
"Rs.8,899 refunded from SBI A/c xx6857 via UPI to Uber on 28-Feb-2026. Ref: REFC877TM","Rs. -> CURRENCY; 8,899 -> AMOUNT; refunded -> TRANSACTION_TYPE; SBI -> BANK; xx6857 -> ACCOUNT_SUFFIX; UPI -> MODE; Uber -> MERCHANT; 28-Feb-2026 -> DATE; REFC877TM -> REFERENCE"
"Bank of America Alert: ₹3,700 refunded at Uber using Credit Card (A/c XXXX4225) on 21-Jan-2026. Txn Ref 736899457949","Bank of America -> BANK; ₹ -> CURRENCY; 3,700 -> AMOUNT; refunded -> TRANSACTION_TYPE; Uber -> MERCHANT; Credit Card -> MODE; XXXX4225 -> ACCOUNT_SUFFIX; 21-Jan-2026 -> DATE; 736899457949 -> REFERENCE"
"Alert: ₹2,899 deposited via IMPS from SBI A/c xx7498 on 16-Nov-2026. Merchant: Croma. Ref: 7870928560","₹ -> CURRENCY; 2,899 -> AMOUNT; deposited -> TRANSACTION_TYPE; IMPS -> MODE; SBI -> BANK; xx7498 -> ACCOUNT_SUFFIX; 16-Nov-2026 -> DATE; Croma -> MERCHANT; 7870928560 -> REFERENCE"
"refunded: Rs.1,150 using NEFT at McDonald's. SBI A/c XXXX3257 Ref No REF6D4DC9. Date: Jul 24, 2026","refunded -> TRANSACTION_TYPE; Rs. -> CURRENCY; 1,150 -> AMOUNT; NEFT -> MODE; McDonald's -> MERCHANT; SBI -> BANK; XXXX3257 -> ACCOUNT_SUFFIX; REF6D4DC9 -> REFERENCE; Jul 24, 2026 -> DATE"
"INR5,450 spent from Canara Bank A/c XXXX3082 via Credit Card to Croma on 22-Mar-2026. Ref: 2374242963","INR -> CURRENCY; 5,450 -> AMOUNT; spent -> TRANSACTION_TYPE; Canara Bank -> BANK; XXXX3082 -> ACCOUNT_SUFFIX; Credit Card -> MODE; Croma -> MERCHANT; 22-Mar-2026 -> DATE; 2374242963 -> REFERENCE"
"deducted: Rs.7,050 using ATM at Swiggy. Citibank A/c XXXX6977 Ref No 330021721. Date: 25-Feb-2026","deducted -> TRANSACTION_TYPE; Rs. -> CURRENCY; 7,050 -> AMOUNT; ATM -> MODE; Swiggy -> MERCHANT; Citibank -> BANK; XXXX6977 -> ACCOUNT_SUFFIX; 330021721 -> REFERENCE; 25-Feb-2026 -> DATE"
"Dear Customer, INR2,550 has been spent to your Canara Bank account XXXX4418 through UPI on 28-Oct-2026. Ref No: TXN43601","INR -> CURRENCY; 2,550 -> AMOUNT; spent -> TRANSACTION_TYPE; Canara Bank -> BANK; XXXX4418 -> ACCOUNT_SUFFIX; UPI -> MODE; 28-Oct-2026 -> DATE; TXN43601 -> REFERENCE"
"spent: ₹9,299 using Credit Card at Airtel. Canara Bank A/c XX4516 Ref No 4711682374. Date: 25-Nov-2026","spent -> TRANSACTION_TYPE; ₹ -> CURRENCY; 9,299 -> AMOUNT; Credit Card -> MODE; Airtel -> MERCHANT; Canara Bank -> BANK; XX4516 -> ACCOUNT_SUFFIX; 4711682374 -> REFERENCE; 25-Nov-2026 -> DATE"
"Dear Customer, Rs.4,999 has been deducted to your Axis Bank account xx4950 through ATM on 20-Jan-2026. Ref No: 8120587404","Rs. -> CURRENCY; 4,999 -> AMOUNT; deducted -> TRANSACTION_TYPE; Axis Bank -> BANK; xx4950 -> ACCOUNT_SUFFIX; ATM -> MODE; 20-Jan-2026 -> DATE; 8120587404 -> REFERENCE"
"paid: INR9,200 using Credit Card at BookMyShow. Axis Bank A/c XXXX2377 Ref No 2018859776. Date: 20/03/2026","paid -> TRANSACTION_TYPE; INR -> CURRENCY; 9,200 -> AMOUNT; Credit Card -> MODE; BookMyShow -> MERCHANT; Axis Bank -> BANK; XXXX2377 -> ACCOUNT_SUFFIX; 2018859776 -> REFERENCE; 20/03/2026 -> DATE"
"Chase Alert: ₹7,750 deducted at Jio using UPI (A/c XX5122) on 08-Apr-2026. Txn Ref TXN68198","Chase -> BANK; ₹ -> CURRENCY; 7,750 -> AMOUNT; deducted -> TRANSACTION_TYPE; Jio -> MERCHANT; UPI -> MODE; XX5122 -> ACCOUNT_SUFFIX; 08-Apr-2026 -> DATE; TXN68198 -> REFERENCE"
"received: INR8,700 using ATM at BigBasket. Standard Chartered A/c XX9121 Ref No 100629222486. Date: Jan 4, 2026","received -> TRANSACTION_TYPE; INR -> CURRENCY; 8,700 -> AMOUNT; ATM -> MODE; BigBasket -> MERCHANT; Standard Chartered -> BANK; XX9121 -> ACCOUNT_SUFFIX; 100629222486 -> REFERENCE; Jan 4, 2026 -> DATE"
"Your IDBI Bank account XX5496 was paid with INR3,800 at Croma via Debit Card on Aug 20, 2026. Transaction Ref REFXZV5J6","IDBI Bank -> BANK; XX5496 -> ACCOUNT_SUFFIX; paid -> TRANSACTION_TYPE; INR -> CURRENCY; 3,800 -> AMOUNT; Croma -> MERCHANT; Debit Card -> MODE; Aug 20, 2026 -> DATE; REFXZV5J6 -> REFERENCE"
"Dear Customer, ₹1,999 has been deducted to your HSBC account xx3582 through ATM on Mar 6, 2026. Ref No: 2287357984","₹ -> CURRENCY; 1,999 -> AMOUNT; deducted -> TRANSACTION_TYPE; HSBC -> BANK; xx3582 -> ACCOUNT_SUFFIX; ATM -> MODE; Mar 6, 2026 -> DATE; 2287357984 -> REFERENCE"
"Bank of America Alert: INR1,150 spent at IRCTC using RTGS (A/c XX4997) on Jul 10, 2026. Txn Ref 1401169575","Bank of America -> BANK; INR -> CURRENCY; 1,150 -> AMOUNT; spent -> TRANSACTION_TYPE; IRCTC -> MERCHANT; RTGS -> MODE; XX4997 -> ACCOUNT_SUFFIX; Jul 10, 2026 -> DATE; 1401169575 -> REFERENCE"
"Payment of Rs.4,999 to IRCTC was refunded via Debit Card from PNB A/c XXXX5853 on 03/01/2026. Reference: TXN32608","Rs. -> CURRENCY; 4,999 -> AMOUNT; IRCTC -> MERCHANT; refunded -> TRANSACTION_TYPE; Debit Card -> MODE; PNB -> BANK; XXXX5853 -> ACCOUNT_SUFFIX; 03/01/2026 -> DATE; TXN32608 -> REFERENCE"
"Dear Customer, Rs.6,499 has been paid to your Citibank account XXXX3747 through NEFT on 09/04/2026. Ref No: TXN87873","Rs. -> CURRENCY; 6,499 -> AMOUNT; paid -> TRANSACTION_TYPE; Citibank -> BANK; XXXX3747 -> ACCOUNT_SUFFIX; NEFT -> MODE; 09/04/2026 -> DATE; TXN87873 -> REFERENCE"
"Alert: ₹2,200 received via Credit Card from Yes Bank A/c XX7108 on Mar 19, 2026. Merchant: Amazon. Ref: 4767555624","₹ -> CURRENCY; 2,200 -> AMOUNT; received -> TRANSACTION_TYPE; Credit Card -> MODE; Yes Bank -> BANK; XX7108 -> ACCOUNT_SUFFIX; Mar 19, 2026 -> DATE; Amazon -> MERCHANT; 4767555624 -> REFERENCE"
"Alert: ₹4,599 withdrawn via UPI from Bank of America A/c XXXX9261 on 18-Jun-2026. Merchant: IRCTC. Ref: REF8NL4S8","₹ -> CURRENCY; 4,599 -> AMOUNT; withdrawn -> TRANSACTION_TYPE; UPI -> MODE; Bank of America -> BANK; XXXX9261 -> ACCOUNT_SUFFIX; 18-Jun-2026 -> DATE; IRCTC -> MERCHANT; REF8NL4S8 -> REFERENCE"
Alert: ₹550 deducted via IMPS from Kotak Mahindra A/c XX2161 on 08/07/2026. Merchant: BigBasket. Ref: TXN15520,₹ -> CURRENCY; 550 -> AMOUNT; deducted -> TRANSACTION_TYPE; IMPS -> MODE; Kotak Mahindra -> BANK; XX2161 -> ACCOUNT_SUFFIX; 08/07/2026 -> DATE; BigBasket -> MERCHANT; TXN15520 -> REFERENCE
"Alert: INR400 credited via ATM from Chase A/c XX1508 on Nov 6, 2026. Merchant: Apple Store. Ref: 2951343900","INR -> CURRENCY; 400 -> AMOUNT; credited -> TRANSACTION_TYPE; ATM -> MODE; Chase -> BANK; XX1508 -> ACCOUNT_SUFFIX; Nov 6, 2026 -> DATE; Apple Store -> MERCHANT; 2951343900 -> REFERENCE"
"Payment of INR6,000 to Swiggy was spent via NEFT from Axis Bank A/c XX9315 on 18/10/2026. Reference: 418237275518","INR -> CURRENCY; 6,000 -> AMOUNT; Swiggy -> MERCHANT; spent -> TRANSACTION_TYPE; NEFT -> MODE; Axis Bank -> BANK; XX9315 -> ACCOUNT_SUFFIX; 18/10/2026 -> DATE; 418237275518 -> REFERENCE"
"Dear Customer, INR8,700 has been deducted to your Wells Fargo account xx8439 through ATM on 11/03/2026. Ref No: TXN92127","INR -> CURRENCY; 8,700 -> AMOUNT; deducted -> TRANSACTION_TYPE; Wells Fargo -> BANK; xx8439 -> ACCOUNT_SUFFIX; ATM -> MODE; 11/03/2026 -> DATE; TXN92127 -> REFERENCE"
"₹5,150 paid from Chase A/c XX9814 via RTGS to Apple Store on 26-Jul-2026. Ref: TXN71515","₹ -> CURRENCY; 5,150 -> AMOUNT; paid -> TRANSACTION_TYPE; Chase -> BANK; XX9814 -> ACCOUNT_SUFFIX; RTGS -> MODE; Apple Store -> MERCHANT; 26-Jul-2026 -> DATE; TXN71515 -> REFERENCE"
"Your Credit Card transaction of INR6,350 was debited to Croma from PNB A/c XX5545 on 03/04/2026. Ref: REFWQZIEU","Credit Card -> MODE; INR -> CURRENCY; 6,350 -> AMOUNT; debited -> TRANSACTION_TYPE; Croma -> MERCHANT; PNB -> BANK; XX5545 -> ACCOUNT_SUFFIX; 03/04/2026 -> DATE; REFWQZIEU -> REFERENCE"
"INR999 received from Chase A/c XX4860 via RTGS to Airtel on May 6, 2026. Ref: 8062059804","INR -> CURRENCY; 999 -> AMOUNT; received -> TRANSACTION_TYPE; Chase -> BANK; XX4860 -> ACCOUNT_SUFFIX; RTGS -> MODE; Airtel -> MERCHANT; May 6, 2026 -> DATE; 8062059804 -> REFERENCE"
"Your RTGS transaction of INR8,700 was received to Domino's from Standard Chartered A/c XXXX3491 on 17-Oct-2026. Ref: REFYOBC0L","RTGS -> MODE; INR -> CURRENCY; 8,700 -> AMOUNT; received -> TRANSACTION_TYPE; Domino's -> MERCHANT; Standard Chartered -> BANK; XXXX3491 -> ACCOUNT_SUFFIX; 17-Oct-2026 -> DATE; REFYOBC0L -> REFERENCE"
"Payment of ₹4,150 to Apple Store was received via RTGS from SBI A/c XX6621 on Nov 1, 2026. Reference: 440609506","₹ -> CURRENCY; 4,150 -> AMOUNT; Apple Store -> MERCHANT; received -> TRANSACTION_TYPE; RTGS -> MODE; SBI -> BANK; XX6621 -> ACCOUNT_SUFFIX; Nov 1, 2026 -> DATE; 440609506 -> REFERENCE"
"Payment of INR3,599 to Croma was refunded via RTGS from Standard Chartered A/c XXXX3611 on Jun 23, 2026. Reference: TXN72164","INR -> CURRENCY; 3,599 -> AMOUNT; Croma -> MERCHANT; refunded -> TRANSACTION_TYPE; RTGS -> MODE; Standard Chartered -> BANK; XXXX3611 -> ACCOUNT_SUFFIX; Jun 23, 2026 -> DATE; TXN72164 -> REFERENCE"
"Yes Bank Alert: INR2,299 withdrawn at Walmart using RTGS (A/c XX9855) on Jun 8, 2026. Txn Ref REFYGLTFL","Yes Bank -> BANK; INR -> CURRENCY; 2,299 -> AMOUNT; withdrawn -> TRANSACTION_TYPE; Walmart -> MERCHANT; RTGS -> MODE; XX9855 -> ACCOUNT_SUFFIX; Jun 8, 2026 -> DATE; REFYGLTFL -> REFERENCE"
"Alert: INR3,399 refunded via UPI from Citibank A/c xx6436 on 05/11/2026. Merchant: BigBasket. Ref: 665481873","INR -> CURRENCY; 3,399 -> AMOUNT; refunded -> TRANSACTION_TYPE; UPI -> MODE; Citibank -> BANK; xx6436 -> ACCOUNT_SUFFIX; 05/11/2026 -> DATE; BigBasket -> MERCHANT; 665481873 -> REFERENCE"
"spent: INR3,000 using RTGS at Zomato. SBI A/c xx8170 Ref No 581564886751. Date: Sep 3, 2026","spent -> TRANSACTION_TYPE; INR -> CURRENCY; 3,000 -> AMOUNT; RTGS -> MODE; Zomato -> MERCHANT; SBI -> BANK; xx8170 -> ACCOUNT_SUFFIX; 581564886751 -> REFERENCE; Sep 3, 2026 -> DATE"
"refunded: INR9,400 using ATM at BigBasket. Axis Bank A/c XX7137 Ref No TXN96402. Date: 08-Nov-2026","refunded -> TRANSACTION_TYPE; INR -> CURRENCY; 9,400 -> AMOUNT; ATM -> MODE; BigBasket -> MERCHANT; Axis Bank -> BANK; XX7137 -> ACCOUNT_SUFFIX; TXN96402 -> REFERENCE; 08-Nov-2026 -> DATE"
"Your RTGS transaction of Rs.8,799 was refunded to Domino's from Standard Chartered A/c xx6901 on 18-Dec-2026. Ref: REFLRMEXJ","RTGS -> MODE; Rs. -> CURRENCY; 8,799 -> AMOUNT; refunded -> TRANSACTION_TYPE; Domino's -> MERCHANT; Standard Chartered -> BANK; xx6901 -> ACCOUNT_SUFFIX; 18-Dec-2026 -> DATE; REFLRMEXJ -> REFERENCE"
"Your IMPS transaction of ₹5,900 was spent to Ola from Standard Chartered A/c XX1329 on 12/04/2026. Ref: TXN38509","IMPS -> MODE; ₹ -> CURRENCY; 5,900 -> AMOUNT; spent -> TRANSACTION_TYPE; Ola -> MERCHANT; Standard Chartered -> BANK; XX1329 -> ACCOUNT_SUFFIX; 12/04/2026 -> DATE; TXN38509 -> REFERENCE"
"Dear Customer, ₹3,800 has been paid to your PNB account XXXX8602 through ATM on Mar 10, 2026. Ref No: 6830369563","₹ -> CURRENCY; 3,800 -> AMOUNT; paid -> TRANSACTION_TYPE; PNB -> BANK; XXXX8602 -> ACCOUNT_SUFFIX; ATM -> MODE; Mar 10, 2026 -> DATE; 6830369563 -> REFERENCE"
"Your ICICI Bank account xx6192 was received with Rs.2,150 at McDonald's via Net Banking on Feb 24, 2026. Transaction Ref 134664885329","ICICI Bank -> BANK; xx6192 -> ACCOUNT_SUFFIX; received -> TRANSACTION_TYPE; Rs. -> CURRENCY; 2,150 -> AMOUNT; McDonald's -> MERCHANT; Net Banking -> MODE; Feb 24, 2026 -> DATE; 134664885329 -> REFERENCE"
"Citibank Alert: INR9,300 debited at Uber using Net Banking (A/c XX7841) on 27/07/2026. Txn Ref TXN96834","Citibank -> BANK; INR -> CURRENCY; 9,300 -> AMOUNT; debited -> TRANSACTION_TYPE; Uber -> MERCHANT; Net Banking -> MODE; XX7841 -> ACCOUNT_SUFFIX; 27/07/2026 -> DATE; TXN96834 -> REFERENCE"
"Dear Customer, INR1,299 has been credited to your ICICI Bank account XXXX2001 through Debit Card on 02-Sep-2026. Ref No: 577866138171","INR -> CURRENCY; 1,299 -> AMOUNT; credited -> TRANSACTION_TYPE; ICICI Bank -> BANK; XXXX2001 -> ACCOUNT_SUFFIX; Debit Card -> MODE; 02-Sep-2026 -> DATE; 577866138171 -> REFERENCE"
"Payment of INR6,599 to Reliance Digital was paid via RTGS from Yes Bank A/c xx2124 on 02/08/2026. Reference: 834428633355","INR -> CURRENCY; 6,599 -> AMOUNT; Reliance Digital -> MERCHANT; paid -> TRANSACTION_TYPE; RTGS -> MODE; Yes Bank -> BANK; xx2124 -> ACCOUNT_SUFFIX; 02/08/2026 -> DATE; 834428633355 -> REFERENCE"
"Payment of INR1,800 to Ola was spent via Credit Card from Citibank A/c XX4758 on Jan 18, 2026. Reference: 297079264","INR -> CURRENCY; 1,800 -> AMOUNT; Ola -> MERCHANT; spent -> TRANSACTION_TYPE; Credit Card -> MODE; Citibank -> BANK; XX4758 -> ACCOUNT_SUFFIX; Jan 18, 2026 -> DATE; 297079264 -> REFERENCE"
"Canara Bank Alert: ₹5,200 deposited at Flipkart using NEFT (A/c XXXX7422) on 03-Mar-2026. Txn Ref REF4HFZH7","Canara Bank -> BANK; ₹ -> CURRENCY; 5,200 -> AMOUNT; deposited -> TRANSACTION_TYPE; Flipkart -> MERCHANT; NEFT -> MODE; XXXX7422 -> ACCOUNT_SUFFIX; 03-Mar-2026 -> DATE; REF4HFZH7 -> REFERENCE"
"Alert: Rs.3,499 credited via Credit Card from SBI A/c XXXX8132 on Jun 20, 2026. Merchant: Netflix. Ref: REFYKFI9P","Rs. -> CURRENCY; 3,499 -> AMOUNT; credited -> TRANSACTION_TYPE; Credit Card -> MODE; SBI -> BANK; XXXX8132 -> ACCOUNT_SUFFIX; Jun 20, 2026 -> DATE; Netflix -> MERCHANT; REFYKFI9P -> REFERENCE"
"Dear Customer, Rs.4,799 has been withdrawn to your SBI account XX6256 through RTGS on 28/03/2026. Ref No: REFFE6NIR","Rs. -> CURRENCY; 4,799 -> AMOUNT; withdrawn -> TRANSACTION_TYPE; SBI -> BANK; XX6256 -> ACCOUNT_SUFFIX; RTGS -> MODE; 28/03/2026 -> DATE; REFFE6NIR -> REFERENCE"
"Your SBI account XX6860 was withdrawn with INR1,999 at Myntra via ATM on Sep 12, 2026. Transaction Ref TXN52390","SBI -> BANK; XX6860 -> ACCOUNT_SUFFIX; withdrawn -> TRANSACTION_TYPE; INR -> CURRENCY; 1,999 -> AMOUNT; Myntra -> MERCHANT; ATM -> MODE; Sep 12, 2026 -> DATE; TXN52390 -> REFERENCE"
"Your Credit Card transaction of Rs.8,500 was deducted to Walmart from Yes Bank A/c xx2767 on 02-Mar-2026. Ref: REFQ6P3GX","Credit Card -> MODE; Rs. -> CURRENCY; 8,500 -> AMOUNT; deducted -> TRANSACTION_TYPE; Walmart -> MERCHANT; Yes Bank -> BANK; xx2767 -> ACCOUNT_SUFFIX; 02-Mar-2026 -> DATE; REFQ6P3GX -> REFERENCE"
"HDFC Bank Alert: INR6,350 spent at Flipkart using Credit Card (A/c xx9607) on 13/05/2026. Txn Ref TXN81548","HDFC Bank -> BANK; INR -> CURRENCY; 6,350 -> AMOUNT; spent -> TRANSACTION_TYPE; Flipkart -> MERCHANT; Credit Card -> MODE; xx9607 -> ACCOUNT_SUFFIX; 13/05/2026 -> DATE; TXN81548 -> REFERENCE"
"Alert: ₹3,750 received via Debit Card from Yes Bank A/c XXXX4339 on Oct 13, 2026. Merchant: Zomato. Ref: REFETR5QI","₹ -> CURRENCY; 3,750 -> AMOUNT; received -> TRANSACTION_TYPE; Debit Card -> MODE; Yes Bank -> BANK; XXXX4339 -> ACCOUNT_SUFFIX; Oct 13, 2026 -> DATE; Zomato -> MERCHANT; REFETR5QI -> REFERENCE"
"Dear Customer, Rs.7,150 has been debited to your Bank of America account XX3993 through Debit Card on 07/07/2026. Ref No: 496182545","Rs. -> CURRENCY; 7,150 -> AMOUNT; debited -> TRANSACTION_TYPE; Bank of America -> BANK; XX3993 -> ACCOUNT_SUFFIX; Debit Card -> MODE; 07/07/2026 -> DATE; 496182545 -> REFERENCE"
"₹3,400 deducted from Bank of America A/c XX2293 via IMPS to Netflix on 07-Nov-2026. Ref: 147391216","₹ -> CURRENCY; 3,400 -> AMOUNT; deducted -> TRANSACTION_TYPE; Bank of America -> BANK; XX2293 -> ACCOUNT_SUFFIX; IMPS -> MODE; Netflix -> MERCHANT; 07-Nov-2026 -> DATE; 147391216 -> REFERENCE"
"Alert: Rs.5,699 received via Credit Card from Wells Fargo A/c XXXX2020 on 20-Dec-2026. Merchant: BigBasket. Ref: TXN92211","Rs. -> CURRENCY; 5,699 -> AMOUNT; received -> TRANSACTION_TYPE; Credit Card -> MODE; Wells Fargo -> BANK; XXXX2020 -> ACCOUNT_SUFFIX; 20-Dec-2026 -> DATE; BigBasket -> MERCHANT; TXN92211 -> REFERENCE"
"Your Debit Card transaction of ₹3,300 was deposited to Flipkart from Chase A/c XXXX9843 on 20-Mar-2026. Ref: TXN51100","Debit Card -> MODE; ₹ -> CURRENCY; 3,300 -> AMOUNT; deposited -> TRANSACTION_TYPE; Flipkart -> MERCHANT; Chase -> BANK; XXXX9843 -> ACCOUNT_SUFFIX; 20-Mar-2026 -> DATE; TXN51100 -> REFERENCE"
"received: Rs.4,100 using UPI at Amazon. Wells Fargo A/c XX9154 Ref No 701506924890. Date: 07-Nov-2026","received -> TRANSACTION_TYPE; Rs. -> CURRENCY; 4,100 -> AMOUNT; UPI -> MODE; Amazon -> MERCHANT; Wells Fargo -> BANK; XX9154 -> ACCOUNT_SUFFIX; 701506924890 -> REFERENCE; 07-Nov-2026 -> DATE"
"deducted: Rs.8,400 using Net Banking at Walmart. HSBC A/c XX8376 Ref No REFV3N2AI. Date: 19/07/2026","deducted -> TRANSACTION_TYPE; Rs. -> CURRENCY; 8,400 -> AMOUNT; Net Banking -> MODE; Walmart -> MERCHANT; HSBC -> BANK; XX8376 -> ACCOUNT_SUFFIX; REFV3N2AI -> REFERENCE; 19/07/2026 -> DATE"
₹500 credited from PNB A/c xx9577 via UPI to Domino's on 12/07/2026. Ref: TXN47471,₹ -> CURRENCY; 500 -> AMOUNT; credited -> TRANSACTION_TYPE; PNB -> BANK; xx9577 -> ACCOUNT_SUFFIX; UPI -> MODE; Domino's -> MERCHANT; 12/07/2026 -> DATE; TXN47471 -> REFERENCE
"Alert: ₹1,099 paid via Debit Card from ICICI Bank A/c XX5686 on Sep 2, 2026. Merchant: Flipkart. Ref: TXN81144","₹ -> CURRENCY; 1,099 -> AMOUNT; paid -> TRANSACTION_TYPE; Debit Card -> MODE; ICICI Bank -> BANK; XX5686 -> ACCOUNT_SUFFIX; Sep 2, 2026 -> DATE; Flipkart -> MERCHANT; TXN81144 -> REFERENCE"
"Axis Bank Alert: INR3,450 spent at Jio using Credit Card (A/c XXXX5845) on 11-Feb-2026. Txn Ref TXN89058","Axis Bank -> BANK; INR -> CURRENCY; 3,450 -> AMOUNT; spent -> TRANSACTION_TYPE; Jio -> MERCHANT; Credit Card -> MODE; XXXX5845 -> ACCOUNT_SUFFIX; 11-Feb-2026 -> DATE; TXN89058 -> REFERENCE"
"Dear Customer, Rs.1,700 has been withdrawn to your SBI account xx9412 through RTGS on 19-Dec-2026. Ref No: 3635707565","Rs. -> CURRENCY; 1,700 -> AMOUNT; withdrawn -> TRANSACTION_TYPE; SBI -> BANK; xx9412 -> ACCOUNT_SUFFIX; RTGS -> MODE; 19-Dec-2026 -> DATE; 3635707565 -> REFERENCE"
"Your UPI transaction of INR8,499 was paid to Myntra from Chase A/c XXXX8960 on 09-Jan-2026. Ref: REF5MSBGR","UPI -> MODE; INR -> CURRENCY; 8,499 -> AMOUNT; paid -> TRANSACTION_TYPE; Myntra -> MERCHANT; Chase -> BANK; XXXX8960 -> ACCOUNT_SUFFIX; 09-Jan-2026 -> DATE; REF5MSBGR -> REFERENCE"
"Your Standard Chartered account xx1169 was debited with ₹9,400 at Domino's via Credit Card on 02/09/2026. Transaction Ref REF7U4VGA","Standard Chartered -> BANK; xx1169 -> ACCOUNT_SUFFIX; debited -> TRANSACTION_TYPE; ₹ -> CURRENCY; 9,400 -> AMOUNT; Domino's -> MERCHANT; Credit Card -> MODE; 02/09/2026 -> DATE; REF7U4VGA -> REFERENCE"
"Your RTGS transaction of ₹500 was paid to Amazon from Chase A/c XXXX5138 on Feb 11, 2026. Ref: 868944269","RTGS -> MODE; ₹ -> CURRENCY; 500 -> AMOUNT; paid -> TRANSACTION_TYPE; Amazon -> MERCHANT; Chase -> BANK; XXXX5138 -> ACCOUNT_SUFFIX; Feb 11, 2026 -> DATE; 868944269 -> REFERENCE"
"Dear Customer, Rs.4,600 has been paid to your HSBC account XXXX4963 through Debit Card on May 19, 2026. Ref No: TXN98807","Rs. -> CURRENCY; 4,600 -> AMOUNT; paid -> TRANSACTION_TYPE; HSBC -> BANK; XXXX4963 -> ACCOUNT_SUFFIX; Debit Card -> MODE; May 19, 2026 -> DATE; TXN98807 -> REFERENCE"
"Rs.8,500 spent from Kotak Mahindra A/c XXXX8927 via RTGS to Reliance Digital on 12/02/2026. Ref: 162449040","Rs. -> CURRENCY; 8,500 -> AMOUNT; spent -> TRANSACTION_TYPE; Kotak Mahindra -> BANK; XXXX8927 -> ACCOUNT_SUFFIX; RTGS -> MODE; Reliance Digital -> MERCHANT; 12/02/2026 -> DATE; 162449040 -> REFERENCE"
"Kotak Mahindra Alert: INR2,000 withdrawn at Apple Store using ATM (A/c XX2805) on Jun 22, 2026. Txn Ref 5349436655","Kotak Mahindra -> BANK; INR -> CURRENCY; 2,000 -> AMOUNT; withdrawn -> TRANSACTION_TYPE; Apple Store -> MERCHANT; ATM -> MODE; XX2805 -> ACCOUNT_SUFFIX; Jun 22, 2026 -> DATE; 5349436655 -> REFERENCE"
"IDBI Bank Alert: INR1,550 deducted at Airtel using RTGS (A/c XXXX8561) on 26-Sep-2026. Txn Ref 2545731930","IDBI Bank -> BANK; INR -> CURRENCY; 1,550 -> AMOUNT; deducted -> TRANSACTION_TYPE; Airtel -> MERCHANT; RTGS -> MODE; XXXX8561 -> ACCOUNT_SUFFIX; 26-Sep-2026 -> DATE; 2545731930 -> REFERENCE"
"SBI Alert: ₹3,499 debited at Walmart using Net Banking (A/c XXXX8352) on 25/08/2026. Txn Ref 7413692809","SBI -> BANK; ₹ -> CURRENCY; 3,499 -> AMOUNT; debited -> TRANSACTION_TYPE; Walmart -> MERCHANT; Net Banking -> MODE; XXXX8352 -> ACCOUNT_SUFFIX; 25/08/2026 -> DATE; 7413692809 -> REFERENCE"
"₹8,500 deducted from Chase A/c XX6692 via NEFT to Uber on 21/07/2026. Ref: 346592628","₹ -> CURRENCY; 8,500 -> AMOUNT; deducted -> TRANSACTION_TYPE; Chase -> BANK; XX6692 -> ACCOUNT_SUFFIX; NEFT -> MODE; Uber -> MERCHANT; 21/07/2026 -> DATE; 346592628 -> REFERENCE"
"Your Wells Fargo account xx3750 was deposited with ₹950 at Swiggy via Debit Card on Feb 5, 2026. Transaction Ref 317562072","Wells Fargo -> BANK; xx3750 -> ACCOUNT_SUFFIX; deposited -> TRANSACTION_TYPE; ₹ -> CURRENCY; 950 -> AMOUNT; Swiggy -> MERCHANT; Debit Card -> MODE; Feb 5, 2026 -> DATE; 317562072 -> REFERENCE"
"Your Chase account XXXX4227 was refunded with Rs.6,850 at Reliance Digital via Debit Card on 04/10/2026. Transaction Ref 950770594","Chase -> BANK; XXXX4227 -> ACCOUNT_SUFFIX; refunded -> TRANSACTION_TYPE; Rs. -> CURRENCY; 6,850 -> AMOUNT; Reliance Digital -> MERCHANT; Debit Card -> MODE; 04/10/2026 -> DATE; 950770594 -> REFERENCE"
"Alert: ₹6,100 withdrawn via RTGS from PNB A/c XX3551 on 14/10/2026. Merchant: Ola. Ref: 137352219","₹ -> CURRENCY; 6,100 -> AMOUNT; withdrawn -> TRANSACTION_TYPE; RTGS -> MODE; PNB -> BANK; XX3551 -> ACCOUNT_SUFFIX; 14/10/2026 -> DATE; Ola -> MERCHANT; 137352219 -> REFERENCE"
Payment of ₹950 to Jio was paid via NEFT from ICICI Bank A/c xx2884 on 22-Sep-2026. Reference: 2427546251,₹ -> CURRENCY; 950 -> AMOUNT; Jio -> MERCHANT; paid -> TRANSACTION_TYPE; NEFT -> MODE; ICICI Bank -> BANK; xx2884 -> ACCOUNT_SUFFIX; 22-Sep-2026 -> DATE; 2427546251 -> REFERENCE
"Payment of ₹9,050 to Swiggy was spent via Debit Card from IDBI Bank A/c XXXX1802 on Feb 28, 2026. Reference: TXN30299","₹ -> CURRENCY; 9,050 -> AMOUNT; Swiggy -> MERCHANT; spent -> TRANSACTION_TYPE; Debit Card -> MODE; IDBI Bank -> BANK; XXXX1802 -> ACCOUNT_SUFFIX; Feb 28, 2026 -> DATE; TXN30299 -> REFERENCE"
"credited: Rs.5,700 using UPI at Zomato. HDFC Bank A/c xx3845 Ref No TXN57611. Date: Nov 11, 2026","credited -> TRANSACTION_TYPE; Rs. -> CURRENCY; 5,700 -> AMOUNT; UPI -> MODE; Zomato -> MERCHANT; HDFC Bank -> BANK; xx3845 -> ACCOUNT_SUFFIX; TXN57611 -> REFERENCE; Nov 11, 2026 -> DATE"
"deposited: Rs.3,399 using Debit Card at BigBasket. Yes Bank A/c xx3522 Ref No 8187430567. Date: Nov 21, 2026","deposited -> TRANSACTION_TYPE; Rs. -> CURRENCY; 3,399 -> AMOUNT; Debit Card -> MODE; BigBasket -> MERCHANT; Yes Bank -> BANK; xx3522 -> ACCOUNT_SUFFIX; 8187430567 -> REFERENCE; Nov 21, 2026 -> DATE"
"Your IMPS transaction of INR8,850 was withdrawn to Zomato from Chase A/c xx3595 on 27/07/2026. Ref: 492525538719","IMPS -> MODE; INR -> CURRENCY; 8,850 -> AMOUNT; withdrawn -> TRANSACTION_TYPE; Zomato -> MERCHANT; Chase -> BANK; xx3595 -> ACCOUNT_SUFFIX; 27/07/2026 -> DATE; 492525538719 -> REFERENCE"
Payment of INR799 to Starbucks was credited via UPI from SBI A/c XXXX1961 on 02/01/2026. Reference: TXN90617,INR -> CURRENCY; 799 -> AMOUNT; Starbucks -> MERCHANT; credited -> TRANSACTION_TYPE; UPI -> MODE; SBI -> BANK; XXXX1961 -> ACCOUNT_SUFFIX; 02/01/2026 -> DATE; TXN90617 -> REFERENCE
"PNB Alert: Rs.4,150 refunded at Walmart using Net Banking (A/c xx4001) on 04/03/2026. Txn Ref 502918445323","PNB -> BANK; Rs. -> CURRENCY; 4,150 -> AMOUNT; refunded -> TRANSACTION_TYPE; Walmart -> MERCHANT; Net Banking -> MODE; xx4001 -> ACCOUNT_SUFFIX; 04/03/2026 -> DATE; 502918445323 -> REFERENCE"
"₹6,850 withdrawn from Canara Bank A/c xx4572 via RTGS to BigBasket on Oct 4, 2026. Ref: 692351174","₹ -> CURRENCY; 6,850 -> AMOUNT; withdrawn -> TRANSACTION_TYPE; Canara Bank -> BANK; xx4572 -> ACCOUNT_SUFFIX; RTGS -> MODE; BigBasket -> MERCHANT; Oct 4, 2026 -> DATE; 692351174 -> REFERENCE"
"Your Wells Fargo account XXXX3885 was deposited with INR3,199 at Reliance Digital via UPI on Jul 23, 2026. Transaction Ref REFGLM2SV","Wells Fargo -> BANK; XXXX3885 -> ACCOUNT_SUFFIX; deposited -> TRANSACTION_TYPE; INR -> CURRENCY; 3,199 -> AMOUNT; Reliance Digital -> MERCHANT; UPI -> MODE; Jul 23, 2026 -> DATE; REFGLM2SV -> REFERENCE"
"Axis Bank Alert: ₹8,499 deducted at Croma using Net Banking (A/c XXXX4606) on Jun 11, 2026. Txn Ref 448525788304","Axis Bank -> BANK; ₹ -> CURRENCY; 8,499 -> AMOUNT; deducted -> TRANSACTION_TYPE; Croma -> MERCHANT; Net Banking -> MODE; XXXX4606 -> ACCOUNT_SUFFIX; Jun 11, 2026 -> DATE; 448525788304 -> REFERENCE"
"Your Canara Bank account XX8569 was refunded with INR1,800 at Croma via UPI on 01-Jul-2026. Transaction Ref 9975146226","Canara Bank -> BANK; XX8569 -> ACCOUNT_SUFFIX; refunded -> TRANSACTION_TYPE; INR -> CURRENCY; 1,800 -> AMOUNT; Croma -> MERCHANT; UPI -> MODE; 01-Jul-2026 -> DATE; 9975146226 -> REFERENCE"
"received: INR8,050 using ATM at McDonald's. HDFC Bank A/c XXXX6819 Ref No TXN66844. Date: Aug 23, 2026","received -> TRANSACTION_TYPE; INR -> CURRENCY; 8,050 -> AMOUNT; ATM -> MODE; McDonald's -> MERCHANT; HDFC Bank -> BANK; XXXX6819 -> ACCOUNT_SUFFIX; TXN66844 -> REFERENCE; Aug 23, 2026 -> DATE"
"Rs.6,850 received from Chase A/c xx3161 via RTGS to McDonald's on 19-Sep-2026. Ref: 171256464","Rs. -> CURRENCY; 6,850 -> AMOUNT; received -> TRANSACTION_TYPE; Chase -> BANK; xx3161 -> ACCOUNT_SUFFIX; RTGS -> MODE; McDonald's -> MERCHANT; 19-Sep-2026 -> DATE; 171256464 -> REFERENCE"
"Alert: ₹3,100 deducted via Credit Card from Standard Chartered A/c XXXX6146 on 19/12/2026. Merchant: IRCTC. Ref: 5255661325","₹ -> CURRENCY; 3,100 -> AMOUNT; deducted -> TRANSACTION_TYPE; Credit Card -> MODE; Standard Chartered -> BANK; XXXX6146 -> ACCOUNT_SUFFIX; 19/12/2026 -> DATE; IRCTC -> MERCHANT; 5255661325 -> REFERENCE"
"Your HSBC account xx8386 was debited with Rs.6,100 at Netflix via Net Banking on Mar 8, 2026. Transaction Ref TXN43581","HSBC -> BANK; xx8386 -> ACCOUNT_SUFFIX; debited -> TRANSACTION_TYPE; Rs. -> CURRENCY; 6,100 -> AMOUNT; Netflix -> MERCHANT; Net Banking -> MODE; Mar 8, 2026 -> DATE; TXN43581 -> REFERENCE"
"Alert: ₹6,199 paid via Debit Card from Yes Bank A/c XXXX3195 on 21/10/2026. Merchant: Netflix. Ref: REFXMFVNZ","₹ -> CURRENCY; 6,199 -> AMOUNT; paid -> TRANSACTION_TYPE; Debit Card -> MODE; Yes Bank -> BANK; XXXX3195 -> ACCOUNT_SUFFIX; 21/10/2026 -> DATE; Netflix -> MERCHANT; REFXMFVNZ -> REFERENCE"
"Payment of ₹9,299 to McDonald's was debited via ATM from SBI A/c xx2868 on 13/08/2026. Reference: 519240453","₹ -> CURRENCY; 9,299 -> AMOUNT; McDonald's -> MERCHANT; debited -> TRANSACTION_TYPE; ATM -> MODE; SBI -> BANK; xx2868 -> ACCOUNT_SUFFIX; 13/08/2026 -> DATE; 519240453 -> REFERENCE"
"Your ATM transaction of INR2,999 was spent to Walmart from Canara Bank A/c XXXX7698 on 25/10/2026. Ref: TXN62084","ATM -> MODE; INR -> CURRENCY; 2,999 -> AMOUNT; spent -> TRANSACTION_TYPE; Walmart -> MERCHANT; Canara Bank -> BANK; XXXX7698 -> ACCOUNT_SUFFIX; 25/10/2026 -> DATE; TXN62084 -> REFERENCE"
"SBI Alert: Rs.2,299 deposited at Swiggy using Net Banking (A/c XX8323) on 05-Aug-2026. Txn Ref 8246130473","SBI -> BANK; Rs. -> CURRENCY; 2,299 -> AMOUNT; deposited -> TRANSACTION_TYPE; Swiggy -> MERCHANT; Net Banking -> MODE; XX8323 -> ACCOUNT_SUFFIX; 05-Aug-2026 -> DATE; 8246130473 -> REFERENCE"
"Dear Customer, INR4,299 has been deposited to your Kotak Mahindra account XX2699 through RTGS on Mar 4, 2026. Ref No: TXN74797","INR -> CURRENCY; 4,299 -> AMOUNT; deposited -> TRANSACTION_TYPE; Kotak Mahindra -> BANK; XX2699 -> ACCOUNT_SUFFIX; RTGS -> MODE; Mar 4, 2026 -> DATE; TXN74797 -> REFERENCE"
"Your IMPS transaction of ₹3,600 was debited to BigBasket from Yes Bank A/c XXXX6289 on 07-Sep-2026. Ref: TXN74000","IMPS -> MODE; ₹ -> CURRENCY; 3,600 -> AMOUNT; debited -> TRANSACTION_TYPE; BigBasket -> MERCHANT; Yes Bank -> BANK; XXXX6289 -> ACCOUNT_SUFFIX; 07-Sep-2026 -> DATE; TXN74000 -> REFERENCE"
"debited: Rs.7,200 using RTGS at Swiggy. Axis Bank A/c XXXX5170 Ref No REF0FPAJ6. Date: 17-May-2026","debited -> TRANSACTION_TYPE; Rs. -> CURRENCY; 7,200 -> AMOUNT; RTGS -> MODE; Swiggy -> MERCHANT; Axis Bank -> BANK; XXXX5170 -> ACCOUNT_SUFFIX; REF0FPAJ6 -> REFERENCE; 17-May-2026 -> DATE"
"INR3,850 spent from HDFC Bank A/c XXXX4503 via ATM to Jio on Nov 12, 2026. Ref: 457339277","INR -> CURRENCY; 3,850 -> AMOUNT; spent -> TRANSACTION_TYPE; HDFC Bank -> BANK; XXXX4503 -> ACCOUNT_SUFFIX; ATM -> MODE; Jio -> MERCHANT; Nov 12, 2026 -> DATE; 457339277 -> REFERENCE"
"refunded: Rs.6,050 using ATM at Domino's. Chase A/c XXXX6604 Ref No 330855029. Date: 09/08/2026","refunded -> TRANSACTION_TYPE; Rs. -> CURRENCY; 6,050 -> AMOUNT; ATM -> MODE; Domino's -> MERCHANT; Chase -> BANK; XXXX6604 -> ACCOUNT_SUFFIX; 330855029 -> REFERENCE; 09/08/2026 -> DATE"
"Your HDFC Bank account xx1683 was deposited with Rs.6,050 at McDonald's via UPI on Mar 3, 2026. Transaction Ref 996763512388","HDFC Bank -> BANK; xx1683 -> ACCOUNT_SUFFIX; deposited -> TRANSACTION_TYPE; Rs. -> CURRENCY; 6,050 -> AMOUNT; McDonald's -> MERCHANT; UPI -> MODE; Mar 3, 2026 -> DATE; 996763512388 -> REFERENCE"
"Your Canara Bank account XX9439 was received with ₹4,099 at Airtel via Debit Card on 13-Jun-2026. Transaction Ref 447249186639","Canara Bank -> BANK; XX9439 -> ACCOUNT_SUFFIX; received -> TRANSACTION_TYPE; ₹ -> CURRENCY; 4,099 -> AMOUNT; Airtel -> MERCHANT; Debit Card -> MODE; 13-Jun-2026 -> DATE; 447249186639 -> REFERENCE"
"Your Citibank account xx7670 was debited with ₹2,300 at IRCTC via IMPS on 04/12/2026. Transaction Ref 774564462870","Citibank -> BANK; xx7670 -> ACCOUNT_SUFFIX; debited -> TRANSACTION_TYPE; ₹ -> CURRENCY; 2,300 -> AMOUNT; IRCTC -> MERCHANT; IMPS -> MODE; 04/12/2026 -> DATE; 774564462870 -> REFERENCE"
"Dear Customer, INR8,100 has been refunded to your Yes Bank account xx1137 through NEFT on 07-Jul-2026. Ref No: 791402251764","INR -> CURRENCY; 8,100 -> AMOUNT; refunded -> TRANSACTION_TYPE; Yes Bank -> BANK; xx1137 -> ACCOUNT_SUFFIX; NEFT -> MODE; 07-Jul-2026 -> DATE; 791402251764 -> REFERENCE"
"Dear Customer, ₹1,599 has been credited to your Bank of America account XXXX3926 through ATM on 15/10/2026. Ref No: TXN65191","₹ -> CURRENCY; 1,599 -> AMOUNT; credited -> TRANSACTION_TYPE; Bank of America -> BANK; XXXX3926 -> ACCOUNT_SUFFIX; ATM -> MODE; 15/10/2026 -> DATE; TXN65191 -> REFERENCE"
"refunded: Rs.3,600 using IMPS at Uber. Kotak Mahindra A/c xx9122 Ref No 648100175426. Date: 13-Aug-2026","refunded -> TRANSACTION_TYPE; Rs. -> CURRENCY; 3,600 -> AMOUNT; IMPS -> MODE; Uber -> MERCHANT; Kotak Mahindra -> BANK; xx9122 -> ACCOUNT_SUFFIX; 648100175426 -> REFERENCE; 13-Aug-2026 -> DATE"
"HDFC Bank Alert: ₹6,900 received at Swiggy using RTGS (A/c xx8654) on 12/03/2026. Txn Ref REFIEEYAX","HDFC Bank -> BANK; ₹ -> CURRENCY; 6,900 -> AMOUNT; received -> TRANSACTION_TYPE; Swiggy -> MERCHANT; RTGS -> MODE; xx8654 -> ACCOUNT_SUFFIX; 12/03/2026 -> DATE; REFIEEYAX -> REFERENCE"
"Alert: Rs.3,250 deposited via NEFT from HDFC Bank A/c xx7944 on 17/02/2026. Merchant: Reliance Digital. Ref: TXN64086","Rs. -> CURRENCY; 3,250 -> AMOUNT; deposited -> TRANSACTION_TYPE; NEFT -> MODE; HDFC Bank -> BANK; xx7944 -> ACCOUNT_SUFFIX; 17/02/2026 -> DATE; Reliance Digital -> MERCHANT; TXN64086 -> REFERENCE"
refunded: Rs.500 using ATM at Starbucks. Canara Bank A/c XX8237 Ref No 577019592. Date: 11/06/2026,refunded -> TRANSACTION_TYPE; Rs. -> CURRENCY; 500 -> AMOUNT; ATM -> MODE; Starbucks -> MERCHANT; Canara Bank -> BANK; XX8237 -> ACCOUNT_SUFFIX; 577019592 -> REFERENCE; 11/06/2026 -> DATE
"Your Chase account XX7978 was debited with Rs.6,299 at Apple Store via UPI on 23-Oct-2026. Transaction Ref 492877248345","Chase -> BANK; XX7978 -> ACCOUNT_SUFFIX; debited -> TRANSACTION_TYPE; Rs. -> CURRENCY; 6,299 -> AMOUNT; Apple Store -> MERCHANT; UPI -> MODE; 23-Oct-2026 -> DATE; 492877248345 -> REFERENCE"
"Payment of Rs.5,800 to Jio was withdrawn via ATM from HDFC Bank A/c XXXX1857 on Jun 24, 2026. Reference: 4999924790","Rs. -> CURRENCY; 5,800 -> AMOUNT; Jio -> MERCHANT; withdrawn -> TRANSACTION_TYPE; ATM -> MODE; HDFC Bank -> BANK; XXXX1857 -> ACCOUNT_SUFFIX; Jun 24, 2026 -> DATE; 4999924790 -> REFERENCE"
"Standard Chartered Alert: INR7,199 received at Reliance Digital using RTGS (A/c XX9928) on 21/07/2026. Txn Ref TXN79224","Standard Chartered -> BANK; INR -> CURRENCY; 7,199 -> AMOUNT; received -> TRANSACTION_TYPE; Reliance Digital -> MERCHANT; RTGS -> MODE; XX9928 -> ACCOUNT_SUFFIX; 21/07/2026 -> DATE; TXN79224 -> REFERENCE"
"₹7,999 paid from Citibank A/c XX2858 via Debit Card to Swiggy on 04-Sep-2026. Ref: 1393829924","₹ -> CURRENCY; 7,999 -> AMOUNT; paid -> TRANSACTION_TYPE; Citibank -> BANK; XX2858 -> ACCOUNT_SUFFIX; Debit Card -> MODE; Swiggy -> MERCHANT; 04-Sep-2026 -> DATE; 1393829924 -> REFERENCE"
"Your Bank of America account XX8005 was deducted with Rs.1,700 at Netflix via IMPS on 22-Jun-2026. Transaction Ref REF4CP9W6","Bank of America -> BANK; XX8005 -> ACCOUNT_SUFFIX; deducted -> TRANSACTION_TYPE; Rs. -> CURRENCY; 1,700 -> AMOUNT; Netflix -> MERCHANT; IMPS -> MODE; 22-Jun-2026 -> DATE; REF4CP9W6 -> REFERENCE"
"Alert: Rs.8,100 withdrawn via Debit Card from ICICI Bank A/c XXXX8061 on Jul 26, 2026. Merchant: McDonald's. Ref: 2796311790","Rs. -> CURRENCY; 8,100 -> AMOUNT; withdrawn -> TRANSACTION_TYPE; Debit Card -> MODE; ICICI Bank -> BANK; XXXX8061 -> ACCOUNT_SUFFIX; Jul 26, 2026 -> DATE; McDonald's -> MERCHANT; 2796311790 -> REFERENCE"
"Dear Customer, Rs.2,550 has been deposited to your Yes Bank account XXXX3942 through Credit Card on Jan 21, 2026. Ref No: TXN35708","Rs. -> CURRENCY; 2,550 -> AMOUNT; deposited -> TRANSACTION_TYPE; Yes Bank -> BANK; XXXX3942 -> ACCOUNT_SUFFIX; Credit Card -> MODE; Jan 21, 2026 -> DATE; TXN35708 -> REFERENCE"
"Rs.8,350 deducted from HDFC Bank A/c xx2465 via Debit Card to Croma on 14-Aug-2026. Ref: REFZR56VZ","Rs. -> CURRENCY; 8,350 -> AMOUNT; deducted -> TRANSACTION_TYPE; HDFC Bank -> BANK; xx2465 -> ACCOUNT_SUFFIX; Debit Card -> MODE; Croma -> MERCHANT; 14-Aug-2026 -> DATE; REFZR56VZ -> REFERENCE"
"Your Yes Bank account XXXX2617 was refunded with ₹3,999 at Zomato via Net Banking on 11/06/2026. Transaction Ref 494632792524","Yes Bank -> BANK; XXXX2617 -> ACCOUNT_SUFFIX; refunded -> TRANSACTION_TYPE; ₹ -> CURRENCY; 3,999 -> AMOUNT; Zomato -> MERCHANT; Net Banking -> MODE; 11/06/2026 -> DATE; 494632792524 -> REFERENCE"
Your ATM transaction of ₹499 was deposited to IRCTC from Bank of America A/c XXXX4935 on 28-Apr-2026. Ref: 8600838576,ATM -> MODE; ₹ -> CURRENCY; 499 -> AMOUNT; deposited -> TRANSACTION_TYPE; IRCTC -> MERCHANT; Bank of America -> BANK; XXXX4935 -> ACCOUNT_SUFFIX; 28-Apr-2026 -> DATE; 8600838576 -> REFERENCE
"Your Debit Card transaction of Rs.6,950 was paid to Ola from IDBI Bank A/c XXXX4578 on 24-Dec-2026. Ref: 743623707","Debit Card -> MODE; Rs. -> CURRENCY; 6,950 -> AMOUNT; paid -> TRANSACTION_TYPE; Ola -> MERCHANT; IDBI Bank -> BANK; XXXX4578 -> ACCOUNT_SUFFIX; 24-Dec-2026 -> DATE; 743623707 -> REFERENCE"
"₹7,399 received from SBI A/c XXXX2694 via ATM to Amazon on 09/03/2026. Ref: 4222929139","₹ -> CURRENCY; 7,399 -> AMOUNT; received -> TRANSACTION_TYPE; SBI -> BANK; XXXX2694 -> ACCOUNT_SUFFIX; ATM -> MODE; Amazon -> MERCHANT; 09/03/2026 -> DATE; 4222929139 -> REFERENCE"
"IDBI Bank Alert: Rs.699 debited at Myntra using Net Banking (A/c XX9605) on Nov 15, 2026. Txn Ref REFBRK9EN","IDBI Bank -> BANK; Rs. -> CURRENCY; 699 -> AMOUNT; debited -> TRANSACTION_TYPE; Myntra -> MERCHANT; Net Banking -> MODE; XX9605 -> ACCOUNT_SUFFIX; Nov 15, 2026 -> DATE; REFBRK9EN -> REFERENCE"
"Payment of Rs.5,699 to Jio was refunded via ATM from Wells Fargo A/c XX7838 on 10/08/2026. Reference: 523242036","Rs. -> CURRENCY; 5,699 -> AMOUNT; Jio -> MERCHANT; refunded -> TRANSACTION_TYPE; ATM -> MODE; Wells Fargo -> BANK; XX7838 -> ACCOUNT_SUFFIX; 10/08/2026 -> DATE; 523242036 -> REFERENCE"
"Alert: ₹3,299 credited via UPI from Canara Bank A/c xx5680 on Oct 22, 2026. Merchant: Reliance Digital. Ref: 126340906861","₹ -> CURRENCY; 3,299 -> AMOUNT; credited -> TRANSACTION_TYPE; UPI -> MODE; Canara Bank -> BANK; xx5680 -> ACCOUNT_SUFFIX; Oct 22, 2026 -> DATE; Reliance Digital -> MERCHANT; 126340906861 -> REFERENCE"
"Payment of ₹1,299 to Starbucks was deposited via IMPS from Chase A/c xx6923 on 12-Apr-2026. Reference: 5045759437","₹ -> CURRENCY; 1,299 -> AMOUNT; Starbucks -> MERCHANT; deposited -> TRANSACTION_TYPE; IMPS -> MODE; Chase -> BANK; xx6923 -> ACCOUNT_SUFFIX; 12-Apr-2026 -> DATE; 5045759437 -> REFERENCE"
"Alert: INR3,350 paid via IMPS from SBI A/c XXXX5926 on 25-Oct-2026. Merchant: Starbucks. Ref: 266538924","INR -> CURRENCY; 3,350 -> AMOUNT; paid -> TRANSACTION_TYPE; IMPS -> MODE; SBI -> BANK; XXXX5926 -> ACCOUNT_SUFFIX; 25-Oct-2026 -> DATE; Starbucks -> MERCHANT; 266538924 -> REFERENCE"
"Your Wells Fargo account xx2919 was credited with INR5,399 at Amazon via IMPS on 17/08/2026. Transaction Ref 3929389640","Wells Fargo -> BANK; xx2919 -> ACCOUNT_SUFFIX; credited -> TRANSACTION_TYPE; INR -> CURRENCY; 5,399 -> AMOUNT; Amazon -> MERCHANT; IMPS -> MODE; 17/08/2026 -> DATE; 3929389640 -> REFERENCE"
"Your NEFT transaction of INR3,099 was paid to IRCTC from IDBI Bank A/c XX4588 on 09/06/2026. Ref: 823622049457","NEFT -> MODE; INR -> CURRENCY; 3,099 -> AMOUNT; paid -> TRANSACTION_TYPE; IRCTC -> MERCHANT; IDBI Bank -> BANK; XX4588 -> ACCOUNT_SUFFIX; 09/06/2026 -> DATE; 823622049457 -> REFERENCE"
"received: Rs.6,300 using Credit Card at Myntra. Axis Bank A/c XX7636 Ref No REFXYOABF. Date: 19-Jun-2026","received -> TRANSACTION_TYPE; Rs. -> CURRENCY; 6,300 -> AMOUNT; Credit Card -> MODE; Myntra -> MERCHANT; Axis Bank -> BANK; XX7636 -> ACCOUNT_SUFFIX; REFXYOABF -> REFERENCE; 19-Jun-2026 -> DATE"
"Your Canara Bank account XX3517 was spent with Rs.4,000 at Flipkart via RTGS on 28-Jun-2026. Transaction Ref 2333772943","Canara Bank -> BANK; XX3517 -> ACCOUNT_SUFFIX; spent -> TRANSACTION_TYPE; Rs. -> CURRENCY; 4,000 -> AMOUNT; Flipkart -> MERCHANT; RTGS -> MODE; 28-Jun-2026 -> DATE; 2333772943 -> REFERENCE"
"Your Kotak Mahindra account XXXX6964 was withdrawn with INR3,999 at Myntra via Debit Card on 15/10/2026. Transaction Ref REFRZC86Z","Kotak Mahindra -> BANK; XXXX6964 -> ACCOUNT_SUFFIX; withdrawn -> TRANSACTION_TYPE; INR -> CURRENCY; 3,999 -> AMOUNT; Myntra -> MERCHANT; Debit Card -> MODE; 15/10/2026 -> DATE; REFRZC86Z -> REFERENCE"
"deducted: INR199 using Debit Card at Starbucks. Yes Bank A/c xx2272 Ref No 4600496042. Date: Jan 14, 2026","deducted -> TRANSACTION_TYPE; INR -> CURRENCY; 199 -> AMOUNT; Debit Card -> MODE; Starbucks -> MERCHANT; Yes Bank -> BANK; xx2272 -> ACCOUNT_SUFFIX; 4600496042 -> REFERENCE; Jan 14, 2026 -> DATE"
"Payment of INR4,599 to Zomato was credited via IMPS from HDFC Bank A/c XXXX6682 on Nov 5, 2026. Reference: 117657108","INR -> CURRENCY; 4,599 -> AMOUNT; Zomato -> MERCHANT; credited -> TRANSACTION_TYPE; IMPS -> MODE; HDFC Bank -> BANK; XXXX6682 -> ACCOUNT_SUFFIX; Nov 5, 2026 -> DATE; 117657108 -> REFERENCE"
"deducted: Rs.1,500 using Credit Card at Netflix. Axis Bank A/c XXXX9115 Ref No 247204534. Date: 28-Jul-2026","deducted -> TRANSACTION_TYPE; Rs. -> CURRENCY; 1,500 -> AMOUNT; Credit Card -> MODE; Netflix -> MERCHANT; Axis Bank -> BANK; XXXX9115 -> ACCOUNT_SUFFIX; 247204534 -> REFERENCE; 28-Jul-2026 -> DATE"
"Payment of Rs.2,700 to Apple Store was credited via NEFT from PNB A/c xx8518 on Feb 7, 2026. Reference: 139061468345","Rs. -> CURRENCY; 2,700 -> AMOUNT; Apple Store -> MERCHANT; credited -> TRANSACTION_TYPE; NEFT -> MODE; PNB -> BANK; xx8518 -> ACCOUNT_SUFFIX; Feb 7, 2026 -> DATE; 139061468345 -> REFERENCE"
"debited: INR1,100 using RTGS at Airtel. Axis Bank A/c XXXX7673 Ref No 835118305. Date: Jan 28, 2026","debited -> TRANSACTION_TYPE; INR -> CURRENCY; 1,100 -> AMOUNT; RTGS -> MODE; Airtel -> MERCHANT; Axis Bank -> BANK; XXXX7673 -> ACCOUNT_SUFFIX; 835118305 -> REFERENCE; Jan 28, 2026 -> DATE"
"Your Net Banking transaction of Rs.3,200 was deposited to Netflix from IDBI Bank A/c xx5476 on 23/06/2026. Ref: 1499246260","Net Banking -> MODE; Rs. -> CURRENCY; 3,200 -> AMOUNT; deposited -> TRANSACTION_TYPE; Netflix -> MERCHANT; IDBI Bank -> BANK; xx5476 -> ACCOUNT_SUFFIX; 23/06/2026 -> DATE; 1499246260 -> REFERENCE"
"Alert: INR6,550 refunded via UPI from Standard Chartered A/c XX9255 on 02-Aug-2026. Merchant: Flipkart. Ref: REF8QMR6R","INR -> CURRENCY; 6,550 -> AMOUNT; refunded -> TRANSACTION_TYPE; UPI -> MODE; Standard Chartered -> BANK; XX9255 -> ACCOUNT_SUFFIX; 02-Aug-2026 -> DATE; Flipkart -> MERCHANT; REF8QMR6R -> REFERENCE"
"received: INR9,199 using NEFT at BigBasket. SBI A/c xx1834 Ref No 759772610. Date: 01/11/2026","received -> TRANSACTION_TYPE; INR -> CURRENCY; 9,199 -> AMOUNT; NEFT -> MODE; BigBasket -> MERCHANT; SBI -> BANK; xx1834 -> ACCOUNT_SUFFIX; 759772610 -> REFERENCE; 01/11/2026 -> DATE"
"paid: Rs.6,950 using Net Banking at Reliance Digital. Kotak Mahindra A/c XXXX7475 Ref No 7009315578. Date: 04-May-2026","paid -> TRANSACTION_TYPE; Rs. -> CURRENCY; 6,950 -> AMOUNT; Net Banking -> MODE; Reliance Digital -> MERCHANT; Kotak Mahindra -> BANK; XXXX7475 -> ACCOUNT_SUFFIX; 7009315578 -> REFERENCE; 04-May-2026 -> DATE"
"Dear Customer, Rs.999 has been received to your Chase account XX6213 through Debit Card on 16-Apr-2026. Ref No: 555620354",Rs. -> CURRENCY; 999 -> AMOUNT; received -> TRANSACTION_TYPE; Chase -> BANK; XX6213 -> ACCOUNT_SUFFIX; Debit Card -> MODE; 16-Apr-2026 -> DATE; 555620354 -> REFERENCE
"Alert: INR1,400 credited via IMPS from Citibank A/c xx4907 on Aug 11, 2026. Merchant: Reliance Digital. Ref: 963532812902","INR -> CURRENCY; 1,400 -> AMOUNT; credited -> TRANSACTION_TYPE; IMPS -> MODE; Citibank -> BANK; xx4907 -> ACCOUNT_SUFFIX; Aug 11, 2026 -> DATE; Reliance Digital -> MERCHANT; 963532812902 -> REFERENCE"
"received: ₹1,299 using ATM at Myntra. SBI A/c XXXX9967 Ref No 427629664. Date: May 3, 2026","received -> TRANSACTION_TYPE; ₹ -> CURRENCY; 1,299 -> AMOUNT; ATM -> MODE; Myntra -> MERCHANT; SBI -> BANK; XXXX9967 -> ACCOUNT_SUFFIX; 427629664 -> REFERENCE; May 3, 2026 -> DATE"
"Yes Bank Alert: ₹6,499 deposited at Myntra using Credit Card (A/c xx3844) on Sep 2, 2026. Txn Ref 137144199431","Yes Bank -> BANK; ₹ -> CURRENCY; 6,499 -> AMOUNT; deposited -> TRANSACTION_TYPE; Myntra -> MERCHANT; Credit Card -> MODE; xx3844 -> ACCOUNT_SUFFIX; Sep 2, 2026 -> DATE; 137144199431 -> REFERENCE"
"deposited: ₹3,900 using ATM at McDonald's. Kotak Mahindra A/c XX5240 Ref No TXN78382. Date: Jan 27, 2026","deposited -> TRANSACTION_TYPE; ₹ -> CURRENCY; 3,900 -> AMOUNT; ATM -> MODE; McDonald's -> MERCHANT; Kotak Mahindra -> BANK; XX5240 -> ACCOUNT_SUFFIX; TXN78382 -> REFERENCE; Jan 27, 2026 -> DATE"
Alert: Rs.799 deducted via Debit Card from HDFC Bank A/c xx7593 on 01/07/2026. Merchant: Uber. Ref: TXN52479,Rs. -> CURRENCY; 799 -> AMOUNT; deducted -> TRANSACTION_TYPE; Debit Card -> MODE; HDFC Bank -> BANK; xx7593 -> ACCOUNT_SUFFIX; 01/07/2026 -> DATE; Uber -> MERCHANT; TXN52479 -> REFERENCE
"Dear Customer, ₹8,000 has been deposited to your HSBC account XXXX2037 through IMPS on 28/04/2026. Ref No: REFTLLEFD","₹ -> CURRENCY; 8,000 -> AMOUNT; deposited -> TRANSACTION_TYPE; HSBC -> BANK; XXXX2037 -> ACCOUNT_SUFFIX; IMPS -> MODE; 28/04/2026 -> DATE; REFTLLEFD -> REFERENCE"
"Your Credit Card transaction of ₹9,200 was spent to Walmart from Standard Chartered A/c XX7348 on 28-Mar-2026. Ref: 251274443216","Credit Card -> MODE; ₹ -> CURRENCY; 9,200 -> AMOUNT; spent -> TRANSACTION_TYPE; Walmart -> MERCHANT; Standard Chartered -> BANK; XX7348 -> ACCOUNT_SUFFIX; 28-Mar-2026 -> DATE; 251274443216 -> REFERENCE"
"Alert: ₹500 spent via Debit Card from Standard Chartered A/c XX7822 on May 5, 2026. Merchant: Zomato. Ref: REFE6XXLA","₹ -> CURRENCY; 500 -> AMOUNT; spent -> TRANSACTION_TYPE; Debit Card -> MODE; Standard Chartered -> BANK; XX7822 -> ACCOUNT_SUFFIX; May 5, 2026 -> DATE; Zomato -> MERCHANT; REFE6XXLA -> REFERENCE"
"Dear Customer, Rs.2,650 has been deducted to your SBI account xx2526 through ATM on 12-Apr-2026. Ref No: 2756668056","Rs. -> CURRENCY; 2,650 -> AMOUNT; deducted -> TRANSACTION_TYPE; SBI -> BANK; xx2526 -> ACCOUNT_SUFFIX; ATM -> MODE; 12-Apr-2026 -> DATE; 2756668056 -> REFERENCE"
"Payment of INR7,299 to Uber was debited via ATM from ICICI Bank A/c XX9827 on 04-Feb-2026. Reference: 152712343783","INR -> CURRENCY; 7,299 -> AMOUNT; Uber -> MERCHANT; debited -> TRANSACTION_TYPE; ATM -> MODE; ICICI Bank -> BANK; XX9827 -> ACCOUNT_SUFFIX; 04-Feb-2026 -> DATE; 152712343783 -> REFERENCE"
"Kotak Mahindra Alert: ₹8,799 refunded at Domino's using IMPS (A/c XXXX9125) on Jan 12, 2026. Txn Ref 158866786","Kotak Mahindra -> BANK; ₹ -> CURRENCY; 8,799 -> AMOUNT; refunded -> TRANSACTION_TYPE; Domino's -> MERCHANT; IMPS -> MODE; XXXX9125 -> ACCOUNT_SUFFIX; Jan 12, 2026 -> DATE; 158866786 -> REFERENCE"
"Your IDBI Bank account XX9518 was deposited with INR6,800 at Jio via NEFT on 12-Oct-2026. Transaction Ref 319143649285","IDBI Bank -> BANK; XX9518 -> ACCOUNT_SUFFIX; deposited -> TRANSACTION_TYPE; INR -> CURRENCY; 6,800 -> AMOUNT; Jio -> MERCHANT; NEFT -> MODE; 12-Oct-2026 -> DATE; 319143649285 -> REFERENCE"
"Payment of ₹9,499 to Uber was credited via NEFT from SBI A/c XX8195 on 10-Jun-2026. Reference: TXN50556","₹ -> CURRENCY; 9,499 -> AMOUNT; Uber -> MERCHANT; credited -> TRANSACTION_TYPE; NEFT -> MODE; SBI -> BANK; XX8195 -> ACCOUNT_SUFFIX; 10-Jun-2026 -> DATE; TXN50556 -> REFERENCE"
"Alert: Rs.2,950 received via UPI from Bank of America A/c xx3999 on Nov 11, 2026. Merchant: Ola. Ref: 7090274356","Rs. -> CURRENCY; 2,950 -> AMOUNT; received -> TRANSACTION_TYPE; UPI -> MODE; Bank of America -> BANK; xx3999 -> ACCOUNT_SUFFIX; Nov 11, 2026 -> DATE; Ola -> MERCHANT; 7090274356 -> REFERENCE"
"Payment of ₹8,500 to Reliance Digital was withdrawn via UPI from Canara Bank A/c XX4712 on Sep 23, 2026. Reference: 781390548","₹ -> CURRENCY; 8,500 -> AMOUNT; Reliance Digital -> MERCHANT; withdrawn -> TRANSACTION_TYPE; UPI -> MODE; Canara Bank -> BANK; XX4712 -> ACCOUNT_SUFFIX; Sep 23, 2026 -> DATE; 781390548 -> REFERENCE"
"Payment of ₹6,200 to Starbucks was credited via NEFT from ICICI Bank A/c XX3645 on 21/08/2026. Reference: REF57DQUU","₹ -> CURRENCY; 6,200 -> AMOUNT; Starbucks -> MERCHANT; credited -> TRANSACTION_TYPE; NEFT -> MODE; ICICI Bank -> BANK; XX3645 -> ACCOUNT_SUFFIX; 21/08/2026 -> DATE; REF57DQUU -> REFERENCE"
Rs.950 credited from PNB A/c XXXX3989 via UPI to Jio on 16-Oct-2026. Ref: 900004866436,Rs. -> CURRENCY; 950 -> AMOUNT; credited -> TRANSACTION_TYPE; PNB -> BANK; XXXX3989 -> ACCOUNT_SUFFIX; UPI -> MODE; Jio -> MERCHANT; 16-Oct-2026 -> DATE; 900004866436 -> REFERENCE
"Citibank Alert: ₹3,450 received at Reliance Digital using UPI (A/c xx8940) on 02-Jul-2026. Txn Ref TXN24540","Citibank -> BANK; ₹ -> CURRENCY; 3,450 -> AMOUNT; received -> TRANSACTION_TYPE; Reliance Digital -> MERCHANT; UPI -> MODE; xx8940 -> ACCOUNT_SUFFIX; 02-Jul-2026 -> DATE; TXN24540 -> REFERENCE"
"Your HSBC account XX9175 was credited with ₹7,900 at Airtel via IMPS on 26/09/2026. Transaction Ref 563778565382","HSBC -> BANK; XX9175 -> ACCOUNT_SUFFIX; credited -> TRANSACTION_TYPE; ₹ -> CURRENCY; 7,900 -> AMOUNT; Airtel -> MERCHANT; IMPS -> MODE; 26/09/2026 -> DATE; 563778565382 -> REFERENCE"
"Alert: Rs.1,050 deducted via UPI from Canara Bank A/c XX8121 on 15/04/2026. Merchant: Jio. Ref: 3517836880","Rs. -> CURRENCY; 1,050 -> AMOUNT; deducted -> TRANSACTION_TYPE; UPI -> MODE; Canara Bank -> BANK; XX8121 -> ACCOUNT_SUFFIX; 15/04/2026 -> DATE; Jio -> MERCHANT; 3517836880 -> REFERENCE"
"Your ATM transaction of INR3,650 was spent to Starbucks from IDBI Bank A/c XX1789 on 27-Nov-2026. Ref: 318801856","ATM -> MODE; INR -> CURRENCY; 3,650 -> AMOUNT; spent -> TRANSACTION_TYPE; Starbucks -> MERCHANT; IDBI Bank -> BANK; XX1789 -> ACCOUNT_SUFFIX; 27-Nov-2026 -> DATE; 318801856 -> REFERENCE"
"Rs.8,750 credited from Kotak Mahindra A/c XX8909 via Debit Card to BookMyShow on 11-Nov-2026. Ref: TXN44747","Rs. -> CURRENCY; 8,750 -> AMOUNT; credited -> TRANSACTION_TYPE; Kotak Mahindra -> BANK; XX8909 -> ACCOUNT_SUFFIX; Debit Card -> MODE; BookMyShow -> MERCHANT; 11-Nov-2026 -> DATE; TXN44747 -> REFERENCE"
"Your IMPS transaction of ₹3,800 was spent to Uber from Bank of America A/c xx1192 on 05-Nov-2026. Ref: REFUGTG38","IMPS -> MODE; ₹ -> CURRENCY; 3,800 -> AMOUNT; spent -> TRANSACTION_TYPE; Uber -> MERCHANT; Bank of America -> BANK; xx1192 -> ACCOUNT_SUFFIX; 05-Nov-2026 -> DATE; REFUGTG38 -> REFERENCE"
Alert: Rs.850 received via Debit Card from Bank of America A/c XX1602 on 08/01/2026. Merchant: Apple Store. Ref: TXN43673,Rs. -> CURRENCY; 850 -> AMOUNT; received -> TRANSACTION_TYPE; Debit Card -> MODE; Bank of America -> BANK; XX1602 -> ACCOUNT_SUFFIX; 08/01/2026 -> DATE; Apple Store -> MERCHANT; TXN43673 -> REFERENCE
"Rs.6,299 spent from HDFC Bank A/c XXXX9666 via UPI to Myntra on 07-Dec-2026. Ref: 275651705681","Rs. -> CURRENCY; 6,299 -> AMOUNT; spent -> TRANSACTION_TYPE; HDFC Bank -> BANK; XXXX9666 -> ACCOUNT_SUFFIX; UPI -> MODE; Myntra -> MERCHANT; 07-Dec-2026 -> DATE; 275651705681 -> REFERENCE"
"Rs.8,799 refunded from Citibank A/c xx1632 via RTGS to Jio on 28/11/2026. Ref: REFY6FO41","Rs. -> CURRENCY; 8,799 -> AMOUNT; refunded -> TRANSACTION_TYPE; Citibank -> BANK; xx1632 -> ACCOUNT_SUFFIX; RTGS -> MODE; Jio -> MERCHANT; 28/11/2026 -> DATE; REFY6FO41 -> REFERENCE"
deposited: ₹199 using Debit Card at Netflix. Bank of America A/c XXXX3951 Ref No REFTKOJY4. Date: 02/12/2026,deposited -> TRANSACTION_TYPE; ₹ -> CURRENCY; 199 -> AMOUNT; Debit Card -> MODE; Netflix -> MERCHANT; Bank of America -> BANK; XXXX3951 -> ACCOUNT_SUFFIX; REFTKOJY4 -> REFERENCE; 02/12/2026 -> DATE
"Alert: Rs.2,450 received via RTGS from Wells Fargo A/c XXXX1087 on 19-Oct-2026. Merchant: Walmart. Ref: TXN35136","Rs. -> CURRENCY; 2,450 -> AMOUNT; received -> TRANSACTION_TYPE; RTGS -> MODE; Wells Fargo -> BANK; XXXX1087 -> ACCOUNT_SUFFIX; 19-Oct-2026 -> DATE; Walmart -> MERCHANT; TXN35136 -> REFERENCE"
"Your IMPS transaction of ₹5,499 was debited to Swiggy from HDFC Bank A/c xx1973 on Oct 27, 2026. Ref: 760827876498","IMPS -> MODE; ₹ -> CURRENCY; 5,499 -> AMOUNT; debited -> TRANSACTION_TYPE; Swiggy -> MERCHANT; HDFC Bank -> BANK; xx1973 -> ACCOUNT_SUFFIX; Oct 27, 2026 -> DATE; 760827876498 -> REFERENCE"
"Your Standard Chartered account XX7792 was debited with ₹4,650 at Swiggy via Credit Card on Mar 2, 2026. Transaction Ref 141295739831","Standard Chartered -> BANK; XX7792 -> ACCOUNT_SUFFIX; debited -> TRANSACTION_TYPE; ₹ -> CURRENCY; 4,650 -> AMOUNT; Swiggy -> MERCHANT; Credit Card -> MODE; Mar 2, 2026 -> DATE; 141295739831 -> REFERENCE"
"Alert: Rs.9,299 credited via IMPS from IDBI Bank A/c xx6470 on 20/01/2026. Merchant: BookMyShow. Ref: 389251445","Rs. -> CURRENCY; 9,299 -> AMOUNT; credited -> TRANSACTION_TYPE; IMPS -> MODE; IDBI Bank -> BANK; xx6470 -> ACCOUNT_SUFFIX; 20/01/2026 -> DATE; BookMyShow -> MERCHANT; 389251445 -> REFERENCE"
"Payment of Rs.6,350 to Ola was credited via Debit Card from HSBC A/c xx5502 on 01-Jan-2026. Reference: TXN80354","Rs. -> CURRENCY; 6,350 -> AMOUNT; Ola -> MERCHANT; credited -> TRANSACTION_TYPE; Debit Card -> MODE; HSBC -> BANK; xx5502 -> ACCOUNT_SUFFIX; 01-Jan-2026 -> DATE; TXN80354 -> REFERENCE"
"deducted: ₹3,500 using UPI at Airtel. Standard Chartered A/c xx5802 Ref No 5721221262. Date: Nov 12, 2026","deducted -> TRANSACTION_TYPE; ₹ -> CURRENCY; 3,500 -> AMOUNT; UPI -> MODE; Airtel -> MERCHANT; Standard Chartered -> BANK; xx5802 -> ACCOUNT_SUFFIX; 5721221262 -> REFERENCE; Nov 12, 2026 -> DATE"
"Your Credit Card transaction of ₹2,950 was deposited to IRCTC from Wells Fargo A/c xx1054 on 10-Nov-2026. Ref: 8969083429","Credit Card -> MODE; ₹ -> CURRENCY; 2,950 -> AMOUNT; deposited -> TRANSACTION_TYPE; IRCTC -> MERCHANT; Wells Fargo -> BANK; xx1054 -> ACCOUNT_SUFFIX; 10-Nov-2026 -> DATE; 8969083429 -> REFERENCE"
"Dear Customer, INR2,400 has been spent to your Yes Bank account XX2336 through Debit Card on Jan 2, 2026. Ref No: REFHCUCLR","INR -> CURRENCY; 2,400 -> AMOUNT; spent -> TRANSACTION_TYPE; Yes Bank -> BANK; XX2336 -> ACCOUNT_SUFFIX; Debit Card -> MODE; Jan 2, 2026 -> DATE; REFHCUCLR -> REFERENCE"
"Alert: Rs.8,699 spent via NEFT from Kotak Mahindra A/c XX2528 on 01-Sep-2026. Merchant: McDonald's. Ref: REFQT6YZC","Rs. -> CURRENCY; 8,699 -> AMOUNT; spent -> TRANSACTION_TYPE; NEFT -> MODE; Kotak Mahindra -> BANK; XX2528 -> ACCOUNT_SUFFIX; 01-Sep-2026 -> DATE; McDonald's -> MERCHANT; REFQT6YZC -> REFERENCE"
"spent: Rs.3,600 using UPI at Ola. HDFC Bank A/c xx5896 Ref No 286009918132. Date: 03/09/2026","spent -> TRANSACTION_TYPE; Rs. -> CURRENCY; 3,600 -> AMOUNT; UPI -> MODE; Ola -> MERCHANT; HDFC Bank -> BANK; xx5896 -> ACCOUNT_SUFFIX; 286009918132 -> REFERENCE; 03/09/2026 -> DATE"
"Payment of Rs.5,350 to Amazon was debited via UPI from Canara Bank A/c XXXX6463 on 09/01/2026. Reference: REF2EBW5U","Rs. -> CURRENCY; 5,350 -> AMOUNT; Amazon -> MERCHANT; debited -> TRANSACTION_TYPE; UPI -> MODE; Canara Bank -> BANK; XXXX6463 -> ACCOUNT_SUFFIX; 09/01/2026 -> DATE; REF2EBW5U -> REFERENCE"
"Dear Customer, ₹3,700 has been deducted to your Canara Bank account xx1683 through Debit Card on Mar 26, 2026. Ref No: 869616175","₹ -> CURRENCY; 3,700 -> AMOUNT; deducted -> TRANSACTION_TYPE; Canara Bank -> BANK; xx1683 -> ACCOUNT_SUFFIX; Debit Card -> MODE; Mar 26, 2026 -> DATE; 869616175 -> REFERENCE"
"Rs.3,599 deducted from Citibank A/c xx2228 via IMPS to Apple Store on Jan 24, 2026. Ref: TXN44271","Rs. -> CURRENCY; 3,599 -> AMOUNT; deducted -> TRANSACTION_TYPE; Citibank -> BANK; xx2228 -> ACCOUNT_SUFFIX; IMPS -> MODE; Apple Store -> MERCHANT; Jan 24, 2026 -> DATE; TXN44271 -> REFERENCE"
Payment of ₹699 to Swiggy was refunded via Debit Card from Wells Fargo A/c xx6052 on 10-Mar-2026. Reference: REF393X8A,₹ -> CURRENCY; 699 -> AMOUNT; Swiggy -> MERCHANT; refunded -> TRANSACTION_TYPE; Debit Card -> MODE; Wells Fargo -> BANK; xx6052 -> ACCOUNT_SUFFIX; 10-Mar-2026 -> DATE; REF393X8A -> REFERENCE
"Dear Customer, Rs.7,950 has been refunded to your Standard Chartered account XX5198 through Debit Card on Apr 16, 2026. Ref No: 5631639181","Rs. -> CURRENCY; 7,950 -> AMOUNT; refunded -> TRANSACTION_TYPE; Standard Chartered -> BANK; XX5198 -> ACCOUNT_SUFFIX; Debit Card -> MODE; Apr 16, 2026 -> DATE; 5631639181 -> REFERENCE"
"debited: Rs.3,400 using Net Banking at Domino's. Yes Bank A/c XXXX6490 Ref No 345668950208. Date: 01-May-2026","debited -> TRANSACTION_TYPE; Rs. -> CURRENCY; 3,400 -> AMOUNT; Net Banking -> MODE; Domino's -> MERCHANT; Yes Bank -> BANK; XXXX6490 -> ACCOUNT_SUFFIX; 345668950208 -> REFERENCE; 01-May-2026 -> DATE"
"Alert: Rs.4,550 credited via RTGS from Citibank A/c XXXX8391 on 21-Jun-2026. Merchant: Reliance Digital. Ref: 164878599735","Rs. -> CURRENCY; 4,550 -> AMOUNT; credited -> TRANSACTION_TYPE; RTGS -> MODE; Citibank -> BANK; XXXX8391 -> ACCOUNT_SUFFIX; 21-Jun-2026 -> DATE; Reliance Digital -> MERCHANT; 164878599735 -> REFERENCE"
"Dear Customer, Rs.4,999 has been withdrawn to your Chase account XX5876 through IMPS on 18/08/2026. Ref No: TXN86927","Rs. -> CURRENCY; 4,999 -> AMOUNT; withdrawn -> TRANSACTION_TYPE; Chase -> BANK; XX5876 -> ACCOUNT_SUFFIX; IMPS -> MODE; 18/08/2026 -> DATE; TXN86927 -> REFERENCE"
"Alert: INR3,099 received via Credit Card from Citibank A/c xx3702 on 06/10/2026. Merchant: McDonald's. Ref: TXN80895","INR -> CURRENCY; 3,099 -> AMOUNT; received -> TRANSACTION_TYPE; Credit Card -> MODE; Citibank -> BANK; xx3702 -> ACCOUNT_SUFFIX; 06/10/2026 -> DATE; McDonald's -> MERCHANT; TXN80895 -> REFERENCE"
"paid: INR9,000 using RTGS at McDonald's. Kotak Mahindra A/c XXXX6054 Ref No 256937772. Date: 07-Aug-2026","paid -> TRANSACTION_TYPE; INR -> CURRENCY; 9,000 -> AMOUNT; RTGS -> MODE; McDonald's -> MERCHANT; Kotak Mahindra -> BANK; XXXX6054 -> ACCOUNT_SUFFIX; 256937772 -> REFERENCE; 07-Aug-2026 -> DATE"
"Rs.1,550 withdrawn from Citibank A/c XX9497 via UPI to Myntra on Sep 3, 2026. Ref: 2133676791","Rs. -> CURRENCY; 1,550 -> AMOUNT; withdrawn -> TRANSACTION_TYPE; Citibank -> BANK; XX9497 -> ACCOUNT_SUFFIX; UPI -> MODE; Myntra -> MERCHANT; Sep 3, 2026 -> DATE; 2133676791 -> REFERENCE"
"withdrawn: ₹1,200 using RTGS at Airtel. PNB A/c xx9624 Ref No 6153134730. Date: 24/04/2026","withdrawn -> TRANSACTION_TYPE; ₹ -> CURRENCY; 1,200 -> AMOUNT; RTGS -> MODE; Airtel -> MERCHANT; PNB -> BANK; xx9624 -> ACCOUNT_SUFFIX; 6153134730 -> REFERENCE; 24/04/2026 -> DATE"
spent: Rs.850 using Credit Card at Myntra. Axis Bank A/c xx1774 Ref No TXN67047. Date: 07-Sep-2026,spent -> TRANSACTION_TYPE; Rs. -> CURRENCY; 850 -> AMOUNT; Credit Card -> MODE; Myntra -> MERCHANT; Axis Bank -> BANK; xx1774 -> ACCOUNT_SUFFIX; TXN67047 -> REFERENCE; 07-Sep-2026 -> DATE
"Payment of INR8,250 to Amazon was debited via Credit Card from Yes Bank A/c xx3648 on 08/02/2026. Reference: 187719449","INR -> CURRENCY; 8,250 -> AMOUNT; Amazon -> MERCHANT; debited -> TRANSACTION_TYPE; Credit Card -> MODE; Yes Bank -> BANK; xx3648 -> ACCOUNT_SUFFIX; 08/02/2026 -> DATE; 187719449 -> REFERENCE"
"HDFC Bank Alert: ₹3,299 received at Walmart using Credit Card (A/c xx9082) on 21/05/2026. Txn Ref TXN46274","HDFC Bank -> BANK; ₹ -> CURRENCY; 3,299 -> AMOUNT; received -> TRANSACTION_TYPE; Walmart -> MERCHANT; Credit Card -> MODE; xx9082 -> ACCOUNT_SUFFIX; 21/05/2026 -> DATE; TXN46274 -> REFERENCE"
"deposited: ₹1,450 using IMPS at Zomato. Kotak Mahindra A/c XX8607 Ref No 645651634. Date: 03/12/2026","deposited -> TRANSACTION_TYPE; ₹ -> CURRENCY; 1,450 -> AMOUNT; IMPS -> MODE; Zomato -> MERCHANT; Kotak Mahindra -> BANK; XX8607 -> ACCOUNT_SUFFIX; 645651634 -> REFERENCE; 03/12/2026 -> DATE"
"₹3,099 withdrawn from Wells Fargo A/c XXXX2909 via NEFT to BookMyShow on 10/08/2026. Ref: REF3RZS7Q","₹ -> CURRENCY; 3,099 -> AMOUNT; withdrawn -> TRANSACTION_TYPE; Wells Fargo -> BANK; XXXX2909 -> ACCOUNT_SUFFIX; NEFT -> MODE; BookMyShow -> MERCHANT; 10/08/2026 -> DATE; REF3RZS7Q -> REFERENCE"
"Payment of ₹1,500 to Starbucks was spent via IMPS from SBI A/c XXXX5722 on 03-Sep-2026. Reference: 247722092532","₹ -> CURRENCY; 1,500 -> AMOUNT; Starbucks -> MERCHANT; spent -> TRANSACTION_TYPE; IMPS -> MODE; SBI -> BANK; XXXX5722 -> ACCOUNT_SUFFIX; 03-Sep-2026 -> DATE; 247722092532 -> REFERENCE"
"Dear Customer, INR599 has been deposited to your Chase account XXXX9978 through ATM on May 22, 2026. Ref No: REFWEDDB4","INR -> CURRENCY; 599 -> AMOUNT; deposited -> TRANSACTION_TYPE; Chase -> BANK; XXXX9978 -> ACCOUNT_SUFFIX; ATM -> MODE; May 22, 2026 -> DATE; REFWEDDB4 -> REFERENCE"
"Dear Customer, INR3,150 has been withdrawn to your Kotak Mahindra account XXXX9120 through RTGS on Mar 25, 2026. Ref No: 110506825884","INR -> CURRENCY; 3,150 -> AMOUNT; withdrawn -> TRANSACTION_TYPE; Kotak Mahindra -> BANK; XXXX9120 -> ACCOUNT_SUFFIX; RTGS -> MODE; Mar 25, 2026 -> DATE; 110506825884 -> REFERENCE"
"₹1,999 deposited from Citibank A/c XXXX3704 via ATM to Reliance Digital on Dec 13, 2026. Ref: 5716148798","₹ -> CURRENCY; 1,999 -> AMOUNT; deposited -> TRANSACTION_TYPE; Citibank -> BANK; XXXX3704 -> ACCOUNT_SUFFIX; ATM -> MODE; Reliance Digital -> MERCHANT; Dec 13, 2026 -> DATE; 5716148798 -> REFERENCE"
"Your NEFT transaction of Rs.6,550 was withdrawn to Netflix from Canara Bank A/c XX4461 on Sep 16, 2026. Ref: 268100552","NEFT -> MODE; Rs. -> CURRENCY; 6,550 -> AMOUNT; withdrawn -> TRANSACTION_TYPE; Netflix -> MERCHANT; Canara Bank -> BANK; XX4461 -> ACCOUNT_SUFFIX; Sep 16, 2026 -> DATE; 268100552 -> REFERENCE"
"Your RTGS transaction of ₹6,700 was received to Swiggy from ICICI Bank A/c XX3729 on Sep 16, 2026. Ref: 221005506573","RTGS -> MODE; ₹ -> CURRENCY; 6,700 -> AMOUNT; received -> TRANSACTION_TYPE; Swiggy -> MERCHANT; ICICI Bank -> BANK; XX3729 -> ACCOUNT_SUFFIX; Sep 16, 2026 -> DATE; 221005506573 -> REFERENCE"
"Your Credit Card transaction of Rs.2,450 was deducted to Myntra from Yes Bank A/c XXXX7811 on 07/02/2026. Ref: 7902073012","Credit Card -> MODE; Rs. -> CURRENCY; 2,450 -> AMOUNT; deducted -> TRANSACTION_TYPE; Myntra -> MERCHANT; Yes Bank -> BANK; XXXX7811 -> ACCOUNT_SUFFIX; 07/02/2026 -> DATE; 7902073012 -> REFERENCE"
"Rs.6,050 deducted from PNB A/c XX7107 via Net Banking to Amazon on 23-Aug-2026. Ref: TXN12620","Rs. -> CURRENCY; 6,050 -> AMOUNT; deducted -> TRANSACTION_TYPE; PNB -> BANK; XX7107 -> ACCOUNT_SUFFIX; Net Banking -> MODE; Amazon -> MERCHANT; 23-Aug-2026 -> DATE; TXN12620 -> REFERENCE"
Alert: Rs.500 deposited via IMPS from Kotak Mahindra A/c XXXX2005 on 12/04/2026. Merchant: Airtel. Ref: REF3QSLSU,Rs. -> CURRENCY; 500 -> AMOUNT; deposited -> TRANSACTION_TYPE; IMPS -> MODE; Kotak Mahindra -> BANK; XXXX2005 -> ACCOUNT_SUFFIX; 12/04/2026 -> DATE; Airtel -> MERCHANT; REF3QSLSU -> REFERENCE
"Alert: Rs.2,950 deducted via Net Banking from SBI A/c XX2961 on 17/04/2026. Merchant: Amazon. Ref: TXN63744","Rs. -> CURRENCY; 2,950 -> AMOUNT; deducted -> TRANSACTION_TYPE; Net Banking -> MODE; SBI -> BANK; XX2961 -> ACCOUNT_SUFFIX; 17/04/2026 -> DATE; Amazon -> MERCHANT; TXN63744 -> REFERENCE"
"Alert: ₹5,999 debited via UPI from SBI A/c XXXX8360 on 15/06/2026. Merchant: BookMyShow. Ref: TXN13111","₹ -> CURRENCY; 5,999 -> AMOUNT; debited -> TRANSACTION_TYPE; UPI -> MODE; SBI -> BANK; XXXX8360 -> ACCOUNT_SUFFIX; 15/06/2026 -> DATE; BookMyShow -> MERCHANT; TXN13111 -> REFERENCE"
"Your UPI transaction of INR3,850 was spent to Starbucks from Citibank A/c XX5901 on Jul 1, 2026. Ref: TXN96431","UPI -> MODE; INR -> CURRENCY; 3,850 -> AMOUNT; spent -> TRANSACTION_TYPE; Starbucks -> MERCHANT; Citibank -> BANK; XX5901 -> ACCOUNT_SUFFIX; Jul 1, 2026 -> DATE; TXN96431 -> REFERENCE"
"Alert: INR6,999 received via ATM from Citibank A/c XX1924 on 06/01/2026. Merchant: Jio. Ref: 676217116","INR -> CURRENCY; 6,999 -> AMOUNT; received -> TRANSACTION_TYPE; ATM -> MODE; Citibank -> BANK; XX1924 -> ACCOUNT_SUFFIX; 06/01/2026 -> DATE; Jio -> MERCHANT; 676217116 -> REFERENCE"
"withdrawn: ₹5,100 using Credit Card at Croma. Wells Fargo A/c xx5814 Ref No 5510302628. Date: 07/10/2026","withdrawn -> TRANSACTION_TYPE; ₹ -> CURRENCY; 5,100 -> AMOUNT; Credit Card -> MODE; Croma -> MERCHANT; Wells Fargo -> BANK; xx5814 -> ACCOUNT_SUFFIX; 5510302628 -> REFERENCE; 07/10/2026 -> DATE"
"Your Standard Chartered account XX8006 was received with ₹4,950 at BookMyShow via Net Banking on 19/07/2026. Transaction Ref TXN86144","Standard Chartered -> BANK; XX8006 -> ACCOUNT_SUFFIX; received -> TRANSACTION_TYPE; ₹ -> CURRENCY; 4,950 -> AMOUNT; BookMyShow -> MERCHANT; Net Banking -> MODE; 19/07/2026 -> DATE; TXN86144 -> REFERENCE"
"Your IMPS transaction of Rs.100 was refunded to Walmart from Bank of America A/c XXXX9135 on Sep 22, 2026. Ref: TXN44060","IMPS -> MODE; Rs. -> CURRENCY; 100 -> AMOUNT; refunded -> TRANSACTION_TYPE; Walmart -> MERCHANT; Bank of America -> BANK; XXXX9135 -> ACCOUNT_SUFFIX; Sep 22, 2026 -> DATE; TXN44060 -> REFERENCE"
"Your IDBI Bank account XX3866 was deposited with INR7,900 at Ola via NEFT on 17/07/2026. Transaction Ref 886106713679","IDBI Bank -> BANK; XX3866 -> ACCOUNT_SUFFIX; deposited -> TRANSACTION_TYPE; INR -> CURRENCY; 7,900 -> AMOUNT; Ola -> MERCHANT; NEFT -> MODE; 17/07/2026 -> DATE; 886106713679 -> REFERENCE"
"Alert: Rs.8,350 debited via ATM from Chase A/c xx4263 on Jan 5, 2026. Merchant: BigBasket. Ref: 425497387562","Rs. -> CURRENCY; 8,350 -> AMOUNT; debited -> TRANSACTION_TYPE; ATM -> MODE; Chase -> BANK; xx4263 -> ACCOUNT_SUFFIX; Jan 5, 2026 -> DATE; BigBasket -> MERCHANT; 425497387562 -> REFERENCE"
"Wells Fargo Alert: INR8,750 received at BookMyShow using NEFT (A/c XXXX6485) on 02-Mar-2026. Txn Ref 515454180214","Wells Fargo -> BANK; INR -> CURRENCY; 8,750 -> AMOUNT; received -> TRANSACTION_TYPE; BookMyShow -> MERCHANT; NEFT -> MODE; XXXX6485 -> ACCOUNT_SUFFIX; 02-Mar-2026 -> DATE; 515454180214 -> REFERENCE"
"Your UPI transaction of INR7,899 was spent to Starbucks from Chase A/c XXXX2565 on Mar 11, 2026. Ref: 824417528","UPI -> MODE; INR -> CURRENCY; 7,899 -> AMOUNT; spent -> TRANSACTION_TYPE; Starbucks -> MERCHANT; Chase -> BANK; XXXX2565 -> ACCOUNT_SUFFIX; Mar 11, 2026 -> DATE; 824417528 -> REFERENCE"
"Dear Customer, ₹1,450 has been spent to your HDFC Bank account XX2924 through ATM on 13/01/2026. Ref No: REFG588W1","₹ -> CURRENCY; 1,450 -> AMOUNT; spent -> TRANSACTION_TYPE; HDFC Bank -> BANK; XX2924 -> ACCOUNT_SUFFIX; ATM -> MODE; 13/01/2026 -> DATE; REFG588W1 -> REFERENCE"
"Dear Customer, INR7,899 has been deposited to your HDFC Bank account XX6705 through Net Banking on 07/08/2026. Ref No: 138730318","INR -> CURRENCY; 7,899 -> AMOUNT; deposited -> TRANSACTION_TYPE; HDFC Bank -> BANK; XX6705 -> ACCOUNT_SUFFIX; Net Banking -> MODE; 07/08/2026 -> DATE; 138730318 -> REFERENCE"
"Your IDBI Bank account XX5403 was credited with Rs.5,400 at BookMyShow via RTGS on Sep 3, 2026. Transaction Ref 420659775566","IDBI Bank -> BANK; XX5403 -> ACCOUNT_SUFFIX; credited -> TRANSACTION_TYPE; Rs. -> CURRENCY; 5,400 -> AMOUNT; BookMyShow -> MERCHANT; RTGS -> MODE; Sep 3, 2026 -> DATE; 420659775566 -> REFERENCE"
"Your SBI account XX1130 was credited with INR9,150 at BigBasket via ATM on 14/02/2026. Transaction Ref TXN44349","SBI -> BANK; XX1130 -> ACCOUNT_SUFFIX; credited -> TRANSACTION_TYPE; INR -> CURRENCY; 9,150 -> AMOUNT; BigBasket -> MERCHANT; ATM -> MODE; 14/02/2026 -> DATE; TXN44349 -> REFERENCE"
"Your RTGS transaction of Rs.5,299 was deducted to IRCTC from Bank of America A/c xx8260 on 13-May-2026. Ref: 2932290555","RTGS -> MODE; Rs. -> CURRENCY; 5,299 -> AMOUNT; deducted -> TRANSACTION_TYPE; IRCTC -> MERCHANT; Bank of America -> BANK; xx8260 -> ACCOUNT_SUFFIX; 13-May-2026 -> DATE; 2932290555 -> REFERENCE"
"refunded: ₹9,500 using Net Banking at Croma. HSBC A/c XX9511 Ref No REF5HJADG. Date: 27/03/2026","refunded -> TRANSACTION_TYPE; ₹ -> CURRENCY; 9,500 -> AMOUNT; Net Banking -> MODE; Croma -> MERCHANT; HSBC -> BANK; XX9511 -> ACCOUNT_SUFFIX; REF5HJADG -> REFERENCE; 27/03/2026 -> DATE"
"Payment of Rs.9,199 to Myntra was withdrawn via Net Banking from IDBI Bank A/c XXXX9535 on May 18, 2026. Reference: 490807173598","Rs. -> CURRENCY; 9,199 -> AMOUNT; Myntra -> MERCHANT; withdrawn -> TRANSACTION_TYPE; Net Banking -> MODE; IDBI Bank -> BANK; XXXX9535 -> ACCOUNT_SUFFIX; May 18, 2026 -> DATE; 490807173598 -> REFERENCE"
"Your Canara Bank account XX9263 was paid with Rs.8,550 at Myntra via Credit Card on Jul 7, 2026. Transaction Ref REFNKUA6G","Canara Bank -> BANK; XX9263 -> ACCOUNT_SUFFIX; paid -> TRANSACTION_TYPE; Rs. -> CURRENCY; 8,550 -> AMOUNT; Myntra -> MERCHANT; Credit Card -> MODE; Jul 7, 2026 -> DATE; REFNKUA6G -> REFERENCE"
"Your Kotak Mahindra account XX2102 was received with ₹7,100 at McDonald's via IMPS on Feb 15, 2026. Transaction Ref 1988189961","Kotak Mahindra -> BANK; XX2102 -> ACCOUNT_SUFFIX; received -> TRANSACTION_TYPE; ₹ -> CURRENCY; 7,100 -> AMOUNT; McDonald's -> MERCHANT; IMPS -> MODE; Feb 15, 2026 -> DATE; 1988189961 -> REFERENCE"
"Your Credit Card transaction of Rs.8,150 was credited to Ola from Bank of America A/c XXXX4915 on Dec 26, 2026. Ref: 801792084531","Credit Card -> MODE; Rs. -> CURRENCY; 8,150 -> AMOUNT; credited -> TRANSACTION_TYPE; Ola -> MERCHANT; Bank of America -> BANK; XXXX4915 -> ACCOUNT_SUFFIX; Dec 26, 2026 -> DATE; 801792084531 -> REFERENCE"
"Your Net Banking transaction of Rs.5,299 was credited to Apple Store from HDFC Bank A/c xx7870 on 25-Jul-2026. Ref: REFGE92BS","Net Banking -> MODE; Rs. -> CURRENCY; 5,299 -> AMOUNT; credited -> TRANSACTION_TYPE; Apple Store -> MERCHANT; HDFC Bank -> BANK; xx7870 -> ACCOUNT_SUFFIX; 25-Jul-2026 -> DATE; REFGE92BS -> REFERENCE"
"refunded: ₹3,050 using Credit Card at Airtel. IDBI Bank A/c XXXX8033 Ref No REF62CT3D. Date: Dec 15, 2026","refunded -> TRANSACTION_TYPE; ₹ -> CURRENCY; 3,050 -> AMOUNT; Credit Card -> MODE; Airtel -> MERCHANT; IDBI Bank -> BANK; XXXX8033 -> ACCOUNT_SUFFIX; REF62CT3D -> REFERENCE; Dec 15, 2026 -> DATE"
"Alert: ₹6,999 withdrawn via IMPS from HDFC Bank A/c XX8483 on Jan 8, 2026. Merchant: Myntra. Ref: REFGLIMTM","₹ -> CURRENCY; 6,999 -> AMOUNT; withdrawn -> TRANSACTION_TYPE; IMPS -> MODE; HDFC Bank -> BANK; XX8483 -> ACCOUNT_SUFFIX; Jan 8, 2026 -> DATE; Myntra -> MERCHANT; REFGLIMTM -> REFERENCE"
"deducted: Rs.9,000 using NEFT at Flipkart. SBI A/c XXXX4396 Ref No TXN42228. Date: 18/04/2026","deducted -> TRANSACTION_TYPE; Rs. -> CURRENCY; 9,000 -> AMOUNT; NEFT -> MODE; Flipkart -> MERCHANT; SBI -> BANK; XXXX4396 -> ACCOUNT_SUFFIX; TXN42228 -> REFERENCE; 18/04/2026 -> DATE"
"refunded: ₹1,550 using UPI at Croma. Yes Bank A/c xx8109 Ref No REFT46JR7. Date: 03/12/2026","refunded -> TRANSACTION_TYPE; ₹ -> CURRENCY; 1,550 -> AMOUNT; UPI -> MODE; Croma -> MERCHANT; Yes Bank -> BANK; xx8109 -> ACCOUNT_SUFFIX; REFT46JR7 -> REFERENCE; 03/12/2026 -> DATE"
"Rs.5,700 credited from Bank of America A/c XX6271 via Debit Card to Jio on 17/06/2026. Ref: 730074817","Rs. -> CURRENCY; 5,700 -> AMOUNT; credited -> TRANSACTION_TYPE; Bank of America -> BANK; XX6271 -> ACCOUNT_SUFFIX; Debit Card -> MODE; Jio -> MERCHANT; 17/06/2026 -> DATE; 730074817 -> REFERENCE"
"Dear Customer, Rs.300 has been debited to your Citibank account XXXX7999 through Net Banking on Apr 22, 2026. Ref No: 3647774053","Rs. -> CURRENCY; 300 -> AMOUNT; debited -> TRANSACTION_TYPE; Citibank -> BANK; XXXX7999 -> ACCOUNT_SUFFIX; Net Banking -> MODE; Apr 22, 2026 -> DATE; 3647774053 -> REFERENCE"
"Alert: INR1,099 debited via Debit Card from Kotak Mahindra A/c XX7280 on 11/04/2026. Merchant: Myntra. Ref: TXN30288","INR -> CURRENCY; 1,099 -> AMOUNT; debited -> TRANSACTION_TYPE; Debit Card -> MODE; Kotak Mahindra -> BANK; XX7280 -> ACCOUNT_SUFFIX; 11/04/2026 -> DATE; Myntra -> MERCHANT; TXN30288 -> REFERENCE"
"Alert: INR4,100 deposited via ATM from SBI A/c xx3829 on Aug 12, 2026. Merchant: Jio. Ref: 5765991884","INR -> CURRENCY; 4,100 -> AMOUNT; deposited -> TRANSACTION_TYPE; ATM -> MODE; SBI -> BANK; xx3829 -> ACCOUNT_SUFFIX; Aug 12, 2026 -> DATE; Jio -> MERCHANT; 5765991884 -> REFERENCE"
"Canara Bank Alert: INR3,700 debited at Myntra using UPI (A/c XXXX2547) on 03-Mar-2026. Txn Ref 3611664935","Canara Bank -> BANK; INR -> CURRENCY; 3,700 -> AMOUNT; debited -> TRANSACTION_TYPE; Myntra -> MERCHANT; UPI -> MODE; XXXX2547 -> ACCOUNT_SUFFIX; 03-Mar-2026 -> DATE; 3611664935 -> REFERENCE"
"deposited: ₹6,550 using ATM at Reliance Digital. Canara Bank A/c XX7729 Ref No 730795310. Date: 23/04/2026","deposited -> TRANSACTION_TYPE; ₹ -> CURRENCY; 6,550 -> AMOUNT; ATM -> MODE; Reliance Digital -> MERCHANT; Canara Bank -> BANK; XX7729 -> ACCOUNT_SUFFIX; 730795310 -> REFERENCE; 23/04/2026 -> DATE"
"received: Rs.3,900 using UPI at Croma. Chase A/c XX3140 Ref No 5932094397. Date: 11-Jul-2026","received -> TRANSACTION_TYPE; Rs. -> CURRENCY; 3,900 -> AMOUNT; UPI -> MODE; Croma -> MERCHANT; Chase -> BANK; XX3140 -> ACCOUNT_SUFFIX; 5932094397 -> REFERENCE; 11-Jul-2026 -> DATE"
"INR5,850 credited from Axis Bank A/c XXXX7079 via ATM to Apple Store on Jun 24, 2026. Ref: 277567750","INR -> CURRENCY; 5,850 -> AMOUNT; credited -> TRANSACTION_TYPE; Axis Bank -> BANK; XXXX7079 -> ACCOUNT_SUFFIX; ATM -> MODE; Apple Store -> MERCHANT; Jun 24, 2026 -> DATE; 277567750 -> REFERENCE"
"Alert: INR8,799 refunded via Credit Card from HDFC Bank A/c xx1934 on Nov 10, 2026. Merchant: IRCTC. Ref: 299137134","INR -> CURRENCY; 8,799 -> AMOUNT; refunded -> TRANSACTION_TYPE; Credit Card -> MODE; HDFC Bank -> BANK; xx1934 -> ACCOUNT_SUFFIX; Nov 10, 2026 -> DATE; IRCTC -> MERCHANT; 299137134 -> REFERENCE"
"Your RTGS transaction of Rs.4,200 was debited to Croma from Canara Bank A/c xx9792 on 24-Oct-2026. Ref: REFX7ZSKS","RTGS -> MODE; Rs. -> CURRENCY; 4,200 -> AMOUNT; debited -> TRANSACTION_TYPE; Croma -> MERCHANT; Canara Bank -> BANK; xx9792 -> ACCOUNT_SUFFIX; 24-Oct-2026 -> DATE; REFX7ZSKS -> REFERENCE"
"Dear Customer, Rs.3,050 has been received to your ICICI Bank account xx6328 through NEFT on 15/08/2026. Ref No: REFMX1SU0","Rs. -> CURRENCY; 3,050 -> AMOUNT; received -> TRANSACTION_TYPE; ICICI Bank -> BANK; xx6328 -> ACCOUNT_SUFFIX; NEFT -> MODE; 15/08/2026 -> DATE; REFMX1SU0 -> REFERENCE"
"Rs.9,250 deducted from Yes Bank A/c XX3682 via IMPS to Flipkart on Mar 21, 2026. Ref: 969690461389","Rs. -> CURRENCY; 9,250 -> AMOUNT; deducted -> TRANSACTION_TYPE; Yes Bank -> BANK; XX3682 -> ACCOUNT_SUFFIX; IMPS -> MODE; Flipkart -> MERCHANT; Mar 21, 2026 -> DATE; 969690461389 -> REFERENCE"
"Your Axis Bank account XX7394 was deposited with INR2,599 at Airtel via UPI on 15/01/2026. Transaction Ref TXN25512","Axis Bank -> BANK; XX7394 -> ACCOUNT_SUFFIX; deposited -> TRANSACTION_TYPE; INR -> CURRENCY; 2,599 -> AMOUNT; Airtel -> MERCHANT; UPI -> MODE; 15/01/2026 -> DATE; TXN25512 -> REFERENCE"
"Payment of ₹7,999 to Ola was credited via ATM from PNB A/c xx3540 on 19/12/2026. Reference: TXN95644","₹ -> CURRENCY; 7,999 -> AMOUNT; Ola -> MERCHANT; credited -> TRANSACTION_TYPE; ATM -> MODE; PNB -> BANK; xx3540 -> ACCOUNT_SUFFIX; 19/12/2026 -> DATE; TXN95644 -> REFERENCE"
Payment of ₹299 to Swiggy was deposited via UPI from Kotak Mahindra A/c XXXX9770 on 01-Dec-2026. Reference: REFJYF9XF,₹ -> CURRENCY; 299 -> AMOUNT; Swiggy -> MERCHANT; deposited -> TRANSACTION_TYPE; UPI -> MODE; Kotak Mahindra -> BANK; XXXX9770 -> ACCOUNT_SUFFIX; 01-Dec-2026 -> DATE; REFJYF9XF -> REFERENCE
"Payment of Rs.9,250 to Starbucks was withdrawn via Net Banking from Wells Fargo A/c XX8066 on 27/05/2026. Reference: REF48AE57","Rs. -> CURRENCY; 9,250 -> AMOUNT; Starbucks -> MERCHANT; withdrawn -> TRANSACTION_TYPE; Net Banking -> MODE; Wells Fargo -> BANK; XX8066 -> ACCOUNT_SUFFIX; 27/05/2026 -> DATE; REF48AE57 -> REFERENCE"
"Alert: Rs.3,150 credited via Credit Card from Kotak Mahindra A/c xx3876 on Feb 11, 2026. Merchant: McDonald's. Ref: 165636402434","Rs. -> CURRENCY; 3,150 -> AMOUNT; credited -> TRANSACTION_TYPE; Credit Card -> MODE; Kotak Mahindra -> BANK; xx3876 -> ACCOUNT_SUFFIX; Feb 11, 2026 -> DATE; McDonald's -> MERCHANT; 165636402434 -> REFERENCE"
"Your SBI account xx9903 was credited with INR7,200 at Walmart via ATM on 06-Oct-2026. Transaction Ref 433166838085","SBI -> BANK; xx9903 -> ACCOUNT_SUFFIX; credited -> TRANSACTION_TYPE; INR -> CURRENCY; 7,200 -> AMOUNT; Walmart -> MERCHANT; ATM -> MODE; 06-Oct-2026 -> DATE; 433166838085 -> REFERENCE"
"Wells Fargo Alert: INR7,650 deposited at Swiggy using Debit Card (A/c XX2111) on 26-Dec-2026. Txn Ref 2885281094","Wells Fargo -> BANK; INR -> CURRENCY; 7,650 -> AMOUNT; deposited -> TRANSACTION_TYPE; Swiggy -> MERCHANT; Debit Card -> MODE; XX2111 -> ACCOUNT_SUFFIX; 26-Dec-2026 -> DATE; 2885281094 -> REFERENCE"
"Alert: Rs.3,850 deducted via NEFT from IDBI Bank A/c XXXX9255 on Nov 11, 2026. Merchant: Zomato. Ref: 9929429121","Rs. -> CURRENCY; 3,850 -> AMOUNT; deducted -> TRANSACTION_TYPE; NEFT -> MODE; IDBI Bank -> BANK; XXXX9255 -> ACCOUNT_SUFFIX; Nov 11, 2026 -> DATE; Zomato -> MERCHANT; 9929429121 -> REFERENCE"
"Dear Customer, Rs.6,499 has been deducted to your Standard Chartered account XXXX2943 through Debit Card on Oct 27, 2026. Ref No: 570744764998","Rs. -> CURRENCY; 6,499 -> AMOUNT; deducted -> TRANSACTION_TYPE; Standard Chartered -> BANK; XXXX2943 -> ACCOUNT_SUFFIX; Debit Card -> MODE; Oct 27, 2026 -> DATE; 570744764998 -> REFERENCE"
"deducted: ₹9,050 using Credit Card at IRCTC. SBI A/c xx6112 Ref No 7630988027. Date: 03-Jul-2026","deducted -> TRANSACTION_TYPE; ₹ -> CURRENCY; 9,050 -> AMOUNT; Credit Card -> MODE; IRCTC -> MERCHANT; SBI -> BANK; xx6112 -> ACCOUNT_SUFFIX; 7630988027 -> REFERENCE; 03-Jul-2026 -> DATE"
"ICICI Bank Alert: Rs.6,099 credited at Swiggy using RTGS (A/c XX2568) on 22/09/2026. Txn Ref 346801113","ICICI Bank -> BANK; Rs. -> CURRENCY; 6,099 -> AMOUNT; credited -> TRANSACTION_TYPE; Swiggy -> MERCHANT; RTGS -> MODE; XX2568 -> ACCOUNT_SUFFIX; 22/09/2026 -> DATE; 346801113 -> REFERENCE"
"Dear Customer, Rs.8,100 has been refunded to your Canara Bank account XX6060 through UPI on 21-Mar-2026. Ref No: TXN90166","Rs. -> CURRENCY; 8,100 -> AMOUNT; refunded -> TRANSACTION_TYPE; Canara Bank -> BANK; XX6060 -> ACCOUNT_SUFFIX; UPI -> MODE; 21-Mar-2026 -> DATE; TXN90166 -> REFERENCE"
"Alert: INR9,250 spent via RTGS from HSBC A/c XXXX2376 on 22-Jan-2026. Merchant: Swiggy. Ref: 533534538","INR -> CURRENCY; 9,250 -> AMOUNT; spent -> TRANSACTION_TYPE; RTGS -> MODE; HSBC -> BANK; XXXX2376 -> ACCOUNT_SUFFIX; 22-Jan-2026 -> DATE; Swiggy -> MERCHANT; 533534538 -> REFERENCE"
"Alert: ₹8,200 spent via Credit Card from Standard Chartered A/c xx5801 on Apr 4, 2026. Merchant: Amazon. Ref: TXN83853","₹ -> CURRENCY; 8,200 -> AMOUNT; spent -> TRANSACTION_TYPE; Credit Card -> MODE; Standard Chartered -> BANK; xx5801 -> ACCOUNT_SUFFIX; Apr 4, 2026 -> DATE; Amazon -> MERCHANT; TXN83853 -> REFERENCE"
"Payment of Rs.8,100 to BookMyShow was debited via Credit Card from Yes Bank A/c XX6093 on 16-Jan-2026. Reference: TXN85440","Rs. -> CURRENCY; 8,100 -> AMOUNT; BookMyShow -> MERCHANT; debited -> TRANSACTION_TYPE; Credit Card -> MODE; Yes Bank -> BANK; XX6093 -> ACCOUNT_SUFFIX; 16-Jan-2026 -> DATE; TXN85440 -> REFERENCE"
"Alert: Rs.2,299 deposited via Credit Card from Standard Chartered A/c xx5626 on 01/10/2026. Merchant: Myntra. Ref: TXN79018","Rs. -> CURRENCY; 2,299 -> AMOUNT; deposited -> TRANSACTION_TYPE; Credit Card -> MODE; Standard Chartered -> BANK; xx5626 -> ACCOUNT_SUFFIX; 01/10/2026 -> DATE; Myntra -> MERCHANT; TXN79018 -> REFERENCE"
"Rs.9,350 withdrawn from Axis Bank A/c XXXX8643 via Debit Card to McDonald's on 06-Sep-2026. Ref: 214923319","Rs. -> CURRENCY; 9,350 -> AMOUNT; withdrawn -> TRANSACTION_TYPE; Axis Bank -> BANK; XXXX8643 -> ACCOUNT_SUFFIX; Debit Card -> MODE; McDonald's -> MERCHANT; 06-Sep-2026 -> DATE; 214923319 -> REFERENCE"
"Alert: ₹1,050 debited via RTGS from HDFC Bank A/c XXXX6642 on Jun 9, 2026. Merchant: Netflix. Ref: 3085941623","₹ -> CURRENCY; 1,050 -> AMOUNT; debited -> TRANSACTION_TYPE; RTGS -> MODE; HDFC Bank -> BANK; XXXX6642 -> ACCOUNT_SUFFIX; Jun 9, 2026 -> DATE; Netflix -> MERCHANT; 3085941623 -> REFERENCE"
"Alert: INR1,100 spent via NEFT from PNB A/c xx8926 on 23/12/2026. Merchant: Netflix. Ref: 671125589462","INR -> CURRENCY; 1,100 -> AMOUNT; spent -> TRANSACTION_TYPE; NEFT -> MODE; PNB -> BANK; xx8926 -> ACCOUNT_SUFFIX; 23/12/2026 -> DATE; Netflix -> MERCHANT; 671125589462 -> REFERENCE"
"Payment of ₹2,699 to Domino's was credited via IMPS from Citibank A/c XXXX1831 on 10/08/2026. Reference: 310357786907","₹ -> CURRENCY; 2,699 -> AMOUNT; Domino's -> MERCHANT; credited -> TRANSACTION_TYPE; IMPS -> MODE; Citibank -> BANK; XXXX1831 -> ACCOUNT_SUFFIX; 10/08/2026 -> DATE; 310357786907 -> REFERENCE"
"Dear Customer, Rs.6,350 has been credited to your Kotak Mahindra account xx4592 through UPI on Aug 14, 2026. Ref No: TXN77780","Rs. -> CURRENCY; 6,350 -> AMOUNT; credited -> TRANSACTION_TYPE; Kotak Mahindra -> BANK; xx4592 -> ACCOUNT_SUFFIX; UPI -> MODE; Aug 14, 2026 -> DATE; TXN77780 -> REFERENCE"
"Your Citibank account XXXX9363 was withdrawn with INR2,500 at BookMyShow via NEFT on Apr 22, 2026. Transaction Ref 758286855103","Citibank -> BANK; XXXX9363 -> ACCOUNT_SUFFIX; withdrawn -> TRANSACTION_TYPE; INR -> CURRENCY; 2,500 -> AMOUNT; BookMyShow -> MERCHANT; NEFT -> MODE; Apr 22, 2026 -> DATE; 758286855103 -> REFERENCE"
"Rs.6,900 paid from HDFC Bank A/c xx8440 via RTGS to Amazon on Dec 11, 2026. Ref: 7656717517","Rs. -> CURRENCY; 6,900 -> AMOUNT; paid -> TRANSACTION_TYPE; HDFC Bank -> BANK; xx8440 -> ACCOUNT_SUFFIX; RTGS -> MODE; Amazon -> MERCHANT; Dec 11, 2026 -> DATE; 7656717517 -> REFERENCE"
"₹9,450 debited from HDFC Bank A/c XX5289 via RTGS to Zomato on Aug 23, 2026. Ref: 618199269434","₹ -> CURRENCY; 9,450 -> AMOUNT; debited -> TRANSACTION_TYPE; HDFC Bank -> BANK; XX5289 -> ACCOUNT_SUFFIX; RTGS -> MODE; Zomato -> MERCHANT; Aug 23, 2026 -> DATE; 618199269434 -> REFERENCE"
"Your Debit Card transaction of Rs.6,000 was paid to Amazon from Wells Fargo A/c XX5096 on 12/02/2026. Ref: REF04UYYQ","Debit Card -> MODE; Rs. -> CURRENCY; 6,000 -> AMOUNT; paid -> TRANSACTION_TYPE; Amazon -> MERCHANT; Wells Fargo -> BANK; XX5096 -> ACCOUNT_SUFFIX; 12/02/2026 -> DATE; REF04UYYQ -> REFERENCE"
"Dear Customer, Rs.3,299 has been deducted to your ICICI Bank account xx9889 through Net Banking on 02-Apr-2026. Ref No: TXN26484","Rs. -> CURRENCY; 3,299 -> AMOUNT; deducted -> TRANSACTION_TYPE; ICICI Bank -> BANK; xx9889 -> ACCOUNT_SUFFIX; Net Banking -> MODE; 02-Apr-2026 -> DATE; TXN26484 -> REFERENCE"
Payment of ₹350 to Swiggy was paid via Debit Card from ICICI Bank A/c XXXX6660 on 04/04/2026. Reference: 131785846268,₹ -> CURRENCY; 350 -> AMOUNT; Swiggy -> MERCHANT; paid -> TRANSACTION_TYPE; Debit Card -> MODE; ICICI Bank -> BANK; XXXX6660 -> ACCOUNT_SUFFIX; 04/04/2026 -> DATE; 131785846268 -> REFERENCE
"Wells Fargo Alert: ₹6,850 paid at Airtel using ATM (A/c XX4633) on 17-Jul-2026. Txn Ref 2265562928","Wells Fargo -> BANK; ₹ -> CURRENCY; 6,850 -> AMOUNT; paid -> TRANSACTION_TYPE; Airtel -> MERCHANT; ATM -> MODE; XX4633 -> ACCOUNT_SUFFIX; 17-Jul-2026 -> DATE; 2265562928 -> REFERENCE"
Axis Bank Alert: Rs.100 refunded at Uber using Credit Card (A/c xx6986) on 14/07/2026. Txn Ref 350895281,Axis Bank -> BANK; Rs. -> CURRENCY; 100 -> AMOUNT; refunded -> TRANSACTION_TYPE; Uber -> MERCHANT; Credit Card -> MODE; xx6986 -> ACCOUNT_SUFFIX; 14/07/2026 -> DATE; 350895281 -> REFERENCE
"Your Net Banking transaction of INR9,050 was received to Jio from IDBI Bank A/c XXXX7339 on 23-Aug-2026. Ref: REFUJZ0WL","Net Banking -> MODE; INR -> CURRENCY; 9,050 -> AMOUNT; received -> TRANSACTION_TYPE; Jio -> MERCHANT; IDBI Bank -> BANK; XXXX7339 -> ACCOUNT_SUFFIX; 23-Aug-2026 -> DATE; REFUJZ0WL -> REFERENCE"
"₹7,550 deducted from Standard Chartered A/c XXXX1198 via Net Banking to Starbucks on Dec 23, 2026. Ref: 617827073","₹ -> CURRENCY; 7,550 -> AMOUNT; deducted -> TRANSACTION_TYPE; Standard Chartered -> BANK; XXXX1198 -> ACCOUNT_SUFFIX; Net Banking -> MODE; Starbucks -> MERCHANT; Dec 23, 2026 -> DATE; 617827073 -> REFERENCE"
"Alert: Rs.2,799 spent via ATM from Kotak Mahindra A/c XX9181 on Jul 2, 2026. Merchant: Zomato. Ref: TXN74629","Rs. -> CURRENCY; 2,799 -> AMOUNT; spent -> TRANSACTION_TYPE; ATM -> MODE; Kotak Mahindra -> BANK; XX9181 -> ACCOUNT_SUFFIX; Jul 2, 2026 -> DATE; Zomato -> MERCHANT; TXN74629 -> REFERENCE"
"Payment of ₹6,600 to Swiggy was refunded via Net Banking from HDFC Bank A/c XXXX3747 on 19-Nov-2026. Reference: 742075888","₹ -> CURRENCY; 6,600 -> AMOUNT; Swiggy -> MERCHANT; refunded -> TRANSACTION_TYPE; Net Banking -> MODE; HDFC Bank -> BANK; XXXX3747 -> ACCOUNT_SUFFIX; 19-Nov-2026 -> DATE; 742075888 -> REFERENCE"
"INR6,800 spent from Wells Fargo A/c XX6312 via Credit Card to Walmart on 04/01/2026. Ref: 559337586281","INR -> CURRENCY; 6,800 -> AMOUNT; spent -> TRANSACTION_TYPE; Wells Fargo -> BANK; XX6312 -> ACCOUNT_SUFFIX; Credit Card -> MODE; Walmart -> MERCHANT; 04/01/2026 -> DATE; 559337586281 -> REFERENCE"
"Your Chase account XX3394 was deducted with Rs.3,850 at Myntra via UPI on 18-Jun-2026. Transaction Ref TXN65610","Chase -> BANK; XX3394 -> ACCOUNT_SUFFIX; deducted -> TRANSACTION_TYPE; Rs. -> CURRENCY; 3,850 -> AMOUNT; Myntra -> MERCHANT; UPI -> MODE; 18-Jun-2026 -> DATE; TXN65610 -> REFERENCE"
₹499 withdrawn from Kotak Mahindra A/c XXXX2956 via ATM to Zomato on 10/03/2026. Ref: 307934964238,₹ -> CURRENCY; 499 -> AMOUNT; withdrawn -> TRANSACTION_TYPE; Kotak Mahindra -> BANK; XXXX2956 -> ACCOUNT_SUFFIX; ATM -> MODE; Zomato -> MERCHANT; 10/03/2026 -> DATE; 307934964238 -> REFERENCE
"refunded: Rs.4,350 using UPI at Flipkart. HSBC A/c xx5546 Ref No REFO351O0. Date: 02-Jan-2026","refunded -> TRANSACTION_TYPE; Rs. -> CURRENCY; 4,350 -> AMOUNT; UPI -> MODE; Flipkart -> MERCHANT; HSBC -> BANK; xx5546 -> ACCOUNT_SUFFIX; REFO351O0 -> REFERENCE; 02-Jan-2026 -> DATE"
"Dear Customer, INR9,100 has been deposited to your HDFC Bank account xx1822 through UPI on 04-Jan-2026. Ref No: TXN53838","INR -> CURRENCY; 9,100 -> AMOUNT; deposited -> TRANSACTION_TYPE; HDFC Bank -> BANK; xx1822 -> ACCOUNT_SUFFIX; UPI -> MODE; 04-Jan-2026 -> DATE; TXN53838 -> REFERENCE"
"Payment of Rs.3,000 to Airtel was debited via IMPS from Bank of America A/c xx5856 on 12-Jan-2026. Reference: REF14YT2K","Rs. -> CURRENCY; 3,000 -> AMOUNT; Airtel -> MERCHANT; debited -> TRANSACTION_TYPE; IMPS -> MODE; Bank of America -> BANK; xx5856 -> ACCOUNT_SUFFIX; 12-Jan-2026 -> DATE; REF14YT2K -> REFERENCE"
"Alert: INR1,350 deposited via NEFT from SBI A/c XXXX3058 on 06/09/2026. Merchant: Myntra. Ref: TXN14457","INR -> CURRENCY; 1,350 -> AMOUNT; deposited -> TRANSACTION_TYPE; NEFT -> MODE; SBI -> BANK; XXXX3058 -> ACCOUNT_SUFFIX; 06/09/2026 -> DATE; Myntra -> MERCHANT; TXN14457 -> REFERENCE"
"Dear Customer, ₹1,899 has been spent to your Standard Chartered account xx7531 through IMPS on 18-May-2026. Ref No: 3698944591","₹ -> CURRENCY; 1,899 -> AMOUNT; spent -> TRANSACTION_TYPE; Standard Chartered -> BANK; xx7531 -> ACCOUNT_SUFFIX; IMPS -> MODE; 18-May-2026 -> DATE; 3698944591 -> REFERENCE"
"debited: ₹7,799 using UPI at Amazon. Wells Fargo A/c XXXX2282 Ref No REF83NQRT. Date: 10-Mar-2026","debited -> TRANSACTION_TYPE; ₹ -> CURRENCY; 7,799 -> AMOUNT; UPI -> MODE; Amazon -> MERCHANT; Wells Fargo -> BANK; XXXX2282 -> ACCOUNT_SUFFIX; REF83NQRT -> REFERENCE; 10-Mar-2026 -> DATE"
"Payment of ₹4,999 to Jio was withdrawn via Net Banking from Standard Chartered A/c XXXX3597 on 08/03/2026. Reference: 514437711","₹ -> CURRENCY; 4,999 -> AMOUNT; Jio -> MERCHANT; withdrawn -> TRANSACTION_TYPE; Net Banking -> MODE; Standard Chartered -> BANK; XXXX3597 -> ACCOUNT_SUFFIX; 08/03/2026 -> DATE; 514437711 -> REFERENCE"
"Payment of Rs.7,599 to Uber was credited via Debit Card from Chase A/c XXXX2007 on 27-May-2026. Reference: 196447209543","Rs. -> CURRENCY; 7,599 -> AMOUNT; Uber -> MERCHANT; credited -> TRANSACTION_TYPE; Debit Card -> MODE; Chase -> BANK; XXXX2007 -> ACCOUNT_SUFFIX; 27-May-2026 -> DATE; 196447209543 -> REFERENCE"
"Payment of Rs.1,050 to Ola was debited via UPI from Chase A/c XX8308 on 01/10/2026. Reference: TXN46393","Rs. -> CURRENCY; 1,050 -> AMOUNT; Ola -> MERCHANT; debited -> TRANSACTION_TYPE; UPI -> MODE; Chase -> BANK; XX8308 -> ACCOUNT_SUFFIX; 01/10/2026 -> DATE; TXN46393 -> REFERENCE"
"refunded: INR8,299 using Debit Card at IRCTC. HSBC A/c XXXX3923 Ref No 455739364812. Date: 01/09/2026","refunded -> TRANSACTION_TYPE; INR -> CURRENCY; 8,299 -> AMOUNT; Debit Card -> MODE; IRCTC -> MERCHANT; HSBC -> BANK; XXXX3923 -> ACCOUNT_SUFFIX; 455739364812 -> REFERENCE; 01/09/2026 -> DATE"
"Alert: Rs.7,400 spent via IMPS from IDBI Bank A/c XXXX5430 on Jul 25, 2026. Merchant: Amazon. Ref: REF7RV85M","Rs. -> CURRENCY; 7,400 -> AMOUNT; spent -> TRANSACTION_TYPE; IMPS -> MODE; IDBI Bank -> BANK; XXXX5430 -> ACCOUNT_SUFFIX; Jul 25, 2026 -> DATE; Amazon -> MERCHANT; REF7RV85M -> REFERENCE"
"refunded: Rs.3,000 using NEFT at Myntra. PNB A/c xx8058 Ref No 908824646. Date: Sep 2, 2026","refunded -> TRANSACTION_TYPE; Rs. -> CURRENCY; 3,000 -> AMOUNT; NEFT -> MODE; Myntra -> MERCHANT; PNB -> BANK; xx8058 -> ACCOUNT_SUFFIX; 908824646 -> REFERENCE; Sep 2, 2026 -> DATE"
HSBC Alert: Rs.300 deposited at Myntra using RTGS (A/c XXXX9058) on 22/04/2026. Txn Ref 448182469863,HSBC -> BANK; Rs. -> CURRENCY; 300 -> AMOUNT; deposited -> TRANSACTION_TYPE; Myntra -> MERCHANT; RTGS -> MODE; XXXX9058 -> ACCOUNT_SUFFIX; 22/04/2026 -> DATE; 448182469863 -> REFERENCE
"Alert: Rs.3,100 credited via Net Banking from IDBI Bank A/c XXXX2959 on Jan 6, 2026. Merchant: Reliance Digital. Ref: 1166453715","Rs. -> CURRENCY; 3,100 -> AMOUNT; credited -> TRANSACTION_TYPE; Net Banking -> MODE; IDBI Bank -> BANK; XXXX2959 -> ACCOUNT_SUFFIX; Jan 6, 2026 -> DATE; Reliance Digital -> MERCHANT; 1166453715 -> REFERENCE"
"Dear Customer, ₹7,900 has been spent to your PNB account XXXX2707 through NEFT on 12/01/2026. Ref No: REF3MJXMH","₹ -> CURRENCY; 7,900 -> AMOUNT; spent -> TRANSACTION_TYPE; PNB -> BANK; XXXX2707 -> ACCOUNT_SUFFIX; NEFT -> MODE; 12/01/2026 -> DATE; REF3MJXMH -> REFERENCE"
"deposited: INR1,300 using Net Banking at McDonald's. Chase A/c XXXX8072 Ref No REF6NCOX1. Date: 28-Sep-2026","deposited -> TRANSACTION_TYPE; INR -> CURRENCY; 1,300 -> AMOUNT; Net Banking -> MODE; McDonald's -> MERCHANT; Chase -> BANK; XXXX8072 -> ACCOUNT_SUFFIX; REF6NCOX1 -> REFERENCE; 28-Sep-2026 -> DATE"
Your Canara Bank account XXXX5273 was paid with ₹400 at Reliance Digital via Net Banking on 15-Dec-2026. Transaction Ref TXN22894,Canara Bank -> BANK; XXXX5273 -> ACCOUNT_SUFFIX; paid -> TRANSACTION_TYPE; ₹ -> CURRENCY; 400 -> AMOUNT; Reliance Digital -> MERCHANT; Net Banking -> MODE; 15-Dec-2026 -> DATE; TXN22894 -> REFERENCE
"Your NEFT transaction of Rs.900 was refunded to Jio from HSBC A/c xx3375 on Jan 20, 2026. Ref: REFOBT5XK","NEFT -> MODE; Rs. -> CURRENCY; 900 -> AMOUNT; refunded -> TRANSACTION_TYPE; Jio -> MERCHANT; HSBC -> BANK; xx3375 -> ACCOUNT_SUFFIX; Jan 20, 2026 -> DATE; REFOBT5XK -> REFERENCE"
"Alert: INR2,950 deducted via Credit Card from IDBI Bank A/c xx2080 on 24/07/2026. Merchant: Croma. Ref: 393524898","INR -> CURRENCY; 2,950 -> AMOUNT; deducted -> TRANSACTION_TYPE; Credit Card -> MODE; IDBI Bank -> BANK; xx2080 -> ACCOUNT_SUFFIX; 24/07/2026 -> DATE; Croma -> MERCHANT; 393524898 -> REFERENCE"
"received: ₹8,500 using UPI at BigBasket. HSBC A/c XX2096 Ref No 605701288221. Date: Aug 17, 2026","received -> TRANSACTION_TYPE; ₹ -> CURRENCY; 8,500 -> AMOUNT; UPI -> MODE; BigBasket -> MERCHANT; HSBC -> BANK; XX2096 -> ACCOUNT_SUFFIX; 605701288221 -> REFERENCE; Aug 17, 2026 -> DATE"
"Your Standard Chartered account XXXX3362 was credited with Rs.4,599 at Myntra via ATM on 07-Aug-2026. Transaction Ref 919367119","Standard Chartered -> BANK; XXXX3362 -> ACCOUNT_SUFFIX; credited -> TRANSACTION_TYPE; Rs. -> CURRENCY; 4,599 -> AMOUNT; Myntra -> MERCHANT; ATM -> MODE; 07-Aug-2026 -> DATE; 919367119 -> REFERENCE"
"Chase Alert: INR4,050 withdrawn at Amazon using Credit Card (A/c XXXX3509) on 08-May-2026. Txn Ref REFXRW3RI","Chase -> BANK; INR -> CURRENCY; 4,050 -> AMOUNT; withdrawn -> TRANSACTION_TYPE; Amazon -> MERCHANT; Credit Card -> MODE; XXXX3509 -> ACCOUNT_SUFFIX; 08-May-2026 -> DATE; REFXRW3RI -> REFERENCE"
"Alert: Rs.8,900 debited via Debit Card from HSBC A/c xx3431 on 15/08/2026. Merchant: Walmart. Ref: TXN39180","Rs. -> CURRENCY; 8,900 -> AMOUNT; debited -> TRANSACTION_TYPE; Debit Card -> MODE; HSBC -> BANK; xx3431 -> ACCOUNT_SUFFIX; 15/08/2026 -> DATE; Walmart -> MERCHANT; TXN39180 -> REFERENCE"
"Your RTGS transaction of ₹8,050 was debited to Apple Store from Yes Bank A/c XXXX7794 on 15-Mar-2026. Ref: 3306403561","RTGS -> MODE; ₹ -> CURRENCY; 8,050 -> AMOUNT; debited -> TRANSACTION_TYPE; Apple Store -> MERCHANT; Yes Bank -> BANK; XXXX7794 -> ACCOUNT_SUFFIX; 15-Mar-2026 -> DATE; 3306403561 -> REFERENCE"
"Payment of Rs.8,750 to Croma was credited via ATM from HSBC A/c XXXX5770 on 02/06/2026. Reference: 454027106","Rs. -> CURRENCY; 8,750 -> AMOUNT; Croma -> MERCHANT; credited -> TRANSACTION_TYPE; ATM -> MODE; HSBC -> BANK; XXXX5770 -> ACCOUNT_SUFFIX; 02/06/2026 -> DATE; 454027106 -> REFERENCE"
"Your Kotak Mahindra account XX1781 was debited with ₹6,000 at Zomato via RTGS on Dec 6, 2026. Transaction Ref 144492388","Kotak Mahindra -> BANK; XX1781 -> ACCOUNT_SUFFIX; debited -> TRANSACTION_TYPE; ₹ -> CURRENCY; 6,000 -> AMOUNT; Zomato -> MERCHANT; RTGS -> MODE; Dec 6, 2026 -> DATE; 144492388 -> REFERENCE"
"Alert: INR5,599 refunded via IMPS from IDBI Bank A/c XXXX4500 on 07/02/2026. Merchant: IRCTC. Ref: 343671364","INR -> CURRENCY; 5,599 -> AMOUNT; refunded -> TRANSACTION_TYPE; IMPS -> MODE; IDBI Bank -> BANK; XXXX4500 -> ACCOUNT_SUFFIX; 07/02/2026 -> DATE; IRCTC -> MERCHANT; 343671364 -> REFERENCE"
"Your Standard Chartered account XX7435 was deducted with ₹5,550 at Swiggy via UPI on 16-Jul-2026. Transaction Ref REFB0M8VL","Standard Chartered -> BANK; XX7435 -> ACCOUNT_SUFFIX; deducted -> TRANSACTION_TYPE; ₹ -> CURRENCY; 5,550 -> AMOUNT; Swiggy -> MERCHANT; UPI -> MODE; 16-Jul-2026 -> DATE; REFB0M8VL -> REFERENCE"
"Payment of ₹6,250 to Uber was deposited via IMPS from Bank of America A/c xx7320 on 04/12/2026. Reference: 117115060994","₹ -> CURRENCY; 6,250 -> AMOUNT; Uber -> MERCHANT; deposited -> TRANSACTION_TYPE; IMPS -> MODE; Bank of America -> BANK; xx7320 -> ACCOUNT_SUFFIX; 04/12/2026 -> DATE; 117115060994 -> REFERENCE"
"Dear Customer, ₹8,900 has been paid to your Bank of America account xx7509 through Net Banking on Feb 28, 2026. Ref No: REF9VAXDA","₹ -> CURRENCY; 8,900 -> AMOUNT; paid -> TRANSACTION_TYPE; Bank of America -> BANK; xx7509 -> ACCOUNT_SUFFIX; Net Banking -> MODE; Feb 28, 2026 -> DATE; REF9VAXDA -> REFERENCE"
Payment of INR250 to Apple Store was debited via UPI from Yes Bank A/c xx1182 on 02/01/2026. Reference: REFOVPVFR,INR -> CURRENCY; 250 -> AMOUNT; Apple Store -> MERCHANT; debited -> TRANSACTION_TYPE; UPI -> MODE; Yes Bank -> BANK; xx1182 -> ACCOUNT_SUFFIX; 02/01/2026 -> DATE; REFOVPVFR -> REFERENCE
"IDBI Bank Alert: INR600 deducted at Amazon using UPI (A/c XXXX1027) on Jun 24, 2026. Txn Ref 117238490444","IDBI Bank -> BANK; INR -> CURRENCY; 600 -> AMOUNT; deducted -> TRANSACTION_TYPE; Amazon -> MERCHANT; UPI -> MODE; XXXX1027 -> ACCOUNT_SUFFIX; Jun 24, 2026 -> DATE; 117238490444 -> REFERENCE"
"Dear Customer, INR150 has been refunded to your Yes Bank account XXXX9215 through Net Banking on 27/11/2026. Ref No: 1354631755",INR -> CURRENCY; 150 -> AMOUNT; refunded -> TRANSACTION_TYPE; Yes Bank -> BANK; XXXX9215 -> ACCOUNT_SUFFIX; Net Banking -> MODE; 27/11/2026 -> DATE; 1354631755 -> REFERENCE
"Rs.9,399 credited from PNB A/c XX8320 via UPI to Apple Store on 24/07/2026. Ref: 269073626225","Rs. -> CURRENCY; 9,399 -> AMOUNT; credited -> TRANSACTION_TYPE; PNB -> BANK; XX8320 -> ACCOUNT_SUFFIX; UPI -> MODE; Apple Store -> MERCHANT; 24/07/2026 -> DATE; 269073626225 -> REFERENCE"
"Alert: Rs.4,500 debited via ATM from Canara Bank A/c xx9601 on Aug 28, 2026. Merchant: Netflix. Ref: 762233841","Rs. -> CURRENCY; 4,500 -> AMOUNT; debited -> TRANSACTION_TYPE; ATM -> MODE; Canara Bank -> BANK; xx9601 -> ACCOUNT_SUFFIX; Aug 28, 2026 -> DATE; Netflix -> MERCHANT; 762233841 -> REFERENCE"
"Alert: Rs.6,399 debited via ATM from IDBI Bank A/c XXXX4672 on Jan 18, 2026. Merchant: BigBasket. Ref: TXN41747","Rs. -> CURRENCY; 6,399 -> AMOUNT; debited -> TRANSACTION_TYPE; ATM -> MODE; IDBI Bank -> BANK; XXXX4672 -> ACCOUNT_SUFFIX; Jan 18, 2026 -> DATE; BigBasket -> MERCHANT; TXN41747 -> REFERENCE"
"Dear Customer, ₹1,800 has been spent to your Axis Bank account XX7957 through RTGS on Jan 1, 2026. Ref No: 543693958","₹ -> CURRENCY; 1,800 -> AMOUNT; spent -> TRANSACTION_TYPE; Axis Bank -> BANK; XX7957 -> ACCOUNT_SUFFIX; RTGS -> MODE; Jan 1, 2026 -> DATE; 543693958 -> REFERENCE"
Alert: ₹150 credited via NEFT from Canara Bank A/c XXXX4732 on 08/05/2026. Merchant: Swiggy. Ref: 9104387771,₹ -> CURRENCY; 150 -> AMOUNT; credited -> TRANSACTION_TYPE; NEFT -> MODE; Canara Bank -> BANK; XXXX4732 -> ACCOUNT_SUFFIX; 08/05/2026 -> DATE; Swiggy -> MERCHANT; 9104387771 -> REFERENCE
"Your Debit Card transaction of INR6,250 was refunded to Swiggy from PNB A/c XXXX5857 on 01-Jan-2026. Ref: REFPTLELL","Debit Card -> MODE; INR -> CURRENCY; 6,250 -> AMOUNT; refunded -> TRANSACTION_TYPE; Swiggy -> MERCHANT; PNB -> BANK; XXXX5857 -> ACCOUNT_SUFFIX; 01-Jan-2026 -> DATE; REFPTLELL -> REFERENCE"
"₹2,400 deducted from IDBI Bank A/c xx1959 via Debit Card to McDonald's on 06-Nov-2026. Ref: 311446715","₹ -> CURRENCY; 2,400 -> AMOUNT; deducted -> TRANSACTION_TYPE; IDBI Bank -> BANK; xx1959 -> ACCOUNT_SUFFIX; Debit Card -> MODE; McDonald's -> MERCHANT; 06-Nov-2026 -> DATE; 311446715 -> REFERENCE"
"Chase Alert: ₹700 refunded at Airtel using UPI (A/c XXXX1761) on Apr 9, 2026. Txn Ref 266782724101","Chase -> BANK; ₹ -> CURRENCY; 700 -> AMOUNT; refunded -> TRANSACTION_TYPE; Airtel -> MERCHANT; UPI -> MODE; XXXX1761 -> ACCOUNT_SUFFIX; Apr 9, 2026 -> DATE; 266782724101 -> REFERENCE"
"Payment of INR3,299 to Croma was deposited via Net Banking from Canara Bank A/c XXXX3309 on 19/05/2026. Reference: TXN17327","INR -> CURRENCY; 3,299 -> AMOUNT; Croma -> MERCHANT; deposited -> TRANSACTION_TYPE; Net Banking -> MODE; Canara Bank -> BANK; XXXX3309 -> ACCOUNT_SUFFIX; 19/05/2026 -> DATE; TXN17327 -> REFERENCE"
"Your Kotak Mahindra account XXXX6727 was deposited with ₹5,800 at Swiggy via IMPS on 15/02/2026. Transaction Ref REFF27A1X","Kotak Mahindra -> BANK; XXXX6727 -> ACCOUNT_SUFFIX; deposited -> TRANSACTION_TYPE; ₹ -> CURRENCY; 5,800 -> AMOUNT; Swiggy -> MERCHANT; IMPS -> MODE; 15/02/2026 -> DATE; REFF27A1X -> REFERENCE"
"Alert: Rs.4,650 deducted via Net Banking from SBI A/c XX9657 on Jan 12, 2026. Merchant: Flipkart. Ref: 303969379006","Rs. -> CURRENCY; 4,650 -> AMOUNT; deducted -> TRANSACTION_TYPE; Net Banking -> MODE; SBI -> BANK; XX9657 -> ACCOUNT_SUFFIX; Jan 12, 2026 -> DATE; Flipkart -> MERCHANT; 303969379006 -> REFERENCE"
"Payment of ₹7,900 to Starbucks was withdrawn via IMPS from ICICI Bank A/c xx5742 on 09-Jul-2026. Reference: TXN21919","₹ -> CURRENCY; 7,900 -> AMOUNT; Starbucks -> MERCHANT; withdrawn -> TRANSACTION_TYPE; IMPS -> MODE; ICICI Bank -> BANK; xx5742 -> ACCOUNT_SUFFIX; 09-Jul-2026 -> DATE; TXN21919 -> REFERENCE"
"Your Chase account XX2399 was refunded with ₹5,400 at Myntra via IMPS on Oct 9, 2026. Transaction Ref TXN43239","Chase -> BANK; XX2399 -> ACCOUNT_SUFFIX; refunded -> TRANSACTION_TYPE; ₹ -> CURRENCY; 5,400 -> AMOUNT; Myntra -> MERCHANT; IMPS -> MODE; Oct 9, 2026 -> DATE; TXN43239 -> REFERENCE"
"refunded: INR4,550 using Credit Card at Croma. HSBC A/c xx4100 Ref No 6138786777. Date: 09/03/2026","refunded -> TRANSACTION_TYPE; INR -> CURRENCY; 4,550 -> AMOUNT; Credit Card -> MODE; Croma -> MERCHANT; HSBC -> BANK; xx4100 -> ACCOUNT_SUFFIX; 6138786777 -> REFERENCE; 09/03/2026 -> DATE"
"₹9,150 credited from PNB A/c XX3072 via IMPS to Uber on Jul 18, 2026. Ref: 265516316","₹ -> CURRENCY; 9,150 -> AMOUNT; credited -> TRANSACTION_TYPE; PNB -> BANK; XX3072 -> ACCOUNT_SUFFIX; IMPS -> MODE; Uber -> MERCHANT; Jul 18, 2026 -> DATE; 265516316 -> REFERENCE"
"Rs.4,399 received from PNB A/c XXXX5711 via Net Banking to Starbucks on Mar 18, 2026. Ref: 617048902","Rs. -> CURRENCY; 4,399 -> AMOUNT; received -> TRANSACTION_TYPE; PNB -> BANK; XXXX5711 -> ACCOUNT_SUFFIX; Net Banking -> MODE; Starbucks -> MERCHANT; Mar 18, 2026 -> DATE; 617048902 -> REFERENCE"
Alert: Rs.199 refunded via Debit Card from HSBC A/c XXXX7880 on 05/10/2026. Merchant: BigBasket. Ref: 176989553,Rs. -> CURRENCY; 199 -> AMOUNT; refunded -> TRANSACTION_TYPE; Debit Card -> MODE; HSBC -> BANK; XXXX7880 -> ACCOUNT_SUFFIX; 05/10/2026 -> DATE; BigBasket -> MERCHANT; 176989553 -> REFERENCE
"Your IDBI Bank account XX6538 was received with ₹7,550 at Walmart via RTGS on Jul 15, 2026. Transaction Ref 2831242415","IDBI Bank -> BANK; XX6538 -> ACCOUNT_SUFFIX; received -> TRANSACTION_TYPE; ₹ -> CURRENCY; 7,550 -> AMOUNT; Walmart -> MERCHANT; RTGS -> MODE; Jul 15, 2026 -> DATE; 2831242415 -> REFERENCE"
"Standard Chartered Alert: ₹3,350 received at Walmart using UPI (A/c xx4663) on 24-Feb-2026. Txn Ref 920877374","Standard Chartered -> BANK; ₹ -> CURRENCY; 3,350 -> AMOUNT; received -> TRANSACTION_TYPE; Walmart -> MERCHANT; UPI -> MODE; xx4663 -> ACCOUNT_SUFFIX; 24-Feb-2026 -> DATE; 920877374 -> REFERENCE"
"Rs.4,750 deducted from Axis Bank A/c XXXX8549 via Credit Card to Netflix on Sep 6, 2026. Ref: 441201034863","Rs. -> CURRENCY; 4,750 -> AMOUNT; deducted -> TRANSACTION_TYPE; Axis Bank -> BANK; XXXX8549 -> ACCOUNT_SUFFIX; Credit Card -> MODE; Netflix -> MERCHANT; Sep 6, 2026 -> DATE; 441201034863 -> REFERENCE"
"Your Credit Card transaction of ₹4,250 was paid to Zomato from HSBC A/c XX8905 on 14/08/2026. Ref: REF88IRYW","Credit Card -> MODE; ₹ -> CURRENCY; 4,250 -> AMOUNT; paid -> TRANSACTION_TYPE; Zomato -> MERCHANT; HSBC -> BANK; XX8905 -> ACCOUNT_SUFFIX; 14/08/2026 -> DATE; REF88IRYW -> REFERENCE"
"INR3,600 credited from ICICI Bank A/c XXXX5031 via IMPS to Myntra on 13-Feb-2026. Ref: 984816048","INR -> CURRENCY; 3,600 -> AMOUNT; credited -> TRANSACTION_TYPE; ICICI Bank -> BANK; XXXX5031 -> ACCOUNT_SUFFIX; IMPS -> MODE; Myntra -> MERCHANT; 13-Feb-2026 -> DATE; 984816048 -> REFERENCE"
"Your IMPS transaction of INR1,350 was deposited to Croma from HDFC Bank A/c XX3719 on 23-Jun-2026. Ref: 814083723","IMPS -> MODE; INR -> CURRENCY; 1,350 -> AMOUNT; deposited -> TRANSACTION_TYPE; Croma -> MERCHANT; HDFC Bank -> BANK; XX3719 -> ACCOUNT_SUFFIX; 23-Jun-2026 -> DATE; 814083723 -> REFERENCE"
"Alert: Rs.8,750 withdrawn via NEFT from HSBC A/c XX7629 on 25-May-2026. Merchant: Reliance Digital. Ref: 1762328264","Rs. -> CURRENCY; 8,750 -> AMOUNT; withdrawn -> TRANSACTION_TYPE; NEFT -> MODE; HSBC -> BANK; XX7629 -> ACCOUNT_SUFFIX; 25-May-2026 -> DATE; Reliance Digital -> MERCHANT; 1762328264 -> REFERENCE"
"credited: ₹2,100 using Net Banking at Croma. Axis Bank A/c xx7248 Ref No 4565989293. Date: Jul 27, 2026","credited -> TRANSACTION_TYPE; ₹ -> CURRENCY; 2,100 -> AMOUNT; Net Banking -> MODE; Croma -> MERCHANT; Axis Bank -> BANK; xx7248 -> ACCOUNT_SUFFIX; 4565989293 -> REFERENCE; Jul 27, 2026 -> DATE"
"debited: INR1,150 using ATM at Domino's. HDFC Bank A/c XXXX9134 Ref No REFB6ICIK. Date: Aug 20, 2026","debited -> TRANSACTION_TYPE; INR -> CURRENCY; 1,150 -> AMOUNT; ATM -> MODE; Domino's -> MERCHANT; HDFC Bank -> BANK; XXXX9134 -> ACCOUNT_SUFFIX; REFB6ICIK -> REFERENCE; Aug 20, 2026 -> DATE"
"Alert: INR3,600 spent via NEFT from SBI A/c xx9577 on 06-Aug-2026. Merchant: Netflix. Ref: 811665553890","INR -> CURRENCY; 3,600 -> AMOUNT; spent -> TRANSACTION_TYPE; NEFT -> MODE; SBI -> BANK; xx9577 -> ACCOUNT_SUFFIX; 06-Aug-2026 -> DATE; Netflix -> MERCHANT; 811665553890 -> REFERENCE"
"Dear Customer, Rs.5,100 has been credited to your IDBI Bank account xx1991 through NEFT on 09-Aug-2026. Ref No: 713164162","Rs. -> CURRENCY; 5,100 -> AMOUNT; credited -> TRANSACTION_TYPE; IDBI Bank -> BANK; xx1991 -> ACCOUNT_SUFFIX; NEFT -> MODE; 09-Aug-2026 -> DATE; 713164162 -> REFERENCE"
"Alert: Rs.4,350 received via UPI from Bank of America A/c xx3737 on 11/08/2026. Merchant: Domino's. Ref: 234050614512","Rs. -> CURRENCY; 4,350 -> AMOUNT; received -> TRANSACTION_TYPE; UPI -> MODE; Bank of America -> BANK; xx3737 -> ACCOUNT_SUFFIX; 11/08/2026 -> DATE; Domino's -> MERCHANT; 234050614512 -> REFERENCE"
"Your Yes Bank account xx8790 was deposited with Rs.7,750 at Walmart via NEFT on 23-Jul-2026. Transaction Ref 914456716","Yes Bank -> BANK; xx8790 -> ACCOUNT_SUFFIX; deposited -> TRANSACTION_TYPE; Rs. -> CURRENCY; 7,750 -> AMOUNT; Walmart -> MERCHANT; NEFT -> MODE; 23-Jul-2026 -> DATE; 914456716 -> REFERENCE"
"Citibank Alert: Rs.4,399 debited at Uber using IMPS (A/c XX2340) on Oct 1, 2026. Txn Ref 3903948641","Citibank -> BANK; Rs. -> CURRENCY; 4,399 -> AMOUNT; debited -> TRANSACTION_TYPE; Uber -> MERCHANT; IMPS -> MODE; XX2340 -> ACCOUNT_SUFFIX; Oct 1, 2026 -> DATE; 3903948641 -> REFERENCE"
"Your Yes Bank account XXXX5002 was received with Rs.8,699 at Myntra via RTGS on 12-Apr-2026. Transaction Ref TXN59761","Yes Bank -> BANK; XXXX5002 -> ACCOUNT_SUFFIX; received -> TRANSACTION_TYPE; Rs. -> CURRENCY; 8,699 -> AMOUNT; Myntra -> MERCHANT; RTGS -> MODE; 12-Apr-2026 -> DATE; TXN59761 -> REFERENCE"
"Kotak Mahindra Alert: ₹3,099 refunded at Ola using NEFT (A/c XX7928) on 28/05/2026. Txn Ref REFIEXVAI","Kotak Mahindra -> BANK; ₹ -> CURRENCY; 3,099 -> AMOUNT; refunded -> TRANSACTION_TYPE; Ola -> MERCHANT; NEFT -> MODE; XX7928 -> ACCOUNT_SUFFIX; 28/05/2026 -> DATE; REFIEXVAI -> REFERENCE"
"Dear Customer, Rs.899 has been refunded to your Standard Chartered account xx2277 through RTGS on Apr 24, 2026. Ref No: 867076704","Rs. -> CURRENCY; 899 -> AMOUNT; refunded -> TRANSACTION_TYPE; Standard Chartered -> BANK; xx2277 -> ACCOUNT_SUFFIX; RTGS -> MODE; Apr 24, 2026 -> DATE; 867076704 -> REFERENCE"
"Your Kotak Mahindra account XX7001 was withdrawn with INR2,999 at Apple Store via Credit Card on 02/04/2026. Transaction Ref 1735956565","Kotak Mahindra -> BANK; XX7001 -> ACCOUNT_SUFFIX; withdrawn -> TRANSACTION_TYPE; INR -> CURRENCY; 2,999 -> AMOUNT; Apple Store -> MERCHANT; Credit Card -> MODE; 02/04/2026 -> DATE; 1735956565 -> REFERENCE"
Payment of Rs.150 to Flipkart was received via NEFT from Axis Bank A/c XXXX8216 on 07/11/2026. Reference: 2982434721,Rs. -> CURRENCY; 150 -> AMOUNT; Flipkart -> MERCHANT; received -> TRANSACTION_TYPE; NEFT -> MODE; Axis Bank -> BANK; XXXX8216 -> ACCOUNT_SUFFIX; 07/11/2026 -> DATE; 2982434721 -> REFERENCE
"Your Canara Bank account XXXX3636 was withdrawn with ₹1,450 at Jio via Credit Card on 01-Feb-2026. Transaction Ref TXN97925","Canara Bank -> BANK; XXXX3636 -> ACCOUNT_SUFFIX; withdrawn -> TRANSACTION_TYPE; ₹ -> CURRENCY; 1,450 -> AMOUNT; Jio -> MERCHANT; Credit Card -> MODE; 01-Feb-2026 -> DATE; TXN97925 -> REFERENCE"
"SBI Alert: Rs.1,800 credited at Uber using UPI (A/c xx4976) on 16/03/2026. Txn Ref 3925212094","SBI -> BANK; Rs. -> CURRENCY; 1,800 -> AMOUNT; credited -> TRANSACTION_TYPE; Uber -> MERCHANT; UPI -> MODE; xx4976 -> ACCOUNT_SUFFIX; 16/03/2026 -> DATE; 3925212094 -> REFERENCE"
"credited: ₹8,200 using Credit Card at BigBasket. IDBI Bank A/c XX2490 Ref No 537888354. Date: 16/04/2026","credited -> TRANSACTION_TYPE; ₹ -> CURRENCY; 8,200 -> AMOUNT; Credit Card -> MODE; BigBasket -> MERCHANT; IDBI Bank -> BANK; XX2490 -> ACCOUNT_SUFFIX; 537888354 -> REFERENCE; 16/04/2026 -> DATE"
"received: ₹900 using ATM at Uber. IDBI Bank A/c xx8180 Ref No TXN80656. Date: Mar 12, 2026","received -> TRANSACTION_TYPE; ₹ -> CURRENCY; 900 -> AMOUNT; ATM -> MODE; Uber -> MERCHANT; IDBI Bank -> BANK; xx8180 -> ACCOUNT_SUFFIX; TXN80656 -> REFERENCE; Mar 12, 2026 -> DATE"
"debited: ₹4,900 using ATM at Domino's. Kotak Mahindra A/c XXXX8725 Ref No TXN93569. Date: Jan 21, 2026","debited -> TRANSACTION_TYPE; ₹ -> CURRENCY; 4,900 -> AMOUNT; ATM -> MODE; Domino's -> MERCHANT; Kotak Mahindra -> BANK; XXXX8725 -> ACCOUNT_SUFFIX; TXN93569 -> REFERENCE; Jan 21, 2026 -> DATE"
"Alert: INR2,350 debited via RTGS from HSBC A/c xx8716 on 17-Dec-2026. Merchant: Jio. Ref: TXN38021","INR -> CURRENCY; 2,350 -> AMOUNT; debited -> TRANSACTION_TYPE; RTGS -> MODE; HSBC -> BANK; xx8716 -> ACCOUNT_SUFFIX; 17-Dec-2026 -> DATE; Jio -> MERCHANT; TXN38021 -> REFERENCE"
"Alert: ₹1,000 paid via ATM from Chase A/c XX9587 on 26-Dec-2026. Merchant: Netflix. Ref: 6120434368","₹ -> CURRENCY; 1,000 -> AMOUNT; paid -> TRANSACTION_TYPE; ATM -> MODE; Chase -> BANK; XX9587 -> ACCOUNT_SUFFIX; 26-Dec-2026 -> DATE; Netflix -> MERCHANT; 6120434368 -> REFERENCE"
"Your NEFT transaction of INR7,799 was debited to Domino's from Chase A/c xx6124 on Dec 11, 2026. Ref: REFKGBLUE","NEFT -> MODE; INR -> CURRENCY; 7,799 -> AMOUNT; debited -> TRANSACTION_TYPE; Domino's -> MERCHANT; Chase -> BANK; xx6124 -> ACCOUNT_SUFFIX; Dec 11, 2026 -> DATE; REFKGBLUE -> REFERENCE"
"paid: INR8,399 using IMPS at Ola. Citibank A/c XX6848 Ref No TXN29870. Date: 01-Feb-2026","paid -> TRANSACTION_TYPE; INR -> CURRENCY; 8,399 -> AMOUNT; IMPS -> MODE; Ola -> MERCHANT; Citibank -> BANK; XX6848 -> ACCOUNT_SUFFIX; TXN29870 -> REFERENCE; 01-Feb-2026 -> DATE"
"INR7,300 credited from Kotak Mahindra A/c xx1032 via ATM to IRCTC on Jun 23, 2026. Ref: 7797583727","INR -> CURRENCY; 7,300 -> AMOUNT; credited -> TRANSACTION_TYPE; Kotak Mahindra -> BANK; xx1032 -> ACCOUNT_SUFFIX; ATM -> MODE; IRCTC -> MERCHANT; Jun 23, 2026 -> DATE; 7797583727 -> REFERENCE"
"INR2,850 paid from Citibank A/c XX3366 via NEFT to BookMyShow on 02-Jul-2026. Ref: 776102536","INR -> CURRENCY; 2,850 -> AMOUNT; paid -> TRANSACTION_TYPE; Citibank -> BANK; XX3366 -> ACCOUNT_SUFFIX; NEFT -> MODE; BookMyShow -> MERCHANT; 02-Jul-2026 -> DATE; 776102536 -> REFERENCE"
"Your Canara Bank account xx4252 was withdrawn with Rs.4,700 at Zomato via ATM on 19-Apr-2026. Transaction Ref TXN23321","Canara Bank -> BANK; xx4252 -> ACCOUNT_SUFFIX; withdrawn -> TRANSACTION_TYPE; Rs. -> CURRENCY; 4,700 -> AMOUNT; Zomato -> MERCHANT; ATM -> MODE; 19-Apr-2026 -> DATE; TXN23321 -> REFERENCE"
"₹1,300 received from Wells Fargo A/c XXXX2426 via Net Banking to Reliance Digital on Mar 5, 2026. Ref: 6005278090","₹ -> CURRENCY; 1,300 -> AMOUNT; received -> TRANSACTION_TYPE; Wells Fargo -> BANK; XXXX2426 -> ACCOUNT_SUFFIX; Net Banking -> MODE; Reliance Digital -> MERCHANT; Mar 5, 2026 -> DATE; 6005278090 -> REFERENCE"
"Alert: INR8,800 credited via IMPS from Axis Bank A/c XXXX1384 on Mar 9, 2026. Merchant: Flipkart. Ref: REFWTCN3F","INR -> CURRENCY; 8,800 -> AMOUNT; credited -> TRANSACTION_TYPE; IMPS -> MODE; Axis Bank -> BANK; XXXX1384 -> ACCOUNT_SUFFIX; Mar 9, 2026 -> DATE; Flipkart -> MERCHANT; REFWTCN3F -> REFERENCE"
"Alert: INR3,999 deducted via Debit Card from IDBI Bank A/c XX4692 on 05/04/2026. Merchant: Starbucks. Ref: TXN23902","INR -> CURRENCY; 3,999 -> AMOUNT; deducted -> TRANSACTION_TYPE; Debit Card -> MODE; IDBI Bank -> BANK; XX4692 -> ACCOUNT_SUFFIX; 05/04/2026 -> DATE; Starbucks -> MERCHANT; TXN23902 -> REFERENCE"
"Rs.3,050 deposited from Chase A/c XXXX7737 via IMPS to Myntra on 28-Jun-2026. Ref: 935326304193","Rs. -> CURRENCY; 3,050 -> AMOUNT; deposited -> TRANSACTION_TYPE; Chase -> BANK; XXXX7737 -> ACCOUNT_SUFFIX; IMPS -> MODE; Myntra -> MERCHANT; 28-Jun-2026 -> DATE; 935326304193 -> REFERENCE"
"Alert: Rs.9,099 deposited via Credit Card from SBI A/c xx8104 on Jun 1, 2026. Merchant: IRCTC. Ref: 359109975267","Rs. -> CURRENCY; 9,099 -> AMOUNT; deposited -> TRANSACTION_TYPE; Credit Card -> MODE; SBI -> BANK; xx8104 -> ACCOUNT_SUFFIX; Jun 1, 2026 -> DATE; IRCTC -> MERCHANT; 359109975267 -> REFERENCE"
"₹4,099 received from HDFC Bank A/c XXXX9775 via Net Banking to Reliance Digital on 22/01/2026. Ref: 7221588912","₹ -> CURRENCY; 4,099 -> AMOUNT; received -> TRANSACTION_TYPE; HDFC Bank -> BANK; XXXX9775 -> ACCOUNT_SUFFIX; Net Banking -> MODE; Reliance Digital -> MERCHANT; 22/01/2026 -> DATE; 7221588912 -> REFERENCE"
"INR3,950 deducted from Axis Bank A/c xx1380 via NEFT to Uber on Apr 12, 2026. Ref: TXN95724","INR -> CURRENCY; 3,950 -> AMOUNT; deducted -> TRANSACTION_TYPE; Axis Bank -> BANK; xx1380 -> ACCOUNT_SUFFIX; NEFT -> MODE; Uber -> MERCHANT; Apr 12, 2026 -> DATE; TXN95724 -> REFERENCE"
"withdrawn: ₹8,799 using Debit Card at Walmart. ICICI Bank A/c XX2925 Ref No 333015708801. Date: Jun 28, 2026","withdrawn -> TRANSACTION_TYPE; ₹ -> CURRENCY; 8,799 -> AMOUNT; Debit Card -> MODE; Walmart -> MERCHANT; ICICI Bank -> BANK; XX2925 -> ACCOUNT_SUFFIX; 333015708801 -> REFERENCE; Jun 28, 2026 -> DATE"
"Alert: ₹1,800 credited via IMPS from SBI A/c XX3008 on 16/09/2026. Merchant: BookMyShow. Ref: TXN55060","₹ -> CURRENCY; 1,800 -> AMOUNT; credited -> TRANSACTION_TYPE; IMPS -> MODE; SBI -> BANK; XX3008 -> ACCOUNT_SUFFIX; 16/09/2026 -> DATE; BookMyShow -> MERCHANT; TXN55060 -> REFERENCE"
"Dear Customer, Rs.6,300 has been credited to your PNB account XXXX9919 through NEFT on Feb 13, 2026. Ref No: TXN59606","Rs. -> CURRENCY; 6,300 -> AMOUNT; credited -> TRANSACTION_TYPE; PNB -> BANK; XXXX9919 -> ACCOUNT_SUFFIX; NEFT -> MODE; Feb 13, 2026 -> DATE; TXN59606 -> REFERENCE"
"₹7,650 withdrawn from HSBC A/c XX6689 via UPI to BookMyShow on Mar 14, 2026. Ref: TXN74311","₹ -> CURRENCY; 7,650 -> AMOUNT; withdrawn -> TRANSACTION_TYPE; HSBC -> BANK; XX6689 -> ACCOUNT_SUFFIX; UPI -> MODE; BookMyShow -> MERCHANT; Mar 14, 2026 -> DATE; TXN74311 -> REFERENCE"
"Rs.8,000 credited from Kotak Mahindra A/c XXXX5138 via RTGS to Airtel on 16-May-2026. Ref: 7928658213","Rs. -> CURRENCY; 8,000 -> AMOUNT; credited -> TRANSACTION_TYPE; Kotak Mahindra -> BANK; XXXX5138 -> ACCOUNT_SUFFIX; RTGS -> MODE; Airtel -> MERCHANT; 16-May-2026 -> DATE; 7928658213 -> REFERENCE"
Payment of ₹850 to Swiggy was received via Credit Card from PNB A/c xx5702 on 09-May-2026. Reference: 509215478833,₹ -> CURRENCY; 850 -> AMOUNT; Swiggy -> MERCHANT; received -> TRANSACTION_TYPE; Credit Card -> MODE; PNB -> BANK; xx5702 -> ACCOUNT_SUFFIX; 09-May-2026 -> DATE; 509215478833 -> REFERENCE
"Your Standard Chartered account xx5341 was deposited with ₹6,400 at Airtel via IMPS on Jun 27, 2026. Transaction Ref REF7WAO2Q","Standard Chartered -> BANK; xx5341 -> ACCOUNT_SUFFIX; deposited -> TRANSACTION_TYPE; ₹ -> CURRENCY; 6,400 -> AMOUNT; Airtel -> MERCHANT; IMPS -> MODE; Jun 27, 2026 -> DATE; REF7WAO2Q -> REFERENCE"
"Dear Customer, Rs.799 has been refunded to your Standard Chartered account xx4387 through NEFT on Mar 13, 2026. Ref No: 6821936412","Rs. -> CURRENCY; 799 -> AMOUNT; refunded -> TRANSACTION_TYPE; Standard Chartered -> BANK; xx4387 -> ACCOUNT_SUFFIX; NEFT -> MODE; Mar 13, 2026 -> DATE; 6821936412 -> REFERENCE"
"Payment of ₹7,750 to Jio was spent via Debit Card from Canara Bank A/c XX1322 on 27/08/2026. Reference: 232946935304","₹ -> CURRENCY; 7,750 -> AMOUNT; Jio -> MERCHANT; spent -> TRANSACTION_TYPE; Debit Card -> MODE; Canara Bank -> BANK; XX1322 -> ACCOUNT_SUFFIX; 27/08/2026 -> DATE; 232946935304 -> REFERENCE"
"Your Axis Bank account xx6523 was debited with Rs.3,099 at Starbucks via Net Banking on Sep 17, 2026. Transaction Ref 205792906343","Axis Bank -> BANK; xx6523 -> ACCOUNT_SUFFIX; debited -> TRANSACTION_TYPE; Rs. -> CURRENCY; 3,099 -> AMOUNT; Starbucks -> MERCHANT; Net Banking -> MODE; Sep 17, 2026 -> DATE; 205792906343 -> REFERENCE"
"refunded: Rs.6,050 using RTGS at Airtel. IDBI Bank A/c xx9148 Ref No 215730307. Date: 14/03/2026","refunded -> TRANSACTION_TYPE; Rs. -> CURRENCY; 6,050 -> AMOUNT; RTGS -> MODE; Airtel -> MERCHANT; IDBI Bank -> BANK; xx9148 -> ACCOUNT_SUFFIX; 215730307 -> REFERENCE; 14/03/2026 -> DATE"
"Dear Customer, ₹2,299 has been refunded to your Bank of America account XX1476 through Net Banking on 24/02/2026. Ref No: TXN78586","₹ -> CURRENCY; 2,299 -> AMOUNT; refunded -> TRANSACTION_TYPE; Bank of America -> BANK; XX1476 -> ACCOUNT_SUFFIX; Net Banking -> MODE; 24/02/2026 -> DATE; TXN78586 -> REFERENCE"
"INR3,100 spent from Canara Bank A/c XXXX8350 via UPI to BookMyShow on 04/03/2026. Ref: TXN17029","INR -> CURRENCY; 3,100 -> AMOUNT; spent -> TRANSACTION_TYPE; Canara Bank -> BANK; XXXX8350 -> ACCOUNT_SUFFIX; UPI -> MODE; BookMyShow -> MERCHANT; 04/03/2026 -> DATE; TXN17029 -> REFERENCE"
"INR900 paid from Standard Chartered A/c XX2549 via IMPS to Reliance Digital on May 8, 2026. Ref: 158801175","INR -> CURRENCY; 900 -> AMOUNT; paid -> TRANSACTION_TYPE; Standard Chartered -> BANK; XX2549 -> ACCOUNT_SUFFIX; IMPS -> MODE; Reliance Digital -> MERCHANT; May 8, 2026 -> DATE; 158801175 -> REFERENCE"
"Your Debit Card transaction of Rs.3,699 was refunded to Airtel from HDFC Bank A/c XX5278 on Nov 16, 2026. Ref: 2304739089","Debit Card -> MODE; Rs. -> CURRENCY; 3,699 -> AMOUNT; refunded -> TRANSACTION_TYPE; Airtel -> MERCHANT; HDFC Bank -> BANK; XX5278 -> ACCOUNT_SUFFIX; Nov 16, 2026 -> DATE; 2304739089 -> REFERENCE"
"Dear Customer, INR5,750 has been received to your Canara Bank account XXXX9545 through Net Banking on 19-Nov-2026. Ref No: 3396602408","INR -> CURRENCY; 5,750 -> AMOUNT; received -> TRANSACTION_TYPE; Canara Bank -> BANK; XXXX9545 -> ACCOUNT_SUFFIX; Net Banking -> MODE; 19-Nov-2026 -> DATE; 3396602408 -> REFERENCE"
"Your Yes Bank account XX4047 was debited with ₹1,050 at Reliance Digital via Credit Card on Sep 22, 2026. Transaction Ref 5187019329","Yes Bank -> BANK; XX4047 -> ACCOUNT_SUFFIX; debited -> TRANSACTION_TYPE; ₹ -> CURRENCY; 1,050 -> AMOUNT; Reliance Digital -> MERCHANT; Credit Card -> MODE; Sep 22, 2026 -> DATE; 5187019329 -> REFERENCE"
"Alert: INR2,999 credited via IMPS from PNB A/c XX2189 on 01/11/2026. Merchant: Amazon. Ref: 135880085411","INR -> CURRENCY; 2,999 -> AMOUNT; credited -> TRANSACTION_TYPE; IMPS -> MODE; PNB -> BANK; XX2189 -> ACCOUNT_SUFFIX; 01/11/2026 -> DATE; Amazon -> MERCHANT; 135880085411 -> REFERENCE"
"credited: Rs.8,099 using RTGS at Myntra. Standard Chartered A/c xx3924 Ref No 589857269146. Date: 15-Feb-2026","credited -> TRANSACTION_TYPE; Rs. -> CURRENCY; 8,099 -> AMOUNT; RTGS -> MODE; Myntra -> MERCHANT; Standard Chartered -> BANK; xx3924 -> ACCOUNT_SUFFIX; 589857269146 -> REFERENCE; 15-Feb-2026 -> DATE"
Rs.600 deducted from HDFC Bank A/c xx9669 via Debit Card to Ola on 18/04/2026. Ref: 993911725813,Rs. -> CURRENCY; 600 -> AMOUNT; deducted -> TRANSACTION_TYPE; HDFC Bank -> BANK; xx9669 -> ACCOUNT_SUFFIX; Debit Card -> MODE; Ola -> MERCHANT; 18/04/2026 -> DATE; 993911725813 -> REFERENCE
"Payment of Rs.1,700 to Ola was received via UPI from Citibank A/c XX1373 on 08-May-2026. Reference: 763921473","Rs. -> CURRENCY; 1,700 -> AMOUNT; Ola -> MERCHANT; received -> TRANSACTION_TYPE; UPI -> MODE; Citibank -> BANK; XX1373 -> ACCOUNT_SUFFIX; 08-May-2026 -> DATE; 763921473 -> REFERENCE"
"Alert: ₹5,800 credited via IMPS from Wells Fargo A/c xx8927 on 26-Jul-2026. Merchant: Domino's. Ref: REFENTICG","₹ -> CURRENCY; 5,800 -> AMOUNT; credited -> TRANSACTION_TYPE; IMPS -> MODE; Wells Fargo -> BANK; xx8927 -> ACCOUNT_SUFFIX; 26-Jul-2026 -> DATE; Domino's -> MERCHANT; REFENTICG -> REFERENCE"
Payment of INR299 to Amazon was debited via UPI from Wells Fargo A/c XX8555 on 26-Jun-2026. Reference: 515977658987,INR -> CURRENCY; 299 -> AMOUNT; Amazon -> MERCHANT; debited -> TRANSACTION_TYPE; UPI -> MODE; Wells Fargo -> BANK; XX8555 -> ACCOUNT_SUFFIX; 26-Jun-2026 -> DATE; 515977658987 -> REFERENCE
"Dear Customer, INR7,750 has been deducted to your Chase account XX4924 through IMPS on 13-Jan-2026. Ref No: TXN66658","INR -> CURRENCY; 7,750 -> AMOUNT; deducted -> TRANSACTION_TYPE; Chase -> BANK; XX4924 -> ACCOUNT_SUFFIX; IMPS -> MODE; 13-Jan-2026 -> DATE; TXN66658 -> REFERENCE"
"Payment of INR800 to Airtel was deposited via ATM from PNB A/c XXXX4384 on Apr 11, 2026. Reference: 2407854558","INR -> CURRENCY; 800 -> AMOUNT; Airtel -> MERCHANT; deposited -> TRANSACTION_TYPE; ATM -> MODE; PNB -> BANK; XXXX4384 -> ACCOUNT_SUFFIX; Apr 11, 2026 -> DATE; 2407854558 -> REFERENCE"
"₹1,099 spent from Citibank A/c XXXX7079 via NEFT to Myntra on 17-Oct-2026. Ref: 849828584","₹ -> CURRENCY; 1,099 -> AMOUNT; spent -> TRANSACTION_TYPE; Citibank -> BANK; XXXX7079 -> ACCOUNT_SUFFIX; NEFT -> MODE; Myntra -> MERCHANT; 17-Oct-2026 -> DATE; 849828584 -> REFERENCE"
"refunded: ₹1,600 using UPI at Myntra. Kotak Mahindra A/c XX1126 Ref No 7847865344. Date: 04-Sep-2026","refunded -> TRANSACTION_TYPE; ₹ -> CURRENCY; 1,600 -> AMOUNT; UPI -> MODE; Myntra -> MERCHANT; Kotak Mahindra -> BANK; XX1126 -> ACCOUNT_SUFFIX; 7847865344 -> REFERENCE; 04-Sep-2026 -> DATE"
"INR350 received from Wells Fargo A/c xx1543 via UPI to Airtel on Jul 17, 2026. Ref: 9932525631","INR -> CURRENCY; 350 -> AMOUNT; received -> TRANSACTION_TYPE; Wells Fargo -> BANK; xx1543 -> ACCOUNT_SUFFIX; UPI -> MODE; Airtel -> MERCHANT; Jul 17, 2026 -> DATE; 9932525631 -> REFERENCE"
Alert: ₹999 debited via Credit Card from Standard Chartered A/c xx9944 on 06-Sep-2026. Merchant: BookMyShow. Ref: 2005778849,₹ -> CURRENCY; 999 -> AMOUNT; debited -> TRANSACTION_TYPE; Credit Card -> MODE; Standard Chartered -> BANK; xx9944 -> ACCOUNT_SUFFIX; 06-Sep-2026 -> DATE; BookMyShow -> MERCHANT; 2005778849 -> REFERENCE
"Your Debit Card transaction of Rs.1,350 was deposited to Uber from Kotak Mahindra A/c XXXX5479 on 05/10/2026. Ref: 3830108388","Debit Card -> MODE; Rs. -> CURRENCY; 1,350 -> AMOUNT; deposited -> TRANSACTION_TYPE; Uber -> MERCHANT; Kotak Mahindra -> BANK; XXXX5479 -> ACCOUNT_SUFFIX; 05/10/2026 -> DATE; 3830108388 -> REFERENCE"
"Dear Customer, Rs.7,499 has been refunded to your Standard Chartered account XX1424 through Net Banking on 12/11/2026. Ref No: REFOFXM68","Rs. -> CURRENCY; 7,499 -> AMOUNT; refunded -> TRANSACTION_TYPE; Standard Chartered -> BANK; XX1424 -> ACCOUNT_SUFFIX; Net Banking -> MODE; 12/11/2026 -> DATE; REFOFXM68 -> REFERENCE"
"Alert: Rs.2,700 spent via Credit Card from ICICI Bank A/c xx8889 on 25-Feb-2026. Merchant: Amazon. Ref: 5202099856","Rs. -> CURRENCY; 2,700 -> AMOUNT; spent -> TRANSACTION_TYPE; Credit Card -> MODE; ICICI Bank -> BANK; xx8889 -> ACCOUNT_SUFFIX; 25-Feb-2026 -> DATE; Amazon -> MERCHANT; 5202099856 -> REFERENCE"
"INR4,900 paid from Wells Fargo A/c xx6369 via Net Banking to Myntra on 15-Jun-2026. Ref: 8265172715","INR -> CURRENCY; 4,900 -> AMOUNT; paid -> TRANSACTION_TYPE; Wells Fargo -> BANK; xx6369 -> ACCOUNT_SUFFIX; Net Banking -> MODE; Myntra -> MERCHANT; 15-Jun-2026 -> DATE; 8265172715 -> REFERENCE"
"Citibank Alert: Rs.3,299 deposited at BookMyShow using NEFT (A/c xx2987) on 27/12/2026. Txn Ref REFFHD3O9","Citibank -> BANK; Rs. -> CURRENCY; 3,299 -> AMOUNT; deposited -> TRANSACTION_TYPE; BookMyShow -> MERCHANT; NEFT -> MODE; xx2987 -> ACCOUNT_SUFFIX; 27/12/2026 -> DATE; REFFHD3O9 -> REFERENCE"
"Your Chase account XXXX7222 was paid with Rs.7,000 at Croma via Credit Card on 10/10/2026. Transaction Ref 9654284762","Chase -> BANK; XXXX7222 -> ACCOUNT_SUFFIX; paid -> TRANSACTION_TYPE; Rs. -> CURRENCY; 7,000 -> AMOUNT; Croma -> MERCHANT; Credit Card -> MODE; 10/10/2026 -> DATE; 9654284762 -> REFERENCE"
"Alert: Rs.8,799 refunded via ATM from Chase A/c XX7562 on 12-Dec-2026. Merchant: Reliance Digital. Ref: REFAQPP83","Rs. -> CURRENCY; 8,799 -> AMOUNT; refunded -> TRANSACTION_TYPE; ATM -> MODE; Chase -> BANK; XX7562 -> ACCOUNT_SUFFIX; 12-Dec-2026 -> DATE; Reliance Digital -> MERCHANT; REFAQPP83 -> REFERENCE"
"Your Yes Bank account XX2378 was withdrawn with Rs.8,599 at Flipkart via NEFT on 17/08/2026. Transaction Ref REFNJMOZH","Yes Bank -> BANK; XX2378 -> ACCOUNT_SUFFIX; withdrawn -> TRANSACTION_TYPE; Rs. -> CURRENCY; 8,599 -> AMOUNT; Flipkart -> MERCHANT; NEFT -> MODE; 17/08/2026 -> DATE; REFNJMOZH -> REFERENCE"
"Payment of Rs.7,350 to McDonald's was deducted via ATM from Yes Bank A/c XXXX1627 on 12-Aug-2026. Reference: TXN34673","Rs. -> CURRENCY; 7,350 -> AMOUNT; McDonald's -> MERCHANT; deducted -> TRANSACTION_TYPE; ATM -> MODE; Yes Bank -> BANK; XXXX1627 -> ACCOUNT_SUFFIX; 12-Aug-2026 -> DATE; TXN34673 -> REFERENCE"
"Dear Customer, INR3,099 has been refunded to your Bank of America account XX9442 through Debit Card on 10/03/2026. Ref No: 1514024690","INR -> CURRENCY; 3,099 -> AMOUNT; refunded -> TRANSACTION_TYPE; Bank of America -> BANK; XX9442 -> ACCOUNT_SUFFIX; Debit Card -> MODE; 10/03/2026 -> DATE; 1514024690 -> REFERENCE"
"Alert: ₹4,699 spent via NEFT from IDBI Bank A/c XX3329 on 02-Mar-2026. Merchant: Starbucks. Ref: 911799179","₹ -> CURRENCY; 4,699 -> AMOUNT; spent -> TRANSACTION_TYPE; NEFT -> MODE; IDBI Bank -> BANK; XX3329 -> ACCOUNT_SUFFIX; 02-Mar-2026 -> DATE; Starbucks -> MERCHANT; 911799179 -> REFERENCE"
"Your HDFC Bank account XXXX5566 was credited with INR3,899 at Myntra via ATM on 24/12/2026. Transaction Ref TXN41748","HDFC Bank -> BANK; XXXX5566 -> ACCOUNT_SUFFIX; credited -> TRANSACTION_TYPE; INR -> CURRENCY; 3,899 -> AMOUNT; Myntra -> MERCHANT; ATM -> MODE; 24/12/2026 -> DATE; TXN41748 -> REFERENCE"
"Kotak Mahindra Alert: ₹8,000 spent at Zomato using NEFT (A/c XXXX8409) on Dec 1, 2026. Txn Ref 464620215815","Kotak Mahindra -> BANK; ₹ -> CURRENCY; 8,000 -> AMOUNT; spent -> TRANSACTION_TYPE; Zomato -> MERCHANT; NEFT -> MODE; XXXX8409 -> ACCOUNT_SUFFIX; Dec 1, 2026 -> DATE; 464620215815 -> REFERENCE"
"Dear Customer, INR6,350 has been deposited to your Bank of America account xx9284 through Net Banking on Jan 21, 2026. Ref No: 197811976963","INR -> CURRENCY; 6,350 -> AMOUNT; deposited -> TRANSACTION_TYPE; Bank of America -> BANK; xx9284 -> ACCOUNT_SUFFIX; Net Banking -> MODE; Jan 21, 2026 -> DATE; 197811976963 -> REFERENCE"
"Your IMPS transaction of Rs.2,950 was refunded to Amazon from ICICI Bank A/c xx1886 on Mar 3, 2026. Ref: TXN73073","IMPS -> MODE; Rs. -> CURRENCY; 2,950 -> AMOUNT; refunded -> TRANSACTION_TYPE; Amazon -> MERCHANT; ICICI Bank -> BANK; xx1886 -> ACCOUNT_SUFFIX; Mar 3, 2026 -> DATE; TXN73073 -> REFERENCE"
"deposited: INR8,900 using Credit Card at Uber. SBI A/c xx7209 Ref No 518083780531. Date: Oct 22, 2026","deposited -> TRANSACTION_TYPE; INR -> CURRENCY; 8,900 -> AMOUNT; Credit Card -> MODE; Uber -> MERCHANT; SBI -> BANK; xx7209 -> ACCOUNT_SUFFIX; 518083780531 -> REFERENCE; Oct 22, 2026 -> DATE"
"Payment of INR3,399 to Jio was debited via RTGS from Axis Bank A/c xx4899 on 03/12/2026. Reference: 450939745448","INR -> CURRENCY; 3,399 -> AMOUNT; Jio -> MERCHANT; debited -> TRANSACTION_TYPE; RTGS -> MODE; Axis Bank -> BANK; xx4899 -> ACCOUNT_SUFFIX; 03/12/2026 -> DATE; 450939745448 -> REFERENCE"
"Alert: Rs.550 debited via IMPS from HDFC Bank A/c XXXX1890 on Dec 8, 2026. Merchant: Myntra. Ref: TXN42314","Rs. -> CURRENCY; 550 -> AMOUNT; debited -> TRANSACTION_TYPE; IMPS -> MODE; HDFC Bank -> BANK; XXXX1890 -> ACCOUNT_SUFFIX; Dec 8, 2026 -> DATE; Myntra -> MERCHANT; TXN42314 -> REFERENCE"
"Citibank Alert: Rs.6,899 debited at Amazon using IMPS (A/c XX1524) on 19/01/2026. Txn Ref 6159223577","Citibank -> BANK; Rs. -> CURRENCY; 6,899 -> AMOUNT; debited -> TRANSACTION_TYPE; Amazon -> MERCHANT; IMPS -> MODE; XX1524 -> ACCOUNT_SUFFIX; 19/01/2026 -> DATE; 6159223577 -> REFERENCE"
"Alert: INR8,700 spent via Credit Card from SBI A/c XXXX6527 on 21/09/2026. Merchant: Domino's. Ref: TXN21367","INR -> CURRENCY; 8,700 -> AMOUNT; spent -> TRANSACTION_TYPE; Credit Card -> MODE; SBI -> BANK; XXXX6527 -> ACCOUNT_SUFFIX; 21/09/2026 -> DATE; Domino's -> MERCHANT; TXN21367 -> REFERENCE"
"Rs.1,100 paid from ICICI Bank A/c XXXX4063 via NEFT to Netflix on 20/05/2026. Ref: 247362099","Rs. -> CURRENCY; 1,100 -> AMOUNT; paid -> TRANSACTION_TYPE; ICICI Bank -> BANK; XXXX4063 -> ACCOUNT_SUFFIX; NEFT -> MODE; Netflix -> MERCHANT; 20/05/2026 -> DATE; 247362099 -> REFERENCE"
"Your RTGS transaction of INR7,900 was credited to Netflix from Standard Chartered A/c XX1444 on 09-Oct-2026. Ref: 454186776","RTGS -> MODE; INR -> CURRENCY; 7,900 -> AMOUNT; credited -> TRANSACTION_TYPE; Netflix -> MERCHANT; Standard Chartered -> BANK; XX1444 -> ACCOUNT_SUFFIX; 09-Oct-2026 -> DATE; 454186776 -> REFERENCE"
"spent: ₹6,799 using NEFT at BookMyShow. HDFC Bank A/c XX9982 Ref No 9504620873. Date: Dec 9, 2026","spent -> TRANSACTION_TYPE; ₹ -> CURRENCY; 6,799 -> AMOUNT; NEFT -> MODE; BookMyShow -> MERCHANT; HDFC Bank -> BANK; XX9982 -> ACCOUNT_SUFFIX; 9504620873 -> REFERENCE; Dec 9, 2026 -> DATE"
"deducted: Rs.3,750 using Net Banking at Jio. Axis Bank A/c xx5987 Ref No 263496128193. Date: Sep 21, 2026","deducted -> TRANSACTION_TYPE; Rs. -> CURRENCY; 3,750 -> AMOUNT; Net Banking -> MODE; Jio -> MERCHANT; Axis Bank -> BANK; xx5987 -> ACCOUNT_SUFFIX; 263496128193 -> REFERENCE; Sep 21, 2026 -> DATE"
Alert: ₹500 credited via Net Banking from Wells Fargo A/c xx7108 on 21/10/2026. Merchant: Ola. Ref: REFUNJZ3E,₹ -> CURRENCY; 500 -> AMOUNT; credited -> TRANSACTION_TYPE; Net Banking -> MODE; Wells Fargo -> BANK; xx7108 -> ACCOUNT_SUFFIX; 21/10/2026 -> DATE; Ola -> MERCHANT; REFUNJZ3E -> REFERENCE
"Payment of Rs.9,299 to BigBasket was paid via NEFT from Citibank A/c XXXX4553 on 28/01/2026. Reference: REF71MISX","Rs. -> CURRENCY; 9,299 -> AMOUNT; BigBasket -> MERCHANT; paid -> TRANSACTION_TYPE; NEFT -> MODE; Citibank -> BANK; XXXX4553 -> ACCOUNT_SUFFIX; 28/01/2026 -> DATE; REF71MISX -> REFERENCE"
"SBI Alert: INR5,200 credited at Airtel using ATM (A/c XXXX7779) on 26-Nov-2026. Txn Ref 498500090","SBI -> BANK; INR -> CURRENCY; 5,200 -> AMOUNT; credited -> TRANSACTION_TYPE; Airtel -> MERCHANT; ATM -> MODE; XXXX7779 -> ACCOUNT_SUFFIX; 26-Nov-2026 -> DATE; 498500090 -> REFERENCE"
"Rs.3,400 withdrawn from Wells Fargo A/c xx7847 via NEFT to BigBasket on May 16, 2026. Ref: REFH0S9FQ","Rs. -> CURRENCY; 3,400 -> AMOUNT; withdrawn -> TRANSACTION_TYPE; Wells Fargo -> BANK; xx7847 -> ACCOUNT_SUFFIX; NEFT -> MODE; BigBasket -> MERCHANT; May 16, 2026 -> DATE; REFH0S9FQ -> REFERENCE"
"Your Citibank account XXXX2060 was refunded with Rs.5,099 at Uber via ATM on 23/03/2026. Transaction Ref REFZXYZAN","Citibank -> BANK; XXXX2060 -> ACCOUNT_SUFFIX; refunded -> TRANSACTION_TYPE; Rs. -> CURRENCY; 5,099 -> AMOUNT; Uber -> MERCHANT; ATM -> MODE; 23/03/2026 -> DATE; REFZXYZAN -> REFERENCE"
"₹9,050 received from PNB A/c XXXX8422 via Credit Card to McDonald's on 04/04/2026. Ref: REFX5L3MZ","₹ -> CURRENCY; 9,050 -> AMOUNT; received -> TRANSACTION_TYPE; PNB -> BANK; XXXX8422 -> ACCOUNT_SUFFIX; Credit Card -> MODE; McDonald's -> MERCHANT; 04/04/2026 -> DATE; REFX5L3MZ -> REFERENCE"
"refunded: Rs.3,900 using Credit Card at Myntra. Standard Chartered A/c xx8967 Ref No 375518995887. Date: Jan 10, 2026","refunded -> TRANSACTION_TYPE; Rs. -> CURRENCY; 3,900 -> AMOUNT; Credit Card -> MODE; Myntra -> MERCHANT; Standard Chartered -> BANK; xx8967 -> ACCOUNT_SUFFIX; 375518995887 -> REFERENCE; Jan 10, 2026 -> DATE"
"Payment of INR2,699 to Domino's was debited via NEFT from Yes Bank A/c xx4742 on 08/04/2026. Reference: TXN66632","INR -> CURRENCY; 2,699 -> AMOUNT; Domino's -> MERCHANT; debited -> TRANSACTION_TYPE; NEFT -> MODE; Yes Bank -> BANK; xx4742 -> ACCOUNT_SUFFIX; 08/04/2026 -> DATE; TXN66632 -> REFERENCE"
"Your IMPS transaction of Rs.8,750 was paid to Croma from Standard Chartered A/c XXXX6205 on Aug 22, 2026. Ref: 2383775819","IMPS -> MODE; Rs. -> CURRENCY; 8,750 -> AMOUNT; paid -> TRANSACTION_TYPE; Croma -> MERCHANT; Standard Chartered -> BANK; XXXX6205 -> ACCOUNT_SUFFIX; Aug 22, 2026 -> DATE; 2383775819 -> REFERENCE"
"Your Bank of America account XXXX1385 was deposited with INR9,400 at Ola via Debit Card on 25/10/2026. Transaction Ref TXN48401","Bank of America -> BANK; XXXX1385 -> ACCOUNT_SUFFIX; deposited -> TRANSACTION_TYPE; INR -> CURRENCY; 9,400 -> AMOUNT; Ola -> MERCHANT; Debit Card -> MODE; 25/10/2026 -> DATE; TXN48401 -> REFERENCE"
"Payment of ₹5,150 to Flipkart was refunded via Credit Card from HDFC Bank A/c XXXX4634 on 28-Dec-2026. Reference: 143257873","₹ -> CURRENCY; 5,150 -> AMOUNT; Flipkart -> MERCHANT; refunded -> TRANSACTION_TYPE; Credit Card -> MODE; HDFC Bank -> BANK; XXXX4634 -> ACCOUNT_SUFFIX; 28-Dec-2026 -> DATE; 143257873 -> REFERENCE"
"Your NEFT transaction of ₹1,499 was refunded to Myntra from HSBC A/c XXXX6661 on 15-May-2026. Ref: TXN40377","NEFT -> MODE; ₹ -> CURRENCY; 1,499 -> AMOUNT; refunded -> TRANSACTION_TYPE; Myntra -> MERCHANT; HSBC -> BANK; XXXX6661 -> ACCOUNT_SUFFIX; 15-May-2026 -> DATE; TXN40377 -> REFERENCE"
"Payment of Rs.2,299 to Amazon was received via RTGS from Wells Fargo A/c xx3808 on 05/05/2026. Reference: 675121830533","Rs. -> CURRENCY; 2,299 -> AMOUNT; Amazon -> MERCHANT; received -> TRANSACTION_TYPE; RTGS -> MODE; Wells Fargo -> BANK; xx3808 -> ACCOUNT_SUFFIX; 05/05/2026 -> DATE; 675121830533 -> REFERENCE"
"Your Bank of America account XX3299 was paid with ₹3,150 at BigBasket via RTGS on 10/08/2026. Transaction Ref 6985407777","Bank of America -> BANK; XX3299 -> ACCOUNT_SUFFIX; paid -> TRANSACTION_TYPE; ₹ -> CURRENCY; 3,150 -> AMOUNT; BigBasket -> MERCHANT; RTGS -> MODE; 10/08/2026 -> DATE; 6985407777 -> REFERENCE"
"Your IMPS transaction of Rs.8,400 was spent to Walmart from Axis Bank A/c XX8133 on May 2, 2026. Ref: 9995461368","IMPS -> MODE; Rs. -> CURRENCY; 8,400 -> AMOUNT; spent -> TRANSACTION_TYPE; Walmart -> MERCHANT; Axis Bank -> BANK; XX8133 -> ACCOUNT_SUFFIX; May 2, 2026 -> DATE; 9995461368 -> REFERENCE"
"Your UPI transaction of INR4,200 was deducted to Swiggy from Wells Fargo A/c XX3416 on 02/01/2026. Ref: TXN69958","UPI -> MODE; INR -> CURRENCY; 4,200 -> AMOUNT; deducted -> TRANSACTION_TYPE; Swiggy -> MERCHANT; Wells Fargo -> BANK; XX3416 -> ACCOUNT_SUFFIX; 02/01/2026 -> DATE; TXN69958 -> REFERENCE"
"Your NEFT transaction of INR6,399 was debited to BookMyShow from Kotak Mahindra A/c XXXX9114 on Sep 19, 2026. Ref: TXN69974","NEFT -> MODE; INR -> CURRENCY; 6,399 -> AMOUNT; debited -> TRANSACTION_TYPE; BookMyShow -> MERCHANT; Kotak Mahindra -> BANK; XXXX9114 -> ACCOUNT_SUFFIX; Sep 19, 2026 -> DATE; TXN69974 -> REFERENCE"
"Your Bank of America account XX6223 was credited with ₹3,700 at IRCTC via Debit Card on Aug 26, 2026. Transaction Ref 6096953630","Bank of America -> BANK; XX6223 -> ACCOUNT_SUFFIX; credited -> TRANSACTION_TYPE; ₹ -> CURRENCY; 3,700 -> AMOUNT; IRCTC -> MERCHANT; Debit Card -> MODE; Aug 26, 2026 -> DATE; 6096953630 -> REFERENCE"
Your Canara Bank account XXXX7357 was debited with ₹399 at Walmart via UPI on 02/05/2026. Transaction Ref 679952739563,Canara Bank -> BANK; XXXX7357 -> ACCOUNT_SUFFIX; debited -> TRANSACTION_TYPE; ₹ -> CURRENCY; 399 -> AMOUNT; Walmart -> MERCHANT; UPI -> MODE; 02/05/2026 -> DATE; 679952739563 -> REFERENCE
"spent: Rs.5,950 using Net Banking at Uber. Kotak Mahindra A/c XXXX1052 Ref No REFWWUMRD. Date: Dec 5, 2026","spent -> TRANSACTION_TYPE; Rs. -> CURRENCY; 5,950 -> AMOUNT; Net Banking -> MODE; Uber -> MERCHANT; Kotak Mahindra -> BANK; XXXX1052 -> ACCOUNT_SUFFIX; REFWWUMRD -> REFERENCE; Dec 5, 2026 -> DATE"
"received: INR1,899 using Credit Card at Starbucks. Yes Bank A/c XXXX9649 Ref No 380031978. Date: 20/09/2026","received -> TRANSACTION_TYPE; INR -> CURRENCY; 1,899 -> AMOUNT; Credit Card -> MODE; Starbucks -> MERCHANT; Yes Bank -> BANK; XXXX9649 -> ACCOUNT_SUFFIX; 380031978 -> REFERENCE; 20/09/2026 -> DATE"
"Dear Customer, ₹2,500 has been credited to your Citibank account XX1175 through UPI on 27-Aug-2026. Ref No: TXN83151","₹ -> CURRENCY; 2,500 -> AMOUNT; credited -> TRANSACTION_TYPE; Citibank -> BANK; XX1175 -> ACCOUNT_SUFFIX; UPI -> MODE; 27-Aug-2026 -> DATE; TXN83151 -> REFERENCE"
"IDBI Bank Alert: Rs.7,599 spent at Flipkart using IMPS (A/c xx9698) on 14-Jan-2026. Txn Ref REF46MYSO","IDBI Bank -> BANK; Rs. -> CURRENCY; 7,599 -> AMOUNT; spent -> TRANSACTION_TYPE; Flipkart -> MERCHANT; IMPS -> MODE; xx9698 -> ACCOUNT_SUFFIX; 14-Jan-2026 -> DATE; REF46MYSO -> REFERENCE"
"Dear Customer, Rs.7,199 has been spent to your ICICI Bank account xx4398 through UPI on 27/11/2026. Ref No: 346867427505","Rs. -> CURRENCY; 7,199 -> AMOUNT; spent -> TRANSACTION_TYPE; ICICI Bank -> BANK; xx4398 -> ACCOUNT_SUFFIX; UPI -> MODE; 27/11/2026 -> DATE; 346867427505 -> REFERENCE"
"Payment of INR9,250 to Domino's was debited via UPI from ICICI Bank A/c xx7294 on 14-Mar-2026. Reference: TXN88230","INR -> CURRENCY; 9,250 -> AMOUNT; Domino's -> MERCHANT; debited -> TRANSACTION_TYPE; UPI -> MODE; ICICI Bank -> BANK; xx7294 -> ACCOUNT_SUFFIX; 14-Mar-2026 -> DATE; TXN88230 -> REFERENCE"
"Payment of ₹8,299 to Myntra was deposited via RTGS from Kotak Mahindra A/c xx5069 on 11/08/2026. Reference: 817972926816","₹ -> CURRENCY; 8,299 -> AMOUNT; Myntra -> MERCHANT; deposited -> TRANSACTION_TYPE; RTGS -> MODE; Kotak Mahindra -> BANK; xx5069 -> ACCOUNT_SUFFIX; 11/08/2026 -> DATE; 817972926816 -> REFERENCE"
"Kotak Mahindra Alert: Rs.7,199 spent at Uber using IMPS (A/c XX7809) on Feb 16, 2026. Txn Ref REFL7IMCI","Kotak Mahindra -> BANK; Rs. -> CURRENCY; 7,199 -> AMOUNT; spent -> TRANSACTION_TYPE; Uber -> MERCHANT; IMPS -> MODE; XX7809 -> ACCOUNT_SUFFIX; Feb 16, 2026 -> DATE; REFL7IMCI -> REFERENCE"
"Alert: Rs.6,850 credited via IMPS from Standard Chartered A/c XX8948 on 02-Feb-2026. Merchant: Apple Store. Ref: REFKH9N3G","Rs. -> CURRENCY; 6,850 -> AMOUNT; credited -> TRANSACTION_TYPE; IMPS -> MODE; Standard Chartered -> BANK; XX8948 -> ACCOUNT_SUFFIX; 02-Feb-2026 -> DATE; Apple Store -> MERCHANT; REFKH9N3G -> REFERENCE"
"Alert: ₹8,700 debited via Net Banking from ICICI Bank A/c XXXX9705 on 01-Nov-2026. Merchant: Jio. Ref: REF6N9RA1","₹ -> CURRENCY; 8,700 -> AMOUNT; debited -> TRANSACTION_TYPE; Net Banking -> MODE; ICICI Bank -> BANK; XXXX9705 -> ACCOUNT_SUFFIX; 01-Nov-2026 -> DATE; Jio -> MERCHANT; REF6N9RA1 -> REFERENCE"
"Payment of Rs.8,950 to Netflix was received via NEFT from Chase A/c XXXX4944 on 02-Dec-2026. Reference: TXN46832","Rs. -> CURRENCY; 8,950 -> AMOUNT; Netflix -> MERCHANT; received -> TRANSACTION_TYPE; NEFT -> MODE; Chase -> BANK; XXXX4944 -> ACCOUNT_SUFFIX; 02-Dec-2026 -> DATE; TXN46832 -> REFERENCE"
"Dear Customer, INR3,700 has been spent to your Axis Bank account xx4472 through UPI on 09/08/2026. Ref No: 695980924001","INR -> CURRENCY; 3,700 -> AMOUNT; spent -> TRANSACTION_TYPE; Axis Bank -> BANK; xx4472 -> ACCOUNT_SUFFIX; UPI -> MODE; 09/08/2026 -> DATE; 695980924001 -> REFERENCE"
"Your Credit Card transaction of Rs.2,800 was spent to IRCTC from Wells Fargo A/c XXXX4799 on 28/04/2026. Ref: REFH5Z91C","Credit Card -> MODE; Rs. -> CURRENCY; 2,800 -> AMOUNT; spent -> TRANSACTION_TYPE; IRCTC -> MERCHANT; Wells Fargo -> BANK; XXXX4799 -> ACCOUNT_SUFFIX; 28/04/2026 -> DATE; REFH5Z91C -> REFERENCE"
"Rs.4,050 debited from HSBC A/c XX9926 via NEFT to Airtel on 15-Nov-2026. Ref: TXN79539","Rs. -> CURRENCY; 4,050 -> AMOUNT; debited -> TRANSACTION_TYPE; HSBC -> BANK; XX9926 -> ACCOUNT_SUFFIX; NEFT -> MODE; Airtel -> MERCHANT; 15-Nov-2026 -> DATE; TXN79539 -> REFERENCE"
"paid: INR4,000 using Credit Card at Amazon. Yes Bank A/c XX4263 Ref No 212793579. Date: 09-Sep-2026","paid -> TRANSACTION_TYPE; INR -> CURRENCY; 4,000 -> AMOUNT; Credit Card -> MODE; Amazon -> MERCHANT; Yes Bank -> BANK; XX4263 -> ACCOUNT_SUFFIX; 212793579 -> REFERENCE; 09-Sep-2026 -> DATE"
"Payment of INR7,400 to Uber was refunded via RTGS from Standard Chartered A/c XXXX6626 on 11/04/2026. Reference: 1187401164","INR -> CURRENCY; 7,400 -> AMOUNT; Uber -> MERCHANT; refunded -> TRANSACTION_TYPE; RTGS -> MODE; Standard Chartered -> BANK; XXXX6626 -> ACCOUNT_SUFFIX; 11/04/2026 -> DATE; 1187401164 -> REFERENCE"
"Your ATM transaction of Rs.5,100 was paid to BigBasket from Axis Bank A/c XX4446 on 01-May-2026. Ref: REFLDITY4","ATM -> MODE; Rs. -> CURRENCY; 5,100 -> AMOUNT; paid -> TRANSACTION_TYPE; BigBasket -> MERCHANT; Axis Bank -> BANK; XX4446 -> ACCOUNT_SUFFIX; 01-May-2026 -> DATE; REFLDITY4 -> REFERENCE"
"Your Debit Card transaction of INR5,599 was deposited to Uber from Axis Bank A/c xx7953 on 05/09/2026. Ref: 998706744754","Debit Card -> MODE; INR -> CURRENCY; 5,599 -> AMOUNT; deposited -> TRANSACTION_TYPE; Uber -> MERCHANT; Axis Bank -> BANK; xx7953 -> ACCOUNT_SUFFIX; 05/09/2026 -> DATE; 998706744754 -> REFERENCE"
"Your NEFT transaction of INR200 was credited to IRCTC from HSBC A/c XXXX3562 on May 11, 2026. Ref: 9575556286","NEFT -> MODE; INR -> CURRENCY; 200 -> AMOUNT; credited -> TRANSACTION_TYPE; IRCTC -> MERCHANT; HSBC -> BANK; XXXX3562 -> ACCOUNT_SUFFIX; May 11, 2026 -> DATE; 9575556286 -> REFERENCE"
"Alert: INR4,800 withdrawn via Credit Card from IDBI Bank A/c XXXX4490 on 18-Jan-2026. Merchant: Reliance Digital. Ref: TXN59225","INR -> CURRENCY; 4,800 -> AMOUNT; withdrawn -> TRANSACTION_TYPE; Credit Card -> MODE; IDBI Bank -> BANK; XXXX4490 -> ACCOUNT_SUFFIX; 18-Jan-2026 -> DATE; Reliance Digital -> MERCHANT; TXN59225 -> REFERENCE"
"Your ATM transaction of INR7,850 was received to Airtel from SBI A/c XX1607 on Feb 21, 2026. Ref: 583121625","ATM -> MODE; INR -> CURRENCY; 7,850 -> AMOUNT; received -> TRANSACTION_TYPE; Airtel -> MERCHANT; SBI -> BANK; XX1607 -> ACCOUNT_SUFFIX; Feb 21, 2026 -> DATE; 583121625 -> REFERENCE"
"Alert: INR3,950 paid via ATM from HSBC A/c xx1524 on Dec 9, 2026. Merchant: Amazon. Ref: 837393861","INR -> CURRENCY; 3,950 -> AMOUNT; paid -> TRANSACTION_TYPE; ATM -> MODE; HSBC -> BANK; xx1524 -> ACCOUNT_SUFFIX; Dec 9, 2026 -> DATE; Amazon -> MERCHANT; 837393861 -> REFERENCE"
"refunded: ₹2,050 using ATM at Flipkart. Citibank A/c xx4548 Ref No 935534862. Date: 17/07/2026","refunded -> TRANSACTION_TYPE; ₹ -> CURRENCY; 2,050 -> AMOUNT; ATM -> MODE; Flipkart -> MERCHANT; Citibank -> BANK; xx4548 -> ACCOUNT_SUFFIX; 935534862 -> REFERENCE; 17/07/2026 -> DATE"
"Standard Chartered Alert: ₹6,050 received at Walmart using RTGS (A/c xx5550) on Mar 4, 2026. Txn Ref 484015243515","Standard Chartered -> BANK; ₹ -> CURRENCY; 6,050 -> AMOUNT; received -> TRANSACTION_TYPE; Walmart -> MERCHANT; RTGS -> MODE; xx5550 -> ACCOUNT_SUFFIX; Mar 4, 2026 -> DATE; 484015243515 -> REFERENCE"
"Your SBI account xx1330 was refunded with Rs.5,050 at Reliance Digital via Debit Card on 16/02/2026. Transaction Ref 876386160150","SBI -> BANK; xx1330 -> ACCOUNT_SUFFIX; refunded -> TRANSACTION_TYPE; Rs. -> CURRENCY; 5,050 -> AMOUNT; Reliance Digital -> MERCHANT; Debit Card -> MODE; 16/02/2026 -> DATE; 876386160150 -> REFERENCE"
"Your Credit Card transaction of ₹5,850 was received to Starbucks from IDBI Bank A/c xx9053 on Jul 18, 2026. Ref: 802563018","Credit Card -> MODE; ₹ -> CURRENCY; 5,850 -> AMOUNT; received -> TRANSACTION_TYPE; Starbucks -> MERCHANT; IDBI Bank -> BANK; xx9053 -> ACCOUNT_SUFFIX; Jul 18, 2026 -> DATE; 802563018 -> REFERENCE"
"Alert: INR5,250 received via IMPS from Yes Bank A/c XX3512 on 10/02/2026. Merchant: IRCTC. Ref: TXN58189","INR -> CURRENCY; 5,250 -> AMOUNT; received -> TRANSACTION_TYPE; IMPS -> MODE; Yes Bank -> BANK; XX3512 -> ACCOUNT_SUFFIX; 10/02/2026 -> DATE; IRCTC -> MERCHANT; TXN58189 -> REFERENCE"
"Dear Customer, ₹7,799 has been paid to your Kotak Mahindra account xx4291 through Debit Card on 18-Mar-2026. Ref No: 501588428423","₹ -> CURRENCY; 7,799 -> AMOUNT; paid -> TRANSACTION_TYPE; Kotak Mahindra -> BANK; xx4291 -> ACCOUNT_SUFFIX; Debit Card -> MODE; 18-Mar-2026 -> DATE; 501588428423 -> REFERENCE"
"Payment of Rs.2,850 to Zomato was credited via Debit Card from HSBC A/c XX3266 on Jul 9, 2026. Reference: TXN46442","Rs. -> CURRENCY; 2,850 -> AMOUNT; Zomato -> MERCHANT; credited -> TRANSACTION_TYPE; Debit Card -> MODE; HSBC -> BANK; XX3266 -> ACCOUNT_SUFFIX; Jul 9, 2026 -> DATE; TXN46442 -> REFERENCE"
"Dear Customer, Rs.4,150 has been debited to your Axis Bank account XXXX4961 through ATM on Apr 28, 2026. Ref No: TXN87468","Rs. -> CURRENCY; 4,150 -> AMOUNT; debited -> TRANSACTION_TYPE; Axis Bank -> BANK; XXXX4961 -> ACCOUNT_SUFFIX; ATM -> MODE; Apr 28, 2026 -> DATE; TXN87468 -> REFERENCE"
"Your Kotak Mahindra account XXXX5070 was received with INR3,600 at Ola via Debit Card on 08/08/2026. Transaction Ref REF6HCAM4","Kotak Mahindra -> BANK; XXXX5070 -> ACCOUNT_SUFFIX; received -> TRANSACTION_TYPE; INR -> CURRENCY; 3,600 -> AMOUNT; Ola -> MERCHANT; Debit Card -> MODE; 08/08/2026 -> DATE; REF6HCAM4 -> REFERENCE"
"Dear Customer, ₹5,999 has been credited to your SBI account XXXX9314 through ATM on Nov 17, 2026. Ref No: 815764529","₹ -> CURRENCY; 5,999 -> AMOUNT; credited -> TRANSACTION_TYPE; SBI -> BANK; XXXX9314 -> ACCOUNT_SUFFIX; ATM -> MODE; Nov 17, 2026 -> DATE; 815764529 -> REFERENCE"
"Kotak Mahindra Alert: INR7,700 received at Flipkart using RTGS (A/c xx8782) on Jul 25, 2026. Txn Ref 4665987540","Kotak Mahindra -> BANK; INR -> CURRENCY; 7,700 -> AMOUNT; received -> TRANSACTION_TYPE; Flipkart -> MERCHANT; RTGS -> MODE; xx8782 -> ACCOUNT_SUFFIX; Jul 25, 2026 -> DATE; 4665987540 -> REFERENCE"
"Your Bank of America account XX6810 was received with INR7,650 at BookMyShow via UPI on Apr 28, 2026. Transaction Ref REF8GASWU","Bank of America -> BANK; XX6810 -> ACCOUNT_SUFFIX; received -> TRANSACTION_TYPE; INR -> CURRENCY; 7,650 -> AMOUNT; BookMyShow -> MERCHANT; UPI -> MODE; Apr 28, 2026 -> DATE; REF8GASWU -> REFERENCE"
"₹4,500 withdrawn from Wells Fargo A/c XX8252 via NEFT to Apple Store on 26/03/2026. Ref: TXN88664","₹ -> CURRENCY; 4,500 -> AMOUNT; withdrawn -> TRANSACTION_TYPE; Wells Fargo -> BANK; XX8252 -> ACCOUNT_SUFFIX; NEFT -> MODE; Apple Store -> MERCHANT; 26/03/2026 -> DATE; TXN88664 -> REFERENCE"
"Dear Customer, ₹3,050 has been deposited to your HSBC account XX7610 through UPI on 03/08/2026. Ref No: TXN40846","₹ -> CURRENCY; 3,050 -> AMOUNT; deposited -> TRANSACTION_TYPE; HSBC -> BANK; XX7610 -> ACCOUNT_SUFFIX; UPI -> MODE; 03/08/2026 -> DATE; TXN40846 -> REFERENCE"
"Alert: ₹7,650 deducted via ATM from Axis Bank A/c XXXX7450 on Sep 6, 2026. Merchant: Ola. Ref: REF33LKDI","₹ -> CURRENCY; 7,650 -> AMOUNT; deducted -> TRANSACTION_TYPE; ATM -> MODE; Axis Bank -> BANK; XXXX7450 -> ACCOUNT_SUFFIX; Sep 6, 2026 -> DATE; Ola -> MERCHANT; REF33LKDI -> REFERENCE"
Alert: Rs.200 refunded via IMPS from HSBC A/c XXXX5597 on 12-Sep-2026. Merchant: Croma. Ref: TXN95917,Rs. -> CURRENCY; 200 -> AMOUNT; refunded -> TRANSACTION_TYPE; IMPS -> MODE; HSBC -> BANK; XXXX5597 -> ACCOUNT_SUFFIX; 12-Sep-2026 -> DATE; Croma -> MERCHANT; TXN95917 -> REFERENCE
"SBI Alert: Rs.6,799 spent at Apple Store using UPI (A/c XX9014) on 08-Feb-2026. Txn Ref 795690583","SBI -> BANK; Rs. -> CURRENCY; 6,799 -> AMOUNT; spent -> TRANSACTION_TYPE; Apple Store -> MERCHANT; UPI -> MODE; XX9014 -> ACCOUNT_SUFFIX; 08-Feb-2026 -> DATE; 795690583 -> REFERENCE"
"paid: INR600 using IMPS at Reliance Digital. Standard Chartered A/c XXXX7431 Ref No TXN71063. Date: Nov 2, 2026","paid -> TRANSACTION_TYPE; INR -> CURRENCY; 600 -> AMOUNT; IMPS -> MODE; Reliance Digital -> MERCHANT; Standard Chartered -> BANK; XXXX7431 -> ACCOUNT_SUFFIX; TXN71063 -> REFERENCE; Nov 2, 2026 -> DATE"
"Dear Customer, INR7,299 has been spent to your Wells Fargo account XXXX7432 through IMPS on 04-Nov-2026. Ref No: 8215857291","INR -> CURRENCY; 7,299 -> AMOUNT; spent -> TRANSACTION_TYPE; Wells Fargo -> BANK; XXXX7432 -> ACCOUNT_SUFFIX; IMPS -> MODE; 04-Nov-2026 -> DATE; 8215857291 -> REFERENCE"
"Your Debit Card transaction of Rs.4,900 was credited to Domino's from HDFC Bank A/c XXXX7451 on Feb 14, 2026. Ref: TXN12407","Debit Card -> MODE; Rs. -> CURRENCY; 4,900 -> AMOUNT; credited -> TRANSACTION_TYPE; Domino's -> MERCHANT; HDFC Bank -> BANK; XXXX7451 -> ACCOUNT_SUFFIX; Feb 14, 2026 -> DATE; TXN12407 -> REFERENCE"
"Payment of Rs.5,850 to Reliance Digital was withdrawn via Credit Card from SBI A/c xx8287 on Sep 16, 2026. Reference: 436368471","Rs. -> CURRENCY; 5,850 -> AMOUNT; Reliance Digital -> MERCHANT; withdrawn -> TRANSACTION_TYPE; Credit Card -> MODE; SBI -> BANK; xx8287 -> ACCOUNT_SUFFIX; Sep 16, 2026 -> DATE; 436368471 -> REFERENCE"
"₹7,050 deducted from PNB A/c XX9523 via Debit Card to Airtel on 12/12/2026. Ref: TXN66373","₹ -> CURRENCY; 7,050 -> AMOUNT; deducted -> TRANSACTION_TYPE; PNB -> BANK; XX9523 -> ACCOUNT_SUFFIX; Debit Card -> MODE; Airtel -> MERCHANT; 12/12/2026 -> DATE; TXN66373 -> REFERENCE"
"Payment of ₹8,350 to Uber was spent via NEFT from Canara Bank A/c XX5939 on 27-Dec-2026. Reference: TXN20735","₹ -> CURRENCY; 8,350 -> AMOUNT; Uber -> MERCHANT; spent -> TRANSACTION_TYPE; NEFT -> MODE; Canara Bank -> BANK; XX5939 -> ACCOUNT_SUFFIX; 27-Dec-2026 -> DATE; TXN20735 -> REFERENCE"
"Your IMPS transaction of INR6,650 was withdrawn to Flipkart from Standard Chartered A/c XX9484 on 21/09/2026. Ref: 328495085","IMPS -> MODE; INR -> CURRENCY; 6,650 -> AMOUNT; withdrawn -> TRANSACTION_TYPE; Flipkart -> MERCHANT; Standard Chartered -> BANK; XX9484 -> ACCOUNT_SUFFIX; 21/09/2026 -> DATE; 328495085 -> REFERENCE"
"Alert: INR6,699 received via ATM from HSBC A/c XXXX5867 on 17-Apr-2026. Merchant: Domino's. Ref: TXN46982","INR -> CURRENCY; 6,699 -> AMOUNT; received -> TRANSACTION_TYPE; ATM -> MODE; HSBC -> BANK; XXXX5867 -> ACCOUNT_SUFFIX; 17-Apr-2026 -> DATE; Domino's -> MERCHANT; TXN46982 -> REFERENCE"
"paid: ₹7,100 using NEFT at IRCTC. ICICI Bank A/c xx7300 Ref No 6640302484. Date: 02-Jan-2026","paid -> TRANSACTION_TYPE; ₹ -> CURRENCY; 7,100 -> AMOUNT; NEFT -> MODE; IRCTC -> MERCHANT; ICICI Bank -> BANK; xx7300 -> ACCOUNT_SUFFIX; 6640302484 -> REFERENCE; 02-Jan-2026 -> DATE"
"Alert: ₹4,650 withdrawn via NEFT from Yes Bank A/c XX1630 on Sep 9, 2026. Merchant: Airtel. Ref: TXN63790","₹ -> CURRENCY; 4,650 -> AMOUNT; withdrawn -> TRANSACTION_TYPE; NEFT -> MODE; Yes Bank -> BANK; XX1630 -> ACCOUNT_SUFFIX; Sep 9, 2026 -> DATE; Airtel -> MERCHANT; TXN63790 -> REFERENCE"
"INR3,350 spent from Standard Chartered A/c XX9095 via ATM to Walmart on 23-Feb-2026. Ref: 984919294","INR -> CURRENCY; 3,350 -> AMOUNT; spent -> TRANSACTION_TYPE; Standard Chartered -> BANK; XX9095 -> ACCOUNT_SUFFIX; ATM -> MODE; Walmart -> MERCHANT; 23-Feb-2026 -> DATE; 984919294 -> REFERENCE"
"Axis Bank Alert: Rs.7,300 deducted at McDonald's using RTGS (A/c XXXX2630) on 01-Nov-2026. Txn Ref 894837095874","Axis Bank -> BANK; Rs. -> CURRENCY; 7,300 -> AMOUNT; deducted -> TRANSACTION_TYPE; McDonald's -> MERCHANT; RTGS -> MODE; XXXX2630 -> ACCOUNT_SUFFIX; 01-Nov-2026 -> DATE; 894837095874 -> REFERENCE"
"Alert: ₹2,100 spent via IMPS from Standard Chartered A/c XX7670 on 24-Apr-2026. Merchant: IRCTC. Ref: REFQTPI4S","₹ -> CURRENCY; 2,100 -> AMOUNT; spent -> TRANSACTION_TYPE; IMPS -> MODE; Standard Chartered -> BANK; XX7670 -> ACCOUNT_SUFFIX; 24-Apr-2026 -> DATE; IRCTC -> MERCHANT; REFQTPI4S -> REFERENCE"
"Rs.7,099 credited from PNB A/c XXXX4812 via RTGS to Netflix on 24/11/2026. Ref: 473487089","Rs. -> CURRENCY; 7,099 -> AMOUNT; credited -> TRANSACTION_TYPE; PNB -> BANK; XXXX4812 -> ACCOUNT_SUFFIX; RTGS -> MODE; Netflix -> MERCHANT; 24/11/2026 -> DATE; 473487089 -> REFERENCE"
"Your Credit Card transaction of INR7,399 was credited to Airtel from IDBI Bank A/c XXXX4796 on 26-Jul-2026. Ref: 224254283851","Credit Card -> MODE; INR -> CURRENCY; 7,399 -> AMOUNT; credited -> TRANSACTION_TYPE; Airtel -> MERCHANT; IDBI Bank -> BANK; XXXX4796 -> ACCOUNT_SUFFIX; 26-Jul-2026 -> DATE; 224254283851 -> REFERENCE"
"Payment of ₹600 to Myntra was debited via ATM from HDFC Bank A/c xx3270 on Sep 15, 2026. Reference: TXN60587","₹ -> CURRENCY; 600 -> AMOUNT; Myntra -> MERCHANT; debited -> TRANSACTION_TYPE; ATM -> MODE; HDFC Bank -> BANK; xx3270 -> ACCOUNT_SUFFIX; Sep 15, 2026 -> DATE; TXN60587 -> REFERENCE"
"Dear Customer, INR599 has been deposited to your Wells Fargo account xx7321 through Debit Card on 21-May-2026. Ref No: TXN58239",INR -> CURRENCY; 599 -> AMOUNT; deposited -> TRANSACTION_TYPE; Wells Fargo -> BANK; xx7321 -> ACCOUNT_SUFFIX; Debit Card -> MODE; 21-May-2026 -> DATE; TXN58239 -> REFERENCE
"Alert: INR3,399 refunded via IMPS from Wells Fargo A/c XXXX3309 on 04-Aug-2026. Merchant: Jio. Ref: 5684188363","INR -> CURRENCY; 3,399 -> AMOUNT; refunded -> TRANSACTION_TYPE; IMPS -> MODE; Wells Fargo -> BANK; XXXX3309 -> ACCOUNT_SUFFIX; 04-Aug-2026 -> DATE; Jio -> MERCHANT; 5684188363 -> REFERENCE"
Your Debit Card transaction of Rs.100 was refunded to Swiggy from Axis Bank A/c XXXX2224 on 19-Oct-2026. Ref: TXN95006,Debit Card -> MODE; Rs. -> CURRENCY; 100 -> AMOUNT; refunded -> TRANSACTION_TYPE; Swiggy -> MERCHANT; Axis Bank -> BANK; XXXX2224 -> ACCOUNT_SUFFIX; 19-Oct-2026 -> DATE; TXN95006 -> REFERENCE
"Alert: ₹6,450 withdrawn via Credit Card from HDFC Bank A/c XXXX5047 on 16-Jun-2026. Merchant: Myntra. Ref: 835785944","₹ -> CURRENCY; 6,450 -> AMOUNT; withdrawn -> TRANSACTION_TYPE; Credit Card -> MODE; HDFC Bank -> BANK; XXXX5047 -> ACCOUNT_SUFFIX; 16-Jun-2026 -> DATE; Myntra -> MERCHANT; 835785944 -> REFERENCE"
"Alert: Rs.4,599 paid via NEFT from Chase A/c XX2266 on 07-Feb-2026. Merchant: IRCTC. Ref: TXN18902","Rs. -> CURRENCY; 4,599 -> AMOUNT; paid -> TRANSACTION_TYPE; NEFT -> MODE; Chase -> BANK; XX2266 -> ACCOUNT_SUFFIX; 07-Feb-2026 -> DATE; IRCTC -> MERCHANT; TXN18902 -> REFERENCE"
"Alert: ₹8,899 debited via Credit Card from Wells Fargo A/c XXXX6495 on 20/11/2026. Merchant: BookMyShow. Ref: TXN59921","₹ -> CURRENCY; 8,899 -> AMOUNT; debited -> TRANSACTION_TYPE; Credit Card -> MODE; Wells Fargo -> BANK; XXXX6495 -> ACCOUNT_SUFFIX; 20/11/2026 -> DATE; BookMyShow -> MERCHANT; TXN59921 -> REFERENCE"
"₹6,200 deducted from ICICI Bank A/c XXXX3651 via UPI to Airtel on 09/04/2026. Ref: 703437677","₹ -> CURRENCY; 6,200 -> AMOUNT; deducted -> TRANSACTION_TYPE; ICICI Bank -> BANK; XXXX3651 -> ACCOUNT_SUFFIX; UPI -> MODE; Airtel -> MERCHANT; 09/04/2026 -> DATE; 703437677 -> REFERENCE"
"Rs.9,300 debited from Chase A/c XXXX5813 via Debit Card to BookMyShow on 08/11/2026. Ref: 989058556096","Rs. -> CURRENCY; 9,300 -> AMOUNT; debited -> TRANSACTION_TYPE; Chase -> BANK; XXXX5813 -> ACCOUNT_SUFFIX; Debit Card -> MODE; BookMyShow -> MERCHANT; 08/11/2026 -> DATE; 989058556096 -> REFERENCE"
"Your RTGS transaction of INR5,300 was spent to Airtel from Standard Chartered A/c xx3908 on 18/11/2026. Ref: REFTIE8GO","RTGS -> MODE; INR -> CURRENCY; 5,300 -> AMOUNT; spent -> TRANSACTION_TYPE; Airtel -> MERCHANT; Standard Chartered -> BANK; xx3908 -> ACCOUNT_SUFFIX; 18/11/2026 -> DATE; REFTIE8GO -> REFERENCE"
"Your UPI transaction of INR1,300 was refunded to Apple Store from Wells Fargo A/c xx7860 on 19/04/2026. Ref: 849464623996","UPI -> MODE; INR -> CURRENCY; 1,300 -> AMOUNT; refunded -> TRANSACTION_TYPE; Apple Store -> MERCHANT; Wells Fargo -> BANK; xx7860 -> ACCOUNT_SUFFIX; 19/04/2026 -> DATE; 849464623996 -> REFERENCE"
"Dear Customer, Rs.3,150 has been refunded to your Standard Chartered account xx7113 through Credit Card on 13/04/2026. Ref No: TXN87767","Rs. -> CURRENCY; 3,150 -> AMOUNT; refunded -> TRANSACTION_TYPE; Standard Chartered -> BANK; xx7113 -> ACCOUNT_SUFFIX; Credit Card -> MODE; 13/04/2026 -> DATE; TXN87767 -> REFERENCE"
"Dear Customer, ₹999 has been paid to your IDBI Bank account xx2096 through Net Banking on Oct 10, 2026. Ref No: 392199084","₹ -> CURRENCY; 999 -> AMOUNT; paid -> TRANSACTION_TYPE; IDBI Bank -> BANK; xx2096 -> ACCOUNT_SUFFIX; Net Banking -> MODE; Oct 10, 2026 -> DATE; 392199084 -> REFERENCE"
"PNB Alert: Rs.3,799 credited at Ola using Credit Card (A/c XX5040) on 26/01/2026. Txn Ref 970454594940","PNB -> BANK; Rs. -> CURRENCY; 3,799 -> AMOUNT; credited -> TRANSACTION_TYPE; Ola -> MERCHANT; Credit Card -> MODE; XX5040 -> ACCOUNT_SUFFIX; 26/01/2026 -> DATE; 970454594940 -> REFERENCE"
"Your ICICI Bank account xx3342 was deposited with Rs.9,450 at IRCTC via Net Banking on Sep 7, 2026. Transaction Ref TXN21004","ICICI Bank -> BANK; xx3342 -> ACCOUNT_SUFFIX; deposited -> TRANSACTION_TYPE; Rs. -> CURRENCY; 9,450 -> AMOUNT; IRCTC -> MERCHANT; Net Banking -> MODE; Sep 7, 2026 -> DATE; TXN21004 -> REFERENCE"
"Dear Customer, INR5,399 has been debited to your SBI account XXXX2738 through RTGS on 17/10/2026. Ref No: 9344234871","INR -> CURRENCY; 5,399 -> AMOUNT; debited -> TRANSACTION_TYPE; SBI -> BANK; XXXX2738 -> ACCOUNT_SUFFIX; RTGS -> MODE; 17/10/2026 -> DATE; 9344234871 -> REFERENCE"
"Your Kotak Mahindra account xx6466 was received with Rs.2,450 at IRCTC via ATM on Sep 6, 2026. Transaction Ref REFQJ99Y3","Kotak Mahindra -> BANK; xx6466 -> ACCOUNT_SUFFIX; received -> TRANSACTION_TYPE; Rs. -> CURRENCY; 2,450 -> AMOUNT; IRCTC -> MERCHANT; ATM -> MODE; Sep 6, 2026 -> DATE; REFQJ99Y3 -> REFERENCE"
"Payment of INR2,950 to Starbucks was deposited via Credit Card from HSBC A/c xx7073 on 01/12/2026. Reference: 168347805","INR -> CURRENCY; 2,950 -> AMOUNT; Starbucks -> MERCHANT; deposited -> TRANSACTION_TYPE; Credit Card -> MODE; HSBC -> BANK; xx7073 -> ACCOUNT_SUFFIX; 01/12/2026 -> DATE; 168347805 -> REFERENCE"
"Alert: ₹4,900 deducted via Credit Card from Yes Bank A/c XX9551 on 17-May-2026. Merchant: McDonald's. Ref: 987275969","₹ -> CURRENCY; 4,900 -> AMOUNT; deducted -> TRANSACTION_TYPE; Credit Card -> MODE; Yes Bank -> BANK; XX9551 -> ACCOUNT_SUFFIX; 17-May-2026 -> DATE; McDonald's -> MERCHANT; 987275969 -> REFERENCE"
"Your Debit Card transaction of ₹4,150 was paid to BigBasket from SBI A/c xx7745 on 12/01/2026. Ref: TXN58364","Debit Card -> MODE; ₹ -> CURRENCY; 4,150 -> AMOUNT; paid -> TRANSACTION_TYPE; BigBasket -> MERCHANT; SBI -> BANK; xx7745 -> ACCOUNT_SUFFIX; 12/01/2026 -> DATE; TXN58364 -> REFERENCE"
"Alert: ₹5,650 debited via ATM from HDFC Bank A/c XXXX2351 on Oct 24, 2026. Merchant: Amazon. Ref: REF9ITPS8","₹ -> CURRENCY; 5,650 -> AMOUNT; debited -> TRANSACTION_TYPE; ATM -> MODE; HDFC Bank -> BANK; XXXX2351 -> ACCOUNT_SUFFIX; Oct 24, 2026 -> DATE; Amazon -> MERCHANT; REF9ITPS8 -> REFERENCE"
"Dear Customer, INR8,999 has been refunded to your ICICI Bank account XX5313 through RTGS on Jan 20, 2026. Ref No: REF9ICKQ1","INR -> CURRENCY; 8,999 -> AMOUNT; refunded -> TRANSACTION_TYPE; ICICI Bank -> BANK; XX5313 -> ACCOUNT_SUFFIX; RTGS -> MODE; Jan 20, 2026 -> DATE; REF9ICKQ1 -> REFERENCE"
"debited: Rs.5,450 using Debit Card at BookMyShow. Citibank A/c XXXX3502 Ref No TXN59302. Date: 24/07/2026","debited -> TRANSACTION_TYPE; Rs. -> CURRENCY; 5,450 -> AMOUNT; Debit Card -> MODE; BookMyShow -> MERCHANT; Citibank -> BANK; XXXX3502 -> ACCOUNT_SUFFIX; TXN59302 -> REFERENCE; 24/07/2026 -> DATE"
"Your Bank of America account XX3385 was deposited with INR4,699 at Reliance Digital via IMPS on 21-Jan-2026. Transaction Ref 1495765701","Bank of America -> BANK; XX3385 -> ACCOUNT_SUFFIX; deposited -> TRANSACTION_TYPE; INR -> CURRENCY; 4,699 -> AMOUNT; Reliance Digital -> MERCHANT; IMPS -> MODE; 21-Jan-2026 -> DATE; 1495765701 -> REFERENCE"
"Your Bank of America account XXXX5899 was paid with ₹7,299 at Domino's via UPI on 15-Nov-2026. Transaction Ref TXN19151","Bank of America -> BANK; XXXX5899 -> ACCOUNT_SUFFIX; paid -> TRANSACTION_TYPE; ₹ -> CURRENCY; 7,299 -> AMOUNT; Domino's -> MERCHANT; UPI -> MODE; 15-Nov-2026 -> DATE; TXN19151 -> REFERENCE"
"₹5,450 spent from Citibank A/c xx2313 via RTGS to IRCTC on May 1, 2026. Ref: 241760858696","₹ -> CURRENCY; 5,450 -> AMOUNT; spent -> TRANSACTION_TYPE; Citibank -> BANK; xx2313 -> ACCOUNT_SUFFIX; RTGS -> MODE; IRCTC -> MERCHANT; May 1, 2026 -> DATE; 241760858696 -> REFERENCE"
"Your Debit Card transaction of ₹7,300 was credited to Domino's from Wells Fargo A/c XX8493 on Jul 4, 2026. Ref: TXN58392","Debit Card -> MODE; ₹ -> CURRENCY; 7,300 -> AMOUNT; credited -> TRANSACTION_TYPE; Domino's -> MERCHANT; Wells Fargo -> BANK; XX8493 -> ACCOUNT_SUFFIX; Jul 4, 2026 -> DATE; TXN58392 -> REFERENCE"
"Yes Bank Alert: ₹1,300 debited at Netflix using IMPS (A/c xx7608) on 11-Aug-2026. Txn Ref 885979582","Yes Bank -> BANK; ₹ -> CURRENCY; 1,300 -> AMOUNT; debited -> TRANSACTION_TYPE; Netflix -> MERCHANT; IMPS -> MODE; xx7608 -> ACCOUNT_SUFFIX; 11-Aug-2026 -> DATE; 885979582 -> REFERENCE"
Your HSBC account XX6640 was debited with ₹700 at Ola via UPI on 06-Oct-2026. Transaction Ref 2505160596,HSBC -> BANK; XX6640 -> ACCOUNT_SUFFIX; debited -> TRANSACTION_TYPE; ₹ -> CURRENCY; 700 -> AMOUNT; Ola -> MERCHANT; UPI -> MODE; 06-Oct-2026 -> DATE; 2505160596 -> REFERENCE
"₹8,300 paid from Bank of America A/c XX2678 via IMPS to Starbucks on Jun 22, 2026. Ref: 672699089","₹ -> CURRENCY; 8,300 -> AMOUNT; paid -> TRANSACTION_TYPE; Bank of America -> BANK; XX2678 -> ACCOUNT_SUFFIX; IMPS -> MODE; Starbucks -> MERCHANT; Jun 22, 2026 -> DATE; 672699089 -> REFERENCE"
"Payment of INR1,600 to Airtel was spent via UPI from Yes Bank A/c xx8436 on 17-Dec-2026. Reference: 510760310410","INR -> CURRENCY; 1,600 -> AMOUNT; Airtel -> MERCHANT; spent -> TRANSACTION_TYPE; UPI -> MODE; Yes Bank -> BANK; xx8436 -> ACCOUNT_SUFFIX; 17-Dec-2026 -> DATE; 510760310410 -> REFERENCE"
"Your Kotak Mahindra account XX3188 was spent with Rs.1,750 at Myntra via Credit Card on 23-Aug-2026. Transaction Ref REFL0FS0Q","Kotak Mahindra -> BANK; XX3188 -> ACCOUNT_SUFFIX; spent -> TRANSACTION_TYPE; Rs. -> CURRENCY; 1,750 -> AMOUNT; Myntra -> MERCHANT; Credit Card -> MODE; 23-Aug-2026 -> DATE; REFL0FS0Q -> REFERENCE"
Payment of Rs.499 to Domino's was spent via IMPS from Wells Fargo A/c XX5235 on 05-Feb-2026. Reference: REFYVPQ68,Rs. -> CURRENCY; 499 -> AMOUNT; Domino's -> MERCHANT; spent -> TRANSACTION_TYPE; IMPS -> MODE; Wells Fargo -> BANK; XX5235 -> ACCOUNT_SUFFIX; 05-Feb-2026 -> DATE; REFYVPQ68 -> REFERENCE
"Your RTGS transaction of Rs.2,600 was paid to Ola from SBI A/c XX3913 on Mar 18, 2026. Ref: REFMJOLTZ","RTGS -> MODE; Rs. -> CURRENCY; 2,600 -> AMOUNT; paid -> TRANSACTION_TYPE; Ola -> MERCHANT; SBI -> BANK; XX3913 -> ACCOUNT_SUFFIX; Mar 18, 2026 -> DATE; REFMJOLTZ -> REFERENCE"
"Alert: INR3,900 credited via IMPS from Standard Chartered A/c XXXX8469 on 15/03/2026. Merchant: BigBasket. Ref: 202879693","INR -> CURRENCY; 3,900 -> AMOUNT; credited -> TRANSACTION_TYPE; IMPS -> MODE; Standard Chartered -> BANK; XXXX8469 -> ACCOUNT_SUFFIX; 15/03/2026 -> DATE; BigBasket -> MERCHANT; 202879693 -> REFERENCE"
"Rs.6,700 deposited from Bank of America A/c xx1364 via Net Banking to Swiggy on Feb 1, 2026. Ref: REFURIQDD","Rs. -> CURRENCY; 6,700 -> AMOUNT; deposited -> TRANSACTION_TYPE; Bank of America -> BANK; xx1364 -> ACCOUNT_SUFFIX; Net Banking -> MODE; Swiggy -> MERCHANT; Feb 1, 2026 -> DATE; REFURIQDD -> REFERENCE"
"Rs.6,150 spent from PNB A/c XX4216 via ATM to Airtel on 22/04/2026. Ref: 5672043008","Rs. -> CURRENCY; 6,150 -> AMOUNT; spent -> TRANSACTION_TYPE; PNB -> BANK; XX4216 -> ACCOUNT_SUFFIX; ATM -> MODE; Airtel -> MERCHANT; 22/04/2026 -> DATE; 5672043008 -> REFERENCE"
"Your RTGS transaction of ₹1,899 was spent to Reliance Digital from Citibank A/c XX7060 on Jul 16, 2026. Ref: REFOU144Y","RTGS -> MODE; ₹ -> CURRENCY; 1,899 -> AMOUNT; spent -> TRANSACTION_TYPE; Reliance Digital -> MERCHANT; Citibank -> BANK; XX7060 -> ACCOUNT_SUFFIX; Jul 16, 2026 -> DATE; REFOU144Y -> REFERENCE"
"Yes Bank Alert: ₹2,700 received at Reliance Digital using NEFT (A/c xx2589) on 23/09/2026. Txn Ref 167510085","Yes Bank -> BANK; ₹ -> CURRENCY; 2,700 -> AMOUNT; received -> TRANSACTION_TYPE; Reliance Digital -> MERCHANT; NEFT -> MODE; xx2589 -> ACCOUNT_SUFFIX; 23/09/2026 -> DATE; 167510085 -> REFERENCE"
Rs.200 withdrawn from Bank of America A/c xx2495 via RTGS to McDonald's on 02-Nov-2026. Ref: 562421804,Rs. -> CURRENCY; 200 -> AMOUNT; withdrawn -> TRANSACTION_TYPE; Bank of America -> BANK; xx2495 -> ACCOUNT_SUFFIX; RTGS -> MODE; McDonald's -> MERCHANT; 02-Nov-2026 -> DATE; 562421804 -> REFERENCE
"Your HSBC account xx4767 was paid with Rs.2,800 at BigBasket via Net Banking on Feb 27, 2026. Transaction Ref 659832020","HSBC -> BANK; xx4767 -> ACCOUNT_SUFFIX; paid -> TRANSACTION_TYPE; Rs. -> CURRENCY; 2,800 -> AMOUNT; BigBasket -> MERCHANT; Net Banking -> MODE; Feb 27, 2026 -> DATE; 659832020 -> REFERENCE"
"spent: INR3,250 using Credit Card at Flipkart. HDFC Bank A/c xx4743 Ref No TXN91517. Date: 06/02/2026","spent -> TRANSACTION_TYPE; INR -> CURRENCY; 3,250 -> AMOUNT; Credit Card -> MODE; Flipkart -> MERCHANT; HDFC Bank -> BANK; xx4743 -> ACCOUNT_SUFFIX; TXN91517 -> REFERENCE; 06/02/2026 -> DATE"
"Payment of Rs.4,399 to IRCTC was debited via NEFT from Standard Chartered A/c XXXX5783 on 21/11/2026. Reference: 759600727726","Rs. -> CURRENCY; 4,399 -> AMOUNT; IRCTC -> MERCHANT; debited -> TRANSACTION_TYPE; NEFT -> MODE; Standard Chartered -> BANK; XXXX5783 -> ACCOUNT_SUFFIX; 21/11/2026 -> DATE; 759600727726 -> REFERENCE"
"Your Debit Card transaction of ₹9,399 was deposited to Walmart from Standard Chartered A/c xx8987 on 06-May-2026. Ref: 312321138529","Debit Card -> MODE; ₹ -> CURRENCY; 9,399 -> AMOUNT; deposited -> TRANSACTION_TYPE; Walmart -> MERCHANT; Standard Chartered -> BANK; xx8987 -> ACCOUNT_SUFFIX; 06-May-2026 -> DATE; 312321138529 -> REFERENCE"
"Your Kotak Mahindra account XX5726 was deducted with ₹3,600 at Myntra via Credit Card on Sep 1, 2026. Transaction Ref TXN25083","Kotak Mahindra -> BANK; XX5726 -> ACCOUNT_SUFFIX; deducted -> TRANSACTION_TYPE; ₹ -> CURRENCY; 3,600 -> AMOUNT; Myntra -> MERCHANT; Credit Card -> MODE; Sep 1, 2026 -> DATE; TXN25083 -> REFERENCE"
"Dear Customer, ₹7,500 has been deducted to your Standard Chartered account XXXX9170 through Net Banking on 23-Dec-2026. Ref No: 412543474","₹ -> CURRENCY; 7,500 -> AMOUNT; deducted -> TRANSACTION_TYPE; Standard Chartered -> BANK; XXXX9170 -> ACCOUNT_SUFFIX; Net Banking -> MODE; 23-Dec-2026 -> DATE; 412543474 -> REFERENCE"
"Yes Bank Alert: Rs.7,950 paid at Flipkart using RTGS (A/c XX3316) on 20/01/2026. Txn Ref 290609436647","Yes Bank -> BANK; Rs. -> CURRENCY; 7,950 -> AMOUNT; paid -> TRANSACTION_TYPE; Flipkart -> MERCHANT; RTGS -> MODE; XX3316 -> ACCOUNT_SUFFIX; 20/01/2026 -> DATE; 290609436647 -> REFERENCE"
"Payment of INR8,600 to Netflix was spent via Debit Card from Axis Bank A/c XXXX3542 on 08-Aug-2026. Reference: 913886290","INR -> CURRENCY; 8,600 -> AMOUNT; Netflix -> MERCHANT; spent -> TRANSACTION_TYPE; Debit Card -> MODE; Axis Bank -> BANK; XXXX3542 -> ACCOUNT_SUFFIX; 08-Aug-2026 -> DATE; 913886290 -> REFERENCE"
"Standard Chartered Alert: INR2,650 spent at Walmart using ATM (A/c XXXX6199) on 22-Feb-2026. Txn Ref REFSZO9N7","Standard Chartered -> BANK; INR -> CURRENCY; 2,650 -> AMOUNT; spent -> TRANSACTION_TYPE; Walmart -> MERCHANT; ATM -> MODE; XXXX6199 -> ACCOUNT_SUFFIX; 22-Feb-2026 -> DATE; REFSZO9N7 -> REFERENCE"
"Your Kotak Mahindra account XX2973 was spent with ₹3,299 at Jio via IMPS on 20/08/2026. Transaction Ref TXN94324","Kotak Mahindra -> BANK; XX2973 -> ACCOUNT_SUFFIX; spent -> TRANSACTION_TYPE; ₹ -> CURRENCY; 3,299 -> AMOUNT; Jio -> MERCHANT; IMPS -> MODE; 20/08/2026 -> DATE; TXN94324 -> REFERENCE"
"Axis Bank Alert: ₹2,850 received at Airtel using RTGS (A/c XXXX6893) on 27-Apr-2026. Txn Ref REFY6E8VI","Axis Bank -> BANK; ₹ -> CURRENCY; 2,850 -> AMOUNT; received -> TRANSACTION_TYPE; Airtel -> MERCHANT; RTGS -> MODE; XXXX6893 -> ACCOUNT_SUFFIX; 27-Apr-2026 -> DATE; REFY6E8VI -> REFERENCE"
"credited: INR1,799 using IMPS at Starbucks. Yes Bank A/c XX7584 Ref No 281120454. Date: 24-Nov-2026","credited -> TRANSACTION_TYPE; INR -> CURRENCY; 1,799 -> AMOUNT; IMPS -> MODE; Starbucks -> MERCHANT; Yes Bank -> BANK; XX7584 -> ACCOUNT_SUFFIX; 281120454 -> REFERENCE; 24-Nov-2026 -> DATE"
"Chase Alert: ₹800 refunded at Flipkart using IMPS (A/c XXXX3859) on Nov 10, 2026. Txn Ref 510992811247","Chase -> BANK; ₹ -> CURRENCY; 800 -> AMOUNT; refunded -> TRANSACTION_TYPE; Flipkart -> MERCHANT; IMPS -> MODE; XXXX3859 -> ACCOUNT_SUFFIX; Nov 10, 2026 -> DATE; 510992811247 -> REFERENCE"
"Payment of ₹3,950 to Walmart was deducted via Debit Card from ICICI Bank A/c XXXX6284 on Jul 20, 2026. Reference: TXN59243","₹ -> CURRENCY; 3,950 -> AMOUNT; Walmart -> MERCHANT; deducted -> TRANSACTION_TYPE; Debit Card -> MODE; ICICI Bank -> BANK; XXXX6284 -> ACCOUNT_SUFFIX; Jul 20, 2026 -> DATE; TXN59243 -> REFERENCE"
"Alert: ₹5,299 credited via Credit Card from HDFC Bank A/c xx4691 on 04/02/2026. Merchant: Swiggy. Ref: 442813497937","₹ -> CURRENCY; 5,299 -> AMOUNT; credited -> TRANSACTION_TYPE; Credit Card -> MODE; HDFC Bank -> BANK; xx4691 -> ACCOUNT_SUFFIX; 04/02/2026 -> DATE; Swiggy -> MERCHANT; 442813497937 -> REFERENCE"
"Bank of America Alert: Rs.9,299 deposited at Airtel using IMPS (A/c XX3623) on 11-Jan-2026. Txn Ref REFFEFE0O","Bank of America -> BANK; Rs. -> CURRENCY; 9,299 -> AMOUNT; deposited -> TRANSACTION_TYPE; Airtel -> MERCHANT; IMPS -> MODE; XX3623 -> ACCOUNT_SUFFIX; 11-Jan-2026 -> DATE; REFFEFE0O -> REFERENCE"
"deducted: INR1,500 using RTGS at Apple Store. PNB A/c XXXX4494 Ref No 3994658466. Date: 02-Oct-2026","deducted -> TRANSACTION_TYPE; INR -> CURRENCY; 1,500 -> AMOUNT; RTGS -> MODE; Apple Store -> MERCHANT; PNB -> BANK; XXXX4494 -> ACCOUNT_SUFFIX; 3994658466 -> REFERENCE; 02-Oct-2026 -> DATE"
"Dear Customer, Rs.3,199 has been paid to your Kotak Mahindra account XX4295 through Net Banking on 09-Nov-2026. Ref No: TXN77552","Rs. -> CURRENCY; 3,199 -> AMOUNT; paid -> TRANSACTION_TYPE; Kotak Mahindra -> BANK; XX4295 -> ACCOUNT_SUFFIX; Net Banking -> MODE; 09-Nov-2026 -> DATE; TXN77552 -> REFERENCE"
"Your UPI transaction of Rs.1,499 was deposited to McDonald's from Yes Bank A/c XX9513 on 16-Oct-2026. Ref: TXN44133","UPI -> MODE; Rs. -> CURRENCY; 1,499 -> AMOUNT; deposited -> TRANSACTION_TYPE; McDonald's -> MERCHANT; Yes Bank -> BANK; XX9513 -> ACCOUNT_SUFFIX; 16-Oct-2026 -> DATE; TXN44133 -> REFERENCE"
"withdrawn: Rs.6,799 using Debit Card at Flipkart. Chase A/c xx6185 Ref No 1080253214. Date: Oct 15, 2026","withdrawn -> TRANSACTION_TYPE; Rs. -> CURRENCY; 6,799 -> AMOUNT; Debit Card -> MODE; Flipkart -> MERCHANT; Chase -> BANK; xx6185 -> ACCOUNT_SUFFIX; 1080253214 -> REFERENCE; Oct 15, 2026 -> DATE"
"Payment of INR7,999 to BigBasket was withdrawn via ATM from IDBI Bank A/c XX2727 on 02-Dec-2026. Reference: TXN40920","INR -> CURRENCY; 7,999 -> AMOUNT; BigBasket -> MERCHANT; withdrawn -> TRANSACTION_TYPE; ATM -> MODE; IDBI Bank -> BANK; XX2727 -> ACCOUNT_SUFFIX; 02-Dec-2026 -> DATE; TXN40920 -> REFERENCE"
"Your NEFT transaction of Rs.1,900 was withdrawn to Croma from SBI A/c xx5751 on 21-Feb-2026. Ref: REFE1B40A","NEFT -> MODE; Rs. -> CURRENCY; 1,900 -> AMOUNT; withdrawn -> TRANSACTION_TYPE; Croma -> MERCHANT; SBI -> BANK; xx5751 -> ACCOUNT_SUFFIX; 21-Feb-2026 -> DATE; REFE1B40A -> REFERENCE"
"Dear Customer, Rs.850 has been deducted to your Yes Bank account XX3871 through RTGS on 14-Jun-2026. Ref No: 686553766",Rs. -> CURRENCY; 850 -> AMOUNT; deducted -> TRANSACTION_TYPE; Yes Bank -> BANK; XX3871 -> ACCOUNT_SUFFIX; RTGS -> MODE; 14-Jun-2026 -> DATE; 686553766 -> REFERENCE
₹400 received from Wells Fargo A/c xx1757 via Credit Card to BigBasket on 14-Apr-2026. Ref: 9323629698,₹ -> CURRENCY; 400 -> AMOUNT; received -> TRANSACTION_TYPE; Wells Fargo -> BANK; xx1757 -> ACCOUNT_SUFFIX; Credit Card -> MODE; BigBasket -> MERCHANT; 14-Apr-2026 -> DATE; 9323629698 -> REFERENCE
"Citibank Alert: Rs.9,200 credited at McDonald's using Net Banking (A/c XXXX6049) on Dec 8, 2026. Txn Ref REFLTHID4","Citibank -> BANK; Rs. -> CURRENCY; 9,200 -> AMOUNT; credited -> TRANSACTION_TYPE; McDonald's -> MERCHANT; Net Banking -> MODE; XXXX6049 -> ACCOUNT_SUFFIX; Dec 8, 2026 -> DATE; REFLTHID4 -> REFERENCE"
"Payment of ₹6,450 to IRCTC was credited via NEFT from HDFC Bank A/c XXXX2151 on 10/06/2026. Reference: TXN96017","₹ -> CURRENCY; 6,450 -> AMOUNT; IRCTC -> MERCHANT; credited -> TRANSACTION_TYPE; NEFT -> MODE; HDFC Bank -> BANK; XXXX2151 -> ACCOUNT_SUFFIX; 10/06/2026 -> DATE; TXN96017 -> REFERENCE"
"Your Citibank account XXXX2304 was received with ₹1,199 at IRCTC via Net Banking on Dec 16, 2026. Transaction Ref 5925510333","Citibank -> BANK; XXXX2304 -> ACCOUNT_SUFFIX; received -> TRANSACTION_TYPE; ₹ -> CURRENCY; 1,199 -> AMOUNT; IRCTC -> MERCHANT; Net Banking -> MODE; Dec 16, 2026 -> DATE; 5925510333 -> REFERENCE"
"Dear Customer, ₹2,850 has been received to your HDFC Bank account XXXX6872 through Debit Card on 18-Feb-2026. Ref No: TXN73513","₹ -> CURRENCY; 2,850 -> AMOUNT; received -> TRANSACTION_TYPE; HDFC Bank -> BANK; XXXX6872 -> ACCOUNT_SUFFIX; Debit Card -> MODE; 18-Feb-2026 -> DATE; TXN73513 -> REFERENCE"
"Payment of ₹5,200 to Swiggy was deducted via NEFT from HSBC A/c xx5351 on Sep 23, 2026. Reference: 676077929","₹ -> CURRENCY; 5,200 -> AMOUNT; Swiggy -> MERCHANT; deducted -> TRANSACTION_TYPE; NEFT -> MODE; HSBC -> BANK; xx5351 -> ACCOUNT_SUFFIX; Sep 23, 2026 -> DATE; 676077929 -> REFERENCE"
"Standard Chartered Alert: INR5,500 debited at IRCTC using Credit Card (A/c XX6974) on 16/04/2026. Txn Ref 141665863994","Standard Chartered -> BANK; INR -> CURRENCY; 5,500 -> AMOUNT; debited -> TRANSACTION_TYPE; IRCTC -> MERCHANT; Credit Card -> MODE; XX6974 -> ACCOUNT_SUFFIX; 16/04/2026 -> DATE; 141665863994 -> REFERENCE"
"Your HDFC Bank account XX4887 was refunded with ₹4,699 at Uber via IMPS on 12/10/2026. Transaction Ref 515557226","HDFC Bank -> BANK; XX4887 -> ACCOUNT_SUFFIX; refunded -> TRANSACTION_TYPE; ₹ -> CURRENCY; 4,699 -> AMOUNT; Uber -> MERCHANT; IMPS -> MODE; 12/10/2026 -> DATE; 515557226 -> REFERENCE"
"deposited: Rs.6,300 using ATM at McDonald's. HSBC A/c xx6265 Ref No 4036570219. Date: Feb 11, 2026","deposited -> TRANSACTION_TYPE; Rs. -> CURRENCY; 6,300 -> AMOUNT; ATM -> MODE; McDonald's -> MERCHANT; HSBC -> BANK; xx6265 -> ACCOUNT_SUFFIX; 4036570219 -> REFERENCE; Feb 11, 2026 -> DATE"
"Dear Customer, ₹8,150 has been debited to your IDBI Bank account XX3747 through IMPS on Mar 18, 2026. Ref No: 600840795142","₹ -> CURRENCY; 8,150 -> AMOUNT; debited -> TRANSACTION_TYPE; IDBI Bank -> BANK; XX3747 -> ACCOUNT_SUFFIX; IMPS -> MODE; Mar 18, 2026 -> DATE; 600840795142 -> REFERENCE"
"Dear Customer, INR600 has been refunded to your SBI account XX9676 through IMPS on Mar 5, 2026. Ref No: 870216940589","INR -> CURRENCY; 600 -> AMOUNT; refunded -> TRANSACTION_TYPE; SBI -> BANK; XX9676 -> ACCOUNT_SUFFIX; IMPS -> MODE; Mar 5, 2026 -> DATE; 870216940589 -> REFERENCE"
"Your Credit Card transaction of ₹1,450 was deposited to Jio from Axis Bank A/c XXXX8797 on 24/05/2026. Ref: 545358191","Credit Card -> MODE; ₹ -> CURRENCY; 1,450 -> AMOUNT; deposited -> TRANSACTION_TYPE; Jio -> MERCHANT; Axis Bank -> BANK; XXXX8797 -> ACCOUNT_SUFFIX; 24/05/2026 -> DATE; 545358191 -> REFERENCE"
"Your ICICI Bank account XX2628 was paid with Rs.8,300 at Airtel via UPI on 04-Sep-2026. Transaction Ref 749224395","ICICI Bank -> BANK; XX2628 -> ACCOUNT_SUFFIX; paid -> TRANSACTION_TYPE; Rs. -> CURRENCY; 8,300 -> AMOUNT; Airtel -> MERCHANT; UPI -> MODE; 04-Sep-2026 -> DATE; 749224395 -> REFERENCE"
"Your HDFC Bank account xx7164 was spent with ₹6,700 at Croma via NEFT on 06/04/2026. Transaction Ref 7160643294","HDFC Bank -> BANK; xx7164 -> ACCOUNT_SUFFIX; spent -> TRANSACTION_TYPE; ₹ -> CURRENCY; 6,700 -> AMOUNT; Croma -> MERCHANT; NEFT -> MODE; 06/04/2026 -> DATE; 7160643294 -> REFERENCE"
"credited: Rs.4,899 using Debit Card at Uber. Wells Fargo A/c XXXX8494 Ref No 6524464555. Date: 26/11/2026","credited -> TRANSACTION_TYPE; Rs. -> CURRENCY; 4,899 -> AMOUNT; Debit Card -> MODE; Uber -> MERCHANT; Wells Fargo -> BANK; XXXX8494 -> ACCOUNT_SUFFIX; 6524464555 -> REFERENCE; 26/11/2026 -> DATE"
"INR1,100 refunded from Kotak Mahindra A/c xx3010 via RTGS to Starbucks on 15/02/2026. Ref: REFAECNLF","INR -> CURRENCY; 1,100 -> AMOUNT; refunded -> TRANSACTION_TYPE; Kotak Mahindra -> BANK; xx3010 -> ACCOUNT_SUFFIX; RTGS -> MODE; Starbucks -> MERCHANT; 15/02/2026 -> DATE; REFAECNLF -> REFERENCE"
"₹2,899 received from Canara Bank A/c XXXX8088 via IMPS to BookMyShow on Apr 16, 2026. Ref: 8400269432","₹ -> CURRENCY; 2,899 -> AMOUNT; received -> TRANSACTION_TYPE; Canara Bank -> BANK; XXXX8088 -> ACCOUNT_SUFFIX; IMPS -> MODE; BookMyShow -> MERCHANT; Apr 16, 2026 -> DATE; 8400269432 -> REFERENCE"
"INR9,000 deposited from ICICI Bank A/c XXXX8438 via Debit Card to Domino's on 01-Aug-2026. Ref: REFE3ILAR","INR -> CURRENCY; 9,000 -> AMOUNT; deposited -> TRANSACTION_TYPE; ICICI Bank -> BANK; XXXX8438 -> ACCOUNT_SUFFIX; Debit Card -> MODE; Domino's -> MERCHANT; 01-Aug-2026 -> DATE; REFE3ILAR -> REFERENCE"
"Rs.3,000 deducted from Standard Chartered A/c XX3231 via Net Banking to Reliance Digital on Dec 19, 2026. Ref: 8484463247","Rs. -> CURRENCY; 3,000 -> AMOUNT; deducted -> TRANSACTION_TYPE; Standard Chartered -> BANK; XX3231 -> ACCOUNT_SUFFIX; Net Banking -> MODE; Reliance Digital -> MERCHANT; Dec 19, 2026 -> DATE; 8484463247 -> REFERENCE"
"Payment of ₹6,099 to Uber was spent via RTGS from Axis Bank A/c XXXX7327 on 04/07/2026. Reference: 221676567847","₹ -> CURRENCY; 6,099 -> AMOUNT; Uber -> MERCHANT; spent -> TRANSACTION_TYPE; RTGS -> MODE; Axis Bank -> BANK; XXXX7327 -> ACCOUNT_SUFFIX; 04/07/2026 -> DATE; 221676567847 -> REFERENCE"
"Rs.3,200 deposited from HDFC Bank A/c XXXX6881 via UPI to Flipkart on 13/11/2026. Ref: REFU5XQO0","Rs. -> CURRENCY; 3,200 -> AMOUNT; deposited -> TRANSACTION_TYPE; HDFC Bank -> BANK; XXXX6881 -> ACCOUNT_SUFFIX; UPI -> MODE; Flipkart -> MERCHANT; 13/11/2026 -> DATE; REFU5XQO0 -> REFERENCE"
"SBI Alert: Rs.9,500 deducted at Apple Store using NEFT (A/c xx2204) on 20/05/2026. Txn Ref REFW1F20S","SBI -> BANK; Rs. -> CURRENCY; 9,500 -> AMOUNT; deducted -> TRANSACTION_TYPE; Apple Store -> MERCHANT; NEFT -> MODE; xx2204 -> ACCOUNT_SUFFIX; 20/05/2026 -> DATE; REFW1F20S -> REFERENCE"
"Your NEFT transaction of Rs.6,099 was refunded to BookMyShow from SBI A/c XXXX5473 on Jun 14, 2026. Ref: REFBD5UAM","NEFT -> MODE; Rs. -> CURRENCY; 6,099 -> AMOUNT; refunded -> TRANSACTION_TYPE; BookMyShow -> MERCHANT; SBI -> BANK; XXXX5473 -> ACCOUNT_SUFFIX; Jun 14, 2026 -> DATE; REFBD5UAM -> REFERENCE"
"Payment of ₹6,500 to IRCTC was paid via Debit Card from Wells Fargo A/c XX8610 on Jul 26, 2026. Reference: TXN49612","₹ -> CURRENCY; 6,500 -> AMOUNT; IRCTC -> MERCHANT; paid -> TRANSACTION_TYPE; Debit Card -> MODE; Wells Fargo -> BANK; XX8610 -> ACCOUNT_SUFFIX; Jul 26, 2026 -> DATE; TXN49612 -> REFERENCE"
"Payment of INR3,099 to Swiggy was received via Credit Card from Yes Bank A/c XX2045 on Nov 3, 2026. Reference: REF2MXCI0","INR -> CURRENCY; 3,099 -> AMOUNT; Swiggy -> MERCHANT; received -> TRANSACTION_TYPE; Credit Card -> MODE; Yes Bank -> BANK; XX2045 -> ACCOUNT_SUFFIX; Nov 3, 2026 -> DATE; REF2MXCI0 -> REFERENCE"
"Dear Customer, INR1,700 has been debited to your Kotak Mahindra account XX7885 through RTGS on Apr 3, 2026. Ref No: 613370618","INR -> CURRENCY; 1,700 -> AMOUNT; debited -> TRANSACTION_TYPE; Kotak Mahindra -> BANK; XX7885 -> ACCOUNT_SUFFIX; RTGS -> MODE; Apr 3, 2026 -> DATE; 613370618 -> REFERENCE"
"deposited: INR8,499 using Credit Card at Uber. HSBC A/c XXXX6279 Ref No 8637836574. Date: 22-Jan-2026","deposited -> TRANSACTION_TYPE; INR -> CURRENCY; 8,499 -> AMOUNT; Credit Card -> MODE; Uber -> MERCHANT; HSBC -> BANK; XXXX6279 -> ACCOUNT_SUFFIX; 8637836574 -> REFERENCE; 22-Jan-2026 -> DATE"
"Your Kotak Mahindra account XXXX5004 was spent with ₹5,500 at Netflix via UPI on 08/02/2026. Transaction Ref 449629605520","Kotak Mahindra -> BANK; XXXX5004 -> ACCOUNT_SUFFIX; spent -> TRANSACTION_TYPE; ₹ -> CURRENCY; 5,500 -> AMOUNT; Netflix -> MERCHANT; UPI -> MODE; 08/02/2026 -> DATE; 449629605520 -> REFERENCE"
"spent: INR4,050 using RTGS at Uber. Axis Bank A/c XX5809 Ref No 584414473806. Date: 26-Nov-2026","spent -> TRANSACTION_TYPE; INR -> CURRENCY; 4,050 -> AMOUNT; RTGS -> MODE; Uber -> MERCHANT; Axis Bank -> BANK; XX5809 -> ACCOUNT_SUFFIX; 584414473806 -> REFERENCE; 26-Nov-2026 -> DATE"
"Your IDBI Bank account XXXX5478 was deposited with INR2,499 at BookMyShow via Net Banking on Nov 12, 2026. Transaction Ref 127420531","IDBI Bank -> BANK; XXXX5478 -> ACCOUNT_SUFFIX; deposited -> TRANSACTION_TYPE; INR -> CURRENCY; 2,499 -> AMOUNT; BookMyShow -> MERCHANT; Net Banking -> MODE; Nov 12, 2026 -> DATE; 127420531 -> REFERENCE"
"Dear Customer, Rs.3,400 has been debited to your Kotak Mahindra account XX5884 through ATM on Sep 25, 2026. Ref No: 965191211","Rs. -> CURRENCY; 3,400 -> AMOUNT; debited -> TRANSACTION_TYPE; Kotak Mahindra -> BANK; XX5884 -> ACCOUNT_SUFFIX; ATM -> MODE; Sep 25, 2026 -> DATE; 965191211 -> REFERENCE"
"₹9,100 paid from HDFC Bank A/c XXXX8194 via Credit Card to Myntra on 04/08/2026. Ref: REF05USDD","₹ -> CURRENCY; 9,100 -> AMOUNT; paid -> TRANSACTION_TYPE; HDFC Bank -> BANK; XXXX8194 -> ACCOUNT_SUFFIX; Credit Card -> MODE; Myntra -> MERCHANT; 04/08/2026 -> DATE; REF05USDD -> REFERENCE"
PNB Alert: ₹699 withdrawn at Flipkart using RTGS (A/c XX5107) on 09/01/2026. Txn Ref 163921540,PNB -> BANK; ₹ -> CURRENCY; 699 -> AMOUNT; withdrawn -> TRANSACTION_TYPE; Flipkart -> MERCHANT; RTGS -> MODE; XX5107 -> ACCOUNT_SUFFIX; 09/01/2026 -> DATE; 163921540 -> REFERENCE
"Dear Customer, Rs.6,599 has been deducted to your HDFC Bank account XXXX5468 through UPI on Apr 14, 2026. Ref No: 6611266047","Rs. -> CURRENCY; 6,599 -> AMOUNT; deducted -> TRANSACTION_TYPE; HDFC Bank -> BANK; XXXX5468 -> ACCOUNT_SUFFIX; UPI -> MODE; Apr 14, 2026 -> DATE; 6611266047 -> REFERENCE"
"Alert: INR8,300 spent via ATM from Standard Chartered A/c xx6470 on 09/09/2026. Merchant: Swiggy. Ref: TXN48487","INR -> CURRENCY; 8,300 -> AMOUNT; spent -> TRANSACTION_TYPE; ATM -> MODE; Standard Chartered -> BANK; xx6470 -> ACCOUNT_SUFFIX; 09/09/2026 -> DATE; Swiggy -> MERCHANT; TXN48487 -> REFERENCE"
"Your UPI transaction of INR7,250 was credited to Amazon from Canara Bank A/c XXXX3119 on Apr 25, 2026. Ref: 895098870810","UPI -> MODE; INR -> CURRENCY; 7,250 -> AMOUNT; credited -> TRANSACTION_TYPE; Amazon -> MERCHANT; Canara Bank -> BANK; XXXX3119 -> ACCOUNT_SUFFIX; Apr 25, 2026 -> DATE; 895098870810 -> REFERENCE"
"Dear Customer, INR2,050 has been paid to your PNB account xx6143 through IMPS on 13-Feb-2026. Ref No: REF0F3ZQ6","INR -> CURRENCY; 2,050 -> AMOUNT; paid -> TRANSACTION_TYPE; PNB -> BANK; xx6143 -> ACCOUNT_SUFFIX; IMPS -> MODE; 13-Feb-2026 -> DATE; REF0F3ZQ6 -> REFERENCE"
"INR8,050 refunded from HDFC Bank A/c XX4312 via ATM to Zomato on 19/02/2026. Ref: 670209923","INR -> CURRENCY; 8,050 -> AMOUNT; refunded -> TRANSACTION_TYPE; HDFC Bank -> BANK; XX4312 -> ACCOUNT_SUFFIX; ATM -> MODE; Zomato -> MERCHANT; 19/02/2026 -> DATE; 670209923 -> REFERENCE"
"Standard Chartered Alert: Rs.8,000 withdrawn at Domino's using ATM (A/c XXXX6069) on 02-Sep-2026. Txn Ref TXN57442","Standard Chartered -> BANK; Rs. -> CURRENCY; 8,000 -> AMOUNT; withdrawn -> TRANSACTION_TYPE; Domino's -> MERCHANT; ATM -> MODE; XXXX6069 -> ACCOUNT_SUFFIX; 02-Sep-2026 -> DATE; TXN57442 -> REFERENCE"
"Alert: Rs.6,499 deducted via RTGS from HDFC Bank A/c xx9325 on May 8, 2026. Merchant: Walmart. Ref: REFVY3BUY","Rs. -> CURRENCY; 6,499 -> AMOUNT; deducted -> TRANSACTION_TYPE; RTGS -> MODE; HDFC Bank -> BANK; xx9325 -> ACCOUNT_SUFFIX; May 8, 2026 -> DATE; Walmart -> MERCHANT; REFVY3BUY -> REFERENCE"
"withdrawn: INR4,000 using NEFT at Swiggy. IDBI Bank A/c xx1599 Ref No 3649175741. Date: 01/10/2026","withdrawn -> TRANSACTION_TYPE; INR -> CURRENCY; 4,000 -> AMOUNT; NEFT -> MODE; Swiggy -> MERCHANT; IDBI Bank -> BANK; xx1599 -> ACCOUNT_SUFFIX; 3649175741 -> REFERENCE; 01/10/2026 -> DATE"
"Alert: INR5,500 deducted via RTGS from Canara Bank A/c XX4829 on 19-Mar-2026. Merchant: Jio. Ref: 570376564","INR -> CURRENCY; 5,500 -> AMOUNT; deducted -> TRANSACTION_TYPE; RTGS -> MODE; Canara Bank -> BANK; XX4829 -> ACCOUNT_SUFFIX; 19-Mar-2026 -> DATE; Jio -> MERCHANT; 570376564 -> REFERENCE"
"Alert: INR2,700 credited via NEFT from Chase A/c XX2940 on 26/09/2026. Merchant: IRCTC. Ref: 596128432386","INR -> CURRENCY; 2,700 -> AMOUNT; credited -> TRANSACTION_TYPE; NEFT -> MODE; Chase -> BANK; XX2940 -> ACCOUNT_SUFFIX; 26/09/2026 -> DATE; IRCTC -> MERCHANT; 596128432386 -> REFERENCE"
"Payment of INR1,799 to Walmart was debited via RTGS from Kotak Mahindra A/c xx1200 on 08/07/2026. Reference: REFGERI8F","INR -> CURRENCY; 1,799 -> AMOUNT; Walmart -> MERCHANT; debited -> TRANSACTION_TYPE; RTGS -> MODE; Kotak Mahindra -> BANK; xx1200 -> ACCOUNT_SUFFIX; 08/07/2026 -> DATE; REFGERI8F -> REFERENCE"
"HDFC Bank Alert: INR5,799 deducted at Walmart using NEFT (A/c XX5860) on 16/08/2026. Txn Ref 8029062590","HDFC Bank -> BANK; INR -> CURRENCY; 5,799 -> AMOUNT; deducted -> TRANSACTION_TYPE; Walmart -> MERCHANT; NEFT -> MODE; XX5860 -> ACCOUNT_SUFFIX; 16/08/2026 -> DATE; 8029062590 -> REFERENCE"
"Dear Customer, INR6,599 has been deposited to your Chase account XXXX2788 through IMPS on 21-Dec-2026. Ref No: TXN49886","INR -> CURRENCY; 6,599 -> AMOUNT; deposited -> TRANSACTION_TYPE; Chase -> BANK; XXXX2788 -> ACCOUNT_SUFFIX; IMPS -> MODE; 21-Dec-2026 -> DATE; TXN49886 -> REFERENCE"
"Standard Chartered Alert: INR5,299 refunded at Croma using RTGS (A/c xx2215) on 07/01/2026. Txn Ref 6534691768","Standard Chartered -> BANK; INR -> CURRENCY; 5,299 -> AMOUNT; refunded -> TRANSACTION_TYPE; Croma -> MERCHANT; RTGS -> MODE; xx2215 -> ACCOUNT_SUFFIX; 07/01/2026 -> DATE; 6534691768 -> REFERENCE"
"Rs.6,199 deposited from SBI A/c XXXX9911 via RTGS to Swiggy on 05-May-2026. Ref: 137290414","Rs. -> CURRENCY; 6,199 -> AMOUNT; deposited -> TRANSACTION_TYPE; SBI -> BANK; XXXX9911 -> ACCOUNT_SUFFIX; RTGS -> MODE; Swiggy -> MERCHANT; 05-May-2026 -> DATE; 137290414 -> REFERENCE"
"INR950 paid from Yes Bank A/c XXXX3056 via UPI to Amazon on Sep 8, 2026. Ref: 666018986586","INR -> CURRENCY; 950 -> AMOUNT; paid -> TRANSACTION_TYPE; Yes Bank -> BANK; XXXX3056 -> ACCOUNT_SUFFIX; UPI -> MODE; Amazon -> MERCHANT; Sep 8, 2026 -> DATE; 666018986586 -> REFERENCE"
"Payment of ₹4,350 to McDonald's was deducted via Net Banking from Bank of America A/c xx3798 on 05-Nov-2026. Reference: 843081465","₹ -> CURRENCY; 4,350 -> AMOUNT; McDonald's -> MERCHANT; deducted -> TRANSACTION_TYPE; Net Banking -> MODE; Bank of America -> BANK; xx3798 -> ACCOUNT_SUFFIX; 05-Nov-2026 -> DATE; 843081465 -> REFERENCE"
"₹7,900 spent from IDBI Bank A/c XXXX9290 via IMPS to Zomato on Jan 25, 2026. Ref: TXN95895","₹ -> CURRENCY; 7,900 -> AMOUNT; spent -> TRANSACTION_TYPE; IDBI Bank -> BANK; XXXX9290 -> ACCOUNT_SUFFIX; IMPS -> MODE; Zomato -> MERCHANT; Jan 25, 2026 -> DATE; TXN95895 -> REFERENCE"
"IDBI Bank Alert: ₹8,100 debited at Domino's using RTGS (A/c XXXX9021) on 02/01/2026. Txn Ref 741110080","IDBI Bank -> BANK; ₹ -> CURRENCY; 8,100 -> AMOUNT; debited -> TRANSACTION_TYPE; Domino's -> MERCHANT; RTGS -> MODE; XXXX9021 -> ACCOUNT_SUFFIX; 02/01/2026 -> DATE; 741110080 -> REFERENCE"
"refunded: Rs.2,950 using Credit Card at McDonald's. PNB A/c XX1201 Ref No 4827933367. Date: 01/11/2026","refunded -> TRANSACTION_TYPE; Rs. -> CURRENCY; 2,950 -> AMOUNT; Credit Card -> MODE; McDonald's -> MERCHANT; PNB -> BANK; XX1201 -> ACCOUNT_SUFFIX; 4827933367 -> REFERENCE; 01/11/2026 -> DATE"
"Your NEFT transaction of Rs.3,300 was deducted to Uber from Wells Fargo A/c XX7605 on 21-Feb-2026. Ref: 784031038246","NEFT -> MODE; Rs. -> CURRENCY; 3,300 -> AMOUNT; deducted -> TRANSACTION_TYPE; Uber -> MERCHANT; Wells Fargo -> BANK; XX7605 -> ACCOUNT_SUFFIX; 21-Feb-2026 -> DATE; 784031038246 -> REFERENCE"
"Your HDFC Bank account XX8980 was deducted with ₹5,499 at McDonald's via Debit Card on 06-Aug-2026. Transaction Ref 564773443696","HDFC Bank -> BANK; XX8980 -> ACCOUNT_SUFFIX; deducted -> TRANSACTION_TYPE; ₹ -> CURRENCY; 5,499 -> AMOUNT; McDonald's -> MERCHANT; Debit Card -> MODE; 06-Aug-2026 -> DATE; 564773443696 -> REFERENCE"
"Your RTGS transaction of Rs.350 was withdrawn to Jio from ICICI Bank A/c XXXX9328 on Apr 9, 2026. Ref: 3718061090","RTGS -> MODE; Rs. -> CURRENCY; 350 -> AMOUNT; withdrawn -> TRANSACTION_TYPE; Jio -> MERCHANT; ICICI Bank -> BANK; XXXX9328 -> ACCOUNT_SUFFIX; Apr 9, 2026 -> DATE; 3718061090 -> REFERENCE"
credited: Rs.750 using NEFT at Swiggy. Standard Chartered A/c xx7255 Ref No 6837043479. Date: 04/05/2026,credited -> TRANSACTION_TYPE; Rs. -> CURRENCY; 750 -> AMOUNT; NEFT -> MODE; Swiggy -> MERCHANT; Standard Chartered -> BANK; xx7255 -> ACCOUNT_SUFFIX; 6837043479 -> REFERENCE; 04/05/2026 -> DATE
"Your IDBI Bank account XX4758 was refunded with ₹8,850 at Swiggy via RTGS on 22-Dec-2026. Transaction Ref 4731756692","IDBI Bank -> BANK; XX4758 -> ACCOUNT_SUFFIX; refunded -> TRANSACTION_TYPE; ₹ -> CURRENCY; 8,850 -> AMOUNT; Swiggy -> MERCHANT; RTGS -> MODE; 22-Dec-2026 -> DATE; 4731756692 -> REFERENCE"
"Dear Customer, ₹3,400 has been received to your Bank of America account XX9635 through RTGS on 07-Jul-2026. Ref No: 284041454","₹ -> CURRENCY; 3,400 -> AMOUNT; received -> TRANSACTION_TYPE; Bank of America -> BANK; XX9635 -> ACCOUNT_SUFFIX; RTGS -> MODE; 07-Jul-2026 -> DATE; 284041454 -> REFERENCE"
"Rs.8,700 refunded from Axis Bank A/c XXXX8801 via NEFT to Jio on 22-Mar-2026. Ref: TXN16701","Rs. -> CURRENCY; 8,700 -> AMOUNT; refunded -> TRANSACTION_TYPE; Axis Bank -> BANK; XXXX8801 -> ACCOUNT_SUFFIX; NEFT -> MODE; Jio -> MERCHANT; 22-Mar-2026 -> DATE; TXN16701 -> REFERENCE"
"₹5,550 spent from Bank of America A/c XXXX1270 via Net Banking to Swiggy on Dec 25, 2026. Ref: TXN88501","₹ -> CURRENCY; 5,550 -> AMOUNT; spent -> TRANSACTION_TYPE; Bank of America -> BANK; XXXX1270 -> ACCOUNT_SUFFIX; Net Banking -> MODE; Swiggy -> MERCHANT; Dec 25, 2026 -> DATE; TXN88501 -> REFERENCE"
"Alert: Rs.7,799 deducted via Debit Card from Wells Fargo A/c xx3996 on Jul 28, 2026. Merchant: Starbucks. Ref: 366778185","Rs. -> CURRENCY; 7,799 -> AMOUNT; deducted -> TRANSACTION_TYPE; Debit Card -> MODE; Wells Fargo -> BANK; xx3996 -> ACCOUNT_SUFFIX; Jul 28, 2026 -> DATE; Starbucks -> MERCHANT; 366778185 -> REFERENCE"
"Your Net Banking transaction of Rs.6,399 was deposited to Reliance Digital from IDBI Bank A/c XX3069 on 08/09/2026. Ref: TXN11305","Net Banking -> MODE; Rs. -> CURRENCY; 6,399 -> AMOUNT; deposited -> TRANSACTION_TYPE; Reliance Digital -> MERCHANT; IDBI Bank -> BANK; XX3069 -> ACCOUNT_SUFFIX; 08/09/2026 -> DATE; TXN11305 -> REFERENCE"
"Dear Customer, INR8,750 has been paid to your Bank of America account XX5758 through Net Banking on 26-Oct-2026. Ref No: 8018994082","INR -> CURRENCY; 8,750 -> AMOUNT; paid -> TRANSACTION_TYPE; Bank of America -> BANK; XX5758 -> ACCOUNT_SUFFIX; Net Banking -> MODE; 26-Oct-2026 -> DATE; 8018994082 -> REFERENCE"
"ICICI Bank Alert: Rs.6,650 withdrawn at Airtel using RTGS (A/c xx1035) on May 27, 2026. Txn Ref 120940143487","ICICI Bank -> BANK; Rs. -> CURRENCY; 6,650 -> AMOUNT; withdrawn -> TRANSACTION_TYPE; Airtel -> MERCHANT; RTGS -> MODE; xx1035 -> ACCOUNT_SUFFIX; May 27, 2026 -> DATE; 120940143487 -> REFERENCE"
"Your Yes Bank account XX7470 was debited with ₹2,399 at Starbucks via IMPS on 11-May-2026. Transaction Ref REFPJYWQF","Yes Bank -> BANK; XX7470 -> ACCOUNT_SUFFIX; debited -> TRANSACTION_TYPE; ₹ -> CURRENCY; 2,399 -> AMOUNT; Starbucks -> MERCHANT; IMPS -> MODE; 11-May-2026 -> DATE; REFPJYWQF -> REFERENCE"
"Dear Customer, Rs.3,099 has been withdrawn to your Axis Bank account XX7327 through NEFT on Sep 10, 2026. Ref No: 519242211","Rs. -> CURRENCY; 3,099 -> AMOUNT; withdrawn -> TRANSACTION_TYPE; Axis Bank -> BANK; XX7327 -> ACCOUNT_SUFFIX; NEFT -> MODE; Sep 10, 2026 -> DATE; 519242211 -> REFERENCE"
"Payment of ₹5,699 to BookMyShow was credited via ATM from Canara Bank A/c xx9824 on 06-Oct-2026. Reference: 347529611981","₹ -> CURRENCY; 5,699 -> AMOUNT; BookMyShow -> MERCHANT; credited -> TRANSACTION_TYPE; ATM -> MODE; Canara Bank -> BANK; xx9824 -> ACCOUNT_SUFFIX; 06-Oct-2026 -> DATE; 347529611981 -> REFERENCE"
"Dear Customer, ₹7,399 has been deposited to your HDFC Bank account XX9395 through Debit Card on 26/09/2026. Ref No: TXN85879","₹ -> CURRENCY; 7,399 -> AMOUNT; deposited -> TRANSACTION_TYPE; HDFC Bank -> BANK; XX9395 -> ACCOUNT_SUFFIX; Debit Card -> MODE; 26/09/2026 -> DATE; TXN85879 -> REFERENCE"
Alert: INR600 refunded via IMPS from PNB A/c XX5411 on 25-Dec-2026. Merchant: Starbucks. Ref: 325406106233,INR -> CURRENCY; 600 -> AMOUNT; refunded -> TRANSACTION_TYPE; IMPS -> MODE; PNB -> BANK; XX5411 -> ACCOUNT_SUFFIX; 25-Dec-2026 -> DATE; Starbucks -> MERCHANT; 325406106233 -> REFERENCE
"Bank of America Alert: ₹6,100 received at Domino's using Credit Card (A/c XXXX8748) on 25/12/2026. Txn Ref REF26T5EF","Bank of America -> BANK; ₹ -> CURRENCY; 6,100 -> AMOUNT; received -> TRANSACTION_TYPE; Domino's -> MERCHANT; Credit Card -> MODE; XXXX8748 -> ACCOUNT_SUFFIX; 25/12/2026 -> DATE; REF26T5EF -> REFERENCE"
"₹7,299 refunded from Standard Chartered A/c xx3224 via UPI to Jio on 05/05/2026. Ref: 606753455","₹ -> CURRENCY; 7,299 -> AMOUNT; refunded -> TRANSACTION_TYPE; Standard Chartered -> BANK; xx3224 -> ACCOUNT_SUFFIX; UPI -> MODE; Jio -> MERCHANT; 05/05/2026 -> DATE; 606753455 -> REFERENCE"
"Dear Customer, Rs.2,400 has been withdrawn to your HSBC account XXXX6032 through UPI on 24/01/2026. Ref No: 264603174","Rs. -> CURRENCY; 2,400 -> AMOUNT; withdrawn -> TRANSACTION_TYPE; HSBC -> BANK; XXXX6032 -> ACCOUNT_SUFFIX; UPI -> MODE; 24/01/2026 -> DATE; 264603174 -> REFERENCE"
"Standard Chartered Alert: Rs.9,400 debited at Swiggy using Net Banking (A/c xx3965) on 19-Dec-2026. Txn Ref 237607269","Standard Chartered -> BANK; Rs. -> CURRENCY; 9,400 -> AMOUNT; debited -> TRANSACTION_TYPE; Swiggy -> MERCHANT; Net Banking -> MODE; xx3965 -> ACCOUNT_SUFFIX; 19-Dec-2026 -> DATE; 237607269 -> REFERENCE"
"Your ATM transaction of ₹4,699 was withdrawn to Airtel from Kotak Mahindra A/c XX3995 on Oct 2, 2026. Ref: 130683757","ATM -> MODE; ₹ -> CURRENCY; 4,699 -> AMOUNT; withdrawn -> TRANSACTION_TYPE; Airtel -> MERCHANT; Kotak Mahindra -> BANK; XX3995 -> ACCOUNT_SUFFIX; Oct 2, 2026 -> DATE; 130683757 -> REFERENCE"
"withdrawn: Rs.1,999 using Net Banking at Myntra. Canara Bank A/c XXXX3515 Ref No REF32A2S4. Date: 12-Nov-2026","withdrawn -> TRANSACTION_TYPE; Rs. -> CURRENCY; 1,999 -> AMOUNT; Net Banking -> MODE; Myntra -> MERCHANT; Canara Bank -> BANK; XXXX3515 -> ACCOUNT_SUFFIX; REF32A2S4 -> REFERENCE; 12-Nov-2026 -> DATE"
"Dear Customer, ₹5,899 has been deposited to your Citibank account xx4828 through Net Banking on Nov 25, 2026. Ref No: 3942377273","₹ -> CURRENCY; 5,899 -> AMOUNT; deposited -> TRANSACTION_TYPE; Citibank -> BANK; xx4828 -> ACCOUNT_SUFFIX; Net Banking -> MODE; Nov 25, 2026 -> DATE; 3942377273 -> REFERENCE"
"Your Wells Fargo account xx2597 was withdrawn with Rs.6,800 at Domino's via ATM on 23-May-2026. Transaction Ref REFDQPGVO","Wells Fargo -> BANK; xx2597 -> ACCOUNT_SUFFIX; withdrawn -> TRANSACTION_TYPE; Rs. -> CURRENCY; 6,800 -> AMOUNT; Domino's -> MERCHANT; ATM -> MODE; 23-May-2026 -> DATE; REFDQPGVO -> REFERENCE"
"Alert: Rs.250 deducted via ATM from HSBC A/c XXXX1173 on Dec 11, 2026. Merchant: Myntra. Ref: 7324322543","Rs. -> CURRENCY; 250 -> AMOUNT; deducted -> TRANSACTION_TYPE; ATM -> MODE; HSBC -> BANK; XXXX1173 -> ACCOUNT_SUFFIX; Dec 11, 2026 -> DATE; Myntra -> MERCHANT; 7324322543 -> REFERENCE"
"refunded: ₹4,100 using Credit Card at Myntra. Wells Fargo A/c XX3818 Ref No TXN53542. Date: 22/12/2026","refunded -> TRANSACTION_TYPE; ₹ -> CURRENCY; 4,100 -> AMOUNT; Credit Card -> MODE; Myntra -> MERCHANT; Wells Fargo -> BANK; XX3818 -> ACCOUNT_SUFFIX; TXN53542 -> REFERENCE; 22/12/2026 -> DATE"
"Alert: INR7,750 deducted via RTGS from Bank of America A/c xx8085 on 18-Jul-2026. Merchant: Jio. Ref: 4877353465","INR -> CURRENCY; 7,750 -> AMOUNT; deducted -> TRANSACTION_TYPE; RTGS -> MODE; Bank of America -> BANK; xx8085 -> ACCOUNT_SUFFIX; 18-Jul-2026 -> DATE; Jio -> MERCHANT; 4877353465 -> REFERENCE"
"Your SBI account XX7072 was paid with INR3,299 at Jio via RTGS on Nov 13, 2026. Transaction Ref REFVHSJZE","SBI -> BANK; XX7072 -> ACCOUNT_SUFFIX; paid -> TRANSACTION_TYPE; INR -> CURRENCY; 3,299 -> AMOUNT; Jio -> MERCHANT; RTGS -> MODE; Nov 13, 2026 -> DATE; REFVHSJZE -> REFERENCE"
"INR8,200 deducted from HDFC Bank A/c xx7961 via UPI to Swiggy on 23-Jun-2026. Ref: 1204993111","INR -> CURRENCY; 8,200 -> AMOUNT; deducted -> TRANSACTION_TYPE; HDFC Bank -> BANK; xx7961 -> ACCOUNT_SUFFIX; UPI -> MODE; Swiggy -> MERCHANT; 23-Jun-2026 -> DATE; 1204993111 -> REFERENCE"
"credited: ₹7,850 using RTGS at BigBasket. PNB A/c XXXX8811 Ref No REFO9X5Y5. Date: 27-Feb-2026","credited -> TRANSACTION_TYPE; ₹ -> CURRENCY; 7,850 -> AMOUNT; RTGS -> MODE; BigBasket -> MERCHANT; PNB -> BANK; XXXX8811 -> ACCOUNT_SUFFIX; REFO9X5Y5 -> REFERENCE; 27-Feb-2026 -> DATE"
"Rs.9,400 spent from Bank of America A/c xx6272 via NEFT to Walmart on Apr 26, 2026. Ref: TXN96605","Rs. -> CURRENCY; 9,400 -> AMOUNT; spent -> TRANSACTION_TYPE; Bank of America -> BANK; xx6272 -> ACCOUNT_SUFFIX; NEFT -> MODE; Walmart -> MERCHANT; Apr 26, 2026 -> DATE; TXN96605 -> REFERENCE"
"Payment of INR8,000 to BookMyShow was deducted via Debit Card from Axis Bank A/c xx2971 on 04-Feb-2026. Reference: 398277102219","INR -> CURRENCY; 8,000 -> AMOUNT; BookMyShow -> MERCHANT; deducted -> TRANSACTION_TYPE; Debit Card -> MODE; Axis Bank -> BANK; xx2971 -> ACCOUNT_SUFFIX; 04-Feb-2026 -> DATE; 398277102219 -> REFERENCE"
"Your Canara Bank account XX2702 was deposited with ₹5,399 at Myntra via RTGS on 13/03/2026. Transaction Ref 5195380104","Canara Bank -> BANK; XX2702 -> ACCOUNT_SUFFIX; deposited -> TRANSACTION_TYPE; ₹ -> CURRENCY; 5,399 -> AMOUNT; Myntra -> MERCHANT; RTGS -> MODE; 13/03/2026 -> DATE; 5195380104 -> REFERENCE"
"₹4,099 refunded from HSBC A/c XXXX9280 via RTGS to McDonald's on 07/03/2026. Ref: TXN14675","₹ -> CURRENCY; 4,099 -> AMOUNT; refunded -> TRANSACTION_TYPE; HSBC -> BANK; XXXX9280 -> ACCOUNT_SUFFIX; RTGS -> MODE; McDonald's -> MERCHANT; 07/03/2026 -> DATE; TXN14675 -> REFERENCE"
"Your Net Banking transaction of Rs.5,199 was credited to Ola from Kotak Mahindra A/c XX9382 on Oct 21, 2026. Ref: 559935406687","Net Banking -> MODE; Rs. -> CURRENCY; 5,199 -> AMOUNT; credited -> TRANSACTION_TYPE; Ola -> MERCHANT; Kotak Mahindra -> BANK; XX9382 -> ACCOUNT_SUFFIX; Oct 21, 2026 -> DATE; 559935406687 -> REFERENCE"
"Bank of America Alert: ₹5,499 received at Walmart using Debit Card (A/c XXXX3429) on Jul 12, 2026. Txn Ref 234466323","Bank of America -> BANK; ₹ -> CURRENCY; 5,499 -> AMOUNT; received -> TRANSACTION_TYPE; Walmart -> MERCHANT; Debit Card -> MODE; XXXX3429 -> ACCOUNT_SUFFIX; Jul 12, 2026 -> DATE; 234466323 -> REFERENCE"
"Your SBI account XXXX5998 was refunded with INR7,100 at Uber via RTGS on 07/05/2026. Transaction Ref 827574846968","SBI -> BANK; XXXX5998 -> ACCOUNT_SUFFIX; refunded -> TRANSACTION_TYPE; INR -> CURRENCY; 7,100 -> AMOUNT; Uber -> MERCHANT; RTGS -> MODE; 07/05/2026 -> DATE; 827574846968 -> REFERENCE"
"Dear Customer, Rs.8,550 has been credited to your IDBI Bank account xx1765 through IMPS on 28/12/2026. Ref No: 254849985","Rs. -> CURRENCY; 8,550 -> AMOUNT; credited -> TRANSACTION_TYPE; IDBI Bank -> BANK; xx1765 -> ACCOUNT_SUFFIX; IMPS -> MODE; 28/12/2026 -> DATE; 254849985 -> REFERENCE"
"Your Debit Card transaction of Rs.9,450 was deducted to Reliance Digital from SBI A/c xx1742 on 11/02/2026. Ref: 8345263256","Debit Card -> MODE; Rs. -> CURRENCY; 9,450 -> AMOUNT; deducted -> TRANSACTION_TYPE; Reliance Digital -> MERCHANT; SBI -> BANK; xx1742 -> ACCOUNT_SUFFIX; 11/02/2026 -> DATE; 8345263256 -> REFERENCE"
"Rs.6,450 received from Standard Chartered A/c XXXX7207 via Credit Card to Starbucks on 02-Feb-2026. Ref: 783222613962","Rs. -> CURRENCY; 6,450 -> AMOUNT; received -> TRANSACTION_TYPE; Standard Chartered -> BANK; XXXX7207 -> ACCOUNT_SUFFIX; Credit Card -> MODE; Starbucks -> MERCHANT; 02-Feb-2026 -> DATE; 783222613962 -> REFERENCE"
"spent: INR2,699 using NEFT at Zomato. Kotak Mahindra A/c xx1059 Ref No 3638081928. Date: Apr 13, 2026","spent -> TRANSACTION_TYPE; INR -> CURRENCY; 2,699 -> AMOUNT; NEFT -> MODE; Zomato -> MERCHANT; Kotak Mahindra -> BANK; xx1059 -> ACCOUNT_SUFFIX; 3638081928 -> REFERENCE; Apr 13, 2026 -> DATE"
Alert: INR499 credited via UPI from Citibank A/c xx7128 on 25/09/2026. Merchant: Walmart. Ref: 102699214,INR -> CURRENCY; 499 -> AMOUNT; credited -> TRANSACTION_TYPE; UPI -> MODE; Citibank -> BANK; xx7128 -> ACCOUNT_SUFFIX; 25/09/2026 -> DATE; Walmart -> MERCHANT; 102699214 -> REFERENCE
"paid: ₹1,100 using ATM at Netflix. HDFC Bank A/c XX8507 Ref No TXN79568. Date: Sep 3, 2026","paid -> TRANSACTION_TYPE; ₹ -> CURRENCY; 1,100 -> AMOUNT; ATM -> MODE; Netflix -> MERCHANT; HDFC Bank -> BANK; XX8507 -> ACCOUNT_SUFFIX; TXN79568 -> REFERENCE; Sep 3, 2026 -> DATE"
"Payment of Rs.3,750 to Netflix was paid via IMPS from Citibank A/c XXXX2851 on Nov 27, 2026. Reference: TXN91928","Rs. -> CURRENCY; 3,750 -> AMOUNT; Netflix -> MERCHANT; paid -> TRANSACTION_TYPE; IMPS -> MODE; Citibank -> BANK; XXXX2851 -> ACCOUNT_SUFFIX; Nov 27, 2026 -> DATE; TXN91928 -> REFERENCE"
Rs.499 deposited from Axis Bank A/c XX6563 via IMPS to Croma on 05/07/2026. Ref: 520825499,Rs. -> CURRENCY; 499 -> AMOUNT; deposited -> TRANSACTION_TYPE; Axis Bank -> BANK; XX6563 -> ACCOUNT_SUFFIX; IMPS -> MODE; Croma -> MERCHANT; 05/07/2026 -> DATE; 520825499 -> REFERENCE
"Dear Customer, ₹7,350 has been debited to your Axis Bank account xx3051 through NEFT on 15-Apr-2026. Ref No: 580390328","₹ -> CURRENCY; 7,350 -> AMOUNT; debited -> TRANSACTION_TYPE; Axis Bank -> BANK; xx3051 -> ACCOUNT_SUFFIX; NEFT -> MODE; 15-Apr-2026 -> DATE; 580390328 -> REFERENCE"
"Payment of Rs.8,599 to Amazon was credited via UPI from HSBC A/c xx7082 on Sep 23, 2026. Reference: 3240297065","Rs. -> CURRENCY; 8,599 -> AMOUNT; Amazon -> MERCHANT; credited -> TRANSACTION_TYPE; UPI -> MODE; HSBC -> BANK; xx7082 -> ACCOUNT_SUFFIX; Sep 23, 2026 -> DATE; 3240297065 -> REFERENCE"
"Kotak Mahindra Alert: Rs.2,800 withdrawn at IRCTC using Net Banking (A/c XX1409) on 02/05/2026. Txn Ref TXN57325","Kotak Mahindra -> BANK; Rs. -> CURRENCY; 2,800 -> AMOUNT; withdrawn -> TRANSACTION_TYPE; IRCTC -> MERCHANT; Net Banking -> MODE; XX1409 -> ACCOUNT_SUFFIX; 02/05/2026 -> DATE; TXN57325 -> REFERENCE"
"Your Canara Bank account xx2534 was credited with INR4,200 at Ola via UPI on 22/12/2026. Transaction Ref TXN87096","Canara Bank -> BANK; xx2534 -> ACCOUNT_SUFFIX; credited -> TRANSACTION_TYPE; INR -> CURRENCY; 4,200 -> AMOUNT; Ola -> MERCHANT; UPI -> MODE; 22/12/2026 -> DATE; TXN87096 -> REFERENCE"
"Alert: Rs.3,500 received via IMPS from ICICI Bank A/c XX7732 on 15-Jul-2026. Merchant: McDonald's. Ref: 9646704405","Rs. -> CURRENCY; 3,500 -> AMOUNT; received -> TRANSACTION_TYPE; IMPS -> MODE; ICICI Bank -> BANK; XX7732 -> ACCOUNT_SUFFIX; 15-Jul-2026 -> DATE; McDonald's -> MERCHANT; 9646704405 -> REFERENCE"
"Dear Customer, ₹6,600 has been received to your ICICI Bank account XX4851 through ATM on 13/09/2026. Ref No: 611730849583","₹ -> CURRENCY; 6,600 -> AMOUNT; received -> TRANSACTION_TYPE; ICICI Bank -> BANK; XX4851 -> ACCOUNT_SUFFIX; ATM -> MODE; 13/09/2026 -> DATE; 611730849583 -> REFERENCE"
INR899 credited from Bank of America A/c XX2826 via IMPS to BigBasket on 23-Dec-2026. Ref: 4878712497,INR -> CURRENCY; 899 -> AMOUNT; credited -> TRANSACTION_TYPE; Bank of America -> BANK; XX2826 -> ACCOUNT_SUFFIX; IMPS -> MODE; BigBasket -> MERCHANT; 23-Dec-2026 -> DATE; 4878712497 -> REFERENCE
"Your UPI transaction of Rs.1,300 was deducted to Apple Store from Wells Fargo A/c xx8339 on 07-Jul-2026. Ref: 423427395","UPI -> MODE; Rs. -> CURRENCY; 1,300 -> AMOUNT; deducted -> TRANSACTION_TYPE; Apple Store -> MERCHANT; Wells Fargo -> BANK; xx8339 -> ACCOUNT_SUFFIX; 07-Jul-2026 -> DATE; 423427395 -> REFERENCE"
"Dear Customer, Rs.499 has been deposited to your ICICI Bank account XXXX4915 through NEFT on 15/06/2026. Ref No: 2636428426",Rs. -> CURRENCY; 499 -> AMOUNT; deposited -> TRANSACTION_TYPE; ICICI Bank -> BANK; XXXX4915 -> ACCOUNT_SUFFIX; NEFT -> MODE; 15/06/2026 -> DATE; 2636428426 -> REFERENCE
"Alert: ₹8,499 debited via Credit Card from Standard Chartered A/c xx2226 on 20-Jul-2026. Merchant: Domino's. Ref: 331408113","₹ -> CURRENCY; 8,499 -> AMOUNT; debited -> TRANSACTION_TYPE; Credit Card -> MODE; Standard Chartered -> BANK; xx2226 -> ACCOUNT_SUFFIX; 20-Jul-2026 -> DATE; Domino's -> MERCHANT; 331408113 -> REFERENCE"
"Rs.7,400 paid from Kotak Mahindra A/c xx8017 via Debit Card to Myntra on 25-Jun-2026. Ref: 4425300333","Rs. -> CURRENCY; 7,400 -> AMOUNT; paid -> TRANSACTION_TYPE; Kotak Mahindra -> BANK; xx8017 -> ACCOUNT_SUFFIX; Debit Card -> MODE; Myntra -> MERCHANT; 25-Jun-2026 -> DATE; 4425300333 -> REFERENCE"
"₹2,250 spent from PNB A/c xx9404 via ATM to Uber on 10/02/2026. Ref: 752963489","₹ -> CURRENCY; 2,250 -> AMOUNT; spent -> TRANSACTION_TYPE; PNB -> BANK; xx9404 -> ACCOUNT_SUFFIX; ATM -> MODE; Uber -> MERCHANT; 10/02/2026 -> DATE; 752963489 -> REFERENCE"
"Your ICICI Bank account XX8169 was deposited with Rs.7,500 at Flipkart via Credit Card on 11/08/2026. Transaction Ref 263130927","ICICI Bank -> BANK; XX8169 -> ACCOUNT_SUFFIX; deposited -> TRANSACTION_TYPE; Rs. -> CURRENCY; 7,500 -> AMOUNT; Flipkart -> MERCHANT; Credit Card -> MODE; 11/08/2026 -> DATE; 263130927 -> REFERENCE"
"Citibank Alert: ₹700 debited at Apple Store using NEFT (A/c XX8614) on Oct 25, 2026. Txn Ref 553053313","Citibank -> BANK; ₹ -> CURRENCY; 700 -> AMOUNT; debited -> TRANSACTION_TYPE; Apple Store -> MERCHANT; NEFT -> MODE; XX8614 -> ACCOUNT_SUFFIX; Oct 25, 2026 -> DATE; 553053313 -> REFERENCE"
"Your Yes Bank account xx3712 was deducted with Rs.4,450 at Ola via Credit Card on 24-May-2026. Transaction Ref TXN64972","Yes Bank -> BANK; xx3712 -> ACCOUNT_SUFFIX; deducted -> TRANSACTION_TYPE; Rs. -> CURRENCY; 4,450 -> AMOUNT; Ola -> MERCHANT; Credit Card -> MODE; 24-May-2026 -> DATE; TXN64972 -> REFERENCE"
"₹8,700 withdrawn from Chase A/c XXXX5759 via NEFT to Starbucks on 27-Dec-2026. Ref: 153967196964","₹ -> CURRENCY; 8,700 -> AMOUNT; withdrawn -> TRANSACTION_TYPE; Chase -> BANK; XXXX5759 -> ACCOUNT_SUFFIX; NEFT -> MODE; Starbucks -> MERCHANT; 27-Dec-2026 -> DATE; 153967196964 -> REFERENCE"
"deposited: INR6,350 using UPI at BookMyShow. IDBI Bank A/c XX1643 Ref No REFJK7UQY. Date: Apr 3, 2026","deposited -> TRANSACTION_TYPE; INR -> CURRENCY; 6,350 -> AMOUNT; UPI -> MODE; BookMyShow -> MERCHANT; IDBI Bank -> BANK; XX1643 -> ACCOUNT_SUFFIX; REFJK7UQY -> REFERENCE; Apr 3, 2026 -> DATE"
"Payment of ₹2,400 to Netflix was spent via Net Banking from SBI A/c xx7447 on 10/04/2026. Reference: 539256288","₹ -> CURRENCY; 2,400 -> AMOUNT; Netflix -> MERCHANT; spent -> TRANSACTION_TYPE; Net Banking -> MODE; SBI -> BANK; xx7447 -> ACCOUNT_SUFFIX; 10/04/2026 -> DATE; 539256288 -> REFERENCE"
Your ICICI Bank account xx1196 was paid with ₹899 at McDonald's via Net Banking on 24/04/2026. Transaction Ref 410556316567,ICICI Bank -> BANK; xx1196 -> ACCOUNT_SUFFIX; paid -> TRANSACTION_TYPE; ₹ -> CURRENCY; 899 -> AMOUNT; McDonald's -> MERCHANT; Net Banking -> MODE; 24/04/2026 -> DATE; 410556316567 -> REFERENCE
"Alert: INR8,100 deposited via Credit Card from HDFC Bank A/c xx8568 on 07-Mar-2026. Merchant: Apple Store. Ref: TXN65114","INR -> CURRENCY; 8,100 -> AMOUNT; deposited -> TRANSACTION_TYPE; Credit Card -> MODE; HDFC Bank -> BANK; xx8568 -> ACCOUNT_SUFFIX; 07-Mar-2026 -> DATE; Apple Store -> MERCHANT; TXN65114 -> REFERENCE"
"INR9,450 withdrawn from HSBC A/c XX3670 via Debit Card to Flipkart on 16-Jul-2026. Ref: 515204488","INR -> CURRENCY; 9,450 -> AMOUNT; withdrawn -> TRANSACTION_TYPE; HSBC -> BANK; XX3670 -> ACCOUNT_SUFFIX; Debit Card -> MODE; Flipkart -> MERCHANT; 16-Jul-2026 -> DATE; 515204488 -> REFERENCE"
"Dear Customer, ₹8,550 has been paid to your Chase account XX7861 through Debit Card on 23/12/2026. Ref No: REFPH48A2","₹ -> CURRENCY; 8,550 -> AMOUNT; paid -> TRANSACTION_TYPE; Chase -> BANK; XX7861 -> ACCOUNT_SUFFIX; Debit Card -> MODE; 23/12/2026 -> DATE; REFPH48A2 -> REFERENCE"
"Payment of INR3,100 to Uber was spent via Credit Card from ICICI Bank A/c XX7615 on 05-Feb-2026. Reference: 2472026389","INR -> CURRENCY; 3,100 -> AMOUNT; Uber -> MERCHANT; spent -> TRANSACTION_TYPE; Credit Card -> MODE; ICICI Bank -> BANK; XX7615 -> ACCOUNT_SUFFIX; 05-Feb-2026 -> DATE; 2472026389 -> REFERENCE"
"Dear Customer, Rs.4,000 has been paid to your Citibank account xx6710 through UPI on 18-Feb-2026. Ref No: 353644055","Rs. -> CURRENCY; 4,000 -> AMOUNT; paid -> TRANSACTION_TYPE; Citibank -> BANK; xx6710 -> ACCOUNT_SUFFIX; UPI -> MODE; 18-Feb-2026 -> DATE; 353644055 -> REFERENCE"
"Dear Customer, INR4,850 has been deducted to your HDFC Bank account XXXX8420 through Net Banking on 13/04/2026. Ref No: TXN34272","INR -> CURRENCY; 4,850 -> AMOUNT; deducted -> TRANSACTION_TYPE; HDFC Bank -> BANK; XXXX8420 -> ACCOUNT_SUFFIX; Net Banking -> MODE; 13/04/2026 -> DATE; TXN34272 -> REFERENCE"
"Your HDFC Bank account XX4392 was received with ₹7,699 at Walmart via NEFT on 14-Jul-2026. Transaction Ref TXN18524","HDFC Bank -> BANK; XX4392 -> ACCOUNT_SUFFIX; received -> TRANSACTION_TYPE; ₹ -> CURRENCY; 7,699 -> AMOUNT; Walmart -> MERCHANT; NEFT -> MODE; 14-Jul-2026 -> DATE; TXN18524 -> REFERENCE"
"Your ATM transaction of Rs.3,399 was paid to Starbucks from Kotak Mahindra A/c XXXX9864 on 09/09/2026. Ref: 825281010","ATM -> MODE; Rs. -> CURRENCY; 3,399 -> AMOUNT; paid -> TRANSACTION_TYPE; Starbucks -> MERCHANT; Kotak Mahindra -> BANK; XXXX9864 -> ACCOUNT_SUFFIX; 09/09/2026 -> DATE; 825281010 -> REFERENCE"
"Your Bank of America account XXXX2083 was debited with Rs.4,150 at BigBasket via Credit Card on Sep 15, 2026. Transaction Ref 754652674556","Bank of America -> BANK; XXXX2083 -> ACCOUNT_SUFFIX; debited -> TRANSACTION_TYPE; Rs. -> CURRENCY; 4,150 -> AMOUNT; BigBasket -> MERCHANT; Credit Card -> MODE; Sep 15, 2026 -> DATE; 754652674556 -> REFERENCE"
"Dear Customer, ₹4,400 has been received to your SBI account xx7345 through RTGS on Mar 8, 2026. Ref No: 293012762","₹ -> CURRENCY; 4,400 -> AMOUNT; received -> TRANSACTION_TYPE; SBI -> BANK; xx7345 -> ACCOUNT_SUFFIX; RTGS -> MODE; Mar 8, 2026 -> DATE; 293012762 -> REFERENCE"
"withdrawn: Rs.7,350 using Net Banking at Zomato. SBI A/c XX9734 Ref No 8821409309. Date: Jul 20, 2026","withdrawn -> TRANSACTION_TYPE; Rs. -> CURRENCY; 7,350 -> AMOUNT; Net Banking -> MODE; Zomato -> MERCHANT; SBI -> BANK; XX9734 -> ACCOUNT_SUFFIX; 8821409309 -> REFERENCE; Jul 20, 2026 -> DATE"
"Your Kotak Mahindra account XX5591 was deducted with INR6,799 at Starbucks via IMPS on Sep 16, 2026. Transaction Ref REF0U3UX3","Kotak Mahindra -> BANK; XX5591 -> ACCOUNT_SUFFIX; deducted -> TRANSACTION_TYPE; INR -> CURRENCY; 6,799 -> AMOUNT; Starbucks -> MERCHANT; IMPS -> MODE; Sep 16, 2026 -> DATE; REF0U3UX3 -> REFERENCE"
HDFC Bank Alert: Rs.600 received at Flipkart using Credit Card (A/c xx1985) on 19/04/2026. Txn Ref 2278056250,HDFC Bank -> BANK; Rs. -> CURRENCY; 600 -> AMOUNT; received -> TRANSACTION_TYPE; Flipkart -> MERCHANT; Credit Card -> MODE; xx1985 -> ACCOUNT_SUFFIX; 19/04/2026 -> DATE; 2278056250 -> REFERENCE
"Dear Customer, Rs.8,500 has been deducted to your PNB account XX2179 through UPI on 17/03/2026. Ref No: 775366633211","Rs. -> CURRENCY; 8,500 -> AMOUNT; deducted -> TRANSACTION_TYPE; PNB -> BANK; XX2179 -> ACCOUNT_SUFFIX; UPI -> MODE; 17/03/2026 -> DATE; 775366633211 -> REFERENCE"
Your ATM transaction of Rs.999 was paid to Domino's from Chase A/c xx7323 on 19/11/2026. Ref: 665149980899,ATM -> MODE; Rs. -> CURRENCY; 999 -> AMOUNT; paid -> TRANSACTION_TYPE; Domino's -> MERCHANT; Chase -> BANK; xx7323 -> ACCOUNT_SUFFIX; 19/11/2026 -> DATE; 665149980899 -> REFERENCE
"Your NEFT transaction of Rs.5,499 was spent to Flipkart from Chase A/c xx6412 on 21-Jan-2026. Ref: REF6OLUR6","NEFT -> MODE; Rs. -> CURRENCY; 5,499 -> AMOUNT; spent -> TRANSACTION_TYPE; Flipkart -> MERCHANT; Chase -> BANK; xx6412 -> ACCOUNT_SUFFIX; 21-Jan-2026 -> DATE; REF6OLUR6 -> REFERENCE"
"paid: ₹9,599 using Credit Card at Domino's. PNB A/c xx4699 Ref No TXN21254. Date: 08-Jul-2026","paid -> TRANSACTION_TYPE; ₹ -> CURRENCY; 9,599 -> AMOUNT; Credit Card -> MODE; Domino's -> MERCHANT; PNB -> BANK; xx4699 -> ACCOUNT_SUFFIX; TXN21254 -> REFERENCE; 08-Jul-2026 -> DATE"
"Dear Customer, Rs.650 has been credited to your Yes Bank account XX4796 through UPI on 01-Aug-2026. Ref No: 857831753492",Rs. -> CURRENCY; 650 -> AMOUNT; credited -> TRANSACTION_TYPE; Yes Bank -> BANK; XX4796 -> ACCOUNT_SUFFIX; UPI -> MODE; 01-Aug-2026 -> DATE; 857831753492 -> REFERENCE
"Kotak Mahindra Alert: INR2,800 withdrawn at Apple Store using Debit Card (A/c XXXX7708) on Feb 11, 2026. Txn Ref 2429193737","Kotak Mahindra -> BANK; INR -> CURRENCY; 2,800 -> AMOUNT; withdrawn -> TRANSACTION_TYPE; Apple Store -> MERCHANT; Debit Card -> MODE; XXXX7708 -> ACCOUNT_SUFFIX; Feb 11, 2026 -> DATE; 2429193737 -> REFERENCE"
"Alert: Rs.6,750 debited via Credit Card from Canara Bank A/c XX8581 on Apr 24, 2026. Merchant: Netflix. Ref: 582248982097","Rs. -> CURRENCY; 6,750 -> AMOUNT; debited -> TRANSACTION_TYPE; Credit Card -> MODE; Canara Bank -> BANK; XX8581 -> ACCOUNT_SUFFIX; Apr 24, 2026 -> DATE; Netflix -> MERCHANT; 582248982097 -> REFERENCE"
"Dear Customer, INR8,850 has been deducted to your Kotak Mahindra account XXXX1926 through IMPS on 13/09/2026. Ref No: 829152328","INR -> CURRENCY; 8,850 -> AMOUNT; deducted -> TRANSACTION_TYPE; Kotak Mahindra -> BANK; XXXX1926 -> ACCOUNT_SUFFIX; IMPS -> MODE; 13/09/2026 -> DATE; 829152328 -> REFERENCE"
"Your HDFC Bank account xx6531 was paid with Rs.1,699 at Netflix via Credit Card on 13/01/2026. Transaction Ref 539660291","HDFC Bank -> BANK; xx6531 -> ACCOUNT_SUFFIX; paid -> TRANSACTION_TYPE; Rs. -> CURRENCY; 1,699 -> AMOUNT; Netflix -> MERCHANT; Credit Card -> MODE; 13/01/2026 -> DATE; 539660291 -> REFERENCE"
"Payment of ₹2,900 to Netflix was debited via UPI from Canara Bank A/c xx7526 on 02/07/2026. Reference: TXN46374","₹ -> CURRENCY; 2,900 -> AMOUNT; Netflix -> MERCHANT; debited -> TRANSACTION_TYPE; UPI -> MODE; Canara Bank -> BANK; xx7526 -> ACCOUNT_SUFFIX; 02/07/2026 -> DATE; TXN46374 -> REFERENCE"
"Your Credit Card transaction of INR6,199 was refunded to BookMyShow from ICICI Bank A/c XX3261 on Apr 20, 2026. Ref: 711080492","Credit Card -> MODE; INR -> CURRENCY; 6,199 -> AMOUNT; refunded -> TRANSACTION_TYPE; BookMyShow -> MERCHANT; ICICI Bank -> BANK; XX3261 -> ACCOUNT_SUFFIX; Apr 20, 2026 -> DATE; 711080492 -> REFERENCE"
"Payment of ₹1,499 to Croma was deposited via RTGS from Kotak Mahindra A/c xx9624 on 07-Mar-2026. Reference: 868920480","₹ -> CURRENCY; 1,499 -> AMOUNT; Croma -> MERCHANT; deposited -> TRANSACTION_TYPE; RTGS -> MODE; Kotak Mahindra -> BANK; xx9624 -> ACCOUNT_SUFFIX; 07-Mar-2026 -> DATE; 868920480 -> REFERENCE"
"Your Net Banking transaction of ₹2,599 was spent to BookMyShow from Canara Bank A/c xx9307 on 20/07/2026. Ref: TXN18915","Net Banking -> MODE; ₹ -> CURRENCY; 2,599 -> AMOUNT; spent -> TRANSACTION_TYPE; BookMyShow -> MERCHANT; Canara Bank -> BANK; xx9307 -> ACCOUNT_SUFFIX; 20/07/2026 -> DATE; TXN18915 -> REFERENCE"
received: INR350 using Net Banking at Starbucks. Axis Bank A/c XXXX5135 Ref No 172386109334. Date: 22-May-2026,received -> TRANSACTION_TYPE; INR -> CURRENCY; 350 -> AMOUNT; Net Banking -> MODE; Starbucks -> MERCHANT; Axis Bank -> BANK; XXXX5135 -> ACCOUNT_SUFFIX; 172386109334 -> REFERENCE; 22-May-2026 -> DATE
"Payment of Rs.8,450 to Amazon was paid via RTGS from Wells Fargo A/c XX9736 on 25/11/2026. Reference: 7862528634","Rs. -> CURRENCY; 8,450 -> AMOUNT; Amazon -> MERCHANT; paid -> TRANSACTION_TYPE; RTGS -> MODE; Wells Fargo -> BANK; XX9736 -> ACCOUNT_SUFFIX; 25/11/2026 -> DATE; 7862528634 -> REFERENCE"
"Dear Customer, ₹2,499 has been debited to your Standard Chartered account XX5173 through ATM on Jun 8, 2026. Ref No: 444903821015","₹ -> CURRENCY; 2,499 -> AMOUNT; debited -> TRANSACTION_TYPE; Standard Chartered -> BANK; XX5173 -> ACCOUNT_SUFFIX; ATM -> MODE; Jun 8, 2026 -> DATE; 444903821015 -> REFERENCE"
"Your ICICI Bank account xx3239 was credited with ₹5,299 at Airtel via Debit Card on 01/02/2026. Transaction Ref 263369045","ICICI Bank -> BANK; xx3239 -> ACCOUNT_SUFFIX; credited -> TRANSACTION_TYPE; ₹ -> CURRENCY; 5,299 -> AMOUNT; Airtel -> MERCHANT; Debit Card -> MODE; 01/02/2026 -> DATE; 263369045 -> REFERENCE"
"Your Net Banking transaction of INR8,800 was credited to BookMyShow from PNB A/c XXXX3010 on 07/03/2026. Ref: 2855191206","Net Banking -> MODE; INR -> CURRENCY; 8,800 -> AMOUNT; credited -> TRANSACTION_TYPE; BookMyShow -> MERCHANT; PNB -> BANK; XXXX3010 -> ACCOUNT_SUFFIX; 07/03/2026 -> DATE; 2855191206 -> REFERENCE"
"INR2,600 refunded from Standard Chartered A/c XX4106 via Net Banking to Jio on 11-Feb-2026. Ref: 199936288929","INR -> CURRENCY; 2,600 -> AMOUNT; refunded -> TRANSACTION_TYPE; Standard Chartered -> BANK; XX4106 -> ACCOUNT_SUFFIX; Net Banking -> MODE; Jio -> MERCHANT; 11-Feb-2026 -> DATE; 199936288929 -> REFERENCE"
"Your UPI transaction of ₹650 was deposited to Flipkart from Wells Fargo A/c xx2767 on Aug 11, 2026. Ref: 977349936221","UPI -> MODE; ₹ -> CURRENCY; 650 -> AMOUNT; deposited -> TRANSACTION_TYPE; Flipkart -> MERCHANT; Wells Fargo -> BANK; xx2767 -> ACCOUNT_SUFFIX; Aug 11, 2026 -> DATE; 977349936221 -> REFERENCE"
"ICICI Bank Alert: Rs.3,700 received at Ola using IMPS (A/c xx3478) on 11-Aug-2026. Txn Ref TXN26050","ICICI Bank -> BANK; Rs. -> CURRENCY; 3,700 -> AMOUNT; received -> TRANSACTION_TYPE; Ola -> MERCHANT; IMPS -> MODE; xx3478 -> ACCOUNT_SUFFIX; 11-Aug-2026 -> DATE; TXN26050 -> REFERENCE"
"Your SBI account xx6465 was debited with ₹5,099 at Jio via RTGS on Dec 22, 2026. Transaction Ref 944637765931","SBI -> BANK; xx6465 -> ACCOUNT_SUFFIX; debited -> TRANSACTION_TYPE; ₹ -> CURRENCY; 5,099 -> AMOUNT; Jio -> MERCHANT; RTGS -> MODE; Dec 22, 2026 -> DATE; 944637765931 -> REFERENCE"
"Rs.6,400 deducted from Chase A/c xx9077 via IMPS to Starbucks on 21/05/2026. Ref: 744829226","Rs. -> CURRENCY; 6,400 -> AMOUNT; deducted -> TRANSACTION_TYPE; Chase -> BANK; xx9077 -> ACCOUNT_SUFFIX; IMPS -> MODE; Starbucks -> MERCHANT; 21/05/2026 -> DATE; 744829226 -> REFERENCE"
"Alert: INR2,000 refunded via UPI from HDFC Bank A/c XX1160 on 11/10/2026. Merchant: BookMyShow. Ref: 435179032603","INR -> CURRENCY; 2,000 -> AMOUNT; refunded -> TRANSACTION_TYPE; UPI -> MODE; HDFC Bank -> BANK; XX1160 -> ACCOUNT_SUFFIX; 11/10/2026 -> DATE; BookMyShow -> MERCHANT; 435179032603 -> REFERENCE"
"paid: Rs.7,250 using RTGS at Airtel. SBI A/c XXXX5957 Ref No TXN16661. Date: 21-Jul-2026","paid -> TRANSACTION_TYPE; Rs. -> CURRENCY; 7,250 -> AMOUNT; RTGS -> MODE; Airtel -> MERCHANT; SBI -> BANK; XXXX5957 -> ACCOUNT_SUFFIX; TXN16661 -> REFERENCE; 21-Jul-2026 -> DATE"
"Payment of INR1,600 to Domino's was credited via RTGS from Kotak Mahindra A/c XX8933 on Mar 2, 2026. Reference: 1911407275","INR -> CURRENCY; 1,600 -> AMOUNT; Domino's -> MERCHANT; credited -> TRANSACTION_TYPE; RTGS -> MODE; Kotak Mahindra -> BANK; XX8933 -> ACCOUNT_SUFFIX; Mar 2, 2026 -> DATE; 1911407275 -> REFERENCE"
"₹3,050 received from HDFC Bank A/c XX9490 via UPI to Swiggy on Apr 21, 2026. Ref: TXN45173","₹ -> CURRENCY; 3,050 -> AMOUNT; received -> TRANSACTION_TYPE; HDFC Bank -> BANK; XX9490 -> ACCOUNT_SUFFIX; UPI -> MODE; Swiggy -> MERCHANT; Apr 21, 2026 -> DATE; TXN45173 -> REFERENCE"
"₹5,000 deducted from Bank of America A/c xx4720 via IMPS to BigBasket on Jun 21, 2026. Ref: 282793391097","₹ -> CURRENCY; 5,000 -> AMOUNT; deducted -> TRANSACTION_TYPE; Bank of America -> BANK; xx4720 -> ACCOUNT_SUFFIX; IMPS -> MODE; BigBasket -> MERCHANT; Jun 21, 2026 -> DATE; 282793391097 -> REFERENCE"
"Alert: Rs.4,699 received via Debit Card from HDFC Bank A/c XX5564 on Dec 3, 2026. Merchant: Amazon. Ref: 2977451432","Rs. -> CURRENCY; 4,699 -> AMOUNT; received -> TRANSACTION_TYPE; Debit Card -> MODE; HDFC Bank -> BANK; XX5564 -> ACCOUNT_SUFFIX; Dec 3, 2026 -> DATE; Amazon -> MERCHANT; 2977451432 -> REFERENCE"
"Your RTGS transaction of ₹2,900 was credited to Zomato from Standard Chartered A/c xx5523 on 24/01/2026. Ref: 847504489","RTGS -> MODE; ₹ -> CURRENCY; 2,900 -> AMOUNT; credited -> TRANSACTION_TYPE; Zomato -> MERCHANT; Standard Chartered -> BANK; xx5523 -> ACCOUNT_SUFFIX; 24/01/2026 -> DATE; 847504489 -> REFERENCE"
"Alert: Rs.5,399 refunded via Net Banking from SBI A/c xx1971 on Aug 4, 2026. Merchant: Croma. Ref: 575657635263","Rs. -> CURRENCY; 5,399 -> AMOUNT; refunded -> TRANSACTION_TYPE; Net Banking -> MODE; SBI -> BANK; xx1971 -> ACCOUNT_SUFFIX; Aug 4, 2026 -> DATE; Croma -> MERCHANT; 575657635263 -> REFERENCE"
"Dear Customer, Rs.4,800 has been received to your HDFC Bank account XX6137 through IMPS on 04-Sep-2026. Ref No: 3700042949","Rs. -> CURRENCY; 4,800 -> AMOUNT; received -> TRANSACTION_TYPE; HDFC Bank -> BANK; XX6137 -> ACCOUNT_SUFFIX; IMPS -> MODE; 04-Sep-2026 -> DATE; 3700042949 -> REFERENCE"
"INR1,050 paid from HDFC Bank A/c XX4410 via UPI to Reliance Digital on Oct 19, 2026. Ref: 243429175","INR -> CURRENCY; 1,050 -> AMOUNT; paid -> TRANSACTION_TYPE; HDFC Bank -> BANK; XX4410 -> ACCOUNT_SUFFIX; UPI -> MODE; Reliance Digital -> MERCHANT; Oct 19, 2026 -> DATE; 243429175 -> REFERENCE"
"Payment of Rs.3,499 to Swiggy was withdrawn via NEFT from Standard Chartered A/c XX5260 on May 25, 2026. Reference: TXN65772","Rs. -> CURRENCY; 3,499 -> AMOUNT; Swiggy -> MERCHANT; withdrawn -> TRANSACTION_TYPE; NEFT -> MODE; Standard Chartered -> BANK; XX5260 -> ACCOUNT_SUFFIX; May 25, 2026 -> DATE; TXN65772 -> REFERENCE"
"received: ₹6,550 using Net Banking at Myntra. Chase A/c xx6701 Ref No TXN56272. Date: 27/04/2026","received -> TRANSACTION_TYPE; ₹ -> CURRENCY; 6,550 -> AMOUNT; Net Banking -> MODE; Myntra -> MERCHANT; Chase -> BANK; xx6701 -> ACCOUNT_SUFFIX; TXN56272 -> REFERENCE; 27/04/2026 -> DATE"
Payment of INR799 to Swiggy was credited via NEFT from Wells Fargo A/c XX7814 on 21-Sep-2026. Reference: 847226241,INR -> CURRENCY; 799 -> AMOUNT; Swiggy -> MERCHANT; credited -> TRANSACTION_TYPE; NEFT -> MODE; Wells Fargo -> BANK; XX7814 -> ACCOUNT_SUFFIX; 21-Sep-2026 -> DATE; 847226241 -> REFERENCE
Payment of INR200 to Zomato was deducted via RTGS from Wells Fargo A/c XX7298 on 07-Apr-2026. Reference: 1720995850,INR -> CURRENCY; 200 -> AMOUNT; Zomato -> MERCHANT; deducted -> TRANSACTION_TYPE; RTGS -> MODE; Wells Fargo -> BANK; XX7298 -> ACCOUNT_SUFFIX; 07-Apr-2026 -> DATE; 1720995850 -> REFERENCE
"Kotak Mahindra Alert: ₹8,550 debited at Reliance Digital using Debit Card (A/c xx1536) on 21-Apr-2026. Txn Ref 742767763466","Kotak Mahindra -> BANK; ₹ -> CURRENCY; 8,550 -> AMOUNT; debited -> TRANSACTION_TYPE; Reliance Digital -> MERCHANT; Debit Card -> MODE; xx1536 -> ACCOUNT_SUFFIX; 21-Apr-2026 -> DATE; 742767763466 -> REFERENCE"
"Bank of America Alert: INR2,100 deducted at Amazon using Debit Card (A/c xx1198) on May 14, 2026. Txn Ref 294680128025","Bank of America -> BANK; INR -> CURRENCY; 2,100 -> AMOUNT; deducted -> TRANSACTION_TYPE; Amazon -> MERCHANT; Debit Card -> MODE; xx1198 -> ACCOUNT_SUFFIX; May 14, 2026 -> DATE; 294680128025 -> REFERENCE"
"₹3,599 deposited from HDFC Bank A/c XX4717 via RTGS to IRCTC on Mar 26, 2026. Ref: 572922502840","₹ -> CURRENCY; 3,599 -> AMOUNT; deposited -> TRANSACTION_TYPE; HDFC Bank -> BANK; XX4717 -> ACCOUNT_SUFFIX; RTGS -> MODE; IRCTC -> MERCHANT; Mar 26, 2026 -> DATE; 572922502840 -> REFERENCE"
"Alert: ₹1,499 spent via UPI from IDBI Bank A/c XX4042 on May 6, 2026. Merchant: Airtel. Ref: REFWRYTOU","₹ -> CURRENCY; 1,499 -> AMOUNT; spent -> TRANSACTION_TYPE; UPI -> MODE; IDBI Bank -> BANK; XX4042 -> ACCOUNT_SUFFIX; May 6, 2026 -> DATE; Airtel -> MERCHANT; REFWRYTOU -> REFERENCE"
"₹6,100 spent from ICICI Bank A/c XXXX1994 via UPI to Myntra on 08-Jun-2026. Ref: 1967696148","₹ -> CURRENCY; 6,100 -> AMOUNT; spent -> TRANSACTION_TYPE; ICICI Bank -> BANK; XXXX1994 -> ACCOUNT_SUFFIX; UPI -> MODE; Myntra -> MERCHANT; 08-Jun-2026 -> DATE; 1967696148 -> REFERENCE"
"Your Debit Card transaction of ₹8,250 was refunded to Netflix from Wells Fargo A/c XX3383 on Oct 27, 2026. Ref: REFTNQ3FE","Debit Card -> MODE; ₹ -> CURRENCY; 8,250 -> AMOUNT; refunded -> TRANSACTION_TYPE; Netflix -> MERCHANT; Wells Fargo -> BANK; XX3383 -> ACCOUNT_SUFFIX; Oct 27, 2026 -> DATE; REFTNQ3FE -> REFERENCE"
