Class,Message
Scam,"Job offer: Earn Rs.8,399 per day doing simple online tasks. Registration fee required: http://secure-verify.co/3i33i9"
Scam,"Dear customer, your account has suspicious activity. Click http://rebrand.ly/f3h66k to secure it now."
Scam,"Your electricity board refund of Rs.2,099 is ready. Share your bank OTP to receive it."
Scam,"Act now! Limited slots for guaranteed Rs.1,600 monthly income working from home. http://rebrand.ly/j21ak9"
Scam,"Job offer: Earn Rs.2,399 per day doing simple online tasks. Registration fee required: http://short.link/ca7f5i"
Scam,"Congratulations! You have won Rs.5,400,000 in the lucky draw. Claim now at http://account-alert.net/gc84g3"
Scam,Your credit score has dropped. Click http://cutt.ly/1725cc to fix it instantly and unlock a free loan offer.
Scam,"Your ICICI Bank rewards points worth Rs.5,000 are expiring today! Redeem now: http://secure-verify.co/b0gech"
Scam,"Your Kotak Mahindra rewards points worth Rs.2,699 are expiring today! Redeem now: http://tinyurl.com/62j9j8"
Scam,"Your FedEx package with tracking ref 5VHAT0JCAG is stuck at customs. Pay Rs.7,600 to release: http://short.link/6gf727"
Scam,Your electricity connection will be disconnected tonight due to unpaid bill. Pay now: http://account-alert.net/18aajc
Scam,URGENT: Your HDFC Bank account will be blocked. Verify your KYC immediately at http://tinyurl.com/489idc
Scam,Your netflix subscription payment failed. Update your card details immediately: http://cutt.ly/55ic78
Scam,"Your electricity board refund of Rs.4,499 is ready. Share your bank OTP to receive it."
Scam,Your ICICI Bank net banking has been locked. Click http://account-alert.net/2kb9f6 immediately to unlock your account.
Scam,"Warning: Your income tax filing has an error resulting in Rs.1,799 penalty. Pay immediately: http://account-alert.net/k4k6hi"
Scam,"Dear customer, your account has suspicious activity. Click http://cutt.ly/5hhhi6 to secure it now."
Scam,"Hello, this is Axis Bank security team. Your card has been used for a Rs.7,950 purchase. Call back to cancel."
Scam,Your SIM card will be deactivated in 24 hrs. Verify Aadhaar now at http://bit.ly/ib2hc2
Scam,"You've qualified for a pre-approved loan of Rs.4,150. No documents required. http://short.link/4ibib1"
Scam,"URGENT: Suspicious transaction of Rs.7,999 detected on your account. Verify or lose access: http://secure-verify.co/e55bab"
Scam,"You've qualified for a pre-approved loan of Rs.2,699. No documents required. http://secure-verify.co/c8fb1f"
Scam,Your Axis Bank net banking has been locked. Click http://bit.ly/8968if immediately to unlock your account.
Scam,"Warning: Your income tax filing has an error resulting in Rs.4,899 penalty. Pay immediately: http://secure-verify.co/10g3ii"
Scam,"You are pre-selected for a Rs.1,399 personal loan at 0% interest. Apply now: http://rebrand.ly/cdiaa2"
Scam,Your Yes Bank net banking has been locked. Click http://bit.ly/k742i2 immediately to unlock your account.
Scam,"You are pre-selected for a Rs.5,000 personal loan at 0% interest. Apply now: http://secure-verify.co/jegh8b"
Scam,"Your parcel is on hold due to unpaid customs fee of Rs.4,450. Pay now: http://rebrand.ly/a6bkjb"
Scam,Bank of India Alert: Your account is under review. Confirm your details within 2 hours: http://account-alert.net/185ikf
Scam,"Your OTP is 6445. Do not share with anyone. If you did not request this, click http://rebrand.ly/h0ge08"
Scam,"Your parcel is on hold due to unpaid customs fee of Rs.2,550. Pay now: http://secure-verify.co/g9e5j4"
Scam,Bank of India Alert: Your account is under review. Confirm your details within 2 hours: http://rebrand.ly/1dk804
Scam,"Your number has been randomly selected to receive a free vacation package worth Rs.1,350. Reply YES."
Scam,Your netflix subscription payment failed. Update your card details immediately: http://secure-verify.co/d03b85
Scam,"You've qualified for a pre-approved loan of Rs.6,399. No documents required. http://tinyurl.com/ghefc0"
Scam,Your Chase net banking has been locked. Click http://tinyurl.com/bk8f55 immediately to unlock your account.
Scam,"Dear customer, your account has suspicious activity. Click http://short.link/6e8391 to secure it now."
Scam,"Your electricity board refund of Rs.1,400 is ready. Share your bank OTP to receive it."
Scam,"Your number has been randomly selected to receive a free vacation package worth Rs.4,150. Reply YES."
Scam,"Hello, this is SBI security team. Your card has been used for a Rs.1,650 purchase. Call back to cancel."
Scam,Your netflix subscription payment failed. Update your card details immediately: http://bit.ly/b4ij3i
Scam,Your credit score has dropped. Click http://secure-verify.co/0ahd02 to fix it instantly and unlock a free loan offer.
Scam,"Your number has been randomly selected to receive a free vacation package worth Rs.2,800. Reply YES."
Scam,"Act now! Limited slots for guaranteed Rs.4,600 monthly income working from home. http://rebrand.ly/4jabei"
Scam,"Your electricity board refund of Rs.8,399 is ready. Share your bank OTP to receive it."
Scam,"You are the lucky winner of our lottery! Send your bank details to claim Rs.8,899."
Scam,Your electricity meter shows irregular usage. Pay Rs.150 fine now to avoid disconnection: http://tinyurl.com/d9k0d2
Scam,"Your OTP is 3871. Do not share with anyone. If you did not request this, click http://short.link/cbjh44"
Scam,"Congratulations! You have won Rs.6,050,000 in the lucky draw. Claim now at http://bit.ly/i3i8d7"
Scam,Alert: Unauthorized login detected on your account. Reset password now: http://tinyurl.com/6j2g74
Scam,Bank of India Alert: Your account is under review. Confirm your details within 2 hours: http://account-alert.net/j344id
Scam,"Dear user, we detected unusual activity on your IDBI Bank card. Verify now or it will be suspended: http://cutt.ly/fj1h1b"
Scam,"Your Aadhaar card is linked to a fraudulent transaction of Rs.3,950. Verify identity: http://secure-verify.co/44jk78"
Scam,"Work from home and earn Rs.2,000 daily! No investment needed. Join now: http://tinyurl.com/71aj1c"
Scam,"Dear user, we detected unusual activity on your HDFC Bank card. Verify now or it will be suspended: http://bit.ly/0adchi"
Scam,Your number has been randomly selected to receive a free vacation package worth Rs.999. Reply YES.
Scam,"We tried to deliver your package but failed. Reschedule and pay Rs.3,950 fee here: http://account-alert.net/9cjb85"
Scam,"You are pre-selected for a Rs.5,699 personal loan at 0% interest. Apply now: http://tinyurl.com/k7i30j"
Scam,"Your parcel is on hold due to unpaid customs fee of Rs.7,300. Pay now: http://secure-verify.co/0c5gc9"
Scam,"You are pre-selected for a Rs.2,550 personal loan at 0% interest. Apply now: http://short.link/413che"
Scam,"Government tax refund of Rs.7,599 pending. Click http://account-alert.net/7ade4g to claim before deadline."
Scam,FINAL NOTICE: Your Standard Chartered debit card will expire today. Update details: http://short.link/31eba7
Scam,"Your electricity meter shows irregular usage. Pay Rs.5,899 fine now to avoid disconnection: http://account-alert.net/g27ekj"
Scam,"You've qualified for a pre-approved loan of Rs.5,899. No documents required. http://tinyurl.com/0hai8c"
Scam,"You have been chosen for a cash reward of Rs.3,099. Claim before it expires: http://account-alert.net/3jhaed"
Scam,"You have an unclaimed inheritance of $1,000,000. Contact us urgently at http://account-alert.net/ja7if5"
Scam,"You are pre-selected for a Rs.5,500 personal loan at 0% interest. Apply now: http://rebrand.ly/02i982"
Scam,"Your Axis Bank rewards points worth Rs.8,050 are expiring today! Redeem now: http://account-alert.net/32iji3"
Scam,Your Chase net banking has been locked. Click http://short.link/bhhj4i immediately to unlock your account.
Scam,URGENT: Suspicious transaction of Rs.299 detected on your account. Verify or lose access: http://cutt.ly/i6g236
Scam,"Your electricity board refund of Rs.6,500 is ready. Share your bank OTP to receive it."
Scam,Your SIM card will be deactivated in 24 hrs. Verify Aadhaar now at http://secure-verify.co/5fja0k
Scam,Your HDFC Bank net banking has been locked. Click http://short.link/fk0ch3 immediately to unlock your account.
Scam,Bank of India Alert: Your account is under review. Confirm your details within 2 hours: http://rebrand.ly/8diega
Scam,"You are pre-selected for a Rs.6,150 personal loan at 0% interest. Apply now: http://short.link/9ff4ef"
Scam,You've been selected for a free iPhone! Claim your prize now: http://short.link/69ag1g
Scam,"Work from home and earn Rs.1,100 daily! No investment needed. Join now: http://cutt.ly/0ja97g"
Scam,"Work from home and earn Rs.5,450 daily! No investment needed. Join now: http://short.link/g50f3g"
Scam,"You have an unclaimed inheritance of $1,000,000. Contact us urgently at http://account-alert.net/hcg51c"
Scam,Your electricity connection will be disconnected tonight due to unpaid bill. Pay now: http://account-alert.net/57gc09
Scam,"RBI Notice: Your bank account KYC is incomplete, leading to a freeze. Update now: http://secure-verify.co/ec3b9b"
Scam,"You have an unclaimed inheritance of $1,000,000. Contact us urgently at http://secure-verify.co/13cgj3"
Scam,"RBI Notice: Your bank account KYC is incomplete, leading to a freeze. Update now: http://bit.ly/3eec2c"
Scam,"You have an unclaimed inheritance of $1,000,000. Contact us urgently at http://secure-verify.co/df02i1"
Scam,Your credit score has dropped. Click http://cutt.ly/973d7h to fix it instantly and unlock a free loan offer.
Scam,"Your number has been randomly selected to receive a free vacation package worth Rs.9,350. Reply YES."
Scam,"You have been chosen for a cash reward of Rs.5,050. Claim before it expires: http://bit.ly/a7je0g"
Scam,"Your Aadhaar card is linked to a fraudulent transaction of Rs.3,600. Verify identity: http://cutt.ly/k3k9kc"
Scam,"Your electricity board refund of Rs.6,599 is ready. Share your bank OTP to receive it."
Scam,"You are pre-selected for a Rs.1,099 personal loan at 0% interest. Apply now: http://tinyurl.com/ie990f"
Scam,FINAL NOTICE: Your HDFC Bank debit card will expire today. Update details: http://secure-verify.co/13giih
Scam,"Your USPS package with tracking ref DGW83KE71J is stuck at customs. Pay Rs.3,499 to release: http://cutt.ly/23h274"
Scam,"Act now! Limited slots for guaranteed Rs.2,100 monthly income working from home. http://short.link/2903gc"
Scam,"RBI Notice: Your bank account KYC is incomplete, leading to a freeze. Update now: http://tinyurl.com/e3b109"
Scam,Your electricity connection will be disconnected tonight due to unpaid bill. Pay now: http://secure-verify.co/43b5ai
Scam,Your ICICI Bank net banking has been locked. Click http://tinyurl.com/5af1a3 immediately to unlock your account.
Scam,"Dear user, we detected unusual activity on your Yes Bank card. Verify now or it will be suspended: http://rebrand.ly/c397dg"
Scam,"We tried to deliver your package but failed. Reschedule and pay Rs.6,799 fee here: http://account-alert.net/gjaad8"
Scam,"Hello, this is PNB security team. Your card has been used for a Rs.2,100 purchase. Call back to cancel."
Scam,"You've qualified for a pre-approved loan of Rs.2,300. No documents required. http://account-alert.net/kib352"
Scam,"URGENT: Suspicious transaction of Rs.8,350 detected on your account. Verify or lose access: http://rebrand.ly/c71dkc"
Scam,Your netflix subscription payment failed. Update your card details immediately: http://account-alert.net/638824
Scam,"Act now! Limited slots for guaranteed Rs.1,399 monthly income working from home. http://bit.ly/a9eci9"
Scam,Your SIM card will be deactivated in 24 hrs. Verify Aadhaar now at http://bit.ly/daa78f
Scam,URGENT: Your Canara Bank account will be blocked. Verify your KYC immediately at http://account-alert.net/hcdhk8
Scam,Your PNB net banking has been locked. Click http://rebrand.ly/f5257h immediately to unlock your account.
Scam,"You have received a WhatsApp gift voucher worth Rs.3,700. Redeem before it expires: http://tinyurl.com/a45619"
Scam,You've qualified for a pre-approved loan of Rs.300. No documents required. http://secure-verify.co/eded16
Scam,"Hello, this is Kotak Mahindra security team. Your card has been used for a Rs.3,850 purchase. Call back to cancel."
Scam,"Government tax refund of Rs.4,099 pending. Click http://account-alert.net/99403i to claim before deadline."
Scam,"Your electricity meter shows irregular usage. Pay Rs.1,999 fine now to avoid disconnection: http://rebrand.ly/c8013d"
Scam,Your electricity connection will be disconnected tonight due to unpaid bill. Pay now: http://rebrand.ly/fa8b62
Scam,"Your Aadhaar card is linked to a fraudulent transaction of Rs.4,900. Verify identity: http://rebrand.ly/jf48ba"
Scam,Your electricity connection will be disconnected tonight due to unpaid bill. Pay now: http://tinyurl.com/2e15ga
Scam,Alert: Unauthorized login detected on your account. Reset password now: http://secure-verify.co/8d6ccc
Scam,"URGENT: Suspicious transaction of Rs.2,050 detected on your account. Verify or lose access: http://secure-verify.co/j03jai"
Scam,Your electricity connection will be disconnected tonight due to unpaid bill. Pay now: http://rebrand.ly/84b608
Scam,"Government tax refund of Rs.7,550 pending. Click http://short.link/hei3f5 to claim before deadline."
Scam,"Your Citibank rewards points worth Rs.1,500 are expiring today! Redeem now: http://rebrand.ly/877i9f"
Scam,"You are pre-selected for a Rs.5,399 personal loan at 0% interest. Apply now: http://secure-verify.co/gbkbj7"
Scam,"Your electricity meter shows irregular usage. Pay Rs.4,100 fine now to avoid disconnection: http://bit.ly/e79248"
Scam,"Your Aadhaar card is linked to a fraudulent transaction of Rs.7,799. Verify identity: http://account-alert.net/5f40i9"
Scam,Alert: Unauthorized login detected on your account. Reset password now: http://account-alert.net/e5f5k6
Scam,"You've qualified for a pre-approved loan of Rs.5,800. No documents required. http://short.link/dkfkif"
Scam,"We tried to deliver your package but failed. Reschedule and pay Rs.7,350 fee here: http://secure-verify.co/55h6h4"
Scam,"Your parcel is on hold due to unpaid customs fee of Rs.8,650. Pay now: http://rebrand.ly/bi0g08"
Scam,"Dear user, we detected unusual activity on your ICICI Bank card. Verify now or it will be suspended: http://cutt.ly/5jh5d9"
Scam,"Government tax refund of Rs.2,600 pending. Click http://secure-verify.co/g006kk to claim before deadline."
Scam,"Warning: Your income tax filing has an error resulting in Rs.2,500 penalty. Pay immediately: http://bit.ly/fgf2fi"
Scam,"Dear customer, your account has suspicious activity. Click http://tinyurl.com/b5jc1f to secure it now."
Scam,"Dear user, we detected unusual activity on your PNB card. Verify now or it will be suspended: http://bit.ly/fdgaek"
Scam,"Congratulations! You have won Rs.1,699,000 in the lucky draw. Claim now at http://account-alert.net/jga28k"
Scam,Your SIM card will be deactivated in 24 hrs. Verify Aadhaar now at http://tinyurl.com/cke2a5
Scam,Job offer: Earn Rs.850 per day doing simple online tasks. Registration fee required: http://tinyurl.com/1k9232
Scam,"Your Bluedart package with tracking ref J19WNPZRLH is stuck at customs. Pay Rs.5,000 to release: http://tinyurl.com/afj084"
Scam,"Your India Post package with tracking ref DVH7SK1M76 is stuck at customs. Pay Rs.1,600 to release: http://bit.ly/1ega5d"
Scam,"Congratulations! You have won Rs.3,599,000 in the lucky draw. Claim now at http://secure-verify.co/839eg5"
Scam,"We tried to deliver your package but failed. Reschedule and pay Rs.6,550 fee here: http://tinyurl.com/h5k07d"
Scam,"Act now! Limited slots for guaranteed Rs.4,799 monthly income working from home. http://bit.ly/i0780c"
Scam,"You've qualified for a pre-approved loan of Rs.4,500. No documents required. http://short.link/5i9igb"
Scam,"Your Aadhaar card is linked to a fraudulent transaction of Rs.3,400. Verify identity: http://tinyurl.com/6j7h5a"
Scam,"Congratulations! You have won Rs.1,499,000 in the lucky draw. Claim now at http://account-alert.net/64iki8"
Scam,"We tried to deliver your package but failed. Reschedule and pay Rs.7,899 fee here: http://cutt.ly/b44837"
Scam,Your netflix subscription payment failed. Update your card details immediately: http://account-alert.net/jkf96f
Scam,"Hello, this is Standard Chartered security team. Your card has been used for a Rs.4,099 purchase. Call back to cancel."
Scam,Your electricity meter shows irregular usage. Pay Rs.750 fine now to avoid disconnection: http://short.link/4bk5gf
Scam,Your SIM card will be deactivated in 24 hrs. Verify Aadhaar now at http://short.link/ce2f7b
Scam,Bank of India Alert: Your account is under review. Confirm your details within 2 hours: http://rebrand.ly/f0dhb3
Scam,"Your electricity board refund of Rs.5,299 is ready. Share your bank OTP to receive it."
Scam,"Congratulations! You have won Rs.7,799,000 in the lucky draw. Claim now at http://secure-verify.co/hj7j15"
Scam,"You are pre-selected for a Rs.4,200 personal loan at 0% interest. Apply now: http://bit.ly/d953hk"
Scam,Your electricity board refund of Rs.450 is ready. Share your bank OTP to receive it.
Scam,"Your electricity meter shows irregular usage. Pay Rs.1,199 fine now to avoid disconnection: http://cutt.ly/9g4i87"
Scam,"Your number has been randomly selected to receive a free vacation package worth Rs.8,550. Reply YES."
Scam,"Congratulations! You have won Rs.8,599,000 in the lucky draw. Claim now at http://cutt.ly/38449i"
Scam,"You are the lucky winner of our lottery! Send your bank details to claim Rs.6,600."
Scam,"Your number has been randomly selected to receive a free vacation package worth Rs.8,199. Reply YES."
Scam,"You are the lucky winner of our lottery! Send your bank details to claim Rs.7,600."
Scam,"Job offer: Earn Rs.1,150 per day doing simple online tasks. Registration fee required: http://bit.ly/j5ij4j"
Scam,Alert: Unauthorized login detected on your account. Reset password now: http://tinyurl.com/j4c7c9
Scam,"You are pre-selected for a Rs.6,800 personal loan at 0% interest. Apply now: http://cutt.ly/i8g8fk"
Scam,"URGENT: Suspicious transaction of Rs.1,750 detected on your account. Verify or lose access: http://cutt.ly/beefc3"
Scam,"You've qualified for a pre-approved loan of Rs.9,500. No documents required. http://rebrand.ly/2j622f"
Scam,"Your Aadhaar card is linked to a fraudulent transaction of Rs.5,399. Verify identity: http://account-alert.net/d54h96"
Scam,"You've qualified for a pre-approved loan of Rs.1,299. No documents required. http://cutt.ly/1ce2c3"
Scam,Your Axis Bank net banking has been locked. Click http://short.link/c0b0i1 immediately to unlock your account.
Scam,"Hello, this is Citibank security team. Your card has been used for a Rs.5,799 purchase. Call back to cancel."
Scam,"You have received a WhatsApp gift voucher worth Rs.7,850. Redeem before it expires: http://secure-verify.co/05jied"
Scam,"Government tax refund of Rs.9,199 pending. Click http://cutt.ly/2fb27f to claim before deadline."
Scam,"Your electricity meter shows irregular usage. Pay Rs.2,050 fine now to avoid disconnection: http://bit.ly/i9f014"
Scam,"You have been chosen for a cash reward of Rs.8,600. Claim before it expires: http://tinyurl.com/493h76"
Scam,"Your number has been randomly selected to receive a free vacation package worth Rs.4,899. Reply YES."
Scam,"Your Aadhaar card is linked to a fraudulent transaction of Rs.6,699. Verify identity: http://rebrand.ly/033caj"
Scam,Your SIM card will be deactivated in 24 hrs. Verify Aadhaar now at http://account-alert.net/c8561j
Scam,"Government tax refund of Rs.5,900 pending. Click http://tinyurl.com/d8ccg8 to claim before deadline."
Scam,"Hello, this is Wells Fargo security team. Your card has been used for a Rs.2,700 purchase. Call back to cancel."
Scam,"Your Citibank rewards points worth Rs.5,700 are expiring today! Redeem now: http://secure-verify.co/k64c79"
Scam,Bank of India Alert: Your account is under review. Confirm your details within 2 hours: http://rebrand.ly/0ed2fc
Scam,Your Axis Bank net banking has been locked. Click http://rebrand.ly/5a3hhg immediately to unlock your account.
Scam,You've been selected for a free iPhone! Claim your prize now: http://cutt.ly/2je439
Scam,Bank of India Alert: Your account is under review. Confirm your details within 2 hours: http://tinyurl.com/7jd715
Scam,"Job offer: Earn Rs.6,799 per day doing simple online tasks. Registration fee required: http://bit.ly/7df024"
Scam,"You have received a WhatsApp gift voucher worth Rs.1,700. Redeem before it expires: http://cutt.ly/38ijah"
Scam,"Your Aadhaar card is linked to a fraudulent transaction of Rs.5,799. Verify identity: http://cutt.ly/2befkg"
Scam,"RBI Notice: Your bank account KYC is incomplete, leading to a freeze. Update now: http://tinyurl.com/9f6629"
Scam,Your credit score has dropped. Click http://rebrand.ly/c67cj8 to fix it instantly and unlock a free loan offer.
Scam,"Dear customer, your account has suspicious activity. Click http://tinyurl.com/d0ig9c to secure it now."
Scam,"Your Chase rewards points worth Rs.7,350 are expiring today! Redeem now: http://tinyurl.com/2d5f23"
Scam,Your netflix subscription payment failed. Update your card details immediately: http://short.link/9c80ch
Scam,Alert: Unauthorized login detected on your account. Reset password now: http://secure-verify.co/j8ch2j
Scam,"Warning: Your income tax filing has an error resulting in Rs.1,600 penalty. Pay immediately: http://cutt.ly/9f5e06"
Scam,"Job offer: Earn Rs.2,550 per day doing simple online tasks. Registration fee required: http://short.link/55dg03"
Scam,Bank of India Alert: Your account is under review. Confirm your details within 2 hours: http://account-alert.net/0kh6a2
Scam,"Your OTP is 7673. Do not share with anyone. If you did not request this, click http://tinyurl.com/bc86dj"
Scam,"URGENT: Suspicious transaction of Rs.5,350 detected on your account. Verify or lose access: http://secure-verify.co/d84ab1"
Scam,Your Citibank net banking has been locked. Click http://tinyurl.com/7j1c13 immediately to unlock your account.
Scam,"You are the lucky winner of our lottery! Send your bank details to claim Rs.7,700."
Scam,"Your Aadhaar card is linked to a fraudulent transaction of Rs.1,500. Verify identity: http://rebrand.ly/ic3367"
Scam,Your SIM card will be deactivated in 24 hrs. Verify Aadhaar now at http://rebrand.ly/b7a1e2
Scam,"Your OTP is 6293. Do not share with anyone. If you did not request this, click http://tinyurl.com/7fkjjd"
Scam,"Your parcel is on hold due to unpaid customs fee of Rs.4,199. Pay now: http://rebrand.ly/81662e"
Scam,"Warning: Your income tax filing has an error resulting in Rs.5,750 penalty. Pay immediately: http://tinyurl.com/83kh99"
Scam,"Your Citibank rewards points worth Rs.2,899 are expiring today! Redeem now: http://short.link/b275k0"
Scam,"You've qualified for a pre-approved loan of Rs.6,900. No documents required. http://secure-verify.co/4562e7"
Scam,Your credit score has dropped. Click http://short.link/9dih34 to fix it instantly and unlock a free loan offer.
Scam,URGENT: Your HDFC Bank account will be blocked. Verify your KYC immediately at http://short.link/0hjba1
Scam,"Congratulations! You have won Rs.7,100,000 in the lucky draw. Claim now at http://tinyurl.com/k35ecg"
Scam,FINAL NOTICE: Your Yes Bank debit card will expire today. Update details: http://account-alert.net/ha6hge
Scam,"Act now! Limited slots for guaranteed Rs.1,550 monthly income working from home. http://rebrand.ly/c51519"
Scam,"Job offer: Earn Rs.8,099 per day doing simple online tasks. Registration fee required: http://rebrand.ly/61432j"
Scam,"Government tax refund of Rs.8,499 pending. Click http://rebrand.ly/1ea1jb to claim before deadline."
Scam,FINAL NOTICE: Your ICICI Bank debit card will expire today. Update details: http://rebrand.ly/ef6a10
Scam,"We tried to deliver your package but failed. Reschedule and pay Rs.5,450 fee here: http://bit.ly/dhhfa7"
Scam,Your credit score has dropped. Click http://cutt.ly/2kd17b to fix it instantly and unlock a free loan offer.
Scam,"URGENT: Suspicious transaction of Rs.9,300 detected on your account. Verify or lose access: http://bit.ly/91443c"
Scam,You've qualified for a pre-approved loan of Rs.400. No documents required. http://account-alert.net/8d3c7i
Scam,"Dear customer, your account has suspicious activity. Click http://short.link/5a50gi to secure it now."
Scam,"Job offer: Earn Rs.8,199 per day doing simple online tasks. Registration fee required: http://account-alert.net/kaj51e"
Scam,"Congratulations! You have won Rs.5,199,000 in the lucky draw. Claim now at http://rebrand.ly/4d10f7"
Scam,Alert: Unauthorized login detected on your account. Reset password now: http://bit.ly/bj52d0
Scam,"You are the lucky winner of our lottery! Send your bank details to claim Rs.9,300."
Scam,Your netflix subscription payment failed. Update your card details immediately: http://secure-verify.co/7k20e3
Scam,Alert: Unauthorized login detected on your account. Reset password now: http://short.link/83kchg
Scam,"Your SBI rewards points worth Rs.8,500 are expiring today! Redeem now: http://account-alert.net/1c442i"
Scam,"Your number has been randomly selected to receive a free vacation package worth Rs.7,199. Reply YES."
Scam,"You have been chosen for a cash reward of Rs.3,000. Claim before it expires: http://cutt.ly/fk0ce6"
Scam,"Your ICICI Bank rewards points worth Rs.5,900 are expiring today! Redeem now: http://rebrand.ly/e35470"
Scam,Your HSBC rewards points worth Rs.399 are expiring today! Redeem now: http://secure-verify.co/hi9891
Scam,"Your Amazon Logistics package with tracking ref 1D3FVOKWD8 is stuck at customs. Pay Rs.4,000 to release: http://short.link/dhbf3f"
Scam,Your credit score has dropped. Click http://tinyurl.com/54aikd to fix it instantly and unlock a free loan offer.
Scam,"Government tax refund of Rs.3,699 pending. Click http://secure-verify.co/g50640 to claim before deadline."
Scam,"You have been chosen for a cash reward of Rs.1,950. Claim before it expires: http://short.link/8aabi1"
Scam,"Your SBI rewards points worth Rs.5,700 are expiring today! Redeem now: http://short.link/093hd2"
Scam,You've been selected for a free iPhone! Claim your prize now: http://bit.ly/40ki27
Scam,"Your Bank of America rewards points worth Rs.5,750 are expiring today! Redeem now: http://account-alert.net/ae5j86"
Scam,Your electricity connection will be disconnected tonight due to unpaid bill. Pay now: http://secure-verify.co/128d4j
Scam,"Warning: Your income tax filing has an error resulting in Rs.1,299 penalty. Pay immediately: http://cutt.ly/ajci7j"
Scam,FINAL NOTICE: Your SBI debit card will expire today. Update details: http://tinyurl.com/bfai2c
Scam,FINAL NOTICE: Your Wells Fargo debit card will expire today. Update details: http://secure-verify.co/1h6kkj
Scam,Your electricity connection will be disconnected tonight due to unpaid bill. Pay now: http://tinyurl.com/3867f8
Scam,"You've qualified for a pre-approved loan of Rs.7,950. No documents required. http://account-alert.net/j5ik8b"
Scam,Bank of India Alert: Your account is under review. Confirm your details within 2 hours: http://cutt.ly/fb23fb
Scam,"Your OTP is 1981. Do not share with anyone. If you did not request this, click http://rebrand.ly/h1i46d"
Scam,"Government tax refund of Rs.6,650 pending. Click http://short.link/130hab to claim before deadline."
Scam,"Dear user, we detected unusual activity on your Citibank card. Verify now or it will be suspended: http://rebrand.ly/if033g"
Scam,URGENT: Your Standard Chartered account will be blocked. Verify your KYC immediately at http://short.link/823jid
Scam,Alert: Unauthorized login detected on your account. Reset password now: http://account-alert.net/1ha431
Scam,FINAL NOTICE: Your Bank of America debit card will expire today. Update details: http://secure-verify.co/cf5hk9
Scam,Your Standard Chartered net banking has been locked. Click http://bit.ly/g2ak60 immediately to unlock your account.
Scam,"You have an unclaimed inheritance of $1,000,000. Contact us urgently at http://secure-verify.co/49gcbe"
Scam,Your netflix subscription payment failed. Update your card details immediately: http://short.link/15d507
Scam,"RBI Notice: Your bank account KYC is incomplete, leading to a freeze. Update now: http://rebrand.ly/kcbbg6"
Scam,"We tried to deliver your package but failed. Reschedule and pay Rs.1,299 fee here: http://tinyurl.com/d31k28"
Scam,"Dear user, we detected unusual activity on your Canara Bank card. Verify now or it will be suspended: http://rebrand.ly/ig97kb"
Scam,"Dear customer, your account has suspicious activity. Click http://rebrand.ly/80kc48 to secure it now."
Scam,"This is your bank calling. We need to verify your card PIN, please reply with your PIN."
Scam,"Your electricity board refund of Rs.1,800 is ready. Share your bank OTP to receive it."
Scam,Alert: Unauthorized login detected on your account. Reset password now: http://rebrand.ly/6329h2
Scam,"Your India Post package with tracking ref UVK0YZQQKB is stuck at customs. Pay Rs.3,100 to release: http://short.link/afb1g4"
Scam,"Hello, this is Yes Bank security team. Your card has been used for a Rs.5,150 purchase. Call back to cancel."
Scam,FINAL NOTICE: Your Chase debit card will expire today. Update details: http://secure-verify.co/77h6ba
Scam,"Dear user, we detected unusual activity on your Standard Chartered card. Verify now or it will be suspended: http://cutt.ly/i2h2dd"
Scam,"You have received a WhatsApp gift voucher worth Rs.5,550. Redeem before it expires: http://bit.ly/cdfi1k"
Scam,"You have an unclaimed inheritance of $1,000,000. Contact us urgently at http://rebrand.ly/h5ak1c"
Scam,Bank of India Alert: Your account is under review. Confirm your details within 2 hours: http://tinyurl.com/138714
Scam,"You are pre-selected for a Rs.6,450 personal loan at 0% interest. Apply now: http://rebrand.ly/b16e59"
Scam,"URGENT: Suspicious transaction of Rs.7,399 detected on your account. Verify or lose access: http://rebrand.ly/k5485e"
Scam,FINAL NOTICE: Your HSBC debit card will expire today. Update details: http://rebrand.ly/3bgge6
Scam,"Your OTP is 6187. Do not share with anyone. If you did not request this, click http://rebrand.ly/1i1jkb"
Scam,"URGENT: Suspicious transaction of Rs.7,199 detected on your account. Verify or lose access: http://secure-verify.co/2d5g8a"
Scam,Your SIM card will be deactivated in 24 hrs. Verify Aadhaar now at http://tinyurl.com/jc131k
Scam,"Your number has been randomly selected to receive a free vacation package worth Rs.6,150. Reply YES."
Scam,You've been selected for a free iPhone! Claim your prize now: http://bit.ly/ef8467
Scam,"Your OTP is 9123. Do not share with anyone. If you did not request this, click http://secure-verify.co/3bje3a"
Scam,"Your electricity meter shows irregular usage. Pay Rs.3,899 fine now to avoid disconnection: http://tinyurl.com/a9i307"
Scam,You've qualified for a pre-approved loan of Rs.700. No documents required. http://rebrand.ly/0900k7
Scam,"You've qualified for a pre-approved loan of Rs.4,400. No documents required. http://tinyurl.com/a5g9bh"
Scam,"We tried to deliver your package but failed. Reschedule and pay Rs.2,400 fee here: http://bit.ly/jb0c3f"
Scam,"Dear customer, your account has suspicious activity. Click http://tinyurl.com/dji72b to secure it now."
Scam,"You are pre-selected for a Rs.2,899 personal loan at 0% interest. Apply now: http://bit.ly/8c1fd9"
Scam,"Your Citibank rewards points worth Rs.8,100 are expiring today! Redeem now: http://tinyurl.com/6c7fga"
Scam,FINAL NOTICE: Your HDFC Bank debit card will expire today. Update details: http://tinyurl.com/47g5ja
Scam,"Warning: Your income tax filing has an error resulting in Rs.1,750 penalty. Pay immediately: http://short.link/46ig2b"
Scam,"Dear customer, your account has suspicious activity. Click http://rebrand.ly/hkbji6 to secure it now."
Scam,URGENT: Your Chase account will be blocked. Verify your KYC immediately at http://rebrand.ly/h4464h
Scam,"Your Aadhaar card is linked to a fraudulent transaction of Rs.3,550. Verify identity: http://tinyurl.com/ci3a7h"
Scam,"You are the lucky winner of our lottery! Send your bank details to claim Rs.1,800."
Scam,FINAL NOTICE: Your SBI debit card will expire today. Update details: http://short.link/954aad
Scam,"We tried to deliver your package but failed. Reschedule and pay Rs.9,499 fee here: http://account-alert.net/hdi782"
Scam,"You've qualified for a pre-approved loan of Rs.9,599. No documents required. http://account-alert.net/k5bb30"
Scam,"Dear customer, your account has suspicious activity. Click http://rebrand.ly/efch4d to secure it now."
Scam,Your SIM card will be deactivated in 24 hrs. Verify Aadhaar now at http://account-alert.net/901997
Scam,"You have been chosen for a cash reward of Rs.2,399. Claim before it expires: http://short.link/f507jd"
Scam,"Dear user, we detected unusual activity on your HSBC card. Verify now or it will be suspended: http://cutt.ly/i1j52c"
Scam,"Your electricity meter shows irregular usage. Pay Rs.7,800 fine now to avoid disconnection: http://rebrand.ly/iahc03"
Scam,Your electricity connection will be disconnected tonight due to unpaid bill. Pay now: http://bit.ly/2hj728
Scam,Your electricity connection will be disconnected tonight due to unpaid bill. Pay now: http://bit.ly/h4k64f
Scam,"We tried to deliver your package but failed. Reschedule and pay Rs.7,099 fee here: http://rebrand.ly/hj40eb"
Scam,"You are the lucky winner of our lottery! Send your bank details to claim Rs.1,899."
Scam,FINAL NOTICE: Your Standard Chartered debit card will expire today. Update details: http://cutt.ly/dhh8di
Scam,"Congratulations! You have won Rs.2,999,000 in the lucky draw. Claim now at http://cutt.ly/ci1ghf"
Scam,"Warning: Your income tax filing has an error resulting in Rs.2,500 penalty. Pay immediately: http://secure-verify.co/k5i34d"
Scam,"Your electricity meter shows irregular usage. Pay Rs.1,199 fine now to avoid disconnection: http://bit.ly/hg67gf"
Scam,Your netflix subscription payment failed. Update your card details immediately: http://tinyurl.com/8gi1c4
Scam,"Your number has been randomly selected to receive a free vacation package worth Rs.7,300. Reply YES."
Scam,"Your USPS package with tracking ref Y5U5BWDVQV is stuck at customs. Pay Rs.2,999 to release: http://account-alert.net/jf766e"
Scam,"Warning: Your income tax filing has an error resulting in Rs.2,899 penalty. Pay immediately: http://short.link/68d53d"
Scam,"Job offer: Earn Rs.3,550 per day doing simple online tasks. Registration fee required: http://cutt.ly/4e0gkj"
Scam,"Your OTP is 5577. Do not share with anyone. If you did not request this, click http://tinyurl.com/cei7dc"
Scam,"Act now! Limited slots for guaranteed Rs.4,450 monthly income working from home. http://secure-verify.co/c3593g"
Scam,"Congratulations! You have won Rs.4,799,000 in the lucky draw. Claim now at http://rebrand.ly/ce0e7a"
Scam,"RBI Notice: Your bank account KYC is incomplete, leading to a freeze. Update now: http://bit.ly/f73k2h"
Scam,"Your electricity meter shows irregular usage. Pay Rs.8,550 fine now to avoid disconnection: http://short.link/71k4ki"
Scam,"Your OTP is 6307. Do not share with anyone. If you did not request this, click http://rebrand.ly/khi7d9"
Scam,"Dear customer, your account has suspicious activity. Click http://rebrand.ly/i1g00c to secure it now."
Scam,You have been chosen for a cash reward of Rs.150. Claim before it expires: http://rebrand.ly/52ciij
Scam,"Your Aadhaar card is linked to a fraudulent transaction of Rs.9,050. Verify identity: http://rebrand.ly/ed2ge5"
Scam,Your credit score has dropped. Click http://short.link/4h7jka to fix it instantly and unlock a free loan offer.
Scam,"You've qualified for a pre-approved loan of Rs.8,100. No documents required. http://secure-verify.co/g9j6kb"
Scam,"You have an unclaimed inheritance of $1,000,000. Contact us urgently at http://bit.ly/7g3h10"
Scam,"Dear customer, your account has suspicious activity. Click http://tinyurl.com/fbfbkf to secure it now."
Scam,"You have an unclaimed inheritance of $1,000,000. Contact us urgently at http://short.link/3f4i52"
Scam,You've been selected for a free iPhone! Claim your prize now: http://short.link/j4ja3j
Scam,"Hello, this is IDBI Bank security team. Your card has been used for a Rs.8,450 purchase. Call back to cancel."
Scam,Your netflix subscription payment failed. Update your card details immediately: http://bit.ly/g8a6bj
Scam,FINAL NOTICE: Your ICICI Bank debit card will expire today. Update details: http://account-alert.net/3f70b7
Scam,Your electricity connection will be disconnected tonight due to unpaid bill. Pay now: http://cutt.ly/j9f05a
Scam,"Your number has been randomly selected to receive a free vacation package worth Rs.5,050. Reply YES."
Scam,"Act now! Limited slots for guaranteed Rs.7,000 monthly income working from home. http://tinyurl.com/g19kha"
Scam,Bank of India Alert: Your account is under review. Confirm your details within 2 hours: http://tinyurl.com/351hk4
Scam,"You have received a WhatsApp gift voucher worth Rs.5,700. Redeem before it expires: http://short.link/ie4e4j"
Scam,"Dear customer, your account has suspicious activity. Click http://cutt.ly/6aja6j to secure it now."
Scam,Bank of India Alert: Your account is under review. Confirm your details within 2 hours: http://secure-verify.co/f9gikf
Scam,"You have received a WhatsApp gift voucher worth Rs.7,500. Redeem before it expires: http://rebrand.ly/ja13e7"
Scam,"You have an unclaimed inheritance of $1,000,000. Contact us urgently at http://cutt.ly/3jg70c"
Scam,"You've qualified for a pre-approved loan of Rs.7,999. No documents required. http://bit.ly/h1gc3e"
Scam,You've been selected for a free iPhone! Claim your prize now: http://secure-verify.co/k58h4i
Scam,Alert: Unauthorized login detected on your account. Reset password now: http://tinyurl.com/5jadia
Scam,"You have received a WhatsApp gift voucher worth Rs.5,299. Redeem before it expires: http://bit.ly/5dcd96"
Scam,"Congratulations! You have won Rs.7,499,000 in the lucky draw. Claim now at http://tinyurl.com/18f0c2"
Scam,"You have received a WhatsApp gift voucher worth Rs.6,050. Redeem before it expires: http://cutt.ly/5k3ha4"
Scam,"You have been chosen for a cash reward of Rs.6,899. Claim before it expires: http://secure-verify.co/6g8b83"
Scam,"RBI Notice: Your bank account KYC is incomplete, leading to a freeze. Update now: http://bit.ly/ej2ebk"
Scam,You've been selected for a free iPhone! Claim your prize now: http://bit.ly/j3cc36
Scam,"Your Wells Fargo rewards points worth Rs.3,100 are expiring today! Redeem now: http://rebrand.ly/9ef65h"
Scam,Your netflix subscription payment failed. Update your card details immediately: http://secure-verify.co/88g1ig
Scam,FINAL NOTICE: Your Standard Chartered debit card will expire today. Update details: http://tinyurl.com/g43fb5
Scam,Your number has been randomly selected to receive a free vacation package worth Rs.899. Reply YES.
Scam,"Your number has been randomly selected to receive a free vacation package worth Rs.9,300. Reply YES."
Scam,"You are the lucky winner of our lottery! Send your bank details to claim Rs.3,299."
Scam,Your electricity connection will be disconnected tonight due to unpaid bill. Pay now: http://cutt.ly/800h4e
Scam,"You have received a WhatsApp gift voucher worth Rs.9,200. Redeem before it expires: http://secure-verify.co/h0ji7e"
Scam,"You have been chosen for a cash reward of Rs.4,799. Claim before it expires: http://cutt.ly/1g3f6a"
Scam,"You've qualified for a pre-approved loan of Rs.7,200. No documents required. http://short.link/i1114c"
Scam,FINAL NOTICE: Your HDFC Bank debit card will expire today. Update details: http://rebrand.ly/552337
Scam,URGENT: Your Axis Bank account will be blocked. Verify your KYC immediately at http://rebrand.ly/k158ja
Scam,"URGENT: Suspicious transaction of Rs.6,099 detected on your account. Verify or lose access: http://bit.ly/85h7a7"
Scam,Alert: Unauthorized login detected on your account. Reset password now: http://tinyurl.com/047153
Scam,Your number has been randomly selected to receive a free vacation package worth Rs.350. Reply YES.
Scam,"Congratulations! You have won Rs.3,600,000 in the lucky draw. Claim now at http://account-alert.net/758gf4"
Scam,Your Chase net banking has been locked. Click http://rebrand.ly/5a1485 immediately to unlock your account.
Scam,"URGENT: Suspicious transaction of Rs.6,199 detected on your account. Verify or lose access: http://bit.ly/5h9dc7"
Scam,"Congratulations! You have won Rs.7,350,000 in the lucky draw. Claim now at http://rebrand.ly/5ig64h"
Scam,Your Yes Bank net banking has been locked. Click http://cutt.ly/42df14 immediately to unlock your account.
Scam,Bank of India Alert: Your account is under review. Confirm your details within 2 hours: http://secure-verify.co/3ia51e
Scam,"Your OTP is 1535. Do not share with anyone. If you did not request this, click http://bit.ly/7ak044"
Scam,"RBI Notice: Your bank account KYC is incomplete, leading to a freeze. Update now: http://tinyurl.com/diej3k"
Scam,"You are the lucky winner of our lottery! Send your bank details to claim Rs.1,950."
Scam,"Warning: Your income tax filing has an error resulting in Rs.8,399 penalty. Pay immediately: http://tinyurl.com/3f630f"
Scam,"Government tax refund of Rs.5,400 pending. Click http://secure-verify.co/7c4gbd to claim before deadline."
Scam,Your credit score has dropped. Click http://cutt.ly/ai9740 to fix it instantly and unlock a free loan offer.
Scam,Job offer: Earn Rs.399 per day doing simple online tasks. Registration fee required: http://rebrand.ly/a4g5k7
Scam,"Your OTP is 5733. Do not share with anyone. If you did not request this, click http://rebrand.ly/0fi7ka"
Scam,"You are the lucky winner of our lottery! Send your bank details to claim Rs.3,500."
Scam,"Hello, this is Chase security team. Your card has been used for a Rs.3,050 purchase. Call back to cancel."
Scam,"URGENT: Suspicious transaction of Rs.1,100 detected on your account. Verify or lose access: http://short.link/2hkaa0"
Scam,"You are the lucky winner of our lottery! Send your bank details to claim Rs.3,200."
Scam,You've been selected for a free iPhone! Claim your prize now: http://cutt.ly/dg4iid
Scam,"You have been chosen for a cash reward of Rs.5,300. Claim before it expires: http://bit.ly/j708b5"
Scam,Your Canara Bank net banking has been locked. Click http://rebrand.ly/6ci2ga immediately to unlock your account.
Scam,"Dear customer, your account has suspicious activity. Click http://secure-verify.co/fi8bj1 to secure it now."
Scam,Your netflix subscription payment failed. Update your card details immediately: http://rebrand.ly/f7ai9f
Scam,"URGENT: Suspicious transaction of Rs.6,100 detected on your account. Verify or lose access: http://tinyurl.com/c11c87"
Scam,Bank of India Alert: Your account is under review. Confirm your details within 2 hours: http://bit.ly/f9669f
Scam,"We tried to deliver your package but failed. Reschedule and pay Rs.7,900 fee here: http://account-alert.net/7i7f32"
Scam,"Your electricity meter shows irregular usage. Pay Rs.5,550 fine now to avoid disconnection: http://secure-verify.co/120kj6"
Scam,"You are pre-selected for a Rs.5,100 personal loan at 0% interest. Apply now: http://secure-verify.co/7dck5e"
Scam,"Dear user, we detected unusual activity on your Wells Fargo card. Verify now or it will be suspended: http://bit.ly/9ih90j"
Scam,Your electricity connection will be disconnected tonight due to unpaid bill. Pay now: http://short.link/jc922d
Scam,"Hello, this is Yes Bank security team. Your card has been used for a Rs.7,450 purchase. Call back to cancel."
Scam,Alert: Unauthorized login detected on your account. Reset password now: http://cutt.ly/hec1df
Scam,"You have an unclaimed inheritance of $1,000,000. Contact us urgently at http://rebrand.ly/bg2f42"
Scam,Bank of India Alert: Your account is under review. Confirm your details within 2 hours: http://bit.ly/bf80bf
Scam,"Your electricity board refund of Rs.9,550 is ready. Share your bank OTP to receive it."
Scam,Your SIM card will be deactivated in 24 hrs. Verify Aadhaar now at http://account-alert.net/gcjfe9
Scam,FINAL NOTICE: Your Standard Chartered debit card will expire today. Update details: http://short.link/7a7e76
Scam,"You are the lucky winner of our lottery! Send your bank details to claim Rs.6,750."
Scam,Investment opportunity: Double your money in 7 days guaranteed! Message now.
Scam,"Government tax refund of Rs.8,300 pending. Click http://tinyurl.com/4k9e4i to claim before deadline."
Scam,Your netflix subscription payment failed. Update your card details immediately: http://cutt.ly/d2gj4a
Scam,Your USPS package with tracking ref ZG9TT60BKS is stuck at customs. Pay Rs.500 to release: http://tinyurl.com/2gbgj3
Scam,Alert: Unauthorized login detected on your account. Reset password now: http://secure-verify.co/e0h377
Scam,Your HSBC net banking has been locked. Click http://tinyurl.com/2k51fk immediately to unlock your account.
Scam,"Hello, this is ICICI Bank security team. Your card has been used for a Rs.8,950 purchase. Call back to cancel."
Scam,Your electricity connection will be disconnected tonight due to unpaid bill. Pay now: http://rebrand.ly/3b1404
Scam,"Warning: Your income tax filing has an error resulting in Rs.9,000 penalty. Pay immediately: http://rebrand.ly/0c075a"
Scam,"Work from home and earn Rs.3,700 daily! No investment needed. Join now: http://bit.ly/j909cj"
Scam,"Your number has been randomly selected to receive a free vacation package worth Rs.8,200. Reply YES."
Scam,You are pre-selected for a Rs.100 personal loan at 0% interest. Apply now: http://secure-verify.co/e6kf4c
Scam,"Your Aadhaar card is linked to a fraudulent transaction of Rs.5,950. Verify identity: http://rebrand.ly/f9cdi8"
Scam,"Dear customer, your account has suspicious activity. Click http://rebrand.ly/f0f653 to secure it now."
Scam,"Your number has been randomly selected to receive a free vacation package worth Rs.7,500. Reply YES."
Scam,"You have been chosen for a cash reward of Rs.5,050. Claim before it expires: http://secure-verify.co/052k37"
Scam,FINAL NOTICE: Your HDFC Bank debit card will expire today. Update details: http://short.link/e3061b
Scam,"Your parcel is on hold due to unpaid customs fee of Rs.1,400. Pay now: http://cutt.ly/2i9ef9"
Scam,You have received a WhatsApp gift voucher worth Rs.199. Redeem before it expires: http://short.link/ajg2hc
Scam,"Dear customer, your account has suspicious activity. Click http://short.link/a9c801 to secure it now."
Scam,Your electricity board refund of Rs.799 is ready. Share your bank OTP to receive it.
Scam,"Warning: Your income tax filing has an error resulting in Rs.6,250 penalty. Pay immediately: http://short.link/cia8a8"
Scam,"You have an unclaimed inheritance of $1,000,000. Contact us urgently at http://secure-verify.co/713367"
Scam,Your netflix subscription payment failed. Update your card details immediately: http://rebrand.ly/e575a0
Scam,"Dear user, we detected unusual activity on your Standard Chartered card. Verify now or it will be suspended: http://tinyurl.com/bd828d"
Scam,"You have been chosen for a cash reward of Rs.6,899. Claim before it expires: http://tinyurl.com/jbbg61"
Scam,"You are pre-selected for a Rs.8,499 personal loan at 0% interest. Apply now: http://bit.ly/chfk43"
Scam,"Work from home and earn Rs.3,499 daily! No investment needed. Join now: http://bit.ly/72jf05"
Scam,Your credit score has dropped. Click http://cutt.ly/94573j to fix it instantly and unlock a free loan offer.
Scam,"Hello, this is ICICI Bank security team. Your card has been used for a Rs.9,299 purchase. Call back to cancel."
Scam,"Your OTP is 8725. Do not share with anyone. If you did not request this, click http://cutt.ly/4i0jj0"
Scam,"Dear user, we detected unusual activity on your SBI card. Verify now or it will be suspended: http://short.link/kc2065"
Scam,FINAL NOTICE: Your Canara Bank debit card will expire today. Update details: http://bit.ly/13jhd6
Scam,Alert: Unauthorized login detected on your account. Reset password now: http://short.link/ife004
Scam,"Your HDFC Bank rewards points worth Rs.1,900 are expiring today! Redeem now: http://bit.ly/ffd0jk"
Scam,"Hello, this is Kotak Mahindra security team. Your card has been used for a Rs.1,450 purchase. Call back to cancel."
Scam,"You've qualified for a pre-approved loan of Rs.2,300. No documents required. http://rebrand.ly/5cj2e7"
Scam,Your electricity meter shows irregular usage. Pay Rs.599 fine now to avoid disconnection: http://bit.ly/42agfi
Scam,"We tried to deliver your package but failed. Reschedule and pay Rs.4,950 fee here: http://short.link/c7c4d4"
Scam,"Your USPS package with tracking ref 96Q4B93M9B is stuck at customs. Pay Rs.9,499 to release: http://rebrand.ly/00h0i4"
Scam,Alert: Unauthorized login detected on your account. Reset password now: http://bit.ly/fj3fj5
Scam,"Your Aadhaar card is linked to a fraudulent transaction of Rs.8,650. Verify identity: http://bit.ly/53i7gg"
Scam,Your electricity connection will be disconnected tonight due to unpaid bill. Pay now: http://rebrand.ly/99hiij
Scam,Bank of India Alert: Your account is under review. Confirm your details within 2 hours: http://rebrand.ly/b6b9c8
Scam,"Work from home and earn Rs.1,400 daily! No investment needed. Join now: http://rebrand.ly/19ce2k"
Scam,"Your UPS package with tracking ref Y61UZ5GX59 is stuck at customs. Pay Rs.4,650 to release: http://bit.ly/c89j29"
Scam,"Warning: Your income tax filing has an error resulting in Rs.8,899 penalty. Pay immediately: http://tinyurl.com/7eb6gd"
Scam,Your SIM card will be deactivated in 24 hrs. Verify Aadhaar now at http://bit.ly/4f6b8i
Scam,URGENT: Your HDFC Bank account will be blocked. Verify your KYC immediately at http://rebrand.ly/a29301
Scam,"You've qualified for a pre-approved loan of Rs.3,350. No documents required. http://rebrand.ly/4a9395"
Scam,Your SIM card will be deactivated in 24 hrs. Verify Aadhaar now at http://cutt.ly/8a9f81
Scam,"Dear customer, your account has suspicious activity. Click http://short.link/0g7d01 to secure it now."
Scam,"Your electricity board refund of Rs.2,499 is ready. Share your bank OTP to receive it."
Scam,"You are pre-selected for a Rs.7,450 personal loan at 0% interest. Apply now: http://short.link/ajk058"
Scam,"You have an unclaimed inheritance of $1,000,000. Contact us urgently at http://tinyurl.com/eceah5"
Scam,"You've qualified for a pre-approved loan of Rs.9,150. No documents required. http://account-alert.net/j4fh83"
Scam,Bank of India Alert: Your account is under review. Confirm your details within 2 hours: http://short.link/85k3gj
Scam,"Your DHL package with tracking ref 7Y3TPDOGH7 is stuck at customs. Pay Rs.9,000 to release: http://secure-verify.co/8egag5"
Scam,"Government tax refund of Rs.5,000 pending. Click http://account-alert.net/57j6gc to claim before deadline."
Scam,FINAL NOTICE: Your Bank of America debit card will expire today. Update details: http://cutt.ly/jgejgk
Scam,Your SIM card will be deactivated in 24 hrs. Verify Aadhaar now at http://rebrand.ly/9gg6ic
Scam,URGENT: Your Kotak Mahindra account will be blocked. Verify your KYC immediately at http://rebrand.ly/70ahd7
Scam,"You have received a WhatsApp gift voucher worth Rs.6,350. Redeem before it expires: http://rebrand.ly/c95i8a"
Scam,"You have an unclaimed inheritance of $1,000,000. Contact us urgently at http://short.link/03hk68"
Scam,Your netflix subscription payment failed. Update your card details immediately: http://secure-verify.co/i28cb4
Scam,"You are the lucky winner of our lottery! Send your bank details to claim Rs.7,850."
Scam,Your Chase net banking has been locked. Click http://tinyurl.com/5i52hg immediately to unlock your account.
Scam,"RBI Notice: Your bank account KYC is incomplete, leading to a freeze. Update now: http://account-alert.net/76210h"
Scam,Bank of India Alert: Your account is under review. Confirm your details within 2 hours: http://account-alert.net/54ifea
Scam,Your credit score has dropped. Click http://cutt.ly/hgeiaf to fix it instantly and unlock a free loan offer.
Scam,"Your electricity meter shows irregular usage. Pay Rs.6,899 fine now to avoid disconnection: http://tinyurl.com/63jb3k"
Scam,"URGENT: Suspicious transaction of Rs.8,999 detected on your account. Verify or lose access: http://secure-verify.co/i5f4i0"
Scam,"Act now! Limited slots for guaranteed Rs.8,600 monthly income working from home. http://bit.ly/d8bg27"
Scam,"You have received a WhatsApp gift voucher worth Rs.3,700. Redeem before it expires: http://tinyurl.com/5bfd88"
Scam,"Government tax refund of Rs.3,600 pending. Click http://secure-verify.co/2bg8ii to claim before deadline."
Scam,"You are pre-selected for a Rs.6,400 personal loan at 0% interest. Apply now: http://bit.ly/54hc25"
Scam,"Your Axis Bank rewards points worth Rs.2,400 are expiring today! Redeem now: http://tinyurl.com/d82gi0"
Scam,"Your OTP is 1793. Do not share with anyone. If you did not request this, click http://account-alert.net/228b95"
Scam,"RBI Notice: Your bank account KYC is incomplete, leading to a freeze. Update now: http://rebrand.ly/fk831c"
Scam,Your SIM card will be deactivated in 24 hrs. Verify Aadhaar now at http://bit.ly/ci7098
Scam,"Your OTP is 6002. Do not share with anyone. If you did not request this, click http://account-alert.net/598eh2"
Scam,"Congratulations! You have won Rs.200,000 in the lucky draw. Claim now at http://secure-verify.co/j5ige0"
Scam,"Job offer: Earn Rs.3,499 per day doing simple online tasks. Registration fee required: http://cutt.ly/e6879f"
Scam,"Your HDFC Bank rewards points worth Rs.3,100 are expiring today! Redeem now: http://cutt.ly/f5ee61"
Scam,"Your electricity board refund of Rs.3,750 is ready. Share your bank OTP to receive it."
Scam,"Warning: Your income tax filing has an error resulting in Rs.6,050 penalty. Pay immediately: http://account-alert.net/40dcik"
Scam,"Your OTP is 7952. Do not share with anyone. If you did not request this, click http://short.link/ha0g9a"
Scam,"Your OTP is 4406. Do not share with anyone. If you did not request this, click http://secure-verify.co/fbcc44"
Scam,"Work from home and earn Rs.9,400 daily! No investment needed. Join now: http://secure-verify.co/j668ch"
Scam,"Your Citibank rewards points worth Rs.5,000 are expiring today! Redeem now: http://rebrand.ly/246de3"
Scam,"You have been chosen for a cash reward of Rs.1,250. Claim before it expires: http://tinyurl.com/a2h0a9"
Scam,"You have received a WhatsApp gift voucher worth Rs.6,350. Redeem before it expires: http://tinyurl.com/9ibefj"
Scam,"Your parcel is on hold due to unpaid customs fee of Rs.2,099. Pay now: http://rebrand.ly/611aab"
Scam,"Government tax refund of Rs.5,899 pending. Click http://short.link/cc225b to claim before deadline."
Scam,You've been selected for a free iPhone! Claim your prize now: http://rebrand.ly/9d91cf
Scam,Your SIM card will be deactivated in 24 hrs. Verify Aadhaar now at http://cutt.ly/h66g89
Scam,"Warning: Your income tax filing has an error resulting in Rs.9,150 penalty. Pay immediately: http://secure-verify.co/g0j548"
Scam,Bank of India Alert: Your account is under review. Confirm your details within 2 hours: http://bit.ly/fkj9gg
Scam,"Your Aadhaar card is linked to a fraudulent transaction of Rs.4,950. Verify identity: http://rebrand.ly/dgbe20"
Scam,"RBI Notice: Your bank account KYC is incomplete, leading to a freeze. Update now: http://short.link/a6jjc9"
Scam,"Your parcel is on hold due to unpaid customs fee of Rs.6,400. Pay now: http://short.link/fcia6f"
Scam,Warning: Your income tax filing has an error resulting in Rs.999 penalty. Pay immediately: http://secure-verify.co/6h454d
Scam,"Your parcel is on hold due to unpaid customs fee of Rs.7,150. Pay now: http://secure-verify.co/icbg8i"
Scam,"Your HSBC rewards points worth Rs.2,650 are expiring today! Redeem now: http://secure-verify.co/k0h5j1"
Scam,"Hello, this is Citibank security team. Your card has been used for a Rs.750 purchase. Call back to cancel."
Scam,URGENT: Suspicious transaction of Rs.200 detected on your account. Verify or lose access: http://short.link/10b25g
Scam,Work from home and earn Rs.399 daily! No investment needed. Join now: http://cutt.ly/422a0b
Scam,Your credit score has dropped. Click http://secure-verify.co/hbhkk8 to fix it instantly and unlock a free loan offer.
Scam,Your IDBI Bank net banking has been locked. Click http://cutt.ly/9c33e3 immediately to unlock your account.
Scam,"Your OTP is 1638. Do not share with anyone. If you did not request this, click http://bit.ly/g7gie6"
Scam,"Your Amazon Logistics package with tracking ref 57ZIBA7T58 is stuck at customs. Pay Rs.2,900 to release: http://account-alert.net/e29ji0"
Scam,"Job offer: Earn Rs.1,200 per day doing simple online tasks. Registration fee required: http://short.link/ig7g6i"
Scam,FINAL NOTICE: Your Axis Bank debit card will expire today. Update details: http://rebrand.ly/0c7478
Scam,"Act now! Limited slots for guaranteed Rs.3,300 monthly income working from home. http://account-alert.net/j90bca"
Scam,"Dear customer, your account has suspicious activity. Click http://tinyurl.com/2f5kgj to secure it now."
Scam,"You are the lucky winner of our lottery! Send your bank details to claim Rs.3,650."
Scam,"Your electricity meter shows irregular usage. Pay Rs.1,400 fine now to avoid disconnection: http://secure-verify.co/8882hj"
Scam,"Your number has been randomly selected to receive a free vacation package worth Rs.2,299. Reply YES."
Scam,URGENT: Your HSBC account will be blocked. Verify your KYC immediately at http://bit.ly/h5f684
Scam,"You have been chosen for a cash reward of Rs.6,000. Claim before it expires: http://tinyurl.com/74i74k"
Scam,"Congratulations! You have won Rs.7,600,000 in the lucky draw. Claim now at http://short.link/fd12gc"
Scam,"Your electricity meter shows irregular usage. Pay Rs.7,450 fine now to avoid disconnection: http://bit.ly/ag32kc"
Scam,"Hello, this is Axis Bank security team. Your card has been used for a Rs.1,550 purchase. Call back to cancel."
Scam,"URGENT: Suspicious transaction of Rs.1,800 detected on your account. Verify or lose access: http://secure-verify.co/a9c196"
Scam,"RBI Notice: Your bank account KYC is incomplete, leading to a freeze. Update now: http://tinyurl.com/1db484"
Scam,"Dear customer, your account has suspicious activity. Click http://secure-verify.co/a1ckdj to secure it now."
Scam,"Hello, this is IDBI Bank security team. Your card has been used for a Rs.8,400 purchase. Call back to cancel."
Scam,"Job offer: Earn Rs.6,350 per day doing simple online tasks. Registration fee required: http://tinyurl.com/c91jb2"
Scam,Your SIM card will be deactivated in 24 hrs. Verify Aadhaar now at http://account-alert.net/e08ie6
Scam,"Your DHL package with tracking ref PA2J3TVWE1 is stuck at customs. Pay Rs.7,400 to release: http://short.link/f3kh2e"
Scam,"Hello, this is Yes Bank security team. Your card has been used for a Rs.9,199 purchase. Call back to cancel."
Scam,"You have an unclaimed inheritance of $1,000,000. Contact us urgently at http://rebrand.ly/g6bj8f"
Scam,"Your PNB rewards points worth Rs.8,550 are expiring today! Redeem now: http://cutt.ly/g1385i"
Scam,"You have received a WhatsApp gift voucher worth Rs.6,900. Redeem before it expires: http://account-alert.net/003kf6"
Scam,Your Aadhaar card is linked to a fraudulent transaction of Rs.399. Verify identity: http://cutt.ly/2i6kj2
Scam,"Congratulations! You have won Rs.7,199,000 in the lucky draw. Claim now at http://secure-verify.co/bgdcg4"
Scam,"Your electricity meter shows irregular usage. Pay Rs.8,250 fine now to avoid disconnection: http://secure-verify.co/cc5jf6"
Scam,Your SIM card will be deactivated in 24 hrs. Verify Aadhaar now at http://cutt.ly/98i719
Scam,"Work from home and earn Rs.3,199 daily! No investment needed. Join now: http://tinyurl.com/290cae"
Scam,"Your electricity meter shows irregular usage. Pay Rs.1,400 fine now to avoid disconnection: http://tinyurl.com/hh6k3a"
Scam,"Job offer: Earn Rs.1,599 per day doing simple online tasks. Registration fee required: http://bit.ly/bf2ag6"
Scam,"Act now! Limited slots for guaranteed Rs.6,799 monthly income working from home. http://short.link/59cgc0"
Scam,"Your FedEx package with tracking ref J7FOK31TTK is stuck at customs. Pay Rs.4,899 to release: http://tinyurl.com/d687h7"
Scam,You've been selected for a free iPhone! Claim your prize now: http://account-alert.net/15g4h6
Scam,Your credit score has dropped. Click http://bit.ly/e3761k to fix it instantly and unlock a free loan offer.
Scam,"Act now! Limited slots for guaranteed Rs.5,999 monthly income working from home. http://bit.ly/1260e0"
Scam,FINAL NOTICE: Your PNB debit card will expire today. Update details: http://rebrand.ly/5g593b
Scam,Bank of India Alert: Your account is under review. Confirm your details within 2 hours: http://account-alert.net/6a5da4
Scam,Your SIM card will be deactivated in 24 hrs. Verify Aadhaar now at http://account-alert.net/33f135
Scam,You've been selected for a free iPhone! Claim your prize now: http://bit.ly/hg2a9f
Scam,FINAL NOTICE: Your IDBI Bank debit card will expire today. Update details: http://bit.ly/g6ccbd
Scam,Your netflix subscription payment failed. Update your card details immediately: http://short.link/8jejdh
Scam,Your number has been randomly selected to receive a free vacation package worth Rs.750. Reply YES.
Scam,Your credit score has dropped. Click http://bit.ly/bkc5j7 to fix it instantly and unlock a free loan offer.
Scam,"RBI Notice: Your bank account KYC is incomplete, leading to a freeze. Update now: http://tinyurl.com/ck1ia9"
Scam,"RBI Notice: Your bank account KYC is incomplete, leading to a freeze. Update now: http://secure-verify.co/715d32"
Scam,We tried to deliver your package but failed. Reschedule and pay Rs.500 fee here: http://tinyurl.com/i3fgh6
Scam,"You've qualified for a pre-approved loan of Rs.7,599. No documents required. http://short.link/8kk2de"
Scam,"Your India Post package with tracking ref 7PQGJ5J62U is stuck at customs. Pay Rs.1,550 to release: http://tinyurl.com/69ei62"
Scam,"Dear user, we detected unusual activity on your Kotak Mahindra card. Verify now or it will be suspended: http://tinyurl.com/a99k10"
Scam,"URGENT: Suspicious transaction of Rs.4,499 detected on your account. Verify or lose access: http://secure-verify.co/fj5i68"
Scam,"Hello, this is Yes Bank security team. Your card has been used for a Rs.8,950 purchase. Call back to cancel."
Scam,"You are the lucky winner of our lottery! Send your bank details to claim Rs.5,399."
Scam,"Your India Post package with tracking ref 9AVD1P7I5I is stuck at customs. Pay Rs.2,850 to release: http://tinyurl.com/cjk6df"
Scam,You've been selected for a free iPhone! Claim your prize now: http://short.link/a9kcb1
Scam,"Warning: Your income tax filing has an error resulting in Rs.7,000 penalty. Pay immediately: http://secure-verify.co/e2dde9"
Scam,Your netflix subscription payment failed. Update your card details immediately: http://account-alert.net/ji04dh
Scam,"Government tax refund of Rs.6,899 pending. Click http://cutt.ly/hih0h1 to claim before deadline."
Scam,Bank of India Alert: Your account is under review. Confirm your details within 2 hours: http://secure-verify.co/3fcgkb
Scam,"Your Amazon Logistics package with tracking ref HT1S5NSR3U is stuck at customs. Pay Rs.2,699 to release: http://bit.ly/h799fa"
Scam,FINAL NOTICE: Your Canara Bank debit card will expire today. Update details: http://account-alert.net/33iikk
Scam,"URGENT: Suspicious transaction of Rs.2,650 detected on your account. Verify or lose access: http://bit.ly/6584kg"
Scam,"Dear user, we detected unusual activity on your Axis Bank card. Verify now or it will be suspended: http://secure-verify.co/7gh82i"
Scam,"Dear user, we detected unusual activity on your IDBI Bank card. Verify now or it will be suspended: http://cutt.ly/ed75ie"
Scam,You've been selected for a free iPhone! Claim your prize now: http://account-alert.net/e2g1d9
Scam,"Your DHL package with tracking ref DGNA5ONM5M is stuck at customs. Pay Rs.5,099 to release: http://secure-verify.co/2ii4a8"
Scam,Alert: Unauthorized login detected on your account. Reset password now: http://cutt.ly/bie7gk
Scam,"Dear user, we detected unusual activity on your ICICI Bank card. Verify now or it will be suspended: http://secure-verify.co/ha7gbf"
Scam,"You have received a WhatsApp gift voucher worth Rs.7,000. Redeem before it expires: http://rebrand.ly/k2hi90"
Scam,"Work from home and earn Rs.4,499 daily! No investment needed. Join now: http://secure-verify.co/53kj75"
Scam,"Your parcel is on hold due to unpaid customs fee of Rs.5,050. Pay now: http://cutt.ly/8ea0kf"
Scam,"Hello, this is Citibank security team. Your card has been used for a Rs.7,250 purchase. Call back to cancel."
Scam,"Work from home and earn Rs.6,300 daily! No investment needed. Join now: http://short.link/jkdk36"
Scam,"You have been chosen for a cash reward of Rs.1,699. Claim before it expires: http://rebrand.ly/jeebbf"
Scam,Your SIM card will be deactivated in 24 hrs. Verify Aadhaar now at http://tinyurl.com/6gf15a
Scam,Your number has been randomly selected to receive a free vacation package worth Rs.299. Reply YES.
Scam,"Work from home and earn Rs.4,150 daily! No investment needed. Join now: http://bit.ly/7kc847"
Scam,"Your Bluedart package with tracking ref YPFP3FYYO6 is stuck at customs. Pay Rs.2,900 to release: http://account-alert.net/43bca2"
Scam,"Job offer: Earn Rs.1,150 per day doing simple online tasks. Registration fee required: http://short.link/41ce49"
Scam,"Your electricity board refund of Rs.7,800 is ready. Share your bank OTP to receive it."
Scam,Alert: Unauthorized login detected on your account. Reset password now: http://rebrand.ly/999fe2
Scam,Your netflix subscription payment failed. Update your card details immediately: http://bit.ly/7bgbek
Scam,Your netflix subscription payment failed. Update your card details immediately: http://cutt.ly/f1g7a3
Scam,Your HDFC Bank net banking has been locked. Click http://short.link/03ba6d immediately to unlock your account.
Scam,"Your number has been randomly selected to receive a free vacation package worth Rs.5,099. Reply YES."
Scam,Alert: Unauthorized login detected on your account. Reset password now: http://rebrand.ly/9dhg89
Scam,"You are the lucky winner of our lottery! Send your bank details to claim Rs.5,650."
Scam,"Dear customer, your account has suspicious activity. Click http://bit.ly/kh9bcc to secure it now."
Scam,URGENT: Your Citibank account will be blocked. Verify your KYC immediately at http://tinyurl.com/j03967
Scam,"Job offer: Earn Rs.3,499 per day doing simple online tasks. Registration fee required: http://tinyurl.com/a50dj2"
Scam,"Your Citibank rewards points worth Rs.7,999 are expiring today! Redeem now: http://rebrand.ly/k4j1k9"
Scam,"Work from home and earn Rs.3,200 daily! No investment needed. Join now: http://bit.ly/a1bdd9"
Scam,"Your number has been randomly selected to receive a free vacation package worth Rs.1,550. Reply YES."
Scam,You've qualified for a pre-approved loan of Rs.700. No documents required. http://cutt.ly/i83969
Scam,Alert: Unauthorized login detected on your account. Reset password now: http://bit.ly/12k4kh
Scam,"You have been chosen for a cash reward of Rs.5,999. Claim before it expires: http://cutt.ly/6h0b58"
Scam,"Your OTP is 1691. Do not share with anyone. If you did not request this, click http://rebrand.ly/58cjkj"
Scam,Your Yes Bank net banking has been locked. Click http://rebrand.ly/d5gijj immediately to unlock your account.
Scam,"Dear user, we detected unusual activity on your Bank of America card. Verify now or it will be suspended: http://tinyurl.com/e4ff7j"
Scam,"You have an unclaimed inheritance of $1,000,000. Contact us urgently at http://tinyurl.com/h285e7"
Scam,"You've qualified for a pre-approved loan of Rs.3,699. No documents required. http://cutt.ly/f3505k"
Scam,"Job offer: Earn Rs.9,299 per day doing simple online tasks. Registration fee required: http://cutt.ly/93d35a"
Scam,Your number has been randomly selected to receive a free vacation package worth Rs.300. Reply YES.
Scam,"Hello, this is Axis Bank security team. Your card has been used for a Rs.1,250 purchase. Call back to cancel."
Scam,"We tried to deliver your package but failed. Reschedule and pay Rs.5,350 fee here: http://short.link/4d3g03"
Scam,Your SIM card will be deactivated in 24 hrs. Verify Aadhaar now at http://account-alert.net/35a4i5
Scam,"You are pre-selected for a Rs.1,099 personal loan at 0% interest. Apply now: http://cutt.ly/3kk320"
Scam,"Work from home and earn Rs.6,550 daily! No investment needed. Join now: http://rebrand.ly/8h4d1f"
Scam,"Government tax refund of Rs.7,500 pending. Click http://cutt.ly/5976fk to claim before deadline."
Scam,You've been selected for a free iPhone! Claim your prize now: http://rebrand.ly/1dj9c7
Scam,"Congratulations! You have won Rs.150,000 in the lucky draw. Claim now at http://secure-verify.co/j443c4"
Scam,"Your electricity board refund of Rs.5,250 is ready. Share your bank OTP to receive it."
Scam,Bank of India Alert: Your account is under review. Confirm your details within 2 hours: http://secure-verify.co/82h78d
Scam,"Your parcel is on hold due to unpaid customs fee of Rs.8,999. Pay now: http://tinyurl.com/ii2188"
Scam,"Your electricity meter shows irregular usage. Pay Rs.3,350 fine now to avoid disconnection: http://account-alert.net/a398f0"
Scam,Your credit score has dropped. Click http://secure-verify.co/838648 to fix it instantly and unlock a free loan offer.
Scam,FINAL NOTICE: Your HDFC Bank debit card will expire today. Update details: http://cutt.ly/64e5bd
Scam,"You have been chosen for a cash reward of Rs.1,350. Claim before it expires: http://bit.ly/606107"
Scam,FINAL NOTICE: Your HDFC Bank debit card will expire today. Update details: http://bit.ly/83cj70
Scam,Your electricity connection will be disconnected tonight due to unpaid bill. Pay now: http://secure-verify.co/76ai9a
Scam,"RBI Notice: Your bank account KYC is incomplete, leading to a freeze. Update now: http://rebrand.ly/ab8kgj"
Scam,Your Yes Bank net banking has been locked. Click http://tinyurl.com/jg00b0 immediately to unlock your account.
Scam,"Your Aadhaar card is linked to a fraudulent transaction of Rs.1,099. Verify identity: http://account-alert.net/b2005j"
Scam,"Your OTP is 4150. Do not share with anyone. If you did not request this, click http://cutt.ly/0i4jeg"
Scam,"Your Aadhaar card is linked to a fraudulent transaction of Rs.4,199. Verify identity: http://tinyurl.com/4e7bk6"
Scam,"Congratulations! You have won Rs.9,199,000 in the lucky draw. Claim now at http://cutt.ly/d0bcgk"
Scam,"You've qualified for a pre-approved loan of Rs.8,550. No documents required. http://rebrand.ly/ke114h"
Scam,Your credit score has dropped. Click http://bit.ly/2fi803 to fix it instantly and unlock a free loan offer.
Scam,Your credit score has dropped. Click http://account-alert.net/6a7217 to fix it instantly and unlock a free loan offer.
Scam,"Dear user, we detected unusual activity on your IDBI Bank card. Verify now or it will be suspended: http://bit.ly/9i46ha"
Scam,"Job offer: Earn Rs.7,500 per day doing simple online tasks. Registration fee required: http://cutt.ly/771k78"
Scam,"Congratulations! You have won Rs.6,299,000 in the lucky draw. Claim now at http://secure-verify.co/k419bf"
Scam,"Your electricity board refund of Rs.4,700 is ready. Share your bank OTP to receive it."
Scam,"Government tax refund of Rs.5,599 pending. Click http://account-alert.net/9i1kkg to claim before deadline."
Scam,"Work from home and earn Rs.2,999 daily! No investment needed. Join now: http://rebrand.ly/6ge707"
Scam,Bank of India Alert: Your account is under review. Confirm your details within 2 hours: http://short.link/7d4aeb
Scam,"Congratulations! You have won Rs.1,999,000 in the lucky draw. Claim now at http://tinyurl.com/6ffe3k"
Scam,"You've qualified for a pre-approved loan of Rs.5,300. No documents required. http://secure-verify.co/daac1j"
Scam,You've been selected for a free iPhone! Claim your prize now: http://rebrand.ly/0j28b4
Scam,"URGENT: Suspicious transaction of Rs.1,500 detected on your account. Verify or lose access: http://tinyurl.com/90306j"
Scam,"You have received a WhatsApp gift voucher worth Rs.2,050. Redeem before it expires: http://account-alert.net/682hjj"
Scam,"Your electricity meter shows irregular usage. Pay Rs.2,650 fine now to avoid disconnection: http://rebrand.ly/kkehib"
Scam,Your netflix subscription payment failed. Update your card details immediately: http://short.link/80k7ai
Scam,Alert: Unauthorized login detected on your account. Reset password now: http://account-alert.net/87e9a2
Scam,"You've qualified for a pre-approved loan of Rs.3,950. No documents required. http://short.link/9gg3a9"
Scam,"Your electricity meter shows irregular usage. Pay Rs.5,350 fine now to avoid disconnection: http://short.link/0ckcc5"
Scam,"You have been chosen for a cash reward of Rs.3,950. Claim before it expires: http://rebrand.ly/89c2kb"
Scam,"Dear user, we detected unusual activity on your Chase card. Verify now or it will be suspended: http://short.link/i3g9kh"
Scam,Your electricity connection will be disconnected tonight due to unpaid bill. Pay now: http://cutt.ly/18c528
Scam,"URGENT: Suspicious transaction of Rs.6,600 detected on your account. Verify or lose access: http://bit.ly/k56id0"
Scam,"You have received a WhatsApp gift voucher worth Rs.6,399. Redeem before it expires: http://short.link/bgg2k9"
Scam,"Warning: Your income tax filing has an error resulting in Rs.3,899 penalty. Pay immediately: http://account-alert.net/hajh4g"
Scam,"Your India Post package with tracking ref 70YXB5TQM2 is stuck at customs. Pay Rs.9,250 to release: http://secure-verify.co/7h778c"
Scam,"RBI Notice: Your bank account KYC is incomplete, leading to a freeze. Update now: http://short.link/iag14h"
Scam,"Your FedEx package with tracking ref W4LOJA8O3A is stuck at customs. Pay Rs.6,799 to release: http://cutt.ly/fb5i0c"
Scam,"Your electricity meter shows irregular usage. Pay Rs.5,200 fine now to avoid disconnection: http://tinyurl.com/bedhba"
Scam,Your Axis Bank net banking has been locked. Click http://bit.ly/aah4k7 immediately to unlock your account.
Scam,"You have received a WhatsApp gift voucher worth Rs.2,900. Redeem before it expires: http://secure-verify.co/ga0i66"
Scam,"Act now! Limited slots for guaranteed Rs.5,500 monthly income working from home. http://cutt.ly/dfch6k"
Scam,"You've qualified for a pre-approved loan of Rs.9,399. No documents required. http://secure-verify.co/ge7d9e"
Scam,Your parcel is on hold due to unpaid customs fee of Rs.799. Pay now: http://tinyurl.com/gie4f5
Scam,Your credit score has dropped. Click http://tinyurl.com/kgckj9 to fix it instantly and unlock a free loan offer.
Scam,"URGENT: Suspicious transaction of Rs.3,100 detected on your account. Verify or lose access: http://secure-verify.co/1fk054"
Scam,Your credit score has dropped. Click http://account-alert.net/76ek2a to fix it instantly and unlock a free loan offer.
Scam,"Act now! Limited slots for guaranteed Rs.8,899 monthly income working from home. http://account-alert.net/ihage8"
Scam,Your netflix subscription payment failed. Update your card details immediately: http://cutt.ly/ae60ak
Scam,"Dear customer, your account has suspicious activity. Click http://bit.ly/23akb7 to secure it now."
Scam,"You have an unclaimed inheritance of $1,000,000. Contact us urgently at http://secure-verify.co/3g61g0"
Scam,Alert: Unauthorized login detected on your account. Reset password now: http://short.link/8439jc
Scam,"Dear user, we detected unusual activity on your HSBC card. Verify now or it will be suspended: http://short.link/kdj25a"
Scam,"You have been chosen for a cash reward of Rs.5,400. Claim before it expires: http://tinyurl.com/hgjefg"
Scam,"Your Aadhaar card is linked to a fraudulent transaction of Rs.2,900. Verify identity: http://secure-verify.co/ijg50j"
Scam,Your SIM card will be deactivated in 24 hrs. Verify Aadhaar now at http://secure-verify.co/8dc2fj
Scam,"Your electricity meter shows irregular usage. Pay Rs.7,950 fine now to avoid disconnection: http://account-alert.net/0ea14i"
Scam,"Your number has been randomly selected to receive a free vacation package worth Rs.5,500. Reply YES."
Scam,"Your OTP is 1090. Do not share with anyone. If you did not request this, click http://short.link/2ch9a5"
Scam,"Your Bank of America rewards points worth Rs.2,100 are expiring today! Redeem now: http://rebrand.ly/j7e5hc"
Scam,"Dear user, we detected unusual activity on your Bank of America card. Verify now or it will be suspended: http://bit.ly/3g286j"
Scam,"Your Citibank rewards points worth Rs.6,299 are expiring today! Redeem now: http://short.link/1ica10"
Scam,Your electricity connection will be disconnected tonight due to unpaid bill. Pay now: http://account-alert.net/9abfka
Scam,"You are pre-selected for a Rs.9,250 personal loan at 0% interest. Apply now: http://tinyurl.com/f1fi90"
Scam,Your credit score has dropped. Click http://tinyurl.com/4d5kch to fix it instantly and unlock a free loan offer.
Scam,"Your India Post package with tracking ref Q7A7OODI0Y is stuck at customs. Pay Rs.7,750 to release: http://bit.ly/a247h7"
Scam,"Work from home and earn Rs.1,500 daily! No investment needed. Join now: http://tinyurl.com/819khk"
Scam,"URGENT: Suspicious transaction of Rs.9,199 detected on your account. Verify or lose access: http://short.link/d54908"
Scam,Alert: Unauthorized login detected on your account. Reset password now: http://short.link/5d6gh9
Scam,Your Amazon Logistics package with tracking ref MCOKL1QFUX is stuck at customs. Pay Rs.250 to release: http://tinyurl.com/gbh09i
Scam,Your netflix subscription payment failed. Update your card details immediately: http://bit.ly/4aa419
Scam,"Your number has been randomly selected to receive a free vacation package worth Rs.8,450. Reply YES."
Scam,Your netflix subscription payment failed. Update your card details immediately: http://secure-verify.co/82e2cd
Scam,"Your electricity board refund of Rs.2,550 is ready. Share your bank OTP to receive it."
Scam,"Your India Post package with tracking ref NOP60VBFM0 is stuck at customs. Pay Rs.5,450 to release: http://account-alert.net/42e6i0"
Scam,"Your parcel is on hold due to unpaid customs fee of Rs.5,750. Pay now: http://tinyurl.com/3hd482"
Scam,Your credit score has dropped. Click http://secure-verify.co/h3i715 to fix it instantly and unlock a free loan offer.
Scam,You are pre-selected for a Rs.750 personal loan at 0% interest. Apply now: http://rebrand.ly/846g0d
Scam,"Your Aadhaar card is linked to a fraudulent transaction of Rs.5,850. Verify identity: http://bit.ly/h4cefh"
Scam,"Work from home and earn Rs.8,500 daily! No investment needed. Join now: http://tinyurl.com/6285c6"
Scam,"Warning: Your income tax filing has an error resulting in Rs.5,450 penalty. Pay immediately: http://rebrand.ly/5443k1"
Scam,"We tried to deliver your package but failed. Reschedule and pay Rs.5,350 fee here: http://rebrand.ly/6g464d"
Scam,"You've qualified for a pre-approved loan of Rs.8,450. No documents required. http://secure-verify.co/b971jg"
Scam,"RBI Notice: Your bank account KYC is incomplete, leading to a freeze. Update now: http://secure-verify.co/h9g6b4"
Scam,URGENT: Your Citibank account will be blocked. Verify your KYC immediately at http://secure-verify.co/da2gh8
Scam,"Act now! Limited slots for guaranteed Rs.7,999 monthly income working from home. http://tinyurl.com/edj7e6"
Scam,"Your electricity board refund of Rs.2,900 is ready. Share your bank OTP to receive it."
Scam,You have won a brand new car in our anniversary lucky draw! Contact us with your details now.
Scam,"Act now! Limited slots for guaranteed Rs.5,600 monthly income working from home. http://tinyurl.com/ae2ha7"
Scam,"Your electricity meter shows irregular usage. Pay Rs.4,150 fine now to avoid disconnection: http://rebrand.ly/b22bkf"
Scam,"Dear customer, your account has suspicious activity. Click http://cutt.ly/0ciecg to secure it now."
Scam,"RBI Notice: Your bank account KYC is incomplete, leading to a freeze. Update now: http://rebrand.ly/8a6jgg"
Scam,"Work from home and earn Rs.8,200 daily! No investment needed. Join now: http://cutt.ly/6463hi"
Scam,"Dear customer, your account has suspicious activity. Click http://cutt.ly/a234ag to secure it now."
Scam,"You've qualified for a pre-approved loan of Rs.8,750. No documents required. http://account-alert.net/e9fe81"
Scam,"RBI Notice: Your bank account KYC is incomplete, leading to a freeze. Update now: http://tinyurl.com/1ek3bc"
Scam,"Job offer: Earn Rs.1,599 per day doing simple online tasks. Registration fee required: http://account-alert.net/9hedei"
Scam,Your netflix subscription payment failed. Update your card details immediately: http://short.link/0a84k7
Scam,"Congratulations! You have won Rs.8,100,000 in the lucky draw. Claim now at http://cutt.ly/fbj16a"
Scam,Warning: Your income tax filing has an error resulting in Rs.399 penalty. Pay immediately: http://bit.ly/3k95df
Scam,You've been selected for a free iPhone! Claim your prize now: http://tinyurl.com/i1bka2
Scam,"We tried to deliver your package but failed. Reschedule and pay Rs.1,199 fee here: http://account-alert.net/ke6ccf"
Scam,Your Chase net banking has been locked. Click http://short.link/ff5hg0 immediately to unlock your account.
Scam,"Job offer: Earn Rs.3,899 per day doing simple online tasks. Registration fee required: http://bit.ly/j554ch"
Scam,"Act now! Limited slots for guaranteed Rs.7,350 monthly income working from home. http://rebrand.ly/20327h"
Scam,"Your number has been randomly selected to receive a free vacation package worth Rs.2,650. Reply YES."
Scam,Bank of India Alert: Your account is under review. Confirm your details within 2 hours: http://account-alert.net/47k5ej
Scam,"You are pre-selected for a Rs.4,950 personal loan at 0% interest. Apply now: http://rebrand.ly/bkg891"
Scam,URGENT: Suspicious transaction of Rs.699 detected on your account. Verify or lose access: http://account-alert.net/8bfaff
Scam,URGENT: Your Yes Bank account will be blocked. Verify your KYC immediately at http://tinyurl.com/df3cc7
Scam,"Warning: Your income tax filing has an error resulting in Rs.3,899 penalty. Pay immediately: http://short.link/65ak8c"
Scam,Your Aadhaar card is linked to a fraudulent transaction of Rs.900. Verify identity: http://bit.ly/ga6ebb
Scam,Bank of India Alert: Your account is under review. Confirm your details within 2 hours: http://account-alert.net/31cb3g
Scam,"Job offer: Earn Rs.2,250 per day doing simple online tasks. Registration fee required: http://tinyurl.com/7ed9ei"
Scam,"You are the lucky winner of our lottery! Send your bank details to claim Rs.3,700."
Scam,"Job offer: Earn Rs.2,400 per day doing simple online tasks. Registration fee required: http://tinyurl.com/e8he5h"
Scam,"You've qualified for a pre-approved loan of Rs.3,099. No documents required. http://cutt.ly/g0c0ba"
Scam,"You have been chosen for a cash reward of Rs.2,199. Claim before it expires: http://cutt.ly/76hck8"
Scam,"Your number has been randomly selected to receive a free vacation package worth Rs.9,250. Reply YES."
Scam,"You've qualified for a pre-approved loan of Rs.7,200. No documents required. http://secure-verify.co/537b1i"
Scam,"Your electricity meter shows irregular usage. Pay Rs.5,199 fine now to avoid disconnection: http://cutt.ly/02d716"
Scam,"Job offer: Earn Rs.5,950 per day doing simple online tasks. Registration fee required: http://short.link/a1hd0k"
Scam,Your SIM card will be deactivated in 24 hrs. Verify Aadhaar now at http://bit.ly/k1ebj3
Scam,"URGENT: Suspicious transaction of Rs.4,499 detected on your account. Verify or lose access: http://cutt.ly/9fc1fc"
Scam,"Your electricity board refund of Rs.3,300 is ready. Share your bank OTP to receive it."
Scam,"We tried to deliver your package but failed. Reschedule and pay Rs.5,199 fee here: http://bit.ly/b1hbka"
Scam,"Work from home and earn Rs.5,399 daily! No investment needed. Join now: http://rebrand.ly/c9a5h9"
Scam,"Your electricity meter shows irregular usage. Pay Rs.7,500 fine now to avoid disconnection: http://cutt.ly/965j2j"
Scam,FINAL NOTICE: Your ICICI Bank debit card will expire today. Update details: http://cutt.ly/9kb4d0
Scam,"Your Canara Bank rewards points worth Rs.2,699 are expiring today! Redeem now: http://short.link/fd716i"
Scam,"RBI Notice: Your bank account KYC is incomplete, leading to a freeze. Update now: http://account-alert.net/08ii2j"
Scam,"We tried to deliver your package but failed. Reschedule and pay Rs.8,600 fee here: http://cutt.ly/5d8gbd"
Scam,"You have an unclaimed inheritance of $1,000,000. Contact us urgently at http://rebrand.ly/192cj8"
Scam,"Act now! Limited slots for guaranteed Rs.9,000 monthly income working from home. http://tinyurl.com/b9iae0"
Scam,Your SIM card will be deactivated in 24 hrs. Verify Aadhaar now at http://secure-verify.co/4a3710
Scam,"Hello, this is HDFC Bank security team. Your card has been used for a Rs.899 purchase. Call back to cancel."
Scam,"Your electricity meter shows irregular usage. Pay Rs.2,200 fine now to avoid disconnection: http://account-alert.net/c0d6k6"
Scam,"Your number has been randomly selected to receive a free vacation package worth Rs.2,300. Reply YES."
Scam,"CONGRATULATIONS! Your mobile number won $50,000 in the international sweepstakes. Reply to claim."
Scam,"Dear user, we detected unusual activity on your Kotak Mahindra card. Verify now or it will be suspended: http://account-alert.net/c5637f"
Scam,"RBI Notice: Your bank account KYC is incomplete, leading to a freeze. Update now: http://cutt.ly/20jc72"
Scam,"URGENT: Suspicious transaction of Rs.7,400 detected on your account. Verify or lose access: http://cutt.ly/a76h93"
Scam,"Your Canara Bank rewards points worth Rs.2,499 are expiring today! Redeem now: http://bit.ly/6dc3cb"
Scam,URGENT: Your PNB account will be blocked. Verify your KYC immediately at http://bit.ly/j7f07g
Scam,"RBI Notice: Your bank account KYC is incomplete, leading to a freeze. Update now: http://tinyurl.com/8f1kf0"
Scam,"You are pre-selected for a Rs.1,799 personal loan at 0% interest. Apply now: http://bit.ly/b8df2e"
Scam,"Job offer: Earn Rs.3,499 per day doing simple online tasks. Registration fee required: http://tinyurl.com/h56kg7"
Scam,"Act now! Limited slots for guaranteed Rs.6,499 monthly income working from home. http://short.link/h8a315"
Scam,"Your Aadhaar card is linked to a fraudulent transaction of Rs.5,800. Verify identity: http://tinyurl.com/78hk39"
Scam,"Hello, this is PNB security team. Your card has been used for a Rs.6,899 purchase. Call back to cancel."
Scam,"You have been chosen for a cash reward of Rs.5,099. Claim before it expires: http://bit.ly/ea772e"
Scam,"Your Aadhaar card is linked to a fraudulent transaction of Rs.5,199. Verify identity: http://cutt.ly/104d49"
Scam,"Dear customer, your account has suspicious activity. Click http://tinyurl.com/hhj509 to secure it now."
Scam,Your electricity meter shows irregular usage. Pay Rs.699 fine now to avoid disconnection: http://account-alert.net/d4b015
Scam,Alert: Unauthorized login detected on your account. Reset password now: http://cutt.ly/cfii0f
Scam,Your netflix subscription payment failed. Update your card details immediately: http://tinyurl.com/jfda0h
Scam,"You've qualified for a pre-approved loan of Rs.4,000. No documents required. http://cutt.ly/3b9dac"
Scam,"We tried to deliver your package but failed. Reschedule and pay Rs.5,599 fee here: http://short.link/g0e1d8"
Scam,"URGENT: Suspicious transaction of Rs.1,699 detected on your account. Verify or lose access: http://tinyurl.com/i83819"
Scam,Your SIM card will be deactivated in 24 hrs. Verify Aadhaar now at http://cutt.ly/hj5896
Scam,Bank of India Alert: Your account is under review. Confirm your details within 2 hours: http://bit.ly/b713e6
Scam,FINAL NOTICE: Your IDBI Bank debit card will expire today. Update details: http://cutt.ly/gkjjc8
Scam,"Government tax refund of Rs.2,500 pending. Click http://bit.ly/d1gh6e to claim before deadline."
Scam,"You are the lucky winner of our lottery! Send your bank details to claim Rs.6,899."
Scam,You are the lucky winner of our lottery! Send your bank details to claim Rs.499.
Scam,"You have been chosen for a cash reward of Rs.3,050. Claim before it expires: http://cutt.ly/hd8949"
Scam,"Work from home and earn Rs.8,499 daily! No investment needed. Join now: http://bit.ly/03ka0k"
Scam,"You have an unclaimed inheritance of $1,000,000. Contact us urgently at http://cutt.ly/kb88j6"
Scam,"You have been chosen for a cash reward of Rs.1,499. Claim before it expires: http://cutt.ly/345bgf"
Scam,"You've qualified for a pre-approved loan of Rs.1,799. No documents required. http://cutt.ly/fi9688"
Scam,"Your electricity board refund of Rs.2,100 is ready. Share your bank OTP to receive it."
Scam,Your netflix subscription payment failed. Update your card details immediately: http://cutt.ly/hk20d8
Scam,"Congratulations! You have won Rs.3,550,000 in the lucky draw. Claim now at http://cutt.ly/hbgd2f"
Scam,"You've qualified for a pre-approved loan of Rs.1,850. No documents required. http://secure-verify.co/0baje5"
Scam,You've qualified for a pre-approved loan of Rs.700. No documents required. http://rebrand.ly/029h8j
Scam,You've been selected for a free iPhone! Claim your prize now: http://rebrand.ly/49a007
Scam,"We tried to deliver your package but failed. Reschedule and pay Rs.8,750 fee here: http://bit.ly/74f7ae"
Scam,"Work from home and earn Rs.5,550 daily! No investment needed. Join now: http://cutt.ly/2h7641"
Scam,"RBI Notice: Your bank account KYC is incomplete, leading to a freeze. Update now: http://rebrand.ly/fh23fc"
Scam,"Act now! Limited slots for guaranteed Rs.2,800 monthly income working from home. http://tinyurl.com/d62ik9"
Scam,"Work from home and earn Rs.1,499 daily! No investment needed. Join now: http://cutt.ly/i30f11"
Scam,Alert: Unauthorized login detected on your account. Reset password now: http://secure-verify.co/g9hcg4
Scam,"Congratulations! You have won Rs.7,100,000 in the lucky draw. Claim now at http://secure-verify.co/6i295d"
Scam,"Your OTP is 4904. Do not share with anyone. If you did not request this, click http://short.link/9b11i3"
Scam,"We tried to deliver your package but failed. Reschedule and pay Rs.2,350 fee here: http://short.link/153eab"
Scam,FINAL NOTICE: Your PNB debit card will expire today. Update details: http://tinyurl.com/4kda69
Scam,"Dear user, we detected unusual activity on your Chase card. Verify now or it will be suspended: http://rebrand.ly/hff882"
Scam,"Hello, this is Chase security team. Your card has been used for a Rs.5,099 purchase. Call back to cancel."
Scam,"You have received a WhatsApp gift voucher worth Rs.5,099. Redeem before it expires: http://short.link/c3h0k7"
Scam,Warning: Your income tax filing has an error resulting in Rs.250 penalty. Pay immediately: http://short.link/06g6ef
Scam,"You have been chosen for a cash reward of Rs.6,950. Claim before it expires: http://rebrand.ly/815942"
Scam,"Work from home and earn Rs.5,400 daily! No investment needed. Join now: http://rebrand.ly/fj17eh"
Scam,Alert: Unauthorized login detected on your account. Reset password now: http://secure-verify.co/ggijb7
Scam,"Your OTP is 8789. Do not share with anyone. If you did not request this, click http://bit.ly/j39b1a"
Scam,"Dear customer, your account has suspicious activity. Click http://account-alert.net/989cc5 to secure it now."
Scam,"Your USPS package with tracking ref BWHVLXYWER is stuck at customs. Pay Rs.2,700 to release: http://secure-verify.co/3j7b9g"
Scam,"Your OTP is 7534. Do not share with anyone. If you did not request this, click http://tinyurl.com/g2fi38"
Scam,Your electricity connection will be disconnected tonight due to unpaid bill. Pay now: http://cutt.ly/a69jk5
Scam,"Hello, this is HSBC security team. Your card has been used for a Rs.5,499 purchase. Call back to cancel."
Scam,FINAL NOTICE: Your Bank of America debit card will expire today. Update details: http://rebrand.ly/0gc74j
Scam,FINAL NOTICE: Your Canara Bank debit card will expire today. Update details: http://short.link/eckk5h
Scam,"Your parcel is on hold due to unpaid customs fee of Rs.6,900. Pay now: http://short.link/bbi0dj"
Scam,"We tried to deliver your package but failed. Reschedule and pay Rs.4,150 fee here: http://bit.ly/21969c"
Scam,Your SIM card will be deactivated in 24 hrs. Verify Aadhaar now at http://secure-verify.co/5b0f27
Scam,Your netflix subscription payment failed. Update your card details immediately: http://bit.ly/20d85j
Scam,"Your OTP is 8561. Do not share with anyone. If you did not request this, click http://bit.ly/i8556i"
Scam,"Dear customer, your account has suspicious activity. Click http://bit.ly/9532k3 to secure it now."
Scam,"RBI Notice: Your bank account KYC is incomplete, leading to a freeze. Update now: http://secure-verify.co/bihh7b"
Scam,"Your Aadhaar card is linked to a fraudulent transaction of Rs.1,399. Verify identity: http://cutt.ly/2aif3b"
Scam,"Warning: Your income tax filing has an error resulting in Rs.4,599 penalty. Pay immediately: http://tinyurl.com/ijhjfa"
Scam,"Your electricity board refund of Rs.2,300 is ready. Share your bank OTP to receive it."
Scam,Alert: Unauthorized login detected on your account. Reset password now: http://bit.ly/gi6j4k
Scam,"Dear user, we detected unusual activity on your HSBC card. Verify now or it will be suspended: http://short.link/kkec91"
Scam,URGENT: Your ICICI Bank account will be blocked. Verify your KYC immediately at http://rebrand.ly/jd4707
Scam,"Hello, this is Canara Bank security team. Your card has been used for a Rs.5,200 purchase. Call back to cancel."
Scam,"Your parcel is on hold due to unpaid customs fee of Rs.7,500. Pay now: http://rebrand.ly/6j690e"
Scam,URGENT: Your ICICI Bank account will be blocked. Verify your KYC immediately at http://short.link/9dec9g
Scam,"Your number has been randomly selected to receive a free vacation package worth Rs.2,400. Reply YES."
Scam,"Hello, this is Canara Bank security team. Your card has been used for a Rs.5,899 purchase. Call back to cancel."
Scam,Your electricity meter shows irregular usage. Pay Rs.299 fine now to avoid disconnection: http://cutt.ly/37ed53
Scam,FINAL NOTICE: Your PNB debit card will expire today. Update details: http://tinyurl.com/8k9b29
Scam,"Your Aadhaar card is linked to a fraudulent transaction of Rs.4,499. Verify identity: http://short.link/f7kf2e"
Scam,"You are pre-selected for a Rs.1,200 personal loan at 0% interest. Apply now: http://secure-verify.co/666bda"
Scam,"Government tax refund of Rs.7,150 pending. Click http://tinyurl.com/5a4h9g to claim before deadline."
Scam,"Your electricity meter shows irregular usage. Pay Rs.9,350 fine now to avoid disconnection: http://short.link/fgki33"
Scam,"Government tax refund of Rs.7,799 pending. Click http://account-alert.net/2a2k8j to claim before deadline."
Scam,"You are pre-selected for a Rs.8,700 personal loan at 0% interest. Apply now: http://secure-verify.co/7c213g"
Scam,Your SIM card will be deactivated in 24 hrs. Verify Aadhaar now at http://bit.ly/kf1100
Scam,Your netflix subscription payment failed. Update your card details immediately: http://cutt.ly/cg3ehj
Scam,"Warning: Your income tax filing has an error resulting in Rs.2,499 penalty. Pay immediately: http://secure-verify.co/ecg44d"
Scam,You've been selected for a free iPhone! Claim your prize now: http://tinyurl.com/k6efe7
Scam,"Warning: Your income tax filing has an error resulting in Rs.2,950 penalty. Pay immediately: http://account-alert.net/ia6k8b"
Scam,URGENT: Your PNB account will be blocked. Verify your KYC immediately at http://bit.ly/1e6f25
Scam,Your credit score has dropped. Click http://tinyurl.com/k6a553 to fix it instantly and unlock a free loan offer.
Scam,"Your DHL package with tracking ref Q2WG8GCQAR is stuck at customs. Pay Rs.8,899 to release: http://secure-verify.co/cckh90"
Scam,"Your FedEx package with tracking ref JK28644QCI is stuck at customs. Pay Rs.5,100 to release: http://short.link/63fa8c"
Scam,URGENT: Your Wells Fargo account will be blocked. Verify your KYC immediately at http://secure-verify.co/fgkcic
Scam,Your netflix subscription payment failed. Update your card details immediately: http://account-alert.net/c5ja6c
Scam,"Work from home and earn Rs.8,999 daily! No investment needed. Join now: http://bit.ly/2h4eg9"
Scam,"You are the lucky winner of our lottery! Send your bank details to claim Rs.2,099."
Scam,"Dear customer, your account has suspicious activity. Click http://account-alert.net/djk600 to secure it now."
Scam,"RBI Notice: Your bank account KYC is incomplete, leading to a freeze. Update now: http://bit.ly/ai5648"
Scam,"Your Axis Bank rewards points worth Rs.6,550 are expiring today! Redeem now: http://rebrand.ly/820ejk"
Scam,Your credit score has dropped. Click http://rebrand.ly/jdbk7h to fix it instantly and unlock a free loan offer.
Scam,"You have an unclaimed inheritance of $1,000,000. Contact us urgently at http://secure-verify.co/e37dek"
Scam,Your netflix subscription payment failed. Update your card details immediately: http://cutt.ly/ii4fhk
Scam,"Your DHL package with tracking ref CZ4M4M4LTW is stuck at customs. Pay Rs.8,700 to release: http://rebrand.ly/i69037"
Scam,"Job offer: Earn Rs.6,599 per day doing simple online tasks. Registration fee required: http://account-alert.net/5c05c7"
Scam,"Work from home and earn Rs.2,599 daily! No investment needed. Join now: http://account-alert.net/k44987"
Scam,You have been chosen for a cash reward of Rs.850. Claim before it expires: http://short.link/ij288g
Scam,Bank of India Alert: Your account is under review. Confirm your details within 2 hours: http://cutt.ly/d46j3b
Scam,"Your OTP is 6431. Do not share with anyone. If you did not request this, click http://cutt.ly/gj1heb"
Scam,"Dear customer, your account has suspicious activity. Click http://cutt.ly/595hb6 to secure it now."
Scam,"Government tax refund of Rs.4,599 pending. Click http://tinyurl.com/bc1a86 to claim before deadline."
Scam,"You've qualified for a pre-approved loan of Rs.1,900. No documents required. http://account-alert.net/b1i654"
Scam,"Act now! Limited slots for guaranteed Rs.5,899 monthly income working from home. http://account-alert.net/f6g9de"
Scam,Your Canara Bank net banking has been locked. Click http://short.link/41cjbd immediately to unlock your account.
Scam,Your SIM card will be deactivated in 24 hrs. Verify Aadhaar now at http://rebrand.ly/e7g02f
Scam,"You are pre-selected for a Rs.7,399 personal loan at 0% interest. Apply now: http://rebrand.ly/a8k08i"
Scam,URGENT: Your Axis Bank account will be blocked. Verify your KYC immediately at http://secure-verify.co/817h7j
Scam,Bank of India Alert: Your account is under review. Confirm your details within 2 hours: http://cutt.ly/fccaic
Scam,"Your Aadhaar card is linked to a fraudulent transaction of Rs.2,299. Verify identity: http://bit.ly/9a731c"
Scam,Your electricity board refund of Rs.700 is ready. Share your bank OTP to receive it.
Scam,"You have an unclaimed inheritance of $1,000,000. Contact us urgently at http://cutt.ly/ih2k61"
Scam,Your credit score has dropped. Click http://bit.ly/9j6fhc to fix it instantly and unlock a free loan offer.
Scam,"URGENT: Suspicious transaction of Rs.2,899 detected on your account. Verify or lose access: http://bit.ly/b9daij"
Scam,"Job offer: Earn Rs.7,750 per day doing simple online tasks. Registration fee required: http://bit.ly/id65cg"
Scam,"Job offer: Earn Rs.8,299 per day doing simple online tasks. Registration fee required: http://tinyurl.com/hkchkb"
Scam,"You have been chosen for a cash reward of Rs.8,700. Claim before it expires: http://tinyurl.com/k10152"
Scam,"You are the lucky winner of our lottery! Send your bank details to claim Rs.5,799."
Scam,Alert: Unauthorized login detected on your account. Reset password now: http://account-alert.net/9d69bh
Scam,Alert: Unauthorized login detected on your account. Reset password now: http://short.link/i6e82i
Scam,"Your OTP is 6492. Do not share with anyone. If you did not request this, click http://account-alert.net/b2kfe2"
Scam,"Your number has been randomly selected to receive a free vacation package worth Rs.7,000. Reply YES."
Scam,"Your number has been randomly selected to receive a free vacation package worth Rs.6,750. Reply YES."
Scam,"Your parcel is on hold due to unpaid customs fee of Rs.4,750. Pay now: http://tinyurl.com/f66b62"
Scam,"You have received a WhatsApp gift voucher worth Rs.6,100. Redeem before it expires: http://bit.ly/0e95ab"
Scam,"You are the lucky winner of our lottery! Send your bank details to claim Rs.4,300."
Scam,Your credit score has dropped. Click http://short.link/kdhfb3 to fix it instantly and unlock a free loan offer.
Scam,"You have been chosen for a cash reward of Rs.3,099. Claim before it expires: http://cutt.ly/f9ae3j"
Scam,"Your electricity board refund of Rs.7,600 is ready. Share your bank OTP to receive it."
Scam,"Act now! Limited slots for guaranteed Rs.5,900 monthly income working from home. http://short.link/762i1k"
Scam,"Work from home and earn Rs.4,099 daily! No investment needed. Join now: http://rebrand.ly/d0f94j"
Scam,"Your USPS package with tracking ref 22Y73ODX4M is stuck at customs. Pay Rs.7,650 to release: http://rebrand.ly/ek944i"
Scam,"You are pre-selected for a Rs.1,199 personal loan at 0% interest. Apply now: http://cutt.ly/edaa4c"
Scam,"RBI Notice: Your bank account KYC is incomplete, leading to a freeze. Update now: http://bit.ly/jhihhj"
Scam,Your netflix subscription payment failed. Update your card details immediately: http://bit.ly/05je81
Scam,"Your electricity board refund of Rs.5,750 is ready. Share your bank OTP to receive it."
Scam,"Your Aadhaar card is linked to a fraudulent transaction of Rs.1,400. Verify identity: http://bit.ly/gc5593"
Scam,"You have an unclaimed inheritance of $1,000,000. Contact us urgently at http://secure-verify.co/b305a3"
Scam,Your SIM card will be deactivated in 24 hrs. Verify Aadhaar now at http://tinyurl.com/36i2ff
Scam,"Work from home and earn Rs.6,250 daily! No investment needed. Join now: http://secure-verify.co/h6kb83"
Scam,"Dear customer, your account has suspicious activity. Click http://account-alert.net/6k9i8g to secure it now."
Scam,Your SIM card will be deactivated in 24 hrs. Verify Aadhaar now at http://account-alert.net/hd9678
Scam,"You've qualified for a pre-approved loan of Rs.8,450. No documents required. http://bit.ly/d0dai7"
Scam,"Your OTP is 2038. Do not share with anyone. If you did not request this, click http://secure-verify.co/6eabbe"
Scam,Alert: Unauthorized login detected on your account. Reset password now: http://secure-verify.co/b7954g
Scam,"Dear customer, your account has suspicious activity. Click http://account-alert.net/ek09ag to secure it now."
Scam,"Your OTP is 6908. Do not share with anyone. If you did not request this, click http://account-alert.net/7b1509"
Scam,"Your parcel is on hold due to unpaid customs fee of Rs.9,050. Pay now: http://rebrand.ly/229jfh"
Scam,"Congratulations! You have won Rs.6,399,000 in the lucky draw. Claim now at http://bit.ly/98jigd"
Scam,"Warning: Your income tax filing has an error resulting in Rs.8,099 penalty. Pay immediately: http://secure-verify.co/40eid8"
Scam,Bank of India Alert: Your account is under review. Confirm your details within 2 hours: http://cutt.ly/33a2gf
Scam,"Your number has been randomly selected to receive a free vacation package worth Rs.6,100. Reply YES."
Scam,Your SIM card will be deactivated in 24 hrs. Verify Aadhaar now at http://short.link/9605ik
Scam,"You have been chosen for a cash reward of Rs.5,450. Claim before it expires: http://tinyurl.com/51i0j3"
Scam,"Your OTP is 1123. Do not share with anyone. If you did not request this, click http://account-alert.net/7af27f"
Scam,"RBI Notice: Your bank account KYC is incomplete, leading to a freeze. Update now: http://secure-verify.co/9d5ieh"
Scam,You've been selected for a free iPhone! Claim your prize now: http://cutt.ly/5542b3
Scam,Bank of India Alert: Your account is under review. Confirm your details within 2 hours: http://tinyurl.com/0e8hjg
Scam,"Congratulations! You have won Rs.6,699,000 in the lucky draw. Claim now at http://secure-verify.co/4g334f"
Scam,"Job offer: Earn Rs.7,999 per day doing simple online tasks. Registration fee required: http://cutt.ly/7116ej"
Scam,"You have been chosen for a cash reward of Rs.5,950. Claim before it expires: http://short.link/gh6774"
Scam,"Congratulations! You have won Rs.1,700,000 in the lucky draw. Claim now at http://secure-verify.co/1j5ic9"
Scam,"Dear customer, your account has suspicious activity. Click http://short.link/1jg5j3 to secure it now."
Scam,Your SIM card will be deactivated in 24 hrs. Verify Aadhaar now at http://cutt.ly/9a7a69
Scam,FINAL NOTICE: Your Canara Bank debit card will expire today. Update details: http://short.link/6hb22j
Scam,"Job offer: Earn Rs.8,600 per day doing simple online tasks. Registration fee required: http://cutt.ly/h4f015"
Scam,"You have an unclaimed inheritance of $1,000,000. Contact us urgently at http://bit.ly/0dki32"
Scam,"Government tax refund of Rs.1,399 pending. Click http://short.link/h619fh to claim before deadline."
Scam,"Dear user, we detected unusual activity on your Chase card. Verify now or it will be suspended: http://bit.ly/b7hgd5"
Scam,Your SIM card will be deactivated in 24 hrs. Verify Aadhaar now at http://tinyurl.com/29f2hf
Scam,"Your OTP is 4259. Do not share with anyone. If you did not request this, click http://tinyurl.com/0eafh8"
Scam,Your Kotak Mahindra net banking has been locked. Click http://cutt.ly/876e03 immediately to unlock your account.
Scam,Your credit score has dropped. Click http://bit.ly/0d7313 to fix it instantly and unlock a free loan offer.
Scam,"Your number has been randomly selected to receive a free vacation package worth Rs.9,150. Reply YES."
Scam,Your electricity connection will be disconnected tonight due to unpaid bill. Pay now: http://cutt.ly/j2h9ek
Scam,"Hello, this is IDBI Bank security team. Your card has been used for a Rs.7,100 purchase. Call back to cancel."
Scam,FINAL NOTICE: Your HSBC debit card will expire today. Update details: http://rebrand.ly/9k1f2a
Scam,Your Citibank net banking has been locked. Click http://rebrand.ly/j8ak68 immediately to unlock your account.
Scam,"You are the lucky winner of our lottery! Send your bank details to claim Rs.7,699."
Scam,Your netflix subscription payment failed. Update your card details immediately: http://cutt.ly/3c8137
Scam,"We tried to deliver your package but failed. Reschedule and pay Rs.1,399 fee here: http://account-alert.net/5b3011"
Scam,"You have received a WhatsApp gift voucher worth Rs.8,099. Redeem before it expires: http://bit.ly/iejgh6"
Scam,"RBI Notice: Your bank account KYC is incomplete, leading to a freeze. Update now: http://account-alert.net/bk24aa"
Scam,Work from home and earn Rs.650 daily! No investment needed. Join now: http://bit.ly/05576f
Scam,"We tried to deliver your package but failed. Reschedule and pay Rs.6,400 fee here: http://short.link/53a783"
Scam,Your ICICI Bank net banking has been locked. Click http://account-alert.net/8kbhg8 immediately to unlock your account.
Scam,Your PNB net banking has been locked. Click http://secure-verify.co/5gfa59 immediately to unlock your account.
Scam,"You have an unclaimed inheritance of $1,000,000. Contact us urgently at http://short.link/cbib8g"
Scam,Alert: Unauthorized login detected on your account. Reset password now: http://account-alert.net/8edkdk
Scam,Your SBI net banking has been locked. Click http://tinyurl.com/d215c0 immediately to unlock your account.
Scam,Your SIM card will be deactivated in 24 hrs. Verify Aadhaar now at http://account-alert.net/k0f0d6
Scam,Your SIM card will be deactivated in 24 hrs. Verify Aadhaar now at http://short.link/7a6hd5
Scam,"Your Bluedart package with tracking ref 67TZB0Q1XK is stuck at customs. Pay Rs.5,699 to release: http://short.link/dh0873"
Scam,"Your electricity board refund of Rs.1,600 is ready. Share your bank OTP to receive it."
Scam,URGENT: Your HDFC Bank account will be blocked. Verify your KYC immediately at http://cutt.ly/9kg35i
Scam,"Your OTP is 4885. Do not share with anyone. If you did not request this, click http://short.link/jab4cf"
Scam,"Government tax refund of Rs.8,600 pending. Click http://bit.ly/i2bfkd to claim before deadline."
Scam,We tried to deliver your package but failed. Reschedule and pay Rs.700 fee here: http://rebrand.ly/9fd7i7
Scam,"You have an unclaimed inheritance of $1,000,000. Contact us urgently at http://short.link/ej9ea4"
Scam,"You are the lucky winner of our lottery! Send your bank details to claim Rs.4,250."
Scam,"Congratulations! You have won Rs.8,700,000 in the lucky draw. Claim now at http://cutt.ly/j5fg6i"
Scam,"Your number has been randomly selected to receive a free vacation package worth Rs.4,100. Reply YES."
Scam,"Your HSBC rewards points worth Rs.7,899 are expiring today! Redeem now: http://tinyurl.com/ck7dfk"
Scam,"Act now! Limited slots for guaranteed Rs.7,900 monthly income working from home. http://tinyurl.com/bk542f"
Scam,Your credit score has dropped. Click http://short.link/k3dhjb to fix it instantly and unlock a free loan offer.
Scam,"You have been chosen for a cash reward of Rs.2,750. Claim before it expires: http://tinyurl.com/7ji3a3"
Scam,"Government tax refund of Rs.6,150 pending. Click http://cutt.ly/91ck0g to claim before deadline."
Scam,"We tried to deliver your package but failed. Reschedule and pay Rs.8,899 fee here: http://bit.ly/jb5d19"
Scam,"Hello, this is SBI security team. Your card has been used for a Rs.1,299 purchase. Call back to cancel."
Scam,"URGENT: Suspicious transaction of Rs.4,200 detected on your account. Verify or lose access: http://bit.ly/3a694h"
Scam,"Your electricity meter shows irregular usage. Pay Rs.8,600 fine now to avoid disconnection: http://short.link/ig5b28"
Scam,FINAL NOTICE: Your Bank of America debit card will expire today. Update details: http://bit.ly/c2i96h
Scam,Your credit score has dropped. Click http://bit.ly/5603hj to fix it instantly and unlock a free loan offer.
Scam,Your netflix subscription payment failed. Update your card details immediately: http://bit.ly/0a8a1i
Scam,"Dear user, we detected unusual activity on your Canara Bank card. Verify now or it will be suspended: http://bit.ly/3gkgd3"
Scam,FINAL NOTICE: Your HDFC Bank debit card will expire today. Update details: http://tinyurl.com/d69kc2
Scam,"Warning: Your income tax filing has an error resulting in Rs.2,499 penalty. Pay immediately: http://short.link/76he56"
Scam,"Your Aadhaar card is linked to a fraudulent transaction of Rs.8,950. Verify identity: http://secure-verify.co/jc24kh"
Scam,URGENT: Your Wells Fargo account will be blocked. Verify your KYC immediately at http://rebrand.ly/3f9i11
Scam,Your Kotak Mahindra net banking has been locked. Click http://account-alert.net/0ccahj immediately to unlock your account.
Scam,Your netflix subscription payment failed. Update your card details immediately: http://account-alert.net/hjda35
Scam,"Work from home and earn Rs.8,250 daily! No investment needed. Join now: http://cutt.ly/7fgi3d"
Scam,"Your OTP is 6640. Do not share with anyone. If you did not request this, click http://short.link/g3fk39"
Scam,"Dear user, we detected unusual activity on your PNB card. Verify now or it will be suspended: http://bit.ly/i00dcj"
