text,label
Bajaj Finserv EMI payment | Ref:36cf9299 | Amount: INR 1145.88,EMI
MakeMyTrip hotel booking | Ref:cff702a0 | Amount: INR 42188.64,Travel
SBI car loan EMI | Ref:2c6c81ca | Amount: INR 16386.55,EMI
Restaurant dining at | Ref:e0cd9bf9 | Amount: INR 18671.13,Food
HDFC home loan EMI | Ref:fb9ee999 | Amount: INR 48482.18,EMI
McDonald's meal payment | Ref:03dbd244 | Amount: INR 24155.26,Food
Grocery purchase at Big Bazaar | Ref:8e957224 | Amount: INR 43105.34,Food
IndiGo flight ticket | Ref:f4b3a995 | Amount: INR 40415.77,Travel
PPF contribution | Ref:00f5d2eb | Amount: INR 21275.05,Investment
SBI car loan EMI | Ref:50913319 | Amount: INR 2849.7,EMI
Zomato dinner bill | Ref:dbbdfacb | Amount: INR 26845.83,Food
Zomato dinner bill | Ref:cc8aa0d0 | Amount: INR 30521.74,Food
Grocery purchase at Big Bazaar | Ref:14defe2d | Amount: INR 32883.01,Food
HDFC home loan EMI | Ref:1ccc6e01 | Amount: INR 392.09,EMI
Uber ride payment | Ref:7127f90c | Amount: INR 28069.89,Travel
Swiggy order payment | Ref:3ace629e | Amount: INR 33359.73,Food
Flipkart electronics purchase | Ref:54ffa906 | Amount: INR 37404.79,Shopping
Restaurant dining at | Ref:a7874c2d | Amount: INR 48255.79,Food
Grocery purchase at Big Bazaar | Ref:1d841ee8 | Amount: INR 34018.31,Food
Reliance Digital purchase | Ref:e7836c9b | Amount: INR 32932.33,Shopping
IKEA furniture shopping | Ref:567f76a7 | Amount: INR 22033.15,Shopping
Myntra clothing order | Ref:7358f96e | Amount: INR 37778.67,Shopping
Dominos pizza order | Ref:93d2f3ac | Amount: INR 34412.48,Food
Dominos pizza order | Ref:f2a849a0 | Amount: INR 39555.59,Food
Credit card EMI installment | Ref:c240c3f8 | Amount: INR 10920.52,EMI
Flipkart electronics purchase | Ref:2352c534 | Amount: INR 40082.3,Shopping
Groww ETF investment | Ref:3f8d5ab4 | Amount: INR 27082.13,Investment
Groww ETF investment | Ref:ecae94f6 | Amount: INR 49727.52,Investment
Flipkart electronics purchase | Ref:5ac6253e | Amount: INR 37872.44,Shopping
Fixed deposit investment | Ref:00730294 | Amount: INR 30801.11,Investment
SIP investment in mutual fund | Ref:4058faa1 | Amount: INR 39840.52,Investment
Zerodha stock purchase | Ref:1d5fa6d8 | Amount: INR 5233.09,Investment
Amazon online shopping | Ref:2581fc87 | Amount: INR 33409.77,Shopping
Personal loan EMI deduction | Ref:4dc0da86 | Amount: INR 24834.66,EMI
Groww ETF investment | Ref:afe8d695 | Amount: INR 10997.82,Investment
Fixed deposit investment | Ref:ec4984c1 | Amount: INR 25197.86,Investment
Groww ETF investment | Ref:e4b8e0d6 | Amount: INR 21849.05,Investment
MakeMyTrip hotel booking | Ref:6eedac73 | Amount: INR 2861.96,Travel
Ola cab fare | Ref:857a3ef6 | Amount: INR 10486.41,Travel
HDFC home loan EMI | Ref:a0fcb562 | Amount: INR 8546.55,EMI
PPF contribution | Ref:be91c462 | Amount: INR 23052.2,Investment
Grocery purchase at Big Bazaar | Ref:fdfbc6f1 | Amount: INR 1790.77,Food
PPF contribution | Ref:34cf3904 | Amount: INR 5377.33,Investment
Zerodha stock purchase | Ref:081f2e6e | Amount: INR 7306.34,Investment
Groww ETF investment | Ref:9e9cfe58 | Amount: INR 39364.8,Investment
IndiGo flight ticket | Ref:209a0167 | Amount: INR 2167.62,Travel
Flipkart electronics purchase | Ref:c320e153 | Amount: INR 6644.36,Shopping
IKEA furniture shopping | Ref:eb730e59 | Amount: INR 40324.26,Shopping
HDFC home loan EMI | Ref:94280544 | Amount: INR 3720.85,EMI
Dominos pizza order | Ref:1f5e7f39 | Amount: INR 41195.76,Food
Reliance Digital purchase | Ref:f77997ac | Amount: INR 11917.89,Shopping
McDonald's meal payment | Ref:ac429f7b | Amount: INR 31383.89,Food
Zerodha stock purchase | Ref:adcc6688 | Amount: INR 39317.39,Investment
Amazon online shopping | Ref:f4e47338 | Amount: INR 14976.26,Shopping
Restaurant dining at | Ref:665f12b6 | Amount: INR 13744.49,Food
Swiggy order payment | Ref:3e16fb92 | Amount: INR 11778.26,Food
IKEA furniture shopping | Ref:d3201af6 | Amount: INR 10026.73,Shopping
Zomato dinner bill | Ref:85ce5253 | Amount: INR 18979.71,Food
Fixed deposit investment | Ref:3ab27186 | Amount: INR 31630.39,Investment
Restaurant dining at | Ref:a674a85b | Amount: INR 46544.75,Food
IRCTC train ticket booking | Ref:3201c61f | Amount: INR 20358.54,Travel
Reliance Digital purchase | Ref:c1256226 | Amount: INR 5856.19,Shopping
Petrol pump fuel payment | Ref:a9433719 | Amount: INR 7594.98,Travel
HDFC home loan EMI | Ref:a8474ed7 | Amount: INR 18790.86,EMI
IKEA furniture shopping | Ref:eae32f11 | Amount: INR 31895.03,Shopping
Uber ride payment | Ref:af46ba33 | Amount: INR 42248.68,Travel
Ola cab fare | Ref:109da11b | Amount: INR 39529.13,Travel
Dominos pizza order | Ref:a5543e28 | Amount: INR 10043.14,Food
IRCTC train ticket booking | Ref:d9f5a359 | Amount: INR 20624.28,Travel
RedBus bus ticket | Ref:5291c347 | Amount: INR 38506.96,Travel
Uber ride payment | Ref:b0dcd24d | Amount: INR 34884.22,Travel
SBI car loan EMI | Ref:dc0b0b98 | Amount: INR 25579.41,EMI
IKEA furniture shopping | Ref:4da6d6ed | Amount: INR 44416.91,Shopping
SIP investment in mutual fund | Ref:b661cd8f | Amount: INR 34821.32,Investment
RedBus bus ticket | Ref:cad96869 | Amount: INR 5153.67,Travel
Flipkart electronics purchase | Ref:3f615d6a | Amount: INR 8859.43,Shopping
Petrol pump fuel payment | Ref:32ea52a6 | Amount: INR 47112.49,Travel
Dominos pizza order | Ref:3afead72 | Amount: INR 1654.35,Food
RedBus bus ticket | Ref:f97bf560 | Amount: INR 16729.9,Travel
Zomato dinner bill | Ref:b0f9685e | Amount: INR 4630.61,Food
Groww ETF investment | Ref:c1dba76f | Amount: INR 9466.83,Investment
Myntra clothing order | Ref:f4901f71 | Amount: INR 14464.14,Shopping
MakeMyTrip hotel booking | Ref:bccd611a | Amount: INR 42815.14,Travel
HDFC home loan EMI | Ref:168cb78c | Amount: INR 3732.87,EMI
SBI car loan EMI | Ref:8e5e2a2c | Amount: INR 2943.36,EMI
SBI car loan EMI | Ref:a906265d | Amount: INR 28767.25,EMI
SBI car loan EMI | Ref:33e43777 | Amount: INR 4841.0,EMI
Cafe coffee purchase at | Ref:b3fe8773 | Amount: INR 42802.34,Food
Grocery purchase at Big Bazaar | Ref:88a9189e | Amount: INR 3953.28,Food
Reliance Digital purchase | Ref:b949f2e5 | Amount: INR 46457.11,Shopping
Groww ETF investment | Ref:782ea9dc | Amount: INR 3847.64,Investment
Fixed deposit investment | Ref:59b44082 | Amount: INR 41568.2,Investment
Credit card EMI installment | Ref:6a05a26f | Amount: INR 23510.23,EMI
Fixed deposit investment | Ref:4049c25a | Amount: INR 23826.45,Investment
Fixed deposit investment | Ref:88a769ec | Amount: INR 35851.72,Investment
MakeMyTrip hotel booking | Ref:c7fdda64 | Amount: INR 14493.15,Travel
Ola cab fare | Ref:75b2f5c9 | Amount: INR 15024.0,Travel
SIP investment in mutual fund | Ref:fbb4f897 | Amount: INR 28134.75,Investment
Bajaj Finserv EMI payment | Ref:d88bae29 | Amount: INR 32031.26,EMI
Amazon online shopping | Ref:be5b69a6 | Amount: INR 9247.55,Shopping
Credit card EMI installment | Ref:2cfd7c7f | Amount: INR 32937.32,EMI
Myntra clothing order | Ref:0c2d498f | Amount: INR 11671.99,Shopping
Groww ETF investment | Ref:e1c2c046 | Amount: INR 10863.09,Investment
Petrol pump fuel payment | Ref:922c5e9a | Amount: INR 10582.39,Travel
IKEA furniture shopping | Ref:c1619bb0 | Amount: INR 44977.59,Shopping
PPF contribution | Ref:c119293c | Amount: INR 4426.74,Investment
SBI car loan EMI | Ref:8119f937 | Amount: INR 22224.7,EMI
Groww ETF investment | Ref:4eb7aac3 | Amount: INR 9115.38,Investment
IKEA furniture shopping | Ref:d2a2d5a3 | Amount: INR 49021.13,Shopping
McDonald's meal payment | Ref:063269f5 | Amount: INR 6546.15,Food
RedBus bus ticket | Ref:496e6f6b | Amount: INR 5691.66,Travel
Restaurant dining at | Ref:88e33ea1 | Amount: INR 7174.65,Food
IKEA furniture shopping | Ref:43f945e4 | Amount: INR 12189.21,Shopping
Zomato dinner bill | Ref:3d0234ad | Amount: INR 8199.63,Food
Uber ride payment | Ref:84f120bc | Amount: INR 22988.3,Travel
Grocery purchase at Big Bazaar | Ref:f9cfded2 | Amount: INR 16978.23,Food
Groww ETF investment | Ref:d2bcfa9a | Amount: INR 13929.67,Investment
Zerodha stock purchase | Ref:50bd54cd | Amount: INR 41582.01,Investment
SIP investment in mutual fund | Ref:6c1e19d2 | Amount: INR 17397.86,Investment
Flipkart electronics purchase | Ref:95f52aac | Amount: INR 6058.08,Shopping
Bajaj Finserv EMI payment | Ref:74e0cfd2 | Amount: INR 32627.74,EMI
Bajaj Finserv EMI payment | Ref:ce7b7cb4 | Amount: INR 543.32,EMI
MakeMyTrip hotel booking | Ref:4e22a19c | Amount: INR 12880.06,Travel
Dominos pizza order | Ref:cdc1180d | Amount: INR 14977.09,Food
Bajaj Finserv EMI payment | Ref:bdbcc25a | Amount: INR 43318.32,EMI
Amazon online shopping | Ref:b793a9a5 | Amount: INR 12333.1,Shopping
PPF contribution | Ref:f0750adf | Amount: INR 21746.93,Investment
Grocery purchase at Big Bazaar | Ref:a84e77ec | Amount: INR 48872.71,Food
Restaurant dining at | Ref:4d8e408b | Amount: INR 31349.82,Food
Petrol pump fuel payment | Ref:75c43573 | Amount: INR 11220.08,Travel
Fixed deposit investment | Ref:0fd232bd | Amount: INR 25880.29,Investment
PPF contribution | Ref:71cb0024 | Amount: INR 4143.26,Investment
McDonald's meal payment | Ref:2b1a7571 | Amount: INR 25092.96,Food
Cafe coffee purchase at | Ref:7f01345e | Amount: INR 33701.78,Food
PPF contribution | Ref:a0ba67d4 | Amount: INR 2176.45,Investment
SBI car loan EMI | Ref:c241b538 | Amount: INR 22016.15,EMI
Amazon online shopping | Ref:009bdede | Amount: INR 34516.34,Shopping
Uber ride payment | Ref:e823fee4 | Amount: INR 23575.96,Travel
IKEA furniture shopping | Ref:28bb77b4 | Amount: INR 7126.29,Shopping
Bajaj Finserv EMI payment | Ref:07545ae4 | Amount: INR 43459.32,EMI
Flipkart electronics purchase | Ref:69db1609 | Amount: INR 1085.7,Shopping
PPF contribution | Ref:f5ccf035 | Amount: INR 31436.42,Investment
Reliance Digital purchase | Ref:31efef83 | Amount: INR 9243.19,Shopping
IndiGo flight ticket | Ref:236aaa02 | Amount: INR 10608.96,Travel
Restaurant dining at | Ref:6622627c | Amount: INR 46375.66,Food
Amazon online shopping | Ref:33fe99a7 | Amount: INR 33703.13,Shopping
RedBus bus ticket | Ref:cf949896 | Amount: INR 13186.55,Travel
Restaurant dining at | Ref:16b84e02 | Amount: INR 37731.34,Food
Ola cab fare | Ref:fffb8d87 | Amount: INR 47305.31,Travel
SIP investment in mutual fund | Ref:f17282fc | Amount: INR 12332.88,Investment
Fixed deposit investment | Ref:28d06787 | Amount: INR 16038.17,Investment
Personal loan EMI deduction | Ref:837c4975 | Amount: INR 37969.0,EMI
Personal loan EMI deduction | Ref:9b64fc3a | Amount: INR 26697.23,EMI
Personal loan EMI deduction | Ref:58ae8d22 | Amount: INR 32144.78,EMI
SBI car loan EMI | Ref:67d5616b | Amount: INR 37445.83,EMI
MakeMyTrip hotel booking | Ref:996df29d | Amount: INR 25469.46,Travel
Reliance Digital purchase | Ref:7789ce47 | Amount: INR 34831.75,Shopping
Bajaj Finserv EMI payment | Ref:e57cf96b | Amount: INR 19693.85,EMI
Uber ride payment | Ref:be24581d | Amount: INR 14715.93,Travel
IndiGo flight ticket | Ref:6c1095a7 | Amount: INR 31313.2,Travel
Flipkart electronics purchase | Ref:3b585024 | Amount: INR 30616.82,Shopping
SIP investment in mutual fund | Ref:c8810cf2 | Amount: INR 16692.42,Investment
Reliance Digital purchase | Ref:4006c2d4 | Amount: INR 4642.68,Shopping
Myntra clothing order | Ref:b082c92e | Amount: INR 42113.57,Shopping
Reliance Digital purchase | Ref:73d1b18b | Amount: INR 29674.64,Shopping
Personal loan EMI deduction | Ref:6df590f9 | Amount: INR 17900.35,EMI
Uber ride payment | Ref:70fd44f8 | Amount: INR 4220.86,Travel
RedBus bus ticket | Ref:c6a2783e | Amount: INR 39624.28,Travel
Dominos pizza order | Ref:8f0f8861 | Amount: INR 22794.38,Food
Restaurant dining at | Ref:17ea5973 | Amount: INR 33147.95,Food
Zerodha stock purchase | Ref:6984093f | Amount: INR 36703.08,Investment
SBI car loan EMI | Ref:c84c9855 | Amount: INR 38379.11,EMI
Cafe coffee purchase at | Ref:f18cd3a3 | Amount: INR 15962.45,Food
Amazon online shopping | Ref:a7e1acbd | Amount: INR 3857.48,Shopping
Bajaj Finserv EMI payment | Ref:093709f0 | Amount: INR 5369.52,EMI
IRCTC train ticket booking | Ref:c865b5e5 | Amount: INR 44068.81,Travel
MakeMyTrip hotel booking | Ref:8d9cafc6 | Amount: INR 24861.48,Travel
SBI car loan EMI | Ref:efb63eb3 | Amount: INR 36515.01,EMI
SBI car loan EMI | Ref:1d96e22c | Amount: INR 4613.94,EMI
MakeMyTrip hotel booking | Ref:eb9a17ba | Amount: INR 28452.33,Travel
Petrol pump fuel payment | Ref:f6ae37dd | Amount: INR 15664.42,Travel
SIP investment in mutual fund | Ref:d8db61dc | Amount: INR 26980.6,Investment
IndiGo flight ticket | Ref:396c92fe | Amount: INR 8662.38,Travel
Amazon online shopping | Ref:0c4654f1 | Amount: INR 42843.77,Shopping
PPF contribution | Ref:4406ca52 | Amount: INR 29483.52,Investment
Ola cab fare | Ref:cdbe15d9 | Amount: INR 31756.9,Travel
Amazon online shopping | Ref:f5523e90 | Amount: INR 13765.99,Shopping
Zerodha stock purchase | Ref:ae5482e4 | Amount: INR 10582.29,Investment
Amazon online shopping | Ref:ba796979 | Amount: INR 21941.15,Shopping
MakeMyTrip hotel booking | Ref:6dffae17 | Amount: INR 13585.95,Travel
MakeMyTrip hotel booking | Ref:a68a895c | Amount: INR 5462.0,Travel
SBI car loan EMI | Ref:d2c523fd | Amount: INR 46504.34,EMI
Flipkart electronics purchase | Ref:17ff9a36 | Amount: INR 11965.32,Shopping
Petrol pump fuel payment | Ref:12aede5c | Amount: INR 25196.0,Travel
Bajaj Finserv EMI payment | Ref:3afa4399 | Amount: INR 13452.71,EMI
SIP investment in mutual fund | Ref:108c67ea | Amount: INR 26020.02,Investment
Zerodha stock purchase | Ref:d01f6983 | Amount: INR 2992.74,Investment
SBI car loan EMI | Ref:ef58e11a | Amount: INR 21398.81,EMI
Zomato dinner bill | Ref:92235d94 | Amount: INR 10251.45,Food
SIP investment in mutual fund | Ref:69c85c47 | Amount: INR 19840.94,Investment
Cafe coffee purchase at | Ref:c6a1ece9 | Amount: INR 24358.56,Food
Amazon online shopping | Ref:bc4a239b | Amount: INR 12921.49,Shopping
Groww ETF investment | Ref:6a7236a1 | Amount: INR 42006.14,Investment
SIP investment in mutual fund | Ref:410255a4 | Amount: INR 19819.85,Investment
Ola cab fare | Ref:7b83a88c | Amount: INR 21229.64,Travel
Dominos pizza order | Ref:2d42c7f2 | Amount: INR 40712.63,Food
Zerodha stock purchase | Ref:95e04539 | Amount: INR 27927.68,Investment
Uber ride payment | Ref:f3a30dfc | Amount: INR 28649.89,Travel
SBI car loan EMI | Ref:f8c02f8d | Amount: INR 30314.34,EMI
Fixed deposit investment | Ref:be50b6e7 | Amount: INR 17980.01,Investment
Zerodha stock purchase | Ref:4c1d7908 | Amount: INR 2149.97,Investment
IKEA furniture shopping | Ref:51c46213 | Amount: INR 47351.62,Shopping
Fixed deposit investment | Ref:cbbb13ee | Amount: INR 14223.6,Investment
Zerodha stock purchase | Ref:d4ba5e47 | Amount: INR 2044.87,Investment
PPF contribution | Ref:bbcda9f9 | Amount: INR 18386.85,Investment
SIP investment in mutual fund | Ref:8f57483e | Amount: INR 14260.06,Investment
McDonald's meal payment | Ref:e907a808 | Amount: INR 45717.24,Food
IRCTC train ticket booking | Ref:bc84545b | Amount: INR 8715.28,Travel
HDFC home loan EMI | Ref:a7e120aa | Amount: INR 3118.57,EMI
Amazon online shopping | Ref:cc67e331 | Amount: INR 49963.1,Shopping
Personal loan EMI deduction | Ref:8a2a9a95 | Amount: INR 26466.66,EMI
SIP investment in mutual fund | Ref:4a62577d | Amount: INR 4054.51,Investment
PPF contribution | Ref:a4c8b4f4 | Amount: INR 14960.61,Investment
RedBus bus ticket | Ref:51f6a9cd | Amount: INR 41513.38,Travel
Zerodha stock purchase | Ref:caa7a01e | Amount: INR 22330.49,Investment
SIP investment in mutual fund | Ref:c91f90ab | Amount: INR 12073.06,Investment
SIP investment in mutual fund | Ref:2cda0293 | Amount: INR 44265.93,Investment
SIP investment in mutual fund | Ref:a545001c | Amount: INR 36136.07,Investment
SIP investment in mutual fund | Ref:919b36e8 | Amount: INR 26163.5,Investment
Myntra clothing order | Ref:54d8a410 | Amount: INR 5155.37,Shopping
Personal loan EMI deduction | Ref:3260fa1e | Amount: INR 47140.66,EMI
IndiGo flight ticket | Ref:07432736 | Amount: INR 36868.76,Travel
Personal loan EMI deduction | Ref:845ad022 | Amount: INR 34027.33,EMI
Grocery purchase at Big Bazaar | Ref:a22d5e2f | Amount: INR 40393.26,Food
SIP investment in mutual fund | Ref:335ac3ee | Amount: INR 34420.52,Investment
Credit card EMI installment | Ref:9dc76b03 | Amount: INR 43921.95,EMI
PPF contribution | Ref:37a64dc2 | Amount: INR 37178.22,Investment
HDFC home loan EMI | Ref:a2303a61 | Amount: INR 2967.62,EMI
Petrol pump fuel payment | Ref:6359e302 | Amount: INR 7004.79,Travel
Credit card EMI installment | Ref:e3ec129b | Amount: INR 7947.01,EMI
Flipkart electronics purchase | Ref:1b4a5b59 | Amount: INR 10299.1,Shopping
Grocery purchase at Big Bazaar | Ref:72d0f253 | Amount: INR 41962.83,Food
Fixed deposit investment | Ref:842086ac | Amount: INR 16181.89,Investment
Amazon online shopping | Ref:b5546d73 | Amount: INR 26136.59,Shopping
Groww ETF investment | Ref:3f28310e | Amount: INR 10000.89,Investment
Fixed deposit investment | Ref:f8bc95f0 | Amount: INR 31030.57,Investment
IKEA furniture shopping | Ref:35ca756e | Amount: INR 25748.9,Shopping
Fixed deposit investment | Ref:d416f5c8 | Amount: INR 9071.01,Investment
Groww ETF investment | Ref:e5f6e739 | Amount: INR 13507.53,Investment
IKEA furniture shopping | Ref:e38266cf | Amount: INR 849.37,Shopping
HDFC home loan EMI | Ref:d28b592f | Amount: INR 20774.1,EMI
Amazon online shopping | Ref:9fca20fa | Amount: INR 37810.23,Shopping
SBI car loan EMI | Ref:f01a6dde | Amount: INR 26287.2,EMI
Uber ride payment | Ref:5e862773 | Amount: INR 31544.54,Travel
Groww ETF investment | Ref:a45475f3 | Amount: INR 476.38,Investment
Personal loan EMI deduction | Ref:aa07715d | Amount: INR 40311.87,EMI
IndiGo flight ticket | Ref:f48fbca3 | Amount: INR 6557.79,Travel
IKEA furniture shopping | Ref:e26bb58a | Amount: INR 2025.4,Shopping
Grocery purchase at Big Bazaar | Ref:9d1856d8 | Amount: INR 32518.51,Food
IKEA furniture shopping | Ref:f4650c3e | Amount: INR 42032.35,Shopping
Petrol pump fuel payment | Ref:e3a4ab40 | Amount: INR 48210.62,Travel
Zomato dinner bill | Ref:a01ecd9e | Amount: INR 22667.93,Food
Uber ride payment | Ref:3d670d26 | Amount: INR 6590.06,Travel
Ola cab fare | Ref:5e9d06ea | Amount: INR 7546.92,Travel
Swiggy order payment | Ref:c559c7b8 | Amount: INR 35513.83,Food
SIP investment in mutual fund | Ref:ffbb3d2a | Amount: INR 17819.42,Investment
SIP investment in mutual fund | Ref:f0e26b9a | Amount: INR 26747.8,Investment
IndiGo flight ticket | Ref:5b768b00 | Amount: INR 20273.1,Travel
IndiGo flight ticket | Ref:f7cb3dc7 | Amount: INR 17758.89,Travel
Flipkart electronics purchase | Ref:73efdff3 | Amount: INR 8268.63,Shopping
SIP investment in mutual fund | Ref:579ef7a9 | Amount: INR 10841.17,Investment
IRCTC train ticket booking | Ref:20ae73ad | Amount: INR 31430.56,Travel
Swiggy order payment | Ref:8fd1fd93 | Amount: INR 5488.94,Food
IndiGo flight ticket | Ref:57873356 | Amount: INR 33010.11,Travel
Myntra clothing order | Ref:46c2a629 | Amount: INR 7512.93,Shopping
RedBus bus ticket | Ref:86291ea7 | Amount: INR 24132.07,Travel
Zomato dinner bill | Ref:371b3835 | Amount: INR 36491.04,Food
IRCTC train ticket booking | Ref:6d1d2675 | Amount: INR 33880.59,Travel
SIP investment in mutual fund | Ref:88f24040 | Amount: INR 41448.91,Investment
Zomato dinner bill | Ref:0bbf7f55 | Amount: INR 2991.36,Food
Fixed deposit investment | Ref:15e5e586 | Amount: INR 36459.25,Investment
Grocery purchase at Big Bazaar | Ref:36e6e0ec | Amount: INR 551.98,Food
Reliance Digital purchase | Ref:d921368c | Amount: INR 10188.99,Shopping
RedBus bus ticket | Ref:a175231a | Amount: INR 692.53,Travel
IndiGo flight ticket | Ref:012cc9f7 | Amount: INR 25168.05,Travel
Groww ETF investment | Ref:8794d0cf | Amount: INR 4388.85,Investment
Uber ride payment | Ref:a2176938 | Amount: INR 5911.47,Travel
Personal loan EMI deduction | Ref:1d41c9c1 | Amount: INR 16497.77,EMI
Flipkart electronics purchase | Ref:fdaa1265 | Amount: INR 39939.62,Shopping
Zerodha stock purchase | Ref:bdeae3b2 | Amount: INR 15436.99,Investment
Cafe coffee purchase at | Ref:f6674df5 | Amount: INR 46556.89,Food
HDFC home loan EMI | Ref:21c3d2b6 | Amount: INR 28273.06,EMI
Reliance Digital purchase | Ref:e4c5de24 | Amount: INR 49889.47,Shopping
RedBus bus ticket | Ref:177caff3 | Amount: INR 20547.81,Travel
Groww ETF investment | Ref:ab36d0e3 | Amount: INR 35038.61,Investment
Fixed deposit investment | Ref:532ea6cc | Amount: INR 33773.22,Investment
Personal loan EMI deduction | Ref:c9be2b68 | Amount: INR 33821.2,EMI
Swiggy order payment | Ref:f6e210fe | Amount: INR 40907.91,Food
Fixed deposit investment | Ref:2b9c7abe | Amount: INR 20455.38,Investment
Personal loan EMI deduction | Ref:2fd40ea9 | Amount: INR 4931.4,EMI
Uber ride payment | Ref:13d17256 | Amount: INR 1463.93,Travel
HDFC home loan EMI | Ref:0eb1614a | Amount: INR 6668.72,EMI
Uber ride payment | Ref:0fc7c12e | Amount: INR 6662.27,Travel
PPF contribution | Ref:092564c5 | Amount: INR 44686.56,Investment
Restaurant dining at | Ref:18dcd596 | Amount: INR 40081.87,Food
Zerodha stock purchase | Ref:377fa9bc | Amount: INR 28593.84,Investment
Petrol pump fuel payment | Ref:cca8da5a | Amount: INR 44551.4,Travel
Swiggy order payment | Ref:bdf56525 | Amount: INR 9661.32,Food
Groww ETF investment | Ref:98bbd16f | Amount: INR 30587.35,Investment
Restaurant dining at | Ref:26348288 | Amount: INR 46699.52,Food
McDonald's meal payment | Ref:0fe9c0f7 | Amount: INR 11512.17,Food
Zerodha stock purchase | Ref:7fe01ea1 | Amount: INR 32028.81,Investment
SBI car loan EMI | Ref:2b3b487b | Amount: INR 33625.61,EMI
Zerodha stock purchase | Ref:f4b7367a | Amount: INR 28405.94,Investment
Grocery purchase at Big Bazaar | Ref:6d74a3f1 | Amount: INR 47268.85,Food
Groww ETF investment | Ref:b2db418a | Amount: INR 370.69,Investment
Myntra clothing order | Ref:bfa218c1 | Amount: INR 29454.59,Shopping
Reliance Digital purchase | Ref:b64bc25d | Amount: INR 24218.05,Shopping
Restaurant dining at | Ref:c7c6c450 | Amount: INR 10047.1,Food
Flipkart electronics purchase | Ref:61e0d40b | Amount: INR 20825.77,Shopping
Grocery purchase at Big Bazaar | Ref:1f7e40a9 | Amount: INR 35563.62,Food
HDFC home loan EMI | Ref:ba2210dd | Amount: INR 40879.01,EMI
IKEA furniture shopping | Ref:24ef3bca | Amount: INR 31316.74,Shopping
Reliance Digital purchase | Ref:bf4f32be | Amount: INR 9130.31,Shopping
Swiggy order payment | Ref:e9293556 | Amount: INR 4518.8,Food
MakeMyTrip hotel booking | Ref:37a72713 | Amount: INR 26755.02,Travel
Zerodha stock purchase | Ref:706f2310 | Amount: INR 38460.15,Investment
RedBus bus ticket | Ref:74208059 | Amount: INR 25442.42,Travel
SIP investment in mutual fund | Ref:206c49ad | Amount: INR 4978.58,Investment
Zomato dinner bill | Ref:d1a15142 | Amount: INR 25311.36,Food
RedBus bus ticket | Ref:95387c9c | Amount: INR 2587.5,Travel
Petrol pump fuel payment | Ref:239f6bbd | Amount: INR 18908.95,Travel
Groww ETF investment | Ref:c04038ed | Amount: INR 48532.62,Investment
Bajaj Finserv EMI payment | Ref:7cdf5a4f | Amount: INR 9279.57,EMI
Zomato dinner bill | Ref:3b637b44 | Amount: INR 46118.6,Food
Bajaj Finserv EMI payment | Ref:dd5f9408 | Amount: INR 33054.02,EMI
HDFC home loan EMI | Ref:dd448331 | Amount: INR 32111.23,EMI
MakeMyTrip hotel booking | Ref:d23a0452 | Amount: INR 27846.13,Travel
Grocery purchase at Big Bazaar | Ref:ee78f23d | Amount: INR 42071.69,Food
IRCTC train ticket booking | Ref:473856c0 | Amount: INR 29577.87,Travel
IRCTC train ticket booking | Ref:d7d721bc | Amount: INR 40410.91,Travel
Personal loan EMI deduction | Ref:2abac12f | Amount: INR 2197.91,EMI
SIP investment in mutual fund | Ref:d440449e | Amount: INR 13150.7,Investment
SIP investment in mutual fund | Ref:08b9e4f6 | Amount: INR 7014.19,Investment
Uber ride payment | Ref:e0c4253e | Amount: INR 30724.62,Travel
Fixed deposit investment | Ref:95a4ae46 | Amount: INR 4984.08,Investment
SBI car loan EMI | Ref:99ee45f6 | Amount: INR 35217.16,EMI
Fixed deposit investment | Ref:4e185b3c | Amount: INR 22622.47,Investment
Cafe coffee purchase at | Ref:b1f0b5ad | Amount: INR 6822.0,Food
SBI car loan EMI | Ref:8afbc77c | Amount: INR 27275.91,EMI
Uber ride payment | Ref:7a1175fc | Amount: INR 10762.18,Travel
Groww ETF investment | Ref:a8956b7d | Amount: INR 49392.85,Investment
Swiggy order payment | Ref:ac23ac3f | Amount: INR 16242.86,Food
IKEA furniture shopping | Ref:d853a4e2 | Amount: INR 28405.14,Shopping
Cafe coffee purchase at | Ref:e79d6fda | Amount: INR 15237.07,Food
Myntra clothing order | Ref:0f33721e | Amount: INR 38006.69,Shopping
Cafe coffee purchase at | Ref:a6b3225d | Amount: INR 12645.21,Food
Groww ETF investment | Ref:57e9ed3c | Amount: INR 27520.01,Investment
PPF contribution | Ref:c1a417a3 | Amount: INR 34466.44,Investment
Cafe coffee purchase at | Ref:ea9d0a9f | Amount: INR 5272.24,Food
Fixed deposit investment | Ref:d5790095 | Amount: INR 8298.09,Investment
Grocery purchase at Big Bazaar | Ref:fada6fb3 | Amount: INR 10072.37,Food
Restaurant dining at | Ref:ab7a4e0d | Amount: INR 42958.12,Food
SIP investment in mutual fund | Ref:b45cc34b | Amount: INR 8470.86,Investment
RedBus bus ticket | Ref:d01de0ef | Amount: INR 41847.36,Travel
Zerodha stock purchase | Ref:447f745d | Amount: INR 46097.31,Investment
Groww ETF investment | Ref:f321e52d | Amount: INR 48687.49,Investment
IRCTC train ticket booking | Ref:ae3786ff | Amount: INR 5828.71,Travel
Fixed deposit investment | Ref:40cfdd79 | Amount: INR 7224.29,Investment
Myntra clothing order | Ref:55ac0d39 | Amount: INR 38441.51,Shopping
Uber ride payment | Ref:03643d03 | Amount: INR 24704.3,Travel
IKEA furniture shopping | Ref:157b885e | Amount: INR 40388.37,Shopping
Flipkart electronics purchase | Ref:705d0513 | Amount: INR 38719.85,Shopping
Petrol pump fuel payment | Ref:4d3c3f49 | Amount: INR 46003.96,Travel
Fixed deposit investment | Ref:e3431286 | Amount: INR 34540.92,Investment
SIP investment in mutual fund | Ref:63b89f6a | Amount: INR 33051.89,Investment
Credit card EMI installment | Ref:e3d34473 | Amount: INR 30286.71,EMI
Grocery purchase at Big Bazaar | Ref:44edc45e | Amount: INR 36412.17,Food
Reliance Digital purchase | Ref:8e54d0fa | Amount: INR 29324.68,Shopping
Credit card EMI installment | Ref:3e3a9772 | Amount: INR 10324.98,EMI
Zomato dinner bill | Ref:49f63c8a | Amount: INR 14015.87,Food
SBI car loan EMI | Ref:1cca2cca | Amount: INR 2332.95,EMI
Swiggy order payment | Ref:df21fd03 | Amount: INR 46955.48,Food
Swiggy order payment | Ref:c24aecb6 | Amount: INR 15963.53,Food
Cafe coffee purchase at | Ref:3262f7bc | Amount: INR 1635.16,Food
Personal loan EMI deduction | Ref:5327f830 | Amount: INR 25681.61,EMI
Reliance Digital purchase | Ref:61c22efb | Amount: INR 43928.56,Shopping
IRCTC train ticket booking | Ref:f54112b4 | Amount: INR 27720.36,Travel
PPF contribution | Ref:87989064 | Amount: INR 17048.64,Investment
MakeMyTrip hotel booking | Ref:ccd3d0b7 | Amount: INR 37415.48,Travel
Amazon online shopping | Ref:a95f4a18 | Amount: INR 30628.71,Shopping
MakeMyTrip hotel booking | Ref:0c9b88fc | Amount: INR 40089.0,Travel
Personal loan EMI deduction | Ref:4ec3bd43 | Amount: INR 22163.79,EMI
IKEA furniture shopping | Ref:704dc5d8 | Amount: INR 745.01,Shopping
Reliance Digital purchase | Ref:b6aec353 | Amount: INR 16769.41,Shopping
MakeMyTrip hotel booking | Ref:97597f88 | Amount: INR 31383.77,Travel
IndiGo flight ticket | Ref:03976a77 | Amount: INR 38142.46,Travel
Swiggy order payment | Ref:2f9c7259 | Amount: INR 44404.4,Food
Dominos pizza order | Ref:de3bb6fb | Amount: INR 13569.91,Food
Ola cab fare | Ref:58838666 | Amount: INR 34091.76,Travel
Zerodha stock purchase | Ref:f68aed31 | Amount: INR 42192.68,Investment
Grocery purchase at Big Bazaar | Ref:abbac816 | Amount: INR 36779.82,Food
Credit card EMI installment | Ref:d48a4ebc | Amount: INR 35209.91,EMI
Petrol pump fuel payment | Ref:51e976ea | Amount: INR 15310.75,Travel
IRCTC train ticket booking | Ref:503d3928 | Amount: INR 27403.25,Travel
Swiggy order payment | Ref:279cf30e | Amount: INR 33423.65,Food
Amazon online shopping | Ref:6e4fd7e1 | Amount: INR 7812.76,Shopping
SIP investment in mutual fund | Ref:edb8608e | Amount: INR 5199.68,Investment
Groww ETF investment | Ref:113b987b | Amount: INR 16867.07,Investment
IKEA furniture shopping | Ref:1717f771 | Amount: INR 11730.2,Shopping
Amazon online shopping | Ref:3d849712 | Amount: INR 21670.75,Shopping
Restaurant dining at | Ref:0ef0e764 | Amount: INR 11280.02,Food
Groww ETF investment | Ref:ea4680e5 | Amount: INR 2532.5,Investment
Reliance Digital purchase | Ref:a0780960 | Amount: INR 22918.52,Shopping
Flipkart electronics purchase | Ref:69ec3d45 | Amount: INR 3422.88,Shopping
Grocery purchase at Big Bazaar | Ref:af734b48 | Amount: INR 11948.93,Food
Groww ETF investment | Ref:63d76fdb | Amount: INR 46883.55,Investment
IKEA furniture shopping | Ref:61501e54 | Amount: INR 33067.39,Shopping
Zerodha stock purchase | Ref:fd0a986d | Amount: INR 6145.06,Investment
Zerodha stock purchase | Ref:4c774893 | Amount: INR 37861.18,Investment
Credit card EMI installment | Ref:98df30c9 | Amount: INR 9760.45,EMI
IRCTC train ticket booking | Ref:658a265d | Amount: INR 27904.69,Travel
IKEA furniture shopping | Ref:be58593c | Amount: INR 11002.84,Shopping
IRCTC train ticket booking | Ref:2800cd8a | Amount: INR 15628.92,Travel
MakeMyTrip hotel booking | Ref:8f4f5bbf | Amount: INR 10376.21,Travel
PPF contribution | Ref:feac2dbe | Amount: INR 22675.67,Investment
Ola cab fare | Ref:3addb606 | Amount: INR 32648.28,Travel
SBI car loan EMI | Ref:47a21c57 | Amount: INR 9896.31,EMI
Credit card EMI installment | Ref:9b45d10a | Amount: INR 5589.32,EMI
HDFC home loan EMI | Ref:817e64ca | Amount: INR 32746.67,EMI
McDonald's meal payment | Ref:a4bb903f | Amount: INR 42415.79,Food
Personal loan EMI deduction | Ref:fe9db9fe | Amount: INR 37223.33,EMI
Amazon online shopping | Ref:a123a76a | Amount: INR 4718.95,Shopping
IRCTC train ticket booking | Ref:6888184d | Amount: INR 10451.88,Travel
Flipkart electronics purchase | Ref:d5d7f7cf | Amount: INR 48803.61,Shopping
Cafe coffee purchase at | Ref:a3132478 | Amount: INR 47635.75,Food
Personal loan EMI deduction | Ref:158d444a | Amount: INR 15805.07,EMI
Personal loan EMI deduction | Ref:5ac45e80 | Amount: INR 25576.63,EMI
Bajaj Finserv EMI payment | Ref:5df4d8cb | Amount: INR 33393.4,EMI
Swiggy order payment | Ref:81d96c28 | Amount: INR 8302.82,Food
Bajaj Finserv EMI payment | Ref:61958383 | Amount: INR 4103.88,EMI
Flipkart electronics purchase | Ref:90b19bef | Amount: INR 5904.68,Shopping
Swiggy order payment | Ref:fa03ca18 | Amount: INR 36992.1,Food
Myntra clothing order | Ref:cdec6bb0 | Amount: INR 40702.69,Shopping
McDonald's meal payment | Ref:d5fd2f33 | Amount: INR 36458.52,Food
Petrol pump fuel payment | Ref:5223bda6 | Amount: INR 10726.88,Travel
Fixed deposit investment | Ref:70eb45a1 | Amount: INR 25000.2,Investment
Credit card EMI installment | Ref:b3d8d3a5 | Amount: INR 30295.12,EMI
Swiggy order payment | Ref:da8cc1d1 | Amount: INR 1364.53,Food
SBI car loan EMI | Ref:573a85f0 | Amount: INR 14139.36,EMI
IndiGo flight ticket | Ref:ed62680e | Amount: INR 31214.8,Travel
PPF contribution | Ref:752b5090 | Amount: INR 19606.24,Investment
Flipkart electronics purchase | Ref:8a5825ff | Amount: INR 40331.95,Shopping
Bajaj Finserv EMI payment | Ref:f7d2ea7f | Amount: INR 17583.62,EMI
Flipkart electronics purchase | Ref:2362a9d7 | Amount: INR 1622.97,Shopping
Fixed deposit investment | Ref:fa72826f | Amount: INR 20960.67,Investment
Personal loan EMI deduction | Ref:f0c09d14 | Amount: INR 27353.43,EMI
Amazon online shopping | Ref:81530d5f | Amount: INR 32217.13,Shopping
Myntra clothing order | Ref:1794e8da | Amount: INR 11601.7,Shopping
Amazon online shopping | Ref:f6892f4a | Amount: INR 36859.43,Shopping
Zerodha stock purchase | Ref:705cc15a | Amount: INR 16465.54,Investment
Personal loan EMI deduction | Ref:2c0fe7fb | Amount: INR 48396.58,EMI
SIP investment in mutual fund | Ref:0045a311 | Amount: INR 13738.12,Investment
IRCTC train ticket booking | Ref:134b1f8f | Amount: INR 36182.45,Travel
PPF contribution | Ref:820b33c5 | Amount: INR 41101.97,Investment
Flipkart electronics purchase | Ref:aed5838b | Amount: INR 21181.41,Shopping
Personal loan EMI deduction | Ref:02a9a169 | Amount: INR 8931.84,EMI
Petrol pump fuel payment | Ref:2bd498a0 | Amount: INR 41745.68,Travel
IKEA furniture shopping | Ref:6f4d7b9f | Amount: INR 22078.82,Shopping
Fixed deposit investment | Ref:d7d61492 | Amount: INR 8704.79,Investment
Ola cab fare | Ref:80ab532b | Amount: INR 42847.92,Travel
MakeMyTrip hotel booking | Ref:1887ed93 | Amount: INR 559.88,Travel
SBI car loan EMI | Ref:4d864245 | Amount: INR 5505.87,EMI
RedBus bus ticket | Ref:0048fb21 | Amount: INR 28395.97,Travel
Credit card EMI installment | Ref:183f5dc3 | Amount: INR 12071.98,EMI
SBI car loan EMI | Ref:f1efc2ad | Amount: INR 11492.98,EMI
SIP investment in mutual fund | Ref:aae0d47f | Amount: INR 9559.84,Investment
Fixed deposit investment | Ref:0b428842 | Amount: INR 46256.51,Investment
IRCTC train ticket booking | Ref:3d69784e | Amount: INR 20508.5,Travel
PPF contribution | Ref:6c225c40 | Amount: INR 5739.72,Investment
Restaurant dining at | Ref:3035b1d6 | Amount: INR 42138.04,Food
Grocery purchase at Big Bazaar | Ref:d49ba836 | Amount: INR 48807.35,Food
HDFC home loan EMI | Ref:cf074229 | Amount: INR 41949.67,EMI
Myntra clothing order | Ref:e785d6eb | Amount: INR 27462.56,Shopping
HDFC home loan EMI | Ref:39fbbaca | Amount: INR 33195.33,EMI
Credit card EMI installment | Ref:857b6e49 | Amount: INR 29197.06,EMI
Ola cab fare | Ref:14ecb4ed | Amount: INR 26112.88,Travel
SIP investment in mutual fund | Ref:a71d33da | Amount: INR 19480.2,Investment
IKEA furniture shopping | Ref:f70c8566 | Amount: INR 23267.45,Shopping
IndiGo flight ticket | Ref:7c691e32 | Amount: INR 46296.8,Travel
IKEA furniture shopping | Ref:8c76830e | Amount: INR 32305.8,Shopping
Myntra clothing order | Ref:626f940a | Amount: INR 28789.6,Shopping
Fixed deposit investment | Ref:174da0bc | Amount: INR 17903.77,Investment
Swiggy order payment | Ref:e61407b3 | Amount: INR 2638.9,Food
IRCTC train ticket booking | Ref:f3253fa1 | Amount: INR 5937.19,Travel
Reliance Digital purchase | Ref:d0af2626 | Amount: INR 31568.6,Shopping
Bajaj Finserv EMI payment | Ref:9e5f5102 | Amount: INR 43220.9,EMI
Ola cab fare | Ref:76daa5a1 | Amount: INR 43447.49,Travel
Zerodha stock purchase | Ref:5a2888d8 | Amount: INR 3925.39,Investment
Groww ETF investment | Ref:6a45b5df | Amount: INR 17848.62,Investment
Fixed deposit investment | Ref:8e02351f | Amount: INR 35007.18,Investment
Reliance Digital purchase | Ref:5219d17f | Amount: INR 27302.16,Shopping
IndiGo flight ticket | Ref:d4f0ded9 | Amount: INR 212.1,Travel
Amazon online shopping | Ref:6929cfba | Amount: INR 4177.5,Shopping
RedBus bus ticket | Ref:8860e436 | Amount: INR 49494.41,Travel
IndiGo flight ticket | Ref:f0087815 | Amount: INR 30256.17,Travel
Reliance Digital purchase | Ref:2770beea | Amount: INR 17653.22,Shopping
Zomato dinner bill | Ref:db1f3e5f | Amount: INR 25634.61,Food
Zomato dinner bill | Ref:a78973b7 | Amount: INR 915.98,Food
Myntra clothing order | Ref:e49aff08 | Amount: INR 42528.49,Shopping
MakeMyTrip hotel booking | Ref:bed201da | Amount: INR 5002.13,Travel
PPF contribution | Ref:193d7eec | Amount: INR 33656.59,Investment
Credit card EMI installment | Ref:2da9e849 | Amount: INR 39643.24,EMI
IKEA furniture shopping | Ref:0f2c5058 | Amount: INR 20193.92,Shopping
Credit card EMI installment | Ref:0763a60a | Amount: INR 39361.26,EMI
Uber ride payment | Ref:6187690d | Amount: INR 9108.83,Travel
Fixed deposit investment | Ref:a6613280 | Amount: INR 14332.1,Investment
Credit card EMI installment | Ref:e9cdb923 | Amount: INR 2319.42,EMI
MakeMyTrip hotel booking | Ref:68660ac8 | Amount: INR 33610.9,Travel
Uber ride payment | Ref:1141be93 | Amount: INR 860.19,Travel
Reliance Digital purchase | Ref:6a084205 | Amount: INR 10657.38,Shopping
Grocery purchase at Big Bazaar | Ref:084064aa | Amount: INR 45810.31,Food
Swiggy order payment | Ref:a7ede3a8 | Amount: INR 5679.84,Food
Personal loan EMI deduction | Ref:f47f6173 | Amount: INR 31450.34,EMI
Myntra clothing order | Ref:0cf63eba | Amount: INR 46964.9,Shopping
Personal loan EMI deduction | Ref:f2f25218 | Amount: INR 24213.64,EMI
IRCTC train ticket booking | Ref:675623a4 | Amount: INR 27419.53,Travel
RedBus bus ticket | Ref:a2ffa83f | Amount: INR 39707.07,Travel
Myntra clothing order | Ref:e0bed22b | Amount: INR 48945.86,Shopping
HDFC home loan EMI | Ref:32e84103 | Amount: INR 26805.0,EMI
Bajaj Finserv EMI payment | Ref:bb45b14c | Amount: INR 44698.46,EMI
Personal loan EMI deduction | Ref:dd6a4467 | Amount: INR 21732.1,EMI
Petrol pump fuel payment | Ref:abcf19a3 | Amount: INR 19140.42,Travel
IRCTC train ticket booking | Ref:c061aa93 | Amount: INR 15159.22,Travel
HDFC home loan EMI | Ref:9a42dd51 | Amount: INR 4434.69,EMI
IKEA furniture shopping | Ref:d1d68232 | Amount: INR 38802.22,Shopping
Grocery purchase at Big Bazaar | Ref:f73d3db4 | Amount: INR 37011.1,Food
McDonald's meal payment | Ref:a5ed2c35 | Amount: INR 15732.15,Food
Restaurant dining at | Ref:9af714a9 | Amount: INR 22530.58,Food
HDFC home loan EMI | Ref:9e665d6c | Amount: INR 14034.94,EMI
Petrol pump fuel payment | Ref:043f2bd7 | Amount: INR 39042.15,Travel
Bajaj Finserv EMI payment | Ref:db944646 | Amount: INR 47939.01,EMI
Zomato dinner bill | Ref:d7853211 | Amount: INR 34671.71,Food
RedBus bus ticket | Ref:a42e3cc9 | Amount: INR 4047.44,Travel
Ola cab fare | Ref:95feb564 | Amount: INR 44594.12,Travel
Grocery purchase at Big Bazaar | Ref:359202e1 | Amount: INR 672.2,Food
Fixed deposit investment | Ref:15f5c59f | Amount: INR 1594.15,Investment
IKEA furniture shopping | Ref:644a20b0 | Amount: INR 15752.65,Shopping
Credit card EMI installment | Ref:35098da5 | Amount: INR 4582.19,EMI
McDonald's meal payment | Ref:b92e80ab | Amount: INR 32803.78,Food
Myntra clothing order | Ref:a2f08430 | Amount: INR 20074.61,Shopping
Fixed deposit investment | Ref:1e1b79bf | Amount: INR 46321.18,Investment
SBI car loan EMI | Ref:74ada625 | Amount: INR 35017.76,EMI
Ola cab fare | Ref:ca8e6763 | Amount: INR 9219.17,Travel
Flipkart electronics purchase | Ref:3cdeda73 | Amount: INR 6360.11,Shopping
Reliance Digital purchase | Ref:65309116 | Amount: INR 5935.07,Shopping
Credit card EMI installment | Ref:87701976 | Amount: INR 14050.99,EMI
Petrol pump fuel payment | Ref:dbcdbc13 | Amount: INR 17990.75,Travel
Zomato dinner bill | Ref:45f4ceb4 | Amount: INR 18293.95,Food
Personal loan EMI deduction | Ref:05c0a138 | Amount: INR 25588.01,EMI
Amazon online shopping | Ref:25ada3d4 | Amount: INR 7836.19,Shopping
PPF contribution | Ref:3e7e4598 | Amount: INR 7002.0,Investment
Amazon online shopping | Ref:05fba87c | Amount: INR 24785.39,Shopping
Reliance Digital purchase | Ref:7090a499 | Amount: INR 10733.02,Shopping
RedBus bus ticket | Ref:8d144818 | Amount: INR 17552.85,Travel
Restaurant dining at | Ref:cf2b1fb4 | Amount: INR 39460.55,Food
SIP investment in mutual fund | Ref:0882b27a | Amount: INR 5546.68,Investment
Flipkart electronics purchase | Ref:7d37984e | Amount: INR 39182.91,Shopping
Myntra clothing order | Ref:963d1883 | Amount: INR 35422.48,Shopping
RedBus bus ticket | Ref:ebb00c16 | Amount: INR 46167.12,Travel
Grocery purchase at Big Bazaar | Ref:33180451 | Amount: INR 11055.95,Food
Credit card EMI installment | Ref:23d56bf8 | Amount: INR 39350.97,EMI
SIP investment in mutual fund | Ref:b4614f61 | Amount: INR 22904.18,Investment
SIP investment in mutual fund | Ref:64d8c971 | Amount: INR 16029.95,Investment
RedBus bus ticket | Ref:a6934c77 | Amount: INR 20853.72,Travel
McDonald's meal payment | Ref:aee0e609 | Amount: INR 49819.78,Food
SIP investment in mutual fund | Ref:68ef2e3c | Amount: INR 24823.26,Investment
Groww ETF investment | Ref:52e6d874 | Amount: INR 3586.88,Investment
Flipkart electronics purchase | Ref:230a54af | Amount: INR 20645.56,Shopping
Myntra clothing order | Ref:6dd873f1 | Amount: INR 27864.81,Shopping
Grocery purchase at Big Bazaar | Ref:0c234bd7 | Amount: INR 21854.7,Food
IKEA furniture shopping | Ref:3dc85766 | Amount: INR 27346.81,Shopping
Fixed deposit investment | Ref:094ff0ad | Amount: INR 48062.36,Investment
McDonald's meal payment | Ref:e16a855a | Amount: INR 29664.31,Food
Zerodha stock purchase | Ref:4ed90e34 | Amount: INR 36471.63,Investment
Groww ETF investment | Ref:181f0a14 | Amount: INR 3361.35,Investment
Credit card EMI installment | Ref:712cb587 | Amount: INR 27606.01,EMI
Myntra clothing order | Ref:3731a75d | Amount: INR 36596.15,Shopping
Ola cab fare | Ref:7eab0ab9 | Amount: INR 37350.36,Travel
Zomato dinner bill | Ref:44d49016 | Amount: INR 40320.86,Food
Dominos pizza order | Ref:9c12a880 | Amount: INR 40309.27,Food
Zerodha stock purchase | Ref:9d6e5722 | Amount: INR 13683.12,Investment
Petrol pump fuel payment | Ref:31fa4315 | Amount: INR 8059.42,Travel
Ola cab fare | Ref:c4e30634 | Amount: INR 12601.5,Travel
IRCTC train ticket booking | Ref:54a75944 | Amount: INR 21211.78,Travel
Cafe coffee purchase at | Ref:799198bf | Amount: INR 45384.99,Food
Uber ride payment | Ref:26de701d | Amount: INR 10756.4,Travel
MakeMyTrip hotel booking | Ref:f4d5fcc8 | Amount: INR 15094.68,Travel
SIP investment in mutual fund | Ref:46077885 | Amount: INR 28719.69,Investment
Reliance Digital purchase | Ref:8c420b8d | Amount: INR 3166.89,Shopping
Flipkart electronics purchase | Ref:ec2797c8 | Amount: INR 3202.35,Shopping
Fixed deposit investment | Ref:aa0dd951 | Amount: INR 6308.5,Investment
IndiGo flight ticket | Ref:8aaddd61 | Amount: INR 48456.54,Travel
Zomato dinner bill | Ref:80817a0e | Amount: INR 39721.03,Food
Personal loan EMI deduction | Ref:3d591df2 | Amount: INR 27353.67,EMI
Bajaj Finserv EMI payment | Ref:ecf2a668 | Amount: INR 10811.44,EMI
Bajaj Finserv EMI payment | Ref:9d48f491 | Amount: INR 28725.67,EMI
RedBus bus ticket | Ref:e8b98b71 | Amount: INR 32868.43,Travel
Dominos pizza order | Ref:2e8d7704 | Amount: INR 46812.28,Food
Flipkart electronics purchase | Ref:430e1d91 | Amount: INR 18152.51,Shopping
SBI car loan EMI | Ref:4c7c9dbf | Amount: INR 22818.27,EMI
Cafe coffee purchase at | Ref:ba17f218 | Amount: INR 30580.73,Food
RedBus bus ticket | Ref:8330168b | Amount: INR 43914.22,Travel
Zerodha stock purchase | Ref:32e66b3d | Amount: INR 7334.89,Investment
PPF contribution | Ref:8b293646 | Amount: INR 36860.25,Investment
MakeMyTrip hotel booking | Ref:95b66180 | Amount: INR 45150.04,Travel
IndiGo flight ticket | Ref:ea6d4b36 | Amount: INR 40934.65,Travel
Flipkart electronics purchase | Ref:54990977 | Amount: INR 9632.41,Shopping
Credit card EMI installment | Ref:16b596c0 | Amount: INR 12969.52,EMI
IRCTC train ticket booking | Ref:d5d3d2db | Amount: INR 16584.95,Travel
IKEA furniture shopping | Ref:faf2e1ad | Amount: INR 22745.65,Shopping
Myntra clothing order | Ref:86e5ef8e | Amount: INR 32573.94,Shopping
Cafe coffee purchase at | Ref:562ae06d | Amount: INR 5416.44,Food
Amazon online shopping | Ref:1fc1681a | Amount: INR 18891.05,Shopping
IKEA furniture shopping | Ref:95c326a5 | Amount: INR 44140.66,Shopping
SBI car loan EMI | Ref:266c801a | Amount: INR 12801.46,EMI
Grocery purchase at Big Bazaar | Ref:870afd4d | Amount: INR 12690.53,Food
Grocery purchase at Big Bazaar | Ref:ed21dd76 | Amount: INR 2841.06,Food
PPF contribution | Ref:068b079c | Amount: INR 16428.79,Investment
Fixed deposit investment | Ref:b6762cb3 | Amount: INR 31243.45,Investment
Credit card EMI installment | Ref:77d02f23 | Amount: INR 15735.07,EMI
RedBus bus ticket | Ref:c1244472 | Amount: INR 37242.69,Travel
Bajaj Finserv EMI payment | Ref:49f7e19b | Amount: INR 18528.46,EMI
IRCTC train ticket booking | Ref:7dae8566 | Amount: INR 14245.17,Travel
Cafe coffee purchase at | Ref:fa2fbaf5 | Amount: INR 28248.98,Food
Dominos pizza order | Ref:e92ef424 | Amount: INR 41379.38,Food
Zomato dinner bill | Ref:9189d9b3 | Amount: INR 40485.58,Food
IKEA furniture shopping | Ref:86e8947d | Amount: INR 47479.52,Shopping
HDFC home loan EMI | Ref:6c37fd12 | Amount: INR 7800.53,EMI
Groww ETF investment | Ref:6d238aca | Amount: INR 13498.79,Investment
Uber ride payment | Ref:27c2ee15 | Amount: INR 35515.74,Travel
HDFC home loan EMI | Ref:c515662b | Amount: INR 41018.26,EMI
Flipkart electronics purchase | Ref:cbec0582 | Amount: INR 48554.71,Shopping
Swiggy order payment | Ref:3f877960 | Amount: INR 47320.31,Food
Fixed deposit investment | Ref:93757d28 | Amount: INR 30708.34,Investment
Zerodha stock purchase | Ref:83965c7f | Amount: INR 28874.72,Investment
SBI car loan EMI | Ref:be62df80 | Amount: INR 29232.53,EMI
IRCTC train ticket booking | Ref:32c23bae | Amount: INR 42396.25,Travel
IndiGo flight ticket | Ref:66eacb9e | Amount: INR 46636.02,Travel
Amazon online shopping | Ref:8898993e | Amount: INR 21263.5,Shopping
Reliance Digital purchase | Ref:02d618c9 | Amount: INR 18860.21,Shopping
Fixed deposit investment | Ref:bb0be8d4 | Amount: INR 16230.35,Investment
SBI car loan EMI | Ref:aa6a4f89 | Amount: INR 32367.64,EMI
Swiggy order payment | Ref:c387bd5d | Amount: INR 35334.97,Food
Amazon online shopping | Ref:19c97c67 | Amount: INR 21573.83,Shopping
Cafe coffee purchase at | Ref:1e6ee492 | Amount: INR 34389.77,Food
Fixed deposit investment | Ref:837ae9b2 | Amount: INR 1051.62,Investment
Credit card EMI installment | Ref:543fb349 | Amount: INR 5742.77,EMI
Bajaj Finserv EMI payment | Ref:290372df | Amount: INR 43081.51,EMI
SBI car loan EMI | Ref:b81c1732 | Amount: INR 36003.78,EMI
IRCTC train ticket booking | Ref:296910be | Amount: INR 33121.56,Travel
SIP investment in mutual fund | Ref:4601f6e8 | Amount: INR 43502.32,Investment
Credit card EMI installment | Ref:59ba432e | Amount: INR 143.95,EMI
Myntra clothing order | Ref:cecf855a | Amount: INR 39803.0,Shopping
IKEA furniture shopping | Ref:97582505 | Amount: INR 46911.01,Shopping
Grocery purchase at Big Bazaar | Ref:008da18f | Amount: INR 23869.69,Food
IRCTC train ticket booking | Ref:540d57cb | Amount: INR 26793.89,Travel
Flipkart electronics purchase | Ref:ae546669 | Amount: INR 18777.45,Shopping
McDonald's meal payment | Ref:e74d5437 | Amount: INR 45226.64,Food
MakeMyTrip hotel booking | Ref:7d23f087 | Amount: INR 36637.76,Travel
IndiGo flight ticket | Ref:3c6b22c5 | Amount: INR 44668.46,Travel
Dominos pizza order | Ref:6c07a9fb | Amount: INR 26475.39,Food
Flipkart electronics purchase | Ref:47adc9ac | Amount: INR 17498.91,Shopping
PPF contribution | Ref:197439c9 | Amount: INR 4836.72,Investment
Groww ETF investment | Ref:3e98e874 | Amount: INR 13769.94,Investment
Zerodha stock purchase | Ref:6beae0bc | Amount: INR 20740.43,Investment
Amazon online shopping | Ref:dca3b823 | Amount: INR 41738.02,Shopping
Credit card EMI installment | Ref:9d5ce1f0 | Amount: INR 10738.64,EMI
Uber ride payment | Ref:06fe791c | Amount: INR 7373.31,Travel
Ola cab fare | Ref:86d84ea8 | Amount: INR 43680.96,Travel
PPF contribution | Ref:cccd1ad9 | Amount: INR 29547.27,Investment
Uber ride payment | Ref:4ded8f57 | Amount: INR 7085.25,Travel
Flipkart electronics purchase | Ref:d3e09eec | Amount: INR 39569.67,Shopping
Myntra clothing order | Ref:60cef3a2 | Amount: INR 28729.73,Shopping
HDFC home loan EMI | Ref:5e8fdf0f | Amount: INR 46956.59,EMI
Credit card EMI installment | Ref:6d7ff1e4 | Amount: INR 45812.34,EMI
Dominos pizza order | Ref:39799945 | Amount: INR 41213.37,Food
Personal loan EMI deduction | Ref:0b925f45 | Amount: INR 41811.86,EMI
Dominos pizza order | Ref:cd394f26 | Amount: INR 2434.55,Food
Zerodha stock purchase | Ref:1247f0c0 | Amount: INR 26635.41,Investment
HDFC home loan EMI | Ref:b8732ec5 | Amount: INR 16788.39,EMI
Bajaj Finserv EMI payment | Ref:23f19c41 | Amount: INR 30750.54,EMI
Ola cab fare | Ref:cda611b8 | Amount: INR 9341.02,Travel
MakeMyTrip hotel booking | Ref:ecc91a12 | Amount: INR 21973.39,Travel
Reliance Digital purchase | Ref:cabce3f9 | Amount: INR 122.56,Shopping
Amazon online shopping | Ref:a8fb5f90 | Amount: INR 40143.09,Shopping
Flipkart electronics purchase | Ref:aabd41f2 | Amount: INR 12205.63,Shopping
PPF contribution | Ref:50a61ca2 | Amount: INR 17412.36,Investment
SBI car loan EMI | Ref:592263c5 | Amount: INR 35932.82,EMI
Flipkart electronics purchase | Ref:86158a67 | Amount: INR 35046.25,Shopping
Dominos pizza order | Ref:1c318226 | Amount: INR 47508.02,Food
RedBus bus ticket | Ref:3f8977f3 | Amount: INR 36088.23,Travel
Zerodha stock purchase | Ref:4b3db535 | Amount: INR 5395.47,Investment
HDFC home loan EMI | Ref:cbd88f25 | Amount: INR 43628.5,EMI
Zomato dinner bill | Ref:c72a33da | Amount: INR 11725.69,Food
Credit card EMI installment | Ref:93003bcc | Amount: INR 47551.14,EMI
Zerodha stock purchase | Ref:e9e98180 | Amount: INR 42807.85,Investment
Bajaj Finserv EMI payment | Ref:a9102778 | Amount: INR 33319.61,EMI
IndiGo flight ticket | Ref:303d5e49 | Amount: INR 5209.21,Travel
Dominos pizza order | Ref:8318d8a5 | Amount: INR 14181.3,Food
Zomato dinner bill | Ref:4762a538 | Amount: INR 2092.41,Food
IndiGo flight ticket | Ref:1f56f137 | Amount: INR 22680.51,Travel
Zomato dinner bill | Ref:d40d1abd | Amount: INR 19921.08,Food
Zomato dinner bill | Ref:484e98bd | Amount: INR 21614.19,Food
Credit card EMI installment | Ref:3c3f9b6f | Amount: INR 35544.54,EMI
Zerodha stock purchase | Ref:123184d5 | Amount: INR 34020.12,Investment
Amazon online shopping | Ref:ebc8a0ec | Amount: INR 49766.05,Shopping
SIP investment in mutual fund | Ref:d1d19114 | Amount: INR 6363.58,Investment
Zomato dinner bill | Ref:e0c52433 | Amount: INR 46453.72,Food
PPF contribution | Ref:3674b325 | Amount: INR 11402.46,Investment
Amazon online shopping | Ref:ed04c507 | Amount: INR 48523.34,Shopping
Restaurant dining at | Ref:d35129ef | Amount: INR 40592.54,Food
PPF contribution | Ref:c1490b71 | Amount: INR 41168.49,Investment
Flipkart electronics purchase | Ref:6d70389d | Amount: INR 15189.88,Shopping
Myntra clothing order | Ref:97f93d8e | Amount: INR 33220.81,Shopping
IndiGo flight ticket | Ref:4d50a613 | Amount: INR 7506.19,Travel
IKEA furniture shopping | Ref:170845b7 | Amount: INR 26847.18,Shopping
PPF contribution | Ref:8d020eb9 | Amount: INR 15015.55,Investment
MakeMyTrip hotel booking | Ref:7eb61403 | Amount: INR 15843.33,Travel
Grocery purchase at Big Bazaar | Ref:4f619598 | Amount: INR 12785.62,Food
Amazon online shopping | Ref:46bd92f9 | Amount: INR 19561.39,Shopping
Restaurant dining at | Ref:a59387af | Amount: INR 35328.54,Food
Fixed deposit investment | Ref:152e2b4d | Amount: INR 12700.88,Investment
Fixed deposit investment | Ref:4757d255 | Amount: INR 16871.49,Investment
Amazon online shopping | Ref:f0a01e44 | Amount: INR 38473.51,Shopping
Flipkart electronics purchase | Ref:aeab4db7 | Amount: INR 8174.69,Shopping
IKEA furniture shopping | Ref:e13bdd27 | Amount: INR 5947.0,Shopping
IndiGo flight ticket | Ref:1be5b6c7 | Amount: INR 18122.5,Travel
Credit card EMI installment | Ref:999c7827 | Amount: INR 31762.54,EMI
Bajaj Finserv EMI payment | Ref:ac50accc | Amount: INR 48337.65,EMI
Groww ETF investment | Ref:07e13324 | Amount: INR 41250.77,Investment
Bajaj Finserv EMI payment | Ref:11a81094 | Amount: INR 36277.95,EMI
RedBus bus ticket | Ref:95ce5126 | Amount: INR 26936.86,Travel
SIP investment in mutual fund | Ref:b735ffe7 | Amount: INR 31435.67,Investment
RedBus bus ticket | Ref:1cd88890 | Amount: INR 20401.89,Travel
HDFC home loan EMI | Ref:78ba1df0 | Amount: INR 47954.89,EMI
Zerodha stock purchase | Ref:fdd26308 | Amount: INR 12155.53,Investment
SBI car loan EMI | Ref:7e593fc8 | Amount: INR 45097.7,EMI
IRCTC train ticket booking | Ref:f4dc7665 | Amount: INR 26755.33,Travel
Cafe coffee purchase at | Ref:09e7ef14 | Amount: INR 986.17,Food
Grocery purchase at Big Bazaar | Ref:a9b1b0b0 | Amount: INR 18705.04,Food
MakeMyTrip hotel booking | Ref:d2afc8d5 | Amount: INR 42556.65,Travel
Groww ETF investment | Ref:4160cced | Amount: INR 40061.44,Investment
IRCTC train ticket booking | Ref:72e85912 | Amount: INR 41873.55,Travel
Zomato dinner bill | Ref:ca91648c | Amount: INR 16071.06,Food
Personal loan EMI deduction | Ref:c76343d6 | Amount: INR 41094.5,EMI
Ola cab fare | Ref:4e80d4af | Amount: INR 45503.97,Travel
Zerodha stock purchase | Ref:5cbe1f39 | Amount: INR 49416.94,Investment
Swiggy order payment | Ref:993248f7 | Amount: INR 41767.91,Food
Bajaj Finserv EMI payment | Ref:5760109d | Amount: INR 27550.07,EMI
Myntra clothing order | Ref:e84b6126 | Amount: INR 37363.34,Shopping
Personal loan EMI deduction | Ref:210f7928 | Amount: INR 48612.32,EMI
PPF contribution | Ref:234fd1b8 | Amount: INR 29635.89,Investment
McDonald's meal payment | Ref:aad8c03a | Amount: INR 25693.92,Food
Myntra clothing order | Ref:a2af1225 | Amount: INR 2701.61,Shopping
Grocery purchase at Big Bazaar | Ref:4c87bd25 | Amount: INR 32748.36,Food
Zerodha stock purchase | Ref:1f40f68f | Amount: INR 4380.07,Investment
Personal loan EMI deduction | Ref:fe3eb7e8 | Amount: INR 32684.16,EMI
Fixed deposit investment | Ref:c4c865e4 | Amount: INR 46625.45,Investment
Flipkart electronics purchase | Ref:3b1f28ac | Amount: INR 8043.86,Shopping
Bajaj Finserv EMI payment | Ref:621550e8 | Amount: INR 40323.2,EMI
Myntra clothing order | Ref:67e86fe1 | Amount: INR 16711.8,Shopping
Petrol pump fuel payment | Ref:2ab8f965 | Amount: INR 12332.71,Travel
Fixed deposit investment | Ref:b1addcb6 | Amount: INR 11159.21,Investment
Groww ETF investment | Ref:48e888ef | Amount: INR 18547.75,Investment
IRCTC train ticket booking | Ref:3fecf35f | Amount: INR 3437.31,Travel
SBI car loan EMI | Ref:c76a5cb9 | Amount: INR 31068.81,EMI
SBI car loan EMI | Ref:2c2b530b | Amount: INR 12885.66,EMI
Ola cab fare | Ref:2b342da7 | Amount: INR 41026.43,Travel
SIP investment in mutual fund | Ref:98be13a2 | Amount: INR 25561.64,Investment
Swiggy order payment | Ref:d8fde60b | Amount: INR 33721.45,Food
Dominos pizza order | Ref:aad0073a | Amount: INR 20102.36,Food
Grocery purchase at Big Bazaar | Ref:d43bf073 | Amount: INR 38281.52,Food
Personal loan EMI deduction | Ref:43cf9681 | Amount: INR 45089.73,EMI
Swiggy order payment | Ref:b1458bc8 | Amount: INR 39663.11,Food
Myntra clothing order | Ref:9c52c71b | Amount: INR 21628.06,Shopping
Petrol pump fuel payment | Ref:d948f22a | Amount: INR 27090.62,Travel
Swiggy order payment | Ref:c8241490 | Amount: INR 47992.02,Food
IRCTC train ticket booking | Ref:d76b67f9 | Amount: INR 21798.26,Travel
Amazon online shopping | Ref:26b9cef4 | Amount: INR 5106.19,Shopping
Ola cab fare | Ref:4df6486c | Amount: INR 368.58,Travel
Restaurant dining at | Ref:26e1b594 | Amount: INR 43942.16,Food
Credit card EMI installment | Ref:5458953a | Amount: INR 19992.0,EMI
Swiggy order payment | Ref:4dd18d4e | Amount: INR 1386.77,Food
Uber ride payment | Ref:c5e725dc | Amount: INR 9518.88,Travel
Personal loan EMI deduction | Ref:9ca3e942 | Amount: INR 15684.87,EMI
Personal loan EMI deduction | Ref:4cca96d2 | Amount: INR 2920.28,EMI
PPF contribution | Ref:bbe7e890 | Amount: INR 10055.19,Investment
Fixed deposit investment | Ref:0896493d | Amount: INR 44277.63,Investment
Restaurant dining at | Ref:f6861dde | Amount: INR 33179.1,Food
HDFC home loan EMI | Ref:ef476080 | Amount: INR 6742.62,EMI
Ola cab fare | Ref:889c2e76 | Amount: INR 5948.06,Travel
Ola cab fare | Ref:2c190ab6 | Amount: INR 43166.33,Travel
Swiggy order payment | Ref:f694e44f | Amount: INR 23038.65,Food
Zerodha stock purchase | Ref:61e07923 | Amount: INR 33561.57,Investment
PPF contribution | Ref:a69930e1 | Amount: INR 17594.0,Investment
Credit card EMI installment | Ref:4b65bb53 | Amount: INR 47928.41,EMI
McDonald's meal payment | Ref:e1438d51 | Amount: INR 34199.39,Food
Bajaj Finserv EMI payment | Ref:082c2724 | Amount: INR 22230.41,EMI
Groww ETF investment | Ref:adb195b0 | Amount: INR 12475.84,Investment
Amazon online shopping | Ref:7afc1376 | Amount: INR 42271.74,Shopping
Myntra clothing order | Ref:34f62071 | Amount: INR 32974.92,Shopping
Zerodha stock purchase | Ref:79e13744 | Amount: INR 41447.34,Investment
Swiggy order payment | Ref:52cf0eb2 | Amount: INR 42607.34,Food
Credit card EMI installment | Ref:e6b958fc | Amount: INR 18789.86,EMI
Myntra clothing order | Ref:88da7268 | Amount: INR 45450.71,Shopping
Ola cab fare | Ref:623d1bbf | Amount: INR 28250.73,Travel
Ola cab fare | Ref:f27ff0b2 | Amount: INR 26240.06,Travel
Grocery purchase at Big Bazaar | Ref:31479d24 | Amount: INR 250.27,Food
Groww ETF investment | Ref:217a382a | Amount: INR 49307.86,Investment
Zerodha stock purchase | Ref:812f6fcb | Amount: INR 37812.64,Investment
Personal loan EMI deduction | Ref:ce2bb31d | Amount: INR 14081.26,EMI
HDFC home loan EMI | Ref:eb45bd63 | Amount: INR 21735.74,EMI
PPF contribution | Ref:a0c728c5 | Amount: INR 13453.36,Investment
IndiGo flight ticket | Ref:1c8b3dd4 | Amount: INR 6235.94,Travel
Uber ride payment | Ref:18e8d413 | Amount: INR 27925.75,Travel
Amazon online shopping | Ref:9596aa4f | Amount: INR 2671.53,Shopping
IKEA furniture shopping | Ref:405565c1 | Amount: INR 9968.07,Shopping
Cafe coffee purchase at | Ref:787d4520 | Amount: INR 27341.04,Food
Restaurant dining at | Ref:286c6098 | Amount: INR 38238.57,Food
Myntra clothing order | Ref:d175082b | Amount: INR 7116.82,Shopping
Restaurant dining at | Ref:a8c15ea0 | Amount: INR 40710.61,Food
RedBus bus ticket | Ref:56b23124 | Amount: INR 23577.18,Travel
SIP investment in mutual fund | Ref:ffa1c639 | Amount: INR 12432.89,Investment
Dominos pizza order | Ref:c7d61aa7 | Amount: INR 3044.29,Food
IKEA furniture shopping | Ref:6b767a06 | Amount: INR 25118.12,Shopping
HDFC home loan EMI | Ref:bae6a46e | Amount: INR 3789.78,EMI
Ola cab fare | Ref:0debe8ea | Amount: INR 37262.2,Travel
SIP investment in mutual fund | Ref:0ebe0fbb | Amount: INR 4547.95,Investment
SBI car loan EMI | Ref:34a22baa | Amount: INR 48495.93,EMI
IRCTC train ticket booking | Ref:35abeada | Amount: INR 4579.36,Travel
Credit card EMI installment | Ref:333d6ce0 | Amount: INR 23816.01,EMI
SIP investment in mutual fund | Ref:efffcf7e | Amount: INR 33718.05,Investment
SIP investment in mutual fund | Ref:9c3c5335 | Amount: INR 18367.57,Investment
Credit card EMI installment | Ref:9f3804c6 | Amount: INR 26720.31,EMI
Myntra clothing order | Ref:d69959ee | Amount: INR 17095.1,Shopping
RedBus bus ticket | Ref:72a67ba4 | Amount: INR 38117.52,Travel
MakeMyTrip hotel booking | Ref:b7671694 | Amount: INR 13967.5,Travel
PPF contribution | Ref:4932818c | Amount: INR 3750.4,Investment
SBI car loan EMI | Ref:3e6fe67c | Amount: INR 38527.71,EMI
Dominos pizza order | Ref:25138ec4 | Amount: INR 30087.06,Food
IRCTC train ticket booking | Ref:0319431a | Amount: INR 38551.31,Travel
Myntra clothing order | Ref:3575b95f | Amount: INR 41060.29,Shopping
Fixed deposit investment | Ref:ca521494 | Amount: INR 26835.39,Investment
Fixed deposit investment | Ref:3e4b65ac | Amount: INR 17611.17,Investment
Fixed deposit investment | Ref:615b9bc5 | Amount: INR 28424.03,Investment
HDFC home loan EMI | Ref:dc386bce | Amount: INR 39977.15,EMI
Groww ETF investment | Ref:d7b1f307 | Amount: INR 629.54,Investment
Groww ETF investment | Ref:032aa9e1 | Amount: INR 45638.22,Investment
SBI car loan EMI | Ref:6c64b577 | Amount: INR 38329.16,EMI
RedBus bus ticket | Ref:29559517 | Amount: INR 34545.47,Travel
Ola cab fare | Ref:679c3974 | Amount: INR 7857.89,Travel
Zerodha stock purchase | Ref:f62a72c4 | Amount: INR 17291.39,Investment
Myntra clothing order | Ref:ba2e3c56 | Amount: INR 32751.97,Shopping
Grocery purchase at Big Bazaar | Ref:59e2d122 | Amount: INR 30557.03,Food
Fixed deposit investment | Ref:644bd0ed | Amount: INR 47301.49,Investment
Grocery purchase at Big Bazaar | Ref:7ec2b915 | Amount: INR 26150.9,Food
IKEA furniture shopping | Ref:a3dc829d | Amount: INR 19508.84,Shopping
Amazon online shopping | Ref:4467fd78 | Amount: INR 49101.41,Shopping
MakeMyTrip hotel booking | Ref:4302d259 | Amount: INR 41039.44,Travel
McDonald's meal payment | Ref:4a4e84cc | Amount: INR 15734.98,Food
Zerodha stock purchase | Ref:73d104e7 | Amount: INR 33985.57,Investment
MakeMyTrip hotel booking | Ref:b80d6a94 | Amount: INR 24601.42,Travel
Flipkart electronics purchase | Ref:c169a601 | Amount: INR 36351.89,Shopping
IKEA furniture shopping | Ref:f215487d | Amount: INR 13902.63,Shopping
Zomato dinner bill | Ref:5706ea0b | Amount: INR 30743.26,Food
Restaurant dining at | Ref:be4ee464 | Amount: INR 36041.33,Food
Fixed deposit investment | Ref:e254318c | Amount: INR 6633.17,Investment
Grocery purchase at Big Bazaar | Ref:c159f2f1 | Amount: INR 39749.55,Food
Zomato dinner bill | Ref:b440e5e4 | Amount: INR 41967.36,Food
Grocery purchase at Big Bazaar | Ref:368ef484 | Amount: INR 34979.61,Food
Amazon online shopping | Ref:b49d5529 | Amount: INR 48685.41,Shopping
PPF contribution | Ref:026a32fb | Amount: INR 27692.74,Investment
Personal loan EMI deduction | Ref:04a1d5db | Amount: INR 6416.67,EMI
SIP investment in mutual fund | Ref:4eea6510 | Amount: INR 1074.58,Investment
Flipkart electronics purchase | Ref:b82f0ba4 | Amount: INR 8087.84,Shopping
Zerodha stock purchase | Ref:78e696a8 | Amount: INR 14677.85,Investment
Flipkart electronics purchase | Ref:d035e39b | Amount: INR 6479.81,Shopping
Reliance Digital purchase | Ref:dac29ac6 | Amount: INR 49782.94,Shopping
Zerodha stock purchase | Ref:4044b355 | Amount: INR 40853.72,Investment
Personal loan EMI deduction | Ref:d01dcf3f | Amount: INR 9974.24,EMI
MakeMyTrip hotel booking | Ref:bdd83087 | Amount: INR 24439.34,Travel
IRCTC train ticket booking | Ref:52babae8 | Amount: INR 20819.26,Travel
Swiggy order payment | Ref:1c84f79a | Amount: INR 29720.28,Food
IKEA furniture shopping | Ref:ca51d221 | Amount: INR 19077.84,Shopping
Swiggy order payment | Ref:07b27879 | Amount: INR 43499.84,Food
IRCTC train ticket booking | Ref:ad4c2fb9 | Amount: INR 27658.76,Travel
Zerodha stock purchase | Ref:b05192b6 | Amount: INR 41495.99,Investment
MakeMyTrip hotel booking | Ref:775b8839 | Amount: INR 15639.37,Travel
Grocery purchase at Big Bazaar | Ref:67826eb2 | Amount: INR 39454.04,Food
Amazon online shopping | Ref:cb618522 | Amount: INR 1957.77,Shopping
IRCTC train ticket booking | Ref:3da289f2 | Amount: INR 2641.01,Travel
Ola cab fare | Ref:1c337dd2 | Amount: INR 17908.17,Travel
RedBus bus ticket | Ref:e6bd44fb | Amount: INR 30338.37,Travel
Swiggy order payment | Ref:bba0ebe0 | Amount: INR 41580.71,Food
Myntra clothing order | Ref:65d3da48 | Amount: INR 40890.54,Shopping
Grocery purchase at Big Bazaar | Ref:1a021921 | Amount: INR 39278.62,Food
Amazon online shopping | Ref:9af8671f | Amount: INR 11300.52,Shopping
PPF contribution | Ref:29ccb5ca | Amount: INR 7021.41,Investment
Fixed deposit investment | Ref:50285639 | Amount: INR 100.27,Investment
Flipkart electronics purchase | Ref:f8a4e8d6 | Amount: INR 17665.8,Shopping
IKEA furniture shopping | Ref:75ac3c12 | Amount: INR 2017.1,Shopping
Personal loan EMI deduction | Ref:8d7b65d9 | Amount: INR 38014.46,EMI
SIP investment in mutual fund | Ref:8d065637 | Amount: INR 36146.21,Investment
Credit card EMI installment | Ref:642a4040 | Amount: INR 12284.95,EMI
RedBus bus ticket | Ref:431387af | Amount: INR 11115.21,Travel
IndiGo flight ticket | Ref:67b9230e | Amount: INR 38187.95,Travel
Bajaj Finserv EMI payment | Ref:4e6c26bd | Amount: INR 16164.03,EMI
MakeMyTrip hotel booking | Ref:3cb3094e | Amount: INR 5184.54,Travel
SIP investment in mutual fund | Ref:81f0e54f | Amount: INR 17574.83,Investment
Flipkart electronics purchase | Ref:bc9e7c89 | Amount: INR 23205.77,Shopping
Groww ETF investment | Ref:2c02eeb7 | Amount: INR 12526.18,Investment
MakeMyTrip hotel booking | Ref:7fe9c4cd | Amount: INR 38527.48,Travel
IndiGo flight ticket | Ref:cb10ddfa | Amount: INR 15549.2,Travel
Amazon online shopping | Ref:e647ad79 | Amount: INR 32759.37,Shopping
Groww ETF investment | Ref:23eb3ce1 | Amount: INR 15999.82,Investment
MakeMyTrip hotel booking | Ref:e0da9c21 | Amount: INR 26568.55,Travel
Personal loan EMI deduction | Ref:eb5361f1 | Amount: INR 14437.23,EMI
Petrol pump fuel payment | Ref:add5d844 | Amount: INR 25833.91,Travel
SIP investment in mutual fund | Ref:b919f2d5 | Amount: INR 45632.29,Investment
RedBus bus ticket | Ref:cf2b6bb3 | Amount: INR 6111.86,Travel
SIP investment in mutual fund | Ref:fd118ffd | Amount: INR 30996.37,Investment
SBI car loan EMI | Ref:9c2f7182 | Amount: INR 31415.98,EMI
Reliance Digital purchase | Ref:24a276bd | Amount: INR 37440.65,Shopping
Cafe coffee purchase at | Ref:3909b8ee | Amount: INR 49673.06,Food
Groww ETF investment | Ref:62cf0186 | Amount: INR 15209.67,Investment
Credit card EMI installment | Ref:65ee3d7d | Amount: INR 36940.08,EMI
IKEA furniture shopping | Ref:70d8f81b | Amount: INR 35341.36,Shopping
IndiGo flight ticket | Ref:1ef32525 | Amount: INR 3240.7,Travel
Zomato dinner bill | Ref:bae901c6 | Amount: INR 31814.3,Food
Dominos pizza order | Ref:886d4fe2 | Amount: INR 35043.01,Food
Petrol pump fuel payment | Ref:20c80502 | Amount: INR 25199.62,Travel
Petrol pump fuel payment | Ref:f21a0297 | Amount: INR 32243.84,Travel
SIP investment in mutual fund | Ref:f62ba992 | Amount: INR 30009.17,Investment
Credit card EMI installment | Ref:a1ebe294 | Amount: INR 33822.15,EMI
Personal loan EMI deduction | Ref:7e637d3e | Amount: INR 38155.49,EMI
Zomato dinner bill | Ref:941849f6 | Amount: INR 13385.56,Food
SBI car loan EMI | Ref:86307b45 | Amount: INR 46592.41,EMI
MakeMyTrip hotel booking | Ref:3eab14dc | Amount: INR 48940.91,Travel
Myntra clothing order | Ref:3425c54d | Amount: INR 7546.56,Shopping
SIP investment in mutual fund | Ref:390715f3 | Amount: INR 42486.48,Investment
MakeMyTrip hotel booking | Ref:2c8b4439 | Amount: INR 29975.45,Travel
Personal loan EMI deduction | Ref:f453e7ae | Amount: INR 36409.7,EMI
PPF contribution | Ref:3cb325a0 | Amount: INR 45337.06,Investment
Reliance Digital purchase | Ref:ce26d9f5 | Amount: INR 16548.09,Shopping
Credit card EMI installment | Ref:c591cc5c | Amount: INR 6273.81,EMI
PPF contribution | Ref:9f517396 | Amount: INR 23801.2,Investment
MakeMyTrip hotel booking | Ref:bf9d2279 | Amount: INR 4903.34,Travel
Amazon online shopping | Ref:28dbfbfa | Amount: INR 39332.06,Shopping
Swiggy order payment | Ref:b32fb31c | Amount: INR 49422.55,Food
Petrol pump fuel payment | Ref:b627a2d1 | Amount: INR 42042.18,Travel
Zomato dinner bill | Ref:7c95ca80 | Amount: INR 44323.48,Food
SBI car loan EMI | Ref:5fd30e22 | Amount: INR 23178.29,EMI
Myntra clothing order | Ref:dc8c85ae | Amount: INR 48385.27,Shopping
Ola cab fare | Ref:e8ed3642 | Amount: INR 28781.67,Travel
Reliance Digital purchase | Ref:022ad104 | Amount: INR 29416.31,Shopping
Petrol pump fuel payment | Ref:280ba05f | Amount: INR 41387.41,Travel
SBI car loan EMI | Ref:114b4b85 | Amount: INR 34018.54,EMI
IndiGo flight ticket | Ref:63f94a8f | Amount: INR 47511.6,Travel
Myntra clothing order | Ref:4cf02afa | Amount: INR 33574.57,Shopping
Fixed deposit investment | Ref:030bdac5 | Amount: INR 25564.76,Investment
IKEA furniture shopping | Ref:6d06404e | Amount: INR 32882.35,Shopping
Cafe coffee purchase at | Ref:6c6a4aba | Amount: INR 37249.34,Food
Amazon online shopping | Ref:a47b1e99 | Amount: INR 8388.41,Shopping
PPF contribution | Ref:dafc8b8d | Amount: INR 47654.6,Investment
Flipkart electronics purchase | Ref:0c56eb11 | Amount: INR 37243.66,Shopping
McDonald's meal payment | Ref:acbded92 | Amount: INR 39612.01,Food
Credit card EMI installment | Ref:adc457ff | Amount: INR 33604.51,EMI
Zomato dinner bill | Ref:0852804a | Amount: INR 15374.37,Food
Flipkart electronics purchase | Ref:88889814 | Amount: INR 1200.19,Shopping
Bajaj Finserv EMI payment | Ref:03ac66a0 | Amount: INR 33765.7,EMI
Fixed deposit investment | Ref:dc2b4e64 | Amount: INR 5755.89,Investment
Dominos pizza order | Ref:25984907 | Amount: INR 4898.38,Food
IKEA furniture shopping | Ref:e776610b | Amount: INR 47745.18,Shopping
Uber ride payment | Ref:3994ed1c | Amount: INR 23563.24,Travel
Restaurant dining at | Ref:9f31562e | Amount: INR 14381.34,Food
MakeMyTrip hotel booking | Ref:932d3b38 | Amount: INR 30351.05,Travel
McDonald's meal payment | Ref:7cda55b8 | Amount: INR 8059.15,Food
MakeMyTrip hotel booking | Ref:6dbaa9ba | Amount: INR 20459.85,Travel
PPF contribution | Ref:5efcee7a | Amount: INR 1487.7,Investment
McDonald's meal payment | Ref:f82881b8 | Amount: INR 11968.79,Food
Ola cab fare | Ref:7045c1df | Amount: INR 29220.1,Travel
PPF contribution | Ref:7e1eb33b | Amount: INR 46295.19,Investment
Groww ETF investment | Ref:ebe4d0c6 | Amount: INR 46329.58,Investment
Bajaj Finserv EMI payment | Ref:330426f7 | Amount: INR 29884.52,EMI
IRCTC train ticket booking | Ref:5057a674 | Amount: INR 9731.75,Travel
Credit card EMI installment | Ref:ce5b7a4f | Amount: INR 49098.15,EMI
Bajaj Finserv EMI payment | Ref:a1de9daf | Amount: INR 31150.66,EMI
Credit card EMI installment | Ref:839794cb | Amount: INR 29265.32,EMI
Uber ride payment | Ref:36e8bff7 | Amount: INR 16179.08,Travel
Restaurant dining at | Ref:9aaed26a | Amount: INR 30434.46,Food
Swiggy order payment | Ref:cf81cd1d | Amount: INR 1494.45,Food
Cafe coffee purchase at | Ref:93d55943 | Amount: INR 31719.18,Food
Personal loan EMI deduction | Ref:7233027c | Amount: INR 45909.39,EMI
Fixed deposit investment | Ref:7820c15a | Amount: INR 7746.18,Investment
Uber ride payment | Ref:f92400b9 | Amount: INR 10516.02,Travel
McDonald's meal payment | Ref:763c7bb7 | Amount: INR 38966.23,Food
IKEA furniture shopping | Ref:014c90ea | Amount: INR 19887.77,Shopping
Swiggy order payment | Ref:3d99c10d | Amount: INR 3999.3,Food
Swiggy order payment | Ref:fdc5c78e | Amount: INR 33247.06,Food
McDonald's meal payment | Ref:8dfc5057 | Amount: INR 32117.95,Food
SBI car loan EMI | Ref:72727221 | Amount: INR 34703.63,EMI
Bajaj Finserv EMI payment | Ref:aa14f0b3 | Amount: INR 44581.08,EMI
PPF contribution | Ref:d717c914 | Amount: INR 20552.49,Investment
Grocery purchase at Big Bazaar | Ref:f9b16b75 | Amount: INR 46670.59,Food
RedBus bus ticket | Ref:577622bc | Amount: INR 3859.66,Travel
Ola cab fare | Ref:e28c8489 | Amount: INR 2547.43,Travel
RedBus bus ticket | Ref:d724c335 | Amount: INR 27812.71,Travel
Ola cab fare | Ref:50f312b8 | Amount: INR 4787.57,Travel
Fixed deposit investment | Ref:b55435f9 | Amount: INR 25697.53,Investment
SBI car loan EMI | Ref:0afb613b | Amount: INR 26049.37,EMI
IRCTC train ticket booking | Ref:e6976728 | Amount: INR 31863.12,Travel
Dominos pizza order | Ref:166657bb | Amount: INR 3265.28,Food
Bajaj Finserv EMI payment | Ref:8c582e1c | Amount: INR 18047.8,EMI
Bajaj Finserv EMI payment | Ref:3edc3c21 | Amount: INR 9236.49,EMI
Myntra clothing order | Ref:c60249ba | Amount: INR 8706.43,Shopping
RedBus bus ticket | Ref:809f7a75 | Amount: INR 26993.42,Travel
Reliance Digital purchase | Ref:16d6eb6d | Amount: INR 4446.59,Shopping
Grocery purchase at Big Bazaar | Ref:7d3e77a7 | Amount: INR 37254.77,Food
McDonald's meal payment | Ref:f04794e5 | Amount: INR 46477.57,Food
HDFC home loan EMI | Ref:458c5a80 | Amount: INR 18056.65,EMI
Uber ride payment | Ref:bd8c3daf | Amount: INR 38798.69,Travel
Credit card EMI installment | Ref:e27cbe2d | Amount: INR 21743.4,EMI
MakeMyTrip hotel booking | Ref:bbbb5f20 | Amount: INR 42309.49,Travel
Flipkart electronics purchase | Ref:ed6ec2ae | Amount: INR 41697.48,Shopping
IKEA furniture shopping | Ref:ab6f7872 | Amount: INR 10147.73,Shopping
Reliance Digital purchase | Ref:ab457ab8 | Amount: INR 37352.3,Shopping
Grocery purchase at Big Bazaar | Ref:679d554c | Amount: INR 25541.22,Food
IKEA furniture shopping | Ref:3c61ca24 | Amount: INR 29046.89,Shopping
Grocery purchase at Big Bazaar | Ref:15fc79db | Amount: INR 12914.05,Food
Myntra clothing order | Ref:5fd29e70 | Amount: INR 34737.52,Shopping
Dominos pizza order | Ref:fc1c6c8a | Amount: INR 16355.72,Food
Flipkart electronics purchase | Ref:e43a4895 | Amount: INR 6010.62,Shopping
HDFC home loan EMI | Ref:610eb6ea | Amount: INR 40859.16,EMI
SBI car loan EMI | Ref:fecdca31 | Amount: INR 37889.63,EMI
Uber ride payment | Ref:f32828fb | Amount: INR 14581.97,Travel
IRCTC train ticket booking | Ref:b2442e91 | Amount: INR 44654.33,Travel
IKEA furniture shopping | Ref:89ffbeb1 | Amount: INR 23890.25,Shopping
IKEA furniture shopping | Ref:e17db72f | Amount: INR 19283.18,Shopping
Credit card EMI installment | Ref:ec7399da | Amount: INR 34890.85,EMI
SIP investment in mutual fund | Ref:8bc7f8e9 | Amount: INR 46659.6,Investment
IRCTC train ticket booking | Ref:f9ee8b27 | Amount: INR 18878.92,Travel
SBI car loan EMI | Ref:dfc69f24 | Amount: INR 18973.04,EMI
MakeMyTrip hotel booking | Ref:deab2290 | Amount: INR 22096.77,Travel
Dominos pizza order | Ref:9f5d1f28 | Amount: INR 12921.08,Food
Amazon online shopping | Ref:0b6654ac | Amount: INR 27542.63,Shopping
Credit card EMI installment | Ref:d6a5c65f | Amount: INR 43800.49,EMI
Restaurant dining at | Ref:81ec9d67 | Amount: INR 10826.36,Food
SBI car loan EMI | Ref:3659d1e3 | Amount: INR 4805.22,EMI
Bajaj Finserv EMI payment | Ref:322d6da6 | Amount: INR 1969.58,EMI
Petrol pump fuel payment | Ref:4353b3d7 | Amount: INR 5853.43,Travel
Amazon online shopping | Ref:d7433140 | Amount: INR 19251.76,Shopping
MakeMyTrip hotel booking | Ref:5cd7e7d6 | Amount: INR 47009.6,Travel
SBI car loan EMI | Ref:5c8721c4 | Amount: INR 21490.09,EMI
PPF contribution | Ref:39a87441 | Amount: INR 39740.36,Investment
Amazon online shopping | Ref:b6c98c31 | Amount: INR 755.04,Shopping
Ola cab fare | Ref:1c192d63 | Amount: INR 37256.76,Travel
Grocery purchase at Big Bazaar | Ref:050f327d | Amount: INR 17639.58,Food
Cafe coffee purchase at | Ref:017827ea | Amount: INR 7837.68,Food
McDonald's meal payment | Ref:e3fe03e4 | Amount: INR 36005.35,Food
MakeMyTrip hotel booking | Ref:17c5e3cd | Amount: INR 38025.02,Travel
Fixed deposit investment | Ref:28937025 | Amount: INR 9433.01,Investment
Groww ETF investment | Ref:1ef430c7 | Amount: INR 25390.38,Investment
Zerodha stock purchase | Ref:725f7783 | Amount: INR 18582.48,Investment
SBI car loan EMI | Ref:21746c78 | Amount: INR 30261.37,EMI
Zerodha stock purchase | Ref:003e3585 | Amount: INR 10603.04,Investment
Restaurant dining at | Ref:0b3ec9ec | Amount: INR 47756.38,Food
Flipkart electronics purchase | Ref:049a184d | Amount: INR 35931.38,Shopping
Flipkart electronics purchase | Ref:bbcbedcc | Amount: INR 23381.09,Shopping
Groww ETF investment | Ref:fbd61abb | Amount: INR 16231.19,Investment
Ola cab fare | Ref:5408d86d | Amount: INR 5385.36,Travel
IRCTC train ticket booking | Ref:a862b05e | Amount: INR 15771.0,Travel
Zerodha stock purchase | Ref:f400bd96 | Amount: INR 27805.95,Investment
MakeMyTrip hotel booking | Ref:9e668e6a | Amount: INR 41007.15,Travel
Dominos pizza order | Ref:050ea8c7 | Amount: INR 26730.05,Food
Petrol pump fuel payment | Ref:25b0823e | Amount: INR 39824.36,Travel
Amazon online shopping | Ref:22095300 | Amount: INR 8078.86,Shopping
Grocery purchase at Big Bazaar | Ref:dba925d1 | Amount: INR 22070.44,Food
Bajaj Finserv EMI payment | Ref:d31b489c | Amount: INR 33710.46,EMI
IKEA furniture shopping | Ref:224c0c9e | Amount: INR 44659.35,Shopping
Groww ETF investment | Ref:2e8a10c2 | Amount: INR 29870.34,Investment
MakeMyTrip hotel booking | Ref:143fe6d3 | Amount: INR 43429.64,Travel
Reliance Digital purchase | Ref:eef21332 | Amount: INR 31004.53,Shopping
SBI car loan EMI | Ref:eb738dce | Amount: INR 7147.33,EMI
Groww ETF investment | Ref:db599de9 | Amount: INR 27852.1,Investment
Zerodha stock purchase | Ref:d1b52b76 | Amount: INR 5531.15,Investment
Amazon online shopping | Ref:6d2fbb78 | Amount: INR 42100.78,Shopping
Groww ETF investment | Ref:c03bf694 | Amount: INR 18515.12,Investment
Fixed deposit investment | Ref:7c864dcb | Amount: INR 47166.34,Investment
HDFC home loan EMI | Ref:84df5754 | Amount: INR 12496.4,EMI
PPF contribution | Ref:2a49bb03 | Amount: INR 40194.09,Investment
Swiggy order payment | Ref:cf56c1df | Amount: INR 22983.43,Food
SIP investment in mutual fund | Ref:c194831a | Amount: INR 7136.64,Investment
Personal loan EMI deduction | Ref:c0301a56 | Amount: INR 7662.13,EMI
IKEA furniture shopping | Ref:cf4ebf43 | Amount: INR 6303.47,Shopping
PPF contribution | Ref:90f71dfe | Amount: INR 38628.49,Investment
Uber ride payment | Ref:ce0eb1a5 | Amount: INR 48054.48,Travel
IndiGo flight ticket | Ref:f3259c1f | Amount: INR 5742.05,Travel
Swiggy order payment | Ref:220a96b8 | Amount: INR 37038.78,Food
Myntra clothing order | Ref:13db8965 | Amount: INR 15824.44,Shopping
IKEA furniture shopping | Ref:379cfdfe | Amount: INR 26163.0,Shopping
SBI car loan EMI | Ref:32014ba3 | Amount: INR 31501.75,EMI
Flipkart electronics purchase | Ref:b4d6b140 | Amount: INR 45692.05,Shopping
Ola cab fare | Ref:f9058adb | Amount: INR 21756.37,Travel
RedBus bus ticket | Ref:1019b8ee | Amount: INR 33624.78,Travel
Fixed deposit investment | Ref:cc0f2137 | Amount: INR 21452.23,Investment
Zerodha stock purchase | Ref:1e28769a | Amount: INR 45735.56,Investment
HDFC home loan EMI | Ref:9f3cf850 | Amount: INR 48517.74,EMI
Groww ETF investment | Ref:0f5737d4 | Amount: INR 22704.53,Investment
MakeMyTrip hotel booking | Ref:7eb88510 | Amount: INR 14722.03,Travel
Grocery purchase at Big Bazaar | Ref:a463dc89 | Amount: INR 36375.39,Food
SBI car loan EMI | Ref:6d5ad791 | Amount: INR 46088.46,EMI
SIP investment in mutual fund | Ref:1a959e71 | Amount: INR 47553.11,Investment
Swiggy order payment | Ref:8318488f | Amount: INR 40483.44,Food
Cafe coffee purchase at | Ref:54c1500f | Amount: INR 5843.53,Food
IKEA furniture shopping | Ref:9c5978d5 | Amount: INR 38041.05,Shopping
SBI car loan EMI | Ref:49f2e4a5 | Amount: INR 6193.02,EMI
Petrol pump fuel payment | Ref:79032ae2 | Amount: INR 5983.02,Travel
Groww ETF investment | Ref:457c7faa | Amount: INR 8941.72,Investment
HDFC home loan EMI | Ref:25a5d4a3 | Amount: INR 35826.73,EMI
Cafe coffee purchase at | Ref:84bf6cfe | Amount: INR 44431.04,Food
RedBus bus ticket | Ref:f4c93ead | Amount: INR 43231.51,Travel
Flipkart electronics purchase | Ref:59ecf910 | Amount: INR 12510.87,Shopping
Uber ride payment | Ref:f857cd3b | Amount: INR 7181.83,Travel
HDFC home loan EMI | Ref:206bfbd3 | Amount: INR 47795.29,EMI
Uber ride payment | Ref:1f3463a7 | Amount: INR 12956.92,Travel
Grocery purchase at Big Bazaar | Ref:180caa50 | Amount: INR 43222.71,Food
IKEA furniture shopping | Ref:9a2f8bb8 | Amount: INR 30864.58,Shopping
Credit card EMI installment | Ref:14429a55 | Amount: INR 12055.38,EMI
Ola cab fare | Ref:6181f579 | Amount: INR 29382.09,Travel
Petrol pump fuel payment | Ref:dd22a2c0 | Amount: INR 8515.67,Travel
Reliance Digital purchase | Ref:4449b76b | Amount: INR 35051.42,Shopping
Credit card EMI installment | Ref:e1fa2852 | Amount: INR 33741.34,EMI
PPF contribution | Ref:f4f62847 | Amount: INR 10574.66,Investment
Reliance Digital purchase | Ref:27000bff | Amount: INR 34078.88,Shopping
Dominos pizza order | Ref:6fbb2c48 | Amount: INR 21283.06,Food
Petrol pump fuel payment | Ref:941e6502 | Amount: INR 2237.9,Travel
Zomato dinner bill | Ref:cc3ffab9 | Amount: INR 13018.24,Food
RedBus bus ticket | Ref:fa6dd4f4 | Amount: INR 6646.85,Travel
Myntra clothing order | Ref:22b4724c | Amount: INR 28725.7,Shopping
Ola cab fare | Ref:49fefd52 | Amount: INR 43252.71,Travel
Cafe coffee purchase at | Ref:6afdcad9 | Amount: INR 33053.67,Food
IRCTC train ticket booking | Ref:6d27886d | Amount: INR 34217.88,Travel
RedBus bus ticket | Ref:b35ba99d | Amount: INR 30784.63,Travel
McDonald's meal payment | Ref:0e6a41f0 | Amount: INR 41213.27,Food
Amazon online shopping | Ref:fc717948 | Amount: INR 8045.26,Shopping
Ola cab fare | Ref:04f7bf1f | Amount: INR 41370.41,Travel
IKEA furniture shopping | Ref:7d314ac5 | Amount: INR 12627.81,Shopping
Cafe coffee purchase at | Ref:686fbdc1 | Amount: INR 10470.66,Food
Zerodha stock purchase | Ref:e31f05cb | Amount: INR 41260.02,Investment
Fixed deposit investment | Ref:96690fde | Amount: INR 15900.86,Investment
Dominos pizza order | Ref:4fd6454d | Amount: INR 14530.73,Food
Restaurant dining at | Ref:efcaca65 | Amount: INR 48709.23,Food
Dominos pizza order | Ref:45af02bc | Amount: INR 27610.82,Food
IndiGo flight ticket | Ref:5def12ab | Amount: INR 31925.67,Travel
SBI car loan EMI | Ref:f770c270 | Amount: INR 39204.34,EMI
SBI car loan EMI | Ref:e870ee0e | Amount: INR 35296.85,EMI
Personal loan EMI deduction | Ref:be942b6c | Amount: INR 29363.83,EMI
Petrol pump fuel payment | Ref:266bfcc2 | Amount: INR 49143.66,Travel
Swiggy order payment | Ref:e116c4f2 | Amount: INR 46071.59,Food
Credit card EMI installment | Ref:98f83bef | Amount: INR 987.3,EMI
Credit card EMI installment | Ref:e16ba5f9 | Amount: INR 16463.24,EMI
PPF contribution | Ref:a5a72c85 | Amount: INR 19312.86,Investment
SBI car loan EMI | Ref:7cab6ea7 | Amount: INR 39934.03,EMI
RedBus bus ticket | Ref:c15ea907 | Amount: INR 8420.4,Travel
Restaurant dining at | Ref:d8a7e652 | Amount: INR 43176.27,Food
Fixed deposit investment | Ref:738ba0df | Amount: INR 34105.93,Investment
Personal loan EMI deduction | Ref:c1dfba44 | Amount: INR 20825.64,EMI
Fixed deposit investment | Ref:92b59fe7 | Amount: INR 24368.7,Investment
Zomato dinner bill | Ref:d7343ca2 | Amount: INR 18677.89,Food
Groww ETF investment | Ref:69f7e6dc | Amount: INR 41793.63,Investment
MakeMyTrip hotel booking | Ref:2577f965 | Amount: INR 15256.23,Travel
SBI car loan EMI | Ref:7a6eabbf | Amount: INR 49441.6,EMI
Cafe coffee purchase at | Ref:c4886a52 | Amount: INR 6917.7,Food
Credit card EMI installment | Ref:13c9024a | Amount: INR 8366.01,EMI
Amazon online shopping | Ref:209408c5 | Amount: INR 21286.32,Shopping
Grocery purchase at Big Bazaar | Ref:0a398d2d | Amount: INR 17573.23,Food
IndiGo flight ticket | Ref:005b8be6 | Amount: INR 20593.34,Travel
Uber ride payment | Ref:ed53fee6 | Amount: INR 19847.26,Travel
Credit card EMI installment | Ref:f7e2a762 | Amount: INR 9455.6,EMI
IndiGo flight ticket | Ref:9338bb57 | Amount: INR 22853.08,Travel
HDFC home loan EMI | Ref:e5a6f542 | Amount: INR 9193.07,EMI
Personal loan EMI deduction | Ref:c841ac7a | Amount: INR 40286.12,EMI
Fixed deposit investment | Ref:238f7f72 | Amount: INR 13150.09,Investment
Flipkart electronics purchase | Ref:4fa86bd6 | Amount: INR 7878.71,Shopping
Credit card EMI installment | Ref:437110d7 | Amount: INR 6262.36,EMI
IKEA furniture shopping | Ref:37d47f38 | Amount: INR 24810.52,Shopping
Bajaj Finserv EMI payment | Ref:ef1579ac | Amount: INR 42682.68,EMI
Zerodha stock purchase | Ref:bdfb513c | Amount: INR 20256.31,Investment
IKEA furniture shopping | Ref:d74f1bdc | Amount: INR 7273.63,Shopping
Myntra clothing order | Ref:d99dcc94 | Amount: INR 46591.21,Shopping
SIP investment in mutual fund | Ref:eafdb968 | Amount: INR 36522.98,Investment
IKEA furniture shopping | Ref:8fcb6f66 | Amount: INR 381.13,Shopping
Cafe coffee purchase at | Ref:bb36cfda | Amount: INR 14216.39,Food
PPF contribution | Ref:79600995 | Amount: INR 7110.25,Investment
SIP investment in mutual fund | Ref:7a35b82a | Amount: INR 38631.37,Investment
PPF contribution | Ref:88de66c4 | Amount: INR 29675.25,Investment
McDonald's meal payment | Ref:8c306813 | Amount: INR 5120.44,Food
McDonald's meal payment | Ref:ac36a499 | Amount: INR 13908.29,Food
Ola cab fare | Ref:dc16677d | Amount: INR 3892.28,Travel
Credit card EMI installment | Ref:d003c0ff | Amount: INR 25596.43,EMI
Zerodha stock purchase | Ref:31db375d | Amount: INR 40251.69,Investment
PPF contribution | Ref:3d6eee8e | Amount: INR 19109.17,Investment
Swiggy order payment | Ref:ad20e8e7 | Amount: INR 11584.76,Food
Groww ETF investment | Ref:9ed16af8 | Amount: INR 30712.7,Investment
Bajaj Finserv EMI payment | Ref:2d756d45 | Amount: INR 42467.95,EMI
HDFC home loan EMI | Ref:85ec8036 | Amount: INR 25252.22,EMI
RedBus bus ticket | Ref:f8d3493e | Amount: INR 11671.65,Travel
Grocery purchase at Big Bazaar | Ref:f4833f15 | Amount: INR 13067.79,Food
Groww ETF investment | Ref:baaa6028 | Amount: INR 7450.98,Investment
Grocery purchase at Big Bazaar | Ref:82a41605 | Amount: INR 26918.9,Food
Bajaj Finserv EMI payment | Ref:51b6ab09 | Amount: INR 32471.4,EMI
IKEA furniture shopping | Ref:1b8ae7f2 | Amount: INR 20356.39,Shopping
McDonald's meal payment | Ref:a5d30c8d | Amount: INR 41534.33,Food
Uber ride payment | Ref:8e529fe6 | Amount: INR 23967.15,Travel
Cafe coffee purchase at | Ref:aa2adfc6 | Amount: INR 20876.8,Food
Zerodha stock purchase | Ref:1920dde6 | Amount: INR 3189.92,Investment
Zomato dinner bill | Ref:dcc270e6 | Amount: INR 21020.29,Food
Flipkart electronics purchase | Ref:807f9fb9 | Amount: INR 28423.02,Shopping
Reliance Digital purchase | Ref:f0a4c8fb | Amount: INR 13164.77,Shopping
McDonald's meal payment | Ref:30b0359b | Amount: INR 37422.19,Food
Restaurant dining at | Ref:6e30d930 | Amount: INR 39254.58,Food
Uber ride payment | Ref:cd55225d | Amount: INR 47453.09,Travel
SIP investment in mutual fund | Ref:15210bbe | Amount: INR 8382.13,Investment
SBI car loan EMI | Ref:5234cd2b | Amount: INR 32399.63,EMI
PPF contribution | Ref:34b1f7e5 | Amount: INR 4167.27,Investment
Petrol pump fuel payment | Ref:80231df9 | Amount: INR 6398.13,Travel
HDFC home loan EMI | Ref:99c3b383 | Amount: INR 32562.77,EMI
IRCTC train ticket booking | Ref:7fddd604 | Amount: INR 13868.64,Travel
SIP investment in mutual fund | Ref:995c5201 | Amount: INR 32296.58,Investment
Petrol pump fuel payment | Ref:8e4ecb27 | Amount: INR 27965.26,Travel
IKEA furniture shopping | Ref:614ef9c0 | Amount: INR 7794.1,Shopping
Reliance Digital purchase | Ref:4bb2c269 | Amount: INR 14243.14,Shopping
Grocery purchase at Big Bazaar | Ref:9ea07fd0 | Amount: INR 39871.18,Food
Amazon online shopping | Ref:ac37abc9 | Amount: INR 44515.74,Shopping
Zomato dinner bill | Ref:270c2ef1 | Amount: INR 31261.89,Food
MakeMyTrip hotel booking | Ref:ae527748 | Amount: INR 1425.19,Travel
PPF contribution | Ref:92fe2e44 | Amount: INR 38494.78,Investment
RedBus bus ticket | Ref:b815e5bd | Amount: INR 886.32,Travel
Zomato dinner bill | Ref:f8cece0c | Amount: INR 39682.02,Food
McDonald's meal payment | Ref:64a5efac | Amount: INR 34787.82,Food
IndiGo flight ticket | Ref:12a65dea | Amount: INR 34988.28,Travel
Credit card EMI installment | Ref:bc9b4c4d | Amount: INR 38304.65,EMI
SBI car loan EMI | Ref:68202ccb | Amount: INR 38032.87,EMI
Dominos pizza order | Ref:e9fe0b60 | Amount: INR 30012.77,Food
Swiggy order payment | Ref:6619e1e4 | Amount: INR 19011.7,Food
Myntra clothing order | Ref:79748c95 | Amount: INR 6118.43,Shopping
IKEA furniture shopping | Ref:3a02c3b7 | Amount: INR 38462.17,Shopping
Amazon online shopping | Ref:53718d2a | Amount: INR 38271.44,Shopping
Cafe coffee purchase at | Ref:20538977 | Amount: INR 29486.55,Food
PPF contribution | Ref:1b937042 | Amount: INR 44524.01,Investment
IKEA furniture shopping | Ref:5fdc362b | Amount: INR 46220.11,Shopping
Groww ETF investment | Ref:090e4555 | Amount: INR 46397.14,Investment
PPF contribution | Ref:196181b1 | Amount: INR 17215.7,Investment
Reliance Digital purchase | Ref:57aaab7b | Amount: INR 235.31,Shopping
SIP investment in mutual fund | Ref:fc4bd765 | Amount: INR 1900.28,Investment
Petrol pump fuel payment | Ref:120dc11b | Amount: INR 36429.95,Travel
Ola cab fare | Ref:fbe904a7 | Amount: INR 8794.71,Travel
MakeMyTrip hotel booking | Ref:5a248a01 | Amount: INR 33284.27,Travel
Restaurant dining at | Ref:3642990e | Amount: INR 34348.91,Food
Amazon online shopping | Ref:70490e59 | Amount: INR 38351.28,Shopping
MakeMyTrip hotel booking | Ref:1de9685b | Amount: INR 41145.45,Travel
RedBus bus ticket | Ref:5bb87769 | Amount: INR 12051.46,Travel
HDFC home loan EMI | Ref:bad35c9a | Amount: INR 28778.14,EMI
Bajaj Finserv EMI payment | Ref:df6b772e | Amount: INR 26147.88,EMI
Ola cab fare | Ref:f4854a71 | Amount: INR 34455.28,Travel
Amazon online shopping | Ref:b9de15b1 | Amount: INR 2897.8,Shopping
SIP investment in mutual fund | Ref:aba63413 | Amount: INR 6212.97,Investment
IKEA furniture shopping | Ref:25fff33f | Amount: INR 6606.04,Shopping
Amazon online shopping | Ref:985d6d77 | Amount: INR 49409.82,Shopping
Fixed deposit investment | Ref:38e17414 | Amount: INR 24336.07,Investment
Fixed deposit investment | Ref:2c987e40 | Amount: INR 11531.05,Investment
IRCTC train ticket booking | Ref:c54b50bc | Amount: INR 1916.04,Travel
Reliance Digital purchase | Ref:55951d6a | Amount: INR 9130.25,Shopping
Amazon online shopping | Ref:c220155a | Amount: INR 47706.27,Shopping
Reliance Digital purchase | Ref:67ac4841 | Amount: INR 16383.2,Shopping
Petrol pump fuel payment | Ref:7e5e02c1 | Amount: INR 37629.46,Travel
IndiGo flight ticket | Ref:0ce41e09 | Amount: INR 49957.07,Travel
Fixed deposit investment | Ref:76c1db3f | Amount: INR 32257.27,Investment
Zerodha stock purchase | Ref:c321bc18 | Amount: INR 11216.0,Investment
IKEA furniture shopping | Ref:c19808e6 | Amount: INR 21120.37,Shopping
IRCTC train ticket booking | Ref:32bb3c66 | Amount: INR 28086.36,Travel
Fixed deposit investment | Ref:b9164389 | Amount: INR 36294.5,Investment
MakeMyTrip hotel booking | Ref:99d6c18c | Amount: INR 19511.62,Travel
Amazon online shopping | Ref:3278d8b3 | Amount: INR 42497.55,Shopping
Ola cab fare | Ref:5e13327d | Amount: INR 20788.53,Travel
Myntra clothing order | Ref:f2748925 | Amount: INR 4200.45,Shopping
SIP investment in mutual fund | Ref:0e78fc00 | Amount: INR 13259.71,Investment
PPF contribution | Ref:cace037d | Amount: INR 20722.45,Investment
IndiGo flight ticket | Ref:bc6a9cd0 | Amount: INR 10542.39,Travel
Flipkart electronics purchase | Ref:0bd350b1 | Amount: INR 1880.52,Shopping
McDonald's meal payment | Ref:3972752e | Amount: INR 31238.69,Food
Amazon online shopping | Ref:7e8cd801 | Amount: INR 33082.97,Shopping
Personal loan EMI deduction | Ref:59330442 | Amount: INR 19105.19,EMI
Flipkart electronics purchase | Ref:8a57162e | Amount: INR 23487.06,Shopping
Restaurant dining at | Ref:a8e0f839 | Amount: INR 24300.99,Food
Swiggy order payment | Ref:163db332 | Amount: INR 23521.17,Food
PPF contribution | Ref:39f0e6bd | Amount: INR 28217.56,Investment
RedBus bus ticket | Ref:e9ef6307 | Amount: INR 7830.53,Travel
Bajaj Finserv EMI payment | Ref:42fa6811 | Amount: INR 15170.64,EMI
Credit card EMI installment | Ref:a9c4ded9 | Amount: INR 10728.31,EMI
Personal loan EMI deduction | Ref:f0092379 | Amount: INR 26867.71,EMI
IKEA furniture shopping | Ref:53f341b2 | Amount: INR 28782.71,Shopping
Ola cab fare | Ref:01486222 | Amount: INR 43823.13,Travel
IRCTC train ticket booking | Ref:b83620b9 | Amount: INR 8895.6,Travel
RedBus bus ticket | Ref:a7b74a9a | Amount: INR 25917.06,Travel
Credit card EMI installment | Ref:5695644b | Amount: INR 22574.25,EMI
Myntra clothing order | Ref:f6d014f5 | Amount: INR 45234.88,Shopping
Myntra clothing order | Ref:34252f57 | Amount: INR 27095.82,Shopping
HDFC home loan EMI | Ref:8545fd36 | Amount: INR 22501.77,EMI
Fixed deposit investment | Ref:421f0162 | Amount: INR 13557.29,Investment
MakeMyTrip hotel booking | Ref:d7583ee8 | Amount: INR 28749.7,Travel
Personal loan EMI deduction | Ref:b8343b81 | Amount: INR 47060.09,EMI
SIP investment in mutual fund | Ref:9926f430 | Amount: INR 19455.45,Investment
IndiGo flight ticket | Ref:681e2e16 | Amount: INR 28510.99,Travel
Zerodha stock purchase | Ref:6aeb3ad5 | Amount: INR 17006.95,Investment
Restaurant dining at | Ref:55395d3d | Amount: INR 31614.44,Food
Myntra clothing order | Ref:857d01b3 | Amount: INR 13518.57,Shopping
Zomato dinner bill | Ref:88b64ee1 | Amount: INR 13935.8,Food
Zerodha stock purchase | Ref:91417068 | Amount: INR 10763.78,Investment
IndiGo flight ticket | Ref:9147968c | Amount: INR 12287.9,Travel
Personal loan EMI deduction | Ref:9417ce5c | Amount: INR 48889.58,EMI
IndiGo flight ticket | Ref:b21adff7 | Amount: INR 20962.05,Travel
RedBus bus ticket | Ref:5c9d84f1 | Amount: INR 26203.79,Travel
McDonald's meal payment | Ref:3cbd206c | Amount: INR 43824.97,Food
Groww ETF investment | Ref:0b52acd1 | Amount: INR 8938.11,Investment
Flipkart electronics purchase | Ref:56a2d285 | Amount: INR 28080.32,Shopping
IndiGo flight ticket | Ref:b08a593d | Amount: INR 2093.1,Travel
SBI car loan EMI | Ref:bafe784d | Amount: INR 15637.31,EMI
Zomato dinner bill | Ref:25ef7010 | Amount: INR 35074.99,Food
RedBus bus ticket | Ref:57f93985 | Amount: INR 15758.51,Travel
Personal loan EMI deduction | Ref:753f5c13 | Amount: INR 864.31,EMI
SIP investment in mutual fund | Ref:50cf3a24 | Amount: INR 19473.42,Investment
Restaurant dining at | Ref:21886fed | Amount: INR 30160.49,Food
Zerodha stock purchase | Ref:3b94bb13 | Amount: INR 7036.73,Investment
Dominos pizza order | Ref:65ad95db | Amount: INR 48945.49,Food
Swiggy order payment | Ref:1b4c682e | Amount: INR 8280.07,Food
Personal loan EMI deduction | Ref:8c08c871 | Amount: INR 10013.36,EMI
Reliance Digital purchase | Ref:44d93e57 | Amount: INR 32251.49,Shopping
Zerodha stock purchase | Ref:613f14ff | Amount: INR 29434.89,Investment
Ola cab fare | Ref:33f468ea | Amount: INR 34384.53,Travel
Petrol pump fuel payment | Ref:7b540900 | Amount: INR 19689.01,Travel
Personal loan EMI deduction | Ref:f8fb539a | Amount: INR 17709.89,EMI
Reliance Digital purchase | Ref:6d1d21c6 | Amount: INR 42921.85,Shopping
Groww ETF investment | Ref:9c7989a9 | Amount: INR 37612.89,Investment
Credit card EMI installment | Ref:9e9b84b1 | Amount: INR 5765.39,EMI
PPF contribution | Ref:9a7bd1e1 | Amount: INR 10264.66,Investment
McDonald's meal payment | Ref:8a981703 | Amount: INR 25688.67,Food
Personal loan EMI deduction | Ref:efa7be3b | Amount: INR 20555.51,EMI
Grocery purchase at Big Bazaar | Ref:5534a0ea | Amount: INR 5803.71,Food
Grocery purchase at Big Bazaar | Ref:494e9806 | Amount: INR 12875.19,Food
Credit card EMI installment | Ref:47577e63 | Amount: INR 15568.49,EMI
Ola cab fare | Ref:d530b864 | Amount: INR 28504.42,Travel
Zerodha stock purchase | Ref:aa99883e | Amount: INR 2059.63,Investment
Bajaj Finserv EMI payment | Ref:fb6ed233 | Amount: INR 37334.83,EMI
Amazon online shopping | Ref:88c4d773 | Amount: INR 5175.63,Shopping
Reliance Digital purchase | Ref:1bff67e8 | Amount: INR 39406.21,Shopping
Restaurant dining at | Ref:f7ddaba1 | Amount: INR 32234.62,Food
SIP investment in mutual fund | Ref:0891f74f | Amount: INR 16248.75,Investment
Ola cab fare | Ref:d12799a8 | Amount: INR 6554.4,Travel
HDFC home loan EMI | Ref:fb156e52 | Amount: INR 31363.57,EMI
Groww ETF investment | Ref:6a64b994 | Amount: INR 41753.8,Investment
SBI car loan EMI | Ref:f312b1d7 | Amount: INR 44570.29,EMI
Reliance Digital purchase | Ref:20a04d30 | Amount: INR 38146.63,Shopping
SIP investment in mutual fund | Ref:c6ce7a55 | Amount: INR 13954.83,Investment
Reliance Digital purchase | Ref:dc195f01 | Amount: INR 31757.5,Shopping
Grocery purchase at Big Bazaar | Ref:1939e2c4 | Amount: INR 6665.33,Food
MakeMyTrip hotel booking | Ref:49d0662f | Amount: INR 26086.49,Travel
Myntra clothing order | Ref:da238966 | Amount: INR 38632.67,Shopping
RedBus bus ticket | Ref:69ae512a | Amount: INR 30672.03,Travel
Personal loan EMI deduction | Ref:72926c65 | Amount: INR 26123.16,EMI
Zomato dinner bill | Ref:b8bd4ab3 | Amount: INR 15288.09,Food
PPF contribution | Ref:3af299dc | Amount: INR 5969.69,Investment
Reliance Digital purchase | Ref:5ae65843 | Amount: INR 31356.08,Shopping
Credit card EMI installment | Ref:6652db80 | Amount: INR 40387.33,EMI
RedBus bus ticket | Ref:d4e02c13 | Amount: INR 35291.53,Travel
McDonald's meal payment | Ref:5743d56b | Amount: INR 45062.77,Food
Ola cab fare | Ref:7a347ce5 | Amount: INR 48078.29,Travel
PPF contribution | Ref:5743bd2a | Amount: INR 9862.64,Investment
IRCTC train ticket booking | Ref:fad9afca | Amount: INR 32210.38,Travel
Fixed deposit investment | Ref:421bacff | Amount: INR 37138.79,Investment
Groww ETF investment | Ref:9242476e | Amount: INR 41120.91,Investment
IKEA furniture shopping | Ref:eed65d40 | Amount: INR 12134.81,Shopping
Fixed deposit investment | Ref:03b38953 | Amount: INR 48409.24,Investment
Credit card EMI installment | Ref:5e91d62b | Amount: INR 44157.76,EMI
Personal loan EMI deduction | Ref:e2c3750d | Amount: INR 48777.7,EMI
IKEA furniture shopping | Ref:c1a38d67 | Amount: INR 2165.68,Shopping
McDonald's meal payment | Ref:e4bf1780 | Amount: INR 18404.47,Food
Restaurant dining at | Ref:c770d88b | Amount: INR 36200.27,Food
McDonald's meal payment | Ref:df31de28 | Amount: INR 24800.84,Food
HDFC home loan EMI | Ref:625354ae | Amount: INR 39611.24,EMI
Personal loan EMI deduction | Ref:969de0ff | Amount: INR 3814.38,EMI
IRCTC train ticket booking | Ref:c84ca045 | Amount: INR 9872.48,Travel
Myntra clothing order | Ref:4e120bdd | Amount: INR 36313.18,Shopping
Swiggy order payment | Ref:c68e6a35 | Amount: INR 31999.45,Food
Dominos pizza order | Ref:13e2dd5f | Amount: INR 38509.67,Food
MakeMyTrip hotel booking | Ref:db6647b6 | Amount: INR 48219.4,Travel
HDFC home loan EMI | Ref:4fcd7731 | Amount: INR 40442.26,EMI
Flipkart electronics purchase | Ref:8708761a | Amount: INR 43691.39,Shopping
HDFC home loan EMI | Ref:25696b67 | Amount: INR 23893.34,EMI
Dominos pizza order | Ref:1c42e33f | Amount: INR 25383.43,Food
Myntra clothing order | Ref:7ee49409 | Amount: INR 3416.26,Shopping
SIP investment in mutual fund | Ref:6a785fd5 | Amount: INR 1698.66,Investment
RedBus bus ticket | Ref:28fb0cc5 | Amount: INR 49385.36,Travel
Bajaj Finserv EMI payment | Ref:aa7e472c | Amount: INR 444.72,EMI
Myntra clothing order | Ref:1f59c31b | Amount: INR 39229.69,Shopping
Grocery purchase at Big Bazaar | Ref:27213df3 | Amount: INR 28721.42,Food
Uber ride payment | Ref:9906cc6e | Amount: INR 13420.41,Travel
Amazon online shopping | Ref:6275f4d0 | Amount: INR 31405.43,Shopping
Flipkart electronics purchase | Ref:65576165 | Amount: INR 42667.1,Shopping
Flipkart electronics purchase | Ref:e4491361 | Amount: INR 3933.0,Shopping
HDFC home loan EMI | Ref:87cb66e8 | Amount: INR 33758.09,EMI
Bajaj Finserv EMI payment | Ref:aa70b2db | Amount: INR 12230.82,EMI
Zerodha stock purchase | Ref:5d4f2a91 | Amount: INR 2560.51,Investment
McDonald's meal payment | Ref:e9e7a6cc | Amount: INR 39305.74,Food
IndiGo flight ticket | Ref:6cb35777 | Amount: INR 30583.13,Travel
Credit card EMI installment | Ref:7f47d2e8 | Amount: INR 35903.67,EMI
IRCTC train ticket booking | Ref:eb44e713 | Amount: INR 30554.28,Travel
SIP investment in mutual fund | Ref:51db824d | Amount: INR 32698.7,Investment
Groww ETF investment | Ref:f7abc17a | Amount: INR 21179.22,Investment
PPF contribution | Ref:3940c669 | Amount: INR 47361.89,Investment
Cafe coffee purchase at | Ref:f6ae3986 | Amount: INR 37548.22,Food
Ola cab fare | Ref:f3c84f18 | Amount: INR 25020.96,Travel
Petrol pump fuel payment | Ref:dcc8d7bf | Amount: INR 18367.59,Travel
Grocery purchase at Big Bazaar | Ref:8572522f | Amount: INR 30592.6,Food
Myntra clothing order | Ref:4b4d41eb | Amount: INR 28212.33,Shopping
IndiGo flight ticket | Ref:f7784794 | Amount: INR 16375.95,Travel
RedBus bus ticket | Ref:6d5634f2 | Amount: INR 32275.14,Travel
IRCTC train ticket booking | Ref:00040914 | Amount: INR 34316.93,Travel
Fixed deposit investment | Ref:93b206fd | Amount: INR 6285.08,Investment
IKEA furniture shopping | Ref:f212d965 | Amount: INR 36468.46,Shopping
MakeMyTrip hotel booking | Ref:008ddd05 | Amount: INR 13809.74,Travel
Ola cab fare | Ref:c0dfb6c6 | Amount: INR 7328.0,Travel
Restaurant dining at | Ref:a946eb89 | Amount: INR 40191.87,Food
Personal loan EMI deduction | Ref:36c9a20f | Amount: INR 3365.04,EMI
PPF contribution | Ref:27dc8567 | Amount: INR 11036.21,Investment
Dominos pizza order | Ref:69da8c0c | Amount: INR 49294.38,Food
Zomato dinner bill | Ref:b21c8e3a | Amount: INR 18682.63,Food
Zomato dinner bill | Ref:6e9636c5 | Amount: INR 48125.64,Food
PPF contribution | Ref:46a76f66 | Amount: INR 29591.25,Investment
Amazon online shopping | Ref:790083d5 | Amount: INR 25133.75,Shopping
SBI car loan EMI | Ref:6834daaa | Amount: INR 1407.2,EMI
Flipkart electronics purchase | Ref:f6933b48 | Amount: INR 34246.48,Shopping
Restaurant dining at | Ref:08570bcd | Amount: INR 47056.13,Food
Reliance Digital purchase | Ref:1beeafcc | Amount: INR 29162.8,Shopping
IndiGo flight ticket | Ref:4d6d0ab5 | Amount: INR 25733.71,Travel
Credit card EMI installment | Ref:8f5b0f96 | Amount: INR 17688.73,EMI
Fixed deposit investment | Ref:0c8b59c2 | Amount: INR 15487.2,Investment
Personal loan EMI deduction | Ref:c6ce4326 | Amount: INR 41747.95,EMI
SBI car loan EMI | Ref:273522e2 | Amount: INR 41434.85,EMI
Dominos pizza order | Ref:31ba4c37 | Amount: INR 5536.37,Food
Groww ETF investment | Ref:ab1621b9 | Amount: INR 37518.27,Investment
Groww ETF investment | Ref:b274d17b | Amount: INR 10125.05,Investment
PPF contribution | Ref:58f7aa37 | Amount: INR 48316.08,Investment
Credit card EMI installment | Ref:c3c9d8e3 | Amount: INR 38666.3,EMI
Zerodha stock purchase | Ref:d0118720 | Amount: INR 20185.8,Investment
Flipkart electronics purchase | Ref:00629ec3 | Amount: INR 10961.62,Shopping
Fixed deposit investment | Ref:165989e5 | Amount: INR 40387.91,Investment
Credit card EMI installment | Ref:ad4d5206 | Amount: INR 1185.48,EMI
SIP investment in mutual fund | Ref:fb24793b | Amount: INR 16869.28,Investment
Swiggy order payment | Ref:c4bcffe1 | Amount: INR 38631.86,Food
Personal loan EMI deduction | Ref:b935adea | Amount: INR 20191.31,EMI
IndiGo flight ticket | Ref:5b659f4e | Amount: INR 22299.85,Travel
MakeMyTrip hotel booking | Ref:7df27d3c | Amount: INR 1321.49,Travel
PPF contribution | Ref:893fda23 | Amount: INR 44002.91,Investment
SIP investment in mutual fund | Ref:43e8e0ae | Amount: INR 49058.08,Investment
Zomato dinner bill | Ref:ff44f5e1 | Amount: INR 31663.8,Food
Uber ride payment | Ref:d28ab08c | Amount: INR 18010.07,Travel
IndiGo flight ticket | Ref:a88281b8 | Amount: INR 46262.68,Travel
HDFC home loan EMI | Ref:51e435eb | Amount: INR 47682.74,EMI
IRCTC train ticket booking | Ref:9dd27c62 | Amount: INR 38630.24,Travel
MakeMyTrip hotel booking | Ref:ad3bd186 | Amount: INR 30567.66,Travel
SBI car loan EMI | Ref:552be50f | Amount: INR 3979.53,EMI
Reliance Digital purchase | Ref:87ba8c4b | Amount: INR 9666.7,Shopping
Ola cab fare | Ref:1729b8af | Amount: INR 34774.84,Travel
Swiggy order payment | Ref:fde981e3 | Amount: INR 8263.44,Food
Flipkart electronics purchase | Ref:960a1282 | Amount: INR 31260.76,Shopping
Grocery purchase at Big Bazaar | Ref:311d15ca | Amount: INR 12616.74,Food
Bajaj Finserv EMI payment | Ref:e213455c | Amount: INR 40594.17,EMI
Swiggy order payment | Ref:4f588f9e | Amount: INR 21772.93,Food
Uber ride payment | Ref:b3745e24 | Amount: INR 47123.44,Travel
Zomato dinner bill | Ref:e0b71ceb | Amount: INR 25186.85,Food
Flipkart electronics purchase | Ref:efac0fce | Amount: INR 8480.75,Shopping
Personal loan EMI deduction | Ref:04f06ef1 | Amount: INR 24310.78,EMI
IRCTC train ticket booking | Ref:ff3625b4 | Amount: INR 31424.98,Travel
Uber ride payment | Ref:357797dc | Amount: INR 21744.22,Travel
Zomato dinner bill | Ref:08fbcc66 | Amount: INR 35693.91,Food
Zerodha stock purchase | Ref:4673d84f | Amount: INR 4226.22,Investment
Restaurant dining at | Ref:8d4815fe | Amount: INR 9982.03,Food
MakeMyTrip hotel booking | Ref:bdf2adc4 | Amount: INR 12674.67,Travel
Credit card EMI installment | Ref:7354cd96 | Amount: INR 39440.11,EMI
SBI car loan EMI | Ref:7546b7f0 | Amount: INR 35604.86,EMI
Swiggy order payment | Ref:49ad0428 | Amount: INR 15376.01,Food
Bajaj Finserv EMI payment | Ref:6455c707 | Amount: INR 7432.96,EMI
Dominos pizza order | Ref:a7d514c8 | Amount: INR 41461.49,Food
HDFC home loan EMI | Ref:77a6092d | Amount: INR 10800.82,EMI
IRCTC train ticket booking | Ref:a40aead8 | Amount: INR 38408.68,Travel
McDonald's meal payment | Ref:de34013c | Amount: INR 6230.05,Food
Dominos pizza order | Ref:9102d345 | Amount: INR 8323.49,Food
IRCTC train ticket booking | Ref:00cf6777 | Amount: INR 43004.24,Travel
Amazon online shopping | Ref:78bf5814 | Amount: INR 38023.94,Shopping
Flipkart electronics purchase | Ref:4a0c17b7 | Amount: INR 27767.88,Shopping
Bajaj Finserv EMI payment | Ref:a150ac93 | Amount: INR 38586.21,EMI
RedBus bus ticket | Ref:47e87e05 | Amount: INR 34528.87,Travel
PPF contribution | Ref:0dd94eb8 | Amount: INR 5845.4,Investment
IKEA furniture shopping | Ref:557c25a9 | Amount: INR 36202.49,Shopping
McDonald's meal payment | Ref:2a6de34e | Amount: INR 32591.84,Food
Swiggy order payment | Ref:92438b42 | Amount: INR 49858.21,Food
Swiggy order payment | Ref:d395ebf9 | Amount: INR 26189.65,Food
MakeMyTrip hotel booking | Ref:1a6b6bc5 | Amount: INR 21867.36,Travel
McDonald's meal payment | Ref:de4ed098 | Amount: INR 12326.52,Food
Groww ETF investment | Ref:f027190d | Amount: INR 49683.46,Investment
Zomato dinner bill | Ref:43ddefde | Amount: INR 3342.61,Food
HDFC home loan EMI | Ref:eadbe599 | Amount: INR 24191.9,EMI
Ola cab fare | Ref:c0b7c758 | Amount: INR 19182.61,Travel
MakeMyTrip hotel booking | Ref:fb6bf82a | Amount: INR 39992.67,Travel
McDonald's meal payment | Ref:11342a8b | Amount: INR 16712.74,Food
Restaurant dining at | Ref:f05d2923 | Amount: INR 8635.07,Food
HDFC home loan EMI | Ref:5e18075f | Amount: INR 27795.45,EMI
Myntra clothing order | Ref:f0e97b35 | Amount: INR 11437.52,Shopping
MakeMyTrip hotel booking | Ref:8cb4ad54 | Amount: INR 43578.04,Travel
Grocery purchase at Big Bazaar | Ref:abfb44e1 | Amount: INR 21642.66,Food
IKEA furniture shopping | Ref:33551431 | Amount: INR 39360.24,Shopping
Grocery purchase at Big Bazaar | Ref:fc789f3e | Amount: INR 32372.98,Food
SIP investment in mutual fund | Ref:2758eeab | Amount: INR 30315.13,Investment
HDFC home loan EMI | Ref:2012ea4f | Amount: INR 2231.87,EMI
RedBus bus ticket | Ref:8c38c6f5 | Amount: INR 47140.75,Travel
Swiggy order payment | Ref:b6ad32da | Amount: INR 19210.8,Food
Zerodha stock purchase | Ref:a439ad7c | Amount: INR 36685.48,Investment
SIP investment in mutual fund | Ref:75bb7ab0 | Amount: INR 33136.45,Investment
Myntra clothing order | Ref:71069874 | Amount: INR 19294.61,Shopping
HDFC home loan EMI | Ref:1bc37682 | Amount: INR 42958.1,EMI
Bajaj Finserv EMI payment | Ref:7730053c | Amount: INR 39383.57,EMI
SIP investment in mutual fund | Ref:1e873676 | Amount: INR 13981.17,Investment
IRCTC train ticket booking | Ref:b8da398f | Amount: INR 8001.64,Travel
Bajaj Finserv EMI payment | Ref:b6daf53c | Amount: INR 19605.65,EMI
Flipkart electronics purchase | Ref:f47a03a1 | Amount: INR 48681.1,Shopping
Ola cab fare | Ref:bb94b214 | Amount: INR 23084.44,Travel
Uber ride payment | Ref:1ac5d9e2 | Amount: INR 14962.41,Travel
McDonald's meal payment | Ref:e4d40c86 | Amount: INR 20923.06,Food
Personal loan EMI deduction | Ref:6a0b9871 | Amount: INR 31443.99,EMI
Grocery purchase at Big Bazaar | Ref:38c52b1e | Amount: INR 42864.98,Food
Zomato dinner bill | Ref:ef3e8ea5 | Amount: INR 16000.67,Food
PPF contribution | Ref:961c0905 | Amount: INR 35057.11,Investment
Myntra clothing order | Ref:c1b23ac1 | Amount: INR 35704.47,Shopping
Credit card EMI installment | Ref:c108a81d | Amount: INR 34738.81,EMI
IndiGo flight ticket | Ref:3aa2b78d | Amount: INR 29851.42,Travel
Grocery purchase at Big Bazaar | Ref:282c4cd7 | Amount: INR 13616.28,Food
Amazon online shopping | Ref:6e2be70f | Amount: INR 583.06,Shopping
Reliance Digital purchase | Ref:fd0ba563 | Amount: INR 7463.46,Shopping
SBI car loan EMI | Ref:2d15e589 | Amount: INR 7625.95,EMI
IKEA furniture shopping | Ref:be63cdfe | Amount: INR 24174.25,Shopping
Flipkart electronics purchase | Ref:651bf190 | Amount: INR 43838.32,Shopping
Personal loan EMI deduction | Ref:58f84ab8 | Amount: INR 18503.97,EMI
Petrol pump fuel payment | Ref:75fd5158 | Amount: INR 36833.7,Travel
Zerodha stock purchase | Ref:88f720d0 | Amount: INR 12429.18,Investment
Fixed deposit investment | Ref:5aac9c54 | Amount: INR 44624.9,Investment
Credit card EMI installment | Ref:ca57f0c0 | Amount: INR 8134.98,EMI
Restaurant dining at | Ref:5a4078d8 | Amount: INR 43377.15,Food
Amazon online shopping | Ref:9763479c | Amount: INR 27572.17,Shopping
RedBus bus ticket | Ref:9a92a887 | Amount: INR 39919.69,Travel
Amazon online shopping | Ref:1973c97d | Amount: INR 36529.98,Shopping
IndiGo flight ticket | Ref:a2530d5a | Amount: INR 26845.91,Travel
SBI car loan EMI | Ref:be9786cf | Amount: INR 7040.93,EMI
PPF contribution | Ref:83fb6107 | Amount: INR 20810.74,Investment
Credit card EMI installment | Ref:29a1ae27 | Amount: INR 45754.47,EMI
Bajaj Finserv EMI payment | Ref:9131104b | Amount: INR 48769.94,EMI
Petrol pump fuel payment | Ref:64c38672 | Amount: INR 42164.01,Travel
Myntra clothing order | Ref:4cfdcbf8 | Amount: INR 38994.76,Shopping
Ola cab fare | Ref:a950da3f | Amount: INR 37210.13,Travel
SIP investment in mutual fund | Ref:c811796f | Amount: INR 34906.03,Investment
Groww ETF investment | Ref:4825df43 | Amount: INR 2054.44,Investment
PPF contribution | Ref:c60f2e02 | Amount: INR 45310.23,Investment
IKEA furniture shopping | Ref:11b4bc98 | Amount: INR 10889.98,Shopping
Zerodha stock purchase | Ref:b9f397cd | Amount: INR 30899.78,Investment
Cafe coffee purchase at | Ref:a39c32f0 | Amount: INR 9698.33,Food
Personal loan EMI deduction | Ref:dfd6dea2 | Amount: INR 30142.05,EMI
HDFC home loan EMI | Ref:4b03914c | Amount: INR 18884.0,EMI
Fixed deposit investment | Ref:a34371f3 | Amount: INR 43563.01,Investment
IKEA furniture shopping | Ref:3b321bc4 | Amount: INR 38512.33,Shopping
RedBus bus ticket | Ref:d116079c | Amount: INR 39946.84,Travel
Fixed deposit investment | Ref:727ed423 | Amount: INR 30135.76,Investment
Bajaj Finserv EMI payment | Ref:ad6c8e02 | Amount: INR 21594.17,EMI
SBI car loan EMI | Ref:f4e69a15 | Amount: INR 37479.98,EMI
Amazon online shopping | Ref:d070f2bf | Amount: INR 28018.68,Shopping
Uber ride payment | Ref:ba8d706e | Amount: INR 44174.41,Travel
PPF contribution | Ref:62ecaaae | Amount: INR 3720.86,Investment
RedBus bus ticket | Ref:2fa2eb94 | Amount: INR 12295.82,Travel
Myntra clothing order | Ref:67d80075 | Amount: INR 33196.42,Shopping
Swiggy order payment | Ref:19325b62 | Amount: INR 5752.54,Food
Ola cab fare | Ref:05d885af | Amount: INR 35643.86,Travel
PPF contribution | Ref:d381d31b | Amount: INR 3424.31,Investment
SIP investment in mutual fund | Ref:fdb93cb3 | Amount: INR 13410.21,Investment
Flipkart electronics purchase | Ref:0b50ac3c | Amount: INR 39487.87,Shopping
RedBus bus ticket | Ref:48bc77e8 | Amount: INR 1501.34,Travel
IKEA furniture shopping | Ref:2ab2b697 | Amount: INR 38184.36,Shopping
Zerodha stock purchase | Ref:9e058c9c | Amount: INR 12247.66,Investment
McDonald's meal payment | Ref:14bb4305 | Amount: INR 39202.51,Food
Flipkart electronics purchase | Ref:2ac64271 | Amount: INR 22703.3,Shopping
IRCTC train ticket booking | Ref:638e5233 | Amount: INR 27926.43,Travel
HDFC home loan EMI | Ref:f38f4d91 | Amount: INR 36443.94,EMI
SBI car loan EMI | Ref:cb68e1e2 | Amount: INR 1283.5,EMI
Swiggy order payment | Ref:2dd52346 | Amount: INR 30928.68,Food
PPF contribution | Ref:1d1418bc | Amount: INR 45246.68,Investment
Personal loan EMI deduction | Ref:4129430f | Amount: INR 2669.14,EMI
McDonald's meal payment | Ref:8ccdd097 | Amount: INR 18740.84,Food
PPF contribution | Ref:46aa49b0 | Amount: INR 32933.56,Investment
McDonald's meal payment | Ref:399739f2 | Amount: INR 10595.24,Food
Petrol pump fuel payment | Ref:1ecf0c77 | Amount: INR 35503.73,Travel
Zomato dinner bill | Ref:fcf8ce61 | Amount: INR 1681.28,Food
Amazon online shopping | Ref:40b50bdd | Amount: INR 46008.33,Shopping
Grocery purchase at Big Bazaar | Ref:f2205718 | Amount: INR 29326.63,Food
MakeMyTrip hotel booking | Ref:5fbfb336 | Amount: INR 33953.57,Travel
SIP investment in mutual fund | Ref:20fb25f5 | Amount: INR 7823.74,Investment
Bajaj Finserv EMI payment | Ref:6a044a2c | Amount: INR 17203.09,EMI
Reliance Digital purchase | Ref:2290c7f4 | Amount: INR 11667.94,Shopping
Dominos pizza order | Ref:72ece6c3 | Amount: INR 43628.79,Food
Restaurant dining at | Ref:9636c11a | Amount: INR 19275.82,Food
Dominos pizza order | Ref:97e6b7fd | Amount: INR 23353.91,Food
Uber ride payment | Ref:db6585ed | Amount: INR 275.25,Travel
MakeMyTrip hotel booking | Ref:8c4b8fec | Amount: INR 34718.55,Travel
IKEA furniture shopping | Ref:c2d20ab0 | Amount: INR 20332.02,Shopping
McDonald's meal payment | Ref:a0047e91 | Amount: INR 29408.54,Food
Myntra clothing order | Ref:33a94657 | Amount: INR 46729.49,Shopping
RedBus bus ticket | Ref:2233f851 | Amount: INR 41085.16,Travel
Zomato dinner bill | Ref:5dfb94da | Amount: INR 15267.67,Food
Flipkart electronics purchase | Ref:92300069 | Amount: INR 38439.03,Shopping
Bajaj Finserv EMI payment | Ref:5fd2125b | Amount: INR 48848.28,EMI
Amazon online shopping | Ref:9f51141d | Amount: INR 46387.81,Shopping
Bajaj Finserv EMI payment | Ref:2bdcac22 | Amount: INR 25043.74,EMI
Uber ride payment | Ref:00bc636b | Amount: INR 47641.7,Travel
Bajaj Finserv EMI payment | Ref:0e7d3383 | Amount: INR 41470.1,EMI
Reliance Digital purchase | Ref:969aab39 | Amount: INR 38894.2,Shopping
Flipkart electronics purchase | Ref:2b6ffd9d | Amount: INR 44281.28,Shopping
Fixed deposit investment | Ref:f9d22529 | Amount: INR 7585.51,Investment
IKEA furniture shopping | Ref:0c5d0393 | Amount: INR 24720.93,Shopping
IKEA furniture shopping | Ref:0e7f1c46 | Amount: INR 15162.17,Shopping
Dominos pizza order | Ref:06c1cd87 | Amount: INR 4600.58,Food
RedBus bus ticket | Ref:7ee6ae6d | Amount: INR 28055.52,Travel
Zerodha stock purchase | Ref:fe8109b5 | Amount: INR 38253.37,Investment
IRCTC train ticket booking | Ref:8dc79e26 | Amount: INR 42811.45,Travel
Groww ETF investment | Ref:0070979e | Amount: INR 12357.51,Investment
Amazon online shopping | Ref:efc53f90 | Amount: INR 38018.82,Shopping
Personal loan EMI deduction | Ref:a3e5c50e | Amount: INR 32105.38,EMI
Zerodha stock purchase | Ref:93eef10c | Amount: INR 17919.34,Investment
Bajaj Finserv EMI payment | Ref:230add25 | Amount: INR 3419.03,EMI
Flipkart electronics purchase | Ref:b98c8fa3 | Amount: INR 36546.42,Shopping
Fixed deposit investment | Ref:f452510c | Amount: INR 13963.97,Investment
Credit card EMI installment | Ref:93751ae4 | Amount: INR 15399.79,EMI
SBI car loan EMI | Ref:50802126 | Amount: INR 25693.54,EMI
Uber ride payment | Ref:1a29d608 | Amount: INR 10614.07,Travel
Groww ETF investment | Ref:b56d2b94 | Amount: INR 41181.4,Investment
McDonald's meal payment | Ref:0c47b602 | Amount: INR 38208.63,Food
Amazon online shopping | Ref:2bbf124f | Amount: INR 7060.77,Shopping
Ola cab fare | Ref:04cae598 | Amount: INR 3304.63,Travel
PPF contribution | Ref:0c108865 | Amount: INR 34011.18,Investment
Cafe coffee purchase at | Ref:0b795b94 | Amount: INR 49476.05,Food
SIP investment in mutual fund | Ref:7ebca254 | Amount: INR 9814.51,Investment
Fixed deposit investment | Ref:ed25933f | Amount: INR 235.0,Investment
Zomato dinner bill | Ref:1b94aaf2 | Amount: INR 39672.02,Food
Zomato dinner bill | Ref:816f98be | Amount: INR 1884.86,Food
Credit card EMI installment | Ref:60e957b2 | Amount: INR 20542.5,EMI
HDFC home loan EMI | Ref:97c207ce | Amount: INR 11651.56,EMI
Restaurant dining at | Ref:b2350331 | Amount: INR 49660.72,Food
Restaurant dining at | Ref:f7e580fa | Amount: INR 11868.06,Food
SBI car loan EMI | Ref:3e2233cf | Amount: INR 34833.96,EMI
Uber ride payment | Ref:06648c8f | Amount: INR 33931.6,Travel
Amazon online shopping | Ref:3f740d09 | Amount: INR 9008.25,Shopping
McDonald's meal payment | Ref:cde6c86b | Amount: INR 39211.21,Food
Uber ride payment | Ref:6638f3a4 | Amount: INR 6091.79,Travel
McDonald's meal payment | Ref:294ed730 | Amount: INR 10426.34,Food
Fixed deposit investment | Ref:7584316c | Amount: INR 26247.95,Investment
Reliance Digital purchase | Ref:1298b380 | Amount: INR 28667.02,Shopping
Fixed deposit investment | Ref:a4361275 | Amount: INR 5082.35,Investment
Bajaj Finserv EMI payment | Ref:305f0ab9 | Amount: INR 34903.7,EMI
Reliance Digital purchase | Ref:73f45ca2 | Amount: INR 9845.56,Shopping
Fixed deposit investment | Ref:b232dc7a | Amount: INR 47471.93,Investment
Bajaj Finserv EMI payment | Ref:899a5721 | Amount: INR 3189.06,EMI
Personal loan EMI deduction | Ref:dafbbc42 | Amount: INR 11430.85,EMI
HDFC home loan EMI | Ref:0a5800ae | Amount: INR 15697.82,EMI
Myntra clothing order | Ref:c7597849 | Amount: INR 34094.06,Shopping
PPF contribution | Ref:1b574432 | Amount: INR 16043.9,Investment
Bajaj Finserv EMI payment | Ref:be381ee2 | Amount: INR 34205.52,EMI
Ola cab fare | Ref:7ab92046 | Amount: INR 41526.66,Travel
Personal loan EMI deduction | Ref:5904d390 | Amount: INR 1614.6,EMI
Grocery purchase at Big Bazaar | Ref:196e9454 | Amount: INR 49314.7,Food
Swiggy order payment | Ref:7d2c6932 | Amount: INR 4150.64,Food
Swiggy order payment | Ref:cc6e6982 | Amount: INR 34825.86,Food
Fixed deposit investment | Ref:ecb1715b | Amount: INR 22888.67,Investment
Uber ride payment | Ref:630da6d3 | Amount: INR 46480.88,Travel
SBI car loan EMI | Ref:80706bdf | Amount: INR 8668.57,EMI
Cafe coffee purchase at | Ref:e3955b8d | Amount: INR 15018.53,Food
IRCTC train ticket booking | Ref:2811e95c | Amount: INR 6529.33,Travel
Flipkart electronics purchase | Ref:39561817 | Amount: INR 49489.3,Shopping
Uber ride payment | Ref:e377eb39 | Amount: INR 13361.85,Travel
Fixed deposit investment | Ref:25366212 | Amount: INR 38553.41,Investment
Swiggy order payment | Ref:6941ad86 | Amount: INR 27502.15,Food
Groww ETF investment | Ref:1fb0a956 | Amount: INR 8798.82,Investment
Fixed deposit investment | Ref:ef281f09 | Amount: INR 30536.07,Investment
Amazon online shopping | Ref:26dbe313 | Amount: INR 42524.3,Shopping
Groww ETF investment | Ref:1b3dfacb | Amount: INR 43929.59,Investment
SIP investment in mutual fund | Ref:165073c8 | Amount: INR 36716.46,Investment
Amazon online shopping | Ref:23714012 | Amount: INR 48360.36,Shopping
Zomato dinner bill | Ref:1ef79a9b | Amount: INR 47912.31,Food
Myntra clothing order | Ref:e2aa28c5 | Amount: INR 38787.88,Shopping
RedBus bus ticket | Ref:af743ca5 | Amount: INR 9102.84,Travel
HDFC home loan EMI | Ref:19caf5c3 | Amount: INR 41671.68,EMI
Personal loan EMI deduction | Ref:832ee504 | Amount: INR 46950.48,EMI
Uber ride payment | Ref:f476e8cb | Amount: INR 3055.74,Travel
Myntra clothing order | Ref:1048b628 | Amount: INR 49590.34,Shopping
Bajaj Finserv EMI payment | Ref:29588fc1 | Amount: INR 31114.58,EMI
HDFC home loan EMI | Ref:96d52a8f | Amount: INR 37273.82,EMI
IKEA furniture shopping | Ref:941d0ee8 | Amount: INR 21053.64,Shopping
IKEA furniture shopping | Ref:ee9f8522 | Amount: INR 17936.38,Shopping
SBI car loan EMI | Ref:a7dfe4c0 | Amount: INR 21959.75,EMI
Bajaj Finserv EMI payment | Ref:47645be4 | Amount: INR 47681.95,EMI
Reliance Digital purchase | Ref:e8391c83 | Amount: INR 1329.77,Shopping
Fixed deposit investment | Ref:331a5b2a | Amount: INR 49854.71,Investment
IndiGo flight ticket | Ref:025c28bc | Amount: INR 23163.08,Travel
Groww ETF investment | Ref:5dc8ce34 | Amount: INR 4427.37,Investment
McDonald's meal payment | Ref:86ea3f36 | Amount: INR 38269.61,Food
Cafe coffee purchase at | Ref:98de9380 | Amount: INR 7741.89,Food
IKEA furniture shopping | Ref:3f96553a | Amount: INR 23783.96,Shopping
Restaurant dining at | Ref:ae5752be | Amount: INR 21524.19,Food
PPF contribution | Ref:08789b81 | Amount: INR 3846.88,Investment
McDonald's meal payment | Ref:f2b53198 | Amount: INR 9711.17,Food
IRCTC train ticket booking | Ref:48bf4d5a | Amount: INR 845.57,Travel
Bajaj Finserv EMI payment | Ref:82ba4288 | Amount: INR 14502.2,EMI
Credit card EMI installment | Ref:4409de19 | Amount: INR 22539.08,EMI
Petrol pump fuel payment | Ref:8f91e728 | Amount: INR 46340.15,Travel
Dominos pizza order | Ref:2cb94927 | Amount: INR 36693.48,Food
Personal loan EMI deduction | Ref:5a74861c | Amount: INR 48875.09,EMI
Dominos pizza order | Ref:bdc661d6 | Amount: INR 36965.75,Food
Flipkart electronics purchase | Ref:3f12ae20 | Amount: INR 29442.58,Shopping
Amazon online shopping | Ref:a17cd066 | Amount: INR 25903.19,Shopping
PPF contribution | Ref:609103f2 | Amount: INR 16699.88,Investment
Groww ETF investment | Ref:d8de91e8 | Amount: INR 23974.53,Investment
Fixed deposit investment | Ref:8c3a6361 | Amount: INR 380.85,Investment
SIP investment in mutual fund | Ref:2d25f31b | Amount: INR 48274.38,Investment
SIP investment in mutual fund | Ref:c1d45bf2 | Amount: INR 49080.82,Investment
Bajaj Finserv EMI payment | Ref:493f6318 | Amount: INR 49007.55,EMI
Zomato dinner bill | Ref:f8b0f05f | Amount: INR 49524.76,Food
Credit card EMI installment | Ref:9c1f4481 | Amount: INR 38704.91,EMI
PPF contribution | Ref:04dcd7de | Amount: INR 22950.89,Investment
Grocery purchase at Big Bazaar | Ref:c06e2470 | Amount: INR 17397.08,Food
Amazon online shopping | Ref:42189457 | Amount: INR 6961.37,Shopping
Zerodha stock purchase | Ref:62d7994d | Amount: INR 29626.62,Investment
Personal loan EMI deduction | Ref:22abc8f4 | Amount: INR 30245.66,EMI
MakeMyTrip hotel booking | Ref:7879bd24 | Amount: INR 26520.34,Travel
SBI car loan EMI | Ref:282cf7b9 | Amount: INR 10304.05,EMI
Myntra clothing order | Ref:24020340 | Amount: INR 33361.3,Shopping
PPF contribution | Ref:e46d12e4 | Amount: INR 45806.65,Investment
Restaurant dining at | Ref:b81a187c | Amount: INR 7753.34,Food
Flipkart electronics purchase | Ref:fa08d48b | Amount: INR 48316.35,Shopping
Ola cab fare | Ref:67417374 | Amount: INR 2240.31,Travel
Amazon online shopping | Ref:6175b747 | Amount: INR 13708.95,Shopping
PPF contribution | Ref:ed3e1e34 | Amount: INR 11935.47,Investment
Zomato dinner bill | Ref:582a7cf0 | Amount: INR 1147.23,Food
Cafe coffee purchase at | Ref:9593239f | Amount: INR 24198.59,Food
IKEA furniture shopping | Ref:cac7f0f9 | Amount: INR 45005.14,Shopping
Grocery purchase at Big Bazaar | Ref:5cedad32 | Amount: INR 19963.6,Food
Cafe coffee purchase at | Ref:f4a34781 | Amount: INR 10396.46,Food
Restaurant dining at | Ref:53dff9fd | Amount: INR 38594.46,Food
Reliance Digital purchase | Ref:8f2992f9 | Amount: INR 30117.03,Shopping
Dominos pizza order | Ref:1ef92e7a | Amount: INR 25521.47,Food
Bajaj Finserv EMI payment | Ref:0c657b42 | Amount: INR 18900.22,EMI
Flipkart electronics purchase | Ref:c6998ff5 | Amount: INR 42648.92,Shopping
IKEA furniture shopping | Ref:97016863 | Amount: INR 16914.1,Shopping
Ola cab fare | Ref:e1b8d395 | Amount: INR 42626.15,Travel
Ola cab fare | Ref:e0abff75 | Amount: INR 7460.51,Travel
Groww ETF investment | Ref:54be76dc | Amount: INR 31004.58,Investment
Credit card EMI installment | Ref:7ff11169 | Amount: INR 10739.13,EMI
PPF contribution | Ref:ca066b46 | Amount: INR 28674.3,Investment
SIP investment in mutual fund | Ref:a34728b6 | Amount: INR 22806.43,Investment
McDonald's meal payment | Ref:f4c590ed | Amount: INR 23032.74,Food
Grocery purchase at Big Bazaar | Ref:d973ac69 | Amount: INR 48867.46,Food
Myntra clothing order | Ref:360c8940 | Amount: INR 46583.45,Shopping
Uber ride payment | Ref:f845c3f6 | Amount: INR 28788.46,Travel
RedBus bus ticket | Ref:f9079674 | Amount: INR 9909.16,Travel
Credit card EMI installment | Ref:8772db47 | Amount: INR 12918.49,EMI
Myntra clothing order | Ref:60a3e801 | Amount: INR 34772.37,Shopping
Personal loan EMI deduction | Ref:814da614 | Amount: INR 8393.53,EMI
Groww ETF investment | Ref:e5f6a1c3 | Amount: INR 15365.82,Investment
Fixed deposit investment | Ref:ba54d9fc | Amount: INR 8587.26,Investment
McDonald's meal payment | Ref:ef46592b | Amount: INR 7876.75,Food
Restaurant dining at | Ref:b45e9dad | Amount: INR 22716.46,Food
Flipkart electronics purchase | Ref:3e5cd27b | Amount: INR 38729.61,Shopping
IRCTC train ticket booking | Ref:0555cd1e | Amount: INR 19655.29,Travel
IndiGo flight ticket | Ref:1e35ccd5 | Amount: INR 49246.36,Travel
McDonald's meal payment | Ref:ce1883d2 | Amount: INR 40174.03,Food
Cafe coffee purchase at | Ref:d143abc7 | Amount: INR 44145.63,Food
Personal loan EMI deduction | Ref:da33d970 | Amount: INR 19462.53,EMI
IRCTC train ticket booking | Ref:b61bfcde | Amount: INR 17667.95,Travel
Fixed deposit investment | Ref:e875235b | Amount: INR 31899.76,Investment
Amazon online shopping | Ref:d1de1e65 | Amount: INR 12833.46,Shopping
Grocery purchase at Big Bazaar | Ref:bfb45e81 | Amount: INR 44087.95,Food
SIP investment in mutual fund | Ref:65ca4875 | Amount: INR 8441.06,Investment
Ola cab fare | Ref:d79f0681 | Amount: INR 42895.22,Travel
Uber ride payment | Ref:07f2d216 | Amount: INR 40625.42,Travel
Restaurant dining at | Ref:b5d59776 | Amount: INR 10196.89,Food
SIP investment in mutual fund | Ref:f807ed14 | Amount: INR 13753.67,Investment
Groww ETF investment | Ref:20a6ae32 | Amount: INR 49518.96,Investment
HDFC home loan EMI | Ref:f1cc6896 | Amount: INR 22462.31,EMI
Groww ETF investment | Ref:294af21f | Amount: INR 3857.01,Investment
Uber ride payment | Ref:ffde8340 | Amount: INR 25067.97,Travel
SIP investment in mutual fund | Ref:5d6c5973 | Amount: INR 29505.22,Investment
Flipkart electronics purchase | Ref:fd585576 | Amount: INR 31903.85,Shopping
Amazon online shopping | Ref:dcf107ba | Amount: INR 17248.44,Shopping
Amazon online shopping | Ref:21bf095c | Amount: INR 13894.97,Shopping
Amazon online shopping | Ref:93e3154a | Amount: INR 34064.58,Shopping
Amazon online shopping | Ref:d9c89a20 | Amount: INR 44545.34,Shopping
Credit card EMI installment | Ref:74297c68 | Amount: INR 24337.03,EMI
Flipkart electronics purchase | Ref:1ddfcf0c | Amount: INR 12951.45,Shopping
Zomato dinner bill | Ref:c6386194 | Amount: INR 33533.24,Food
MakeMyTrip hotel booking | Ref:a9079d53 | Amount: INR 44629.02,Travel
Uber ride payment | Ref:80b74c02 | Amount: INR 5954.45,Travel
Personal loan EMI deduction | Ref:6c381862 | Amount: INR 23000.14,EMI
Cafe coffee purchase at | Ref:dff61aca | Amount: INR 31129.78,Food
Amazon online shopping | Ref:c6f6b83b | Amount: INR 24832.57,Shopping
Uber ride payment | Ref:d95e1101 | Amount: INR 49309.76,Travel
Flipkart electronics purchase | Ref:adc72843 | Amount: INR 20797.63,Shopping
Bajaj Finserv EMI payment | Ref:f2dacece | Amount: INR 38353.35,EMI
Zerodha stock purchase | Ref:34705a2e | Amount: INR 27213.62,Investment
Petrol pump fuel payment | Ref:7d38f0e8 | Amount: INR 40298.0,Travel
Personal loan EMI deduction | Ref:56f79673 | Amount: INR 12000.74,EMI
HDFC home loan EMI | Ref:dd65430c | Amount: INR 33020.57,EMI
Zerodha stock purchase | Ref:d609eea4 | Amount: INR 43581.65,Investment
IKEA furniture shopping | Ref:fe0e99b5 | Amount: INR 30758.66,Shopping
IndiGo flight ticket | Ref:72694c40 | Amount: INR 27260.11,Travel
MakeMyTrip hotel booking | Ref:2f09c847 | Amount: INR 14281.38,Travel
Groww ETF investment | Ref:68799e7d | Amount: INR 48031.04,Investment
Petrol pump fuel payment | Ref:864c811e | Amount: INR 47397.31,Travel
PPF contribution | Ref:5a9abf46 | Amount: INR 41484.26,Investment
Bajaj Finserv EMI payment | Ref:a44d21a8 | Amount: INR 20968.35,EMI
Groww ETF investment | Ref:b2d82c65 | Amount: INR 36243.02,Investment
Bajaj Finserv EMI payment | Ref:a1bbe2c3 | Amount: INR 18983.3,EMI
MakeMyTrip hotel booking | Ref:200ee4c0 | Amount: INR 11377.78,Travel
Ola cab fare | Ref:8456f354 | Amount: INR 19876.55,Travel
Reliance Digital purchase | Ref:a6479e20 | Amount: INR 34888.67,Shopping
Zomato dinner bill | Ref:6a0caf6c | Amount: INR 14436.14,Food
Credit card EMI installment | Ref:c51e5da7 | Amount: INR 43721.37,EMI
IKEA furniture shopping | Ref:dc975fc3 | Amount: INR 40384.82,Shopping
IKEA furniture shopping | Ref:d3ba90e9 | Amount: INR 23527.64,Shopping
Bajaj Finserv EMI payment | Ref:0ef06cff | Amount: INR 42900.03,EMI
Swiggy order payment | Ref:a56577d5 | Amount: INR 22941.36,Food
IRCTC train ticket booking | Ref:bb2d5d31 | Amount: INR 44133.66,Travel
Amazon online shopping | Ref:3f7ad4d1 | Amount: INR 39630.4,Shopping
IndiGo flight ticket | Ref:0584e054 | Amount: INR 21013.54,Travel
Restaurant dining at | Ref:1c4f45fe | Amount: INR 12110.1,Food
Fixed deposit investment | Ref:5d050dc1 | Amount: INR 19084.94,Investment
Fixed deposit investment | Ref:c8e6a172 | Amount: INR 27096.37,Investment
MakeMyTrip hotel booking | Ref:8bb7d89b | Amount: INR 35144.78,Travel
SIP investment in mutual fund | Ref:66cebd73 | Amount: INR 28495.5,Investment
IKEA furniture shopping | Ref:ef60f9f0 | Amount: INR 26599.28,Shopping
Fixed deposit investment | Ref:b26b044a | Amount: INR 12725.34,Investment
Zomato dinner bill | Ref:d85926c7 | Amount: INR 2315.07,Food
Personal loan EMI deduction | Ref:3be7f912 | Amount: INR 19082.22,EMI
SBI car loan EMI | Ref:8dc4c289 | Amount: INR 26008.03,EMI
Credit card EMI installment | Ref:84bd0e91 | Amount: INR 39666.75,EMI
HDFC home loan EMI | Ref:ec90d6c0 | Amount: INR 44176.85,EMI
Reliance Digital purchase | Ref:2b749eb7 | Amount: INR 8405.38,Shopping
Dominos pizza order | Ref:7828a46e | Amount: INR 44698.66,Food
IKEA furniture shopping | Ref:f4aea289 | Amount: INR 46998.85,Shopping
Myntra clothing order | Ref:1f16dddf | Amount: INR 34367.98,Shopping
Credit card EMI installment | Ref:f220eac9 | Amount: INR 4176.61,EMI
SIP investment in mutual fund | Ref:94d97074 | Amount: INR 18205.43,Investment
IRCTC train ticket booking | Ref:b101ba68 | Amount: INR 17259.02,Travel
McDonald's meal payment | Ref:a781614b | Amount: INR 13156.61,Food
Uber ride payment | Ref:0d459db4 | Amount: INR 38616.4,Travel
Myntra clothing order | Ref:dae9483d | Amount: INR 3951.23,Shopping
Fixed deposit investment | Ref:c5347f4f | Amount: INR 35619.71,Investment
Myntra clothing order | Ref:f08b037f | Amount: INR 12725.13,Shopping
Groww ETF investment | Ref:b7b517b6 | Amount: INR 38136.71,Investment
IndiGo flight ticket | Ref:03b32590 | Amount: INR 5271.51,Travel
Fixed deposit investment | Ref:f87f38e8 | Amount: INR 44245.66,Investment
Dominos pizza order | Ref:2d4e7780 | Amount: INR 49240.65,Food
HDFC home loan EMI | Ref:54da22e0 | Amount: INR 28842.66,EMI
IndiGo flight ticket | Ref:5cf68700 | Amount: INR 48483.35,Travel
Zomato dinner bill | Ref:40db2cb8 | Amount: INR 6790.42,Food
SBI car loan EMI | Ref:62123624 | Amount: INR 25212.15,EMI
IKEA furniture shopping | Ref:4084becc | Amount: INR 30600.54,Shopping
SIP investment in mutual fund | Ref:77e4e6f1 | Amount: INR 48544.73,Investment
Personal loan EMI deduction | Ref:34e8d786 | Amount: INR 13667.12,EMI
SBI car loan EMI | Ref:780d4cd1 | Amount: INR 16049.62,EMI
Reliance Digital purchase | Ref:d4656bab | Amount: INR 28146.8,Shopping
Groww ETF investment | Ref:0645a45a | Amount: INR 4669.43,Investment
Zerodha stock purchase | Ref:f96794ed | Amount: INR 3210.19,Investment
SBI car loan EMI | Ref:9a8fee13 | Amount: INR 31827.53,EMI
HDFC home loan EMI | Ref:8d94863d | Amount: INR 1662.12,EMI
Groww ETF investment | Ref:d7341369 | Amount: INR 44866.04,Investment
HDFC home loan EMI | Ref:1af788c2 | Amount: INR 14483.06,EMI
IRCTC train ticket booking | Ref:4ebfcb9c | Amount: INR 28014.46,Travel
Reliance Digital purchase | Ref:9423c4dc | Amount: INR 11731.53,Shopping
Restaurant dining at | Ref:e22e279c | Amount: INR 49623.24,Food
Groww ETF investment | Ref:b71adc97 | Amount: INR 46763.54,Investment
SIP investment in mutual fund | Ref:d6adae1d | Amount: INR 18579.68,Investment
Zerodha stock purchase | Ref:d702681a | Amount: INR 5045.42,Investment
Amazon online shopping | Ref:29effb4b | Amount: INR 7182.26,Shopping
McDonald's meal payment | Ref:890092a4 | Amount: INR 22288.55,Food
Credit card EMI installment | Ref:28edb26c | Amount: INR 30670.72,EMI
PPF contribution | Ref:eb670dd6 | Amount: INR 30110.56,Investment
Cafe coffee purchase at | Ref:2bbd4348 | Amount: INR 20275.52,Food
IKEA furniture shopping | Ref:836ba445 | Amount: INR 15337.75,Shopping
Reliance Digital purchase | Ref:f57b42ce | Amount: INR 12162.75,Shopping
Cafe coffee purchase at | Ref:de13bb06 | Amount: INR 36436.13,Food
MakeMyTrip hotel booking | Ref:50c393ba | Amount: INR 45071.35,Travel
Zerodha stock purchase | Ref:4654fdda | Amount: INR 17479.23,Investment
Zerodha stock purchase | Ref:ba71f777 | Amount: INR 20819.21,Investment
Amazon online shopping | Ref:f425a9b4 | Amount: INR 44195.93,Shopping
IKEA furniture shopping | Ref:e9ad0699 | Amount: INR 40060.08,Shopping
HDFC home loan EMI | Ref:c6585ae5 | Amount: INR 18887.16,EMI
Fixed deposit investment | Ref:64dbd0b8 | Amount: INR 35584.77,Investment
Zomato dinner bill | Ref:a34cc88f | Amount: INR 21812.04,Food
Fixed deposit investment | Ref:2d547cd8 | Amount: INR 38784.37,Investment
IndiGo flight ticket | Ref:5bbd41d4 | Amount: INR 15727.95,Travel
Fixed deposit investment | Ref:5950dd8b | Amount: INR 20027.14,Investment
Petrol pump fuel payment | Ref:4ea14996 | Amount: INR 1868.81,Travel
Uber ride payment | Ref:c8cd5a72 | Amount: INR 12886.11,Travel
Personal loan EMI deduction | Ref:5649082b | Amount: INR 25634.67,EMI
Personal loan EMI deduction | Ref:3c275d88 | Amount: INR 14743.49,EMI
Uber ride payment | Ref:d28d329e | Amount: INR 24443.88,Travel
Amazon online shopping | Ref:5c9d1cfc | Amount: INR 27067.62,Shopping
Restaurant dining at | Ref:43fdae49 | Amount: INR 4369.57,Food
Cafe coffee purchase at | Ref:0f283e8d | Amount: INR 5066.92,Food
Zomato dinner bill | Ref:600fd67f | Amount: INR 10343.78,Food
Swiggy order payment | Ref:b37c7b47 | Amount: INR 39325.74,Food
PPF contribution | Ref:2b5e037d | Amount: INR 24133.03,Investment
McDonald's meal payment | Ref:4281b98e | Amount: INR 16554.9,Food
Myntra clothing order | Ref:56764f6f | Amount: INR 40684.77,Shopping
Bajaj Finserv EMI payment | Ref:e192f5b3 | Amount: INR 18673.78,EMI
Cafe coffee purchase at | Ref:0e7eb96a | Amount: INR 20191.45,Food
Amazon online shopping | Ref:0c9f5a89 | Amount: INR 20793.26,Shopping
MakeMyTrip hotel booking | Ref:5f0c8246 | Amount: INR 11367.39,Travel
Groww ETF investment | Ref:6edaa573 | Amount: INR 34456.92,Investment
SIP investment in mutual fund | Ref:148a8a2a | Amount: INR 7406.37,Investment
Credit card EMI installment | Ref:a94d2f0f | Amount: INR 30887.27,EMI
SBI car loan EMI | Ref:3e75d022 | Amount: INR 3223.21,EMI
Personal loan EMI deduction | Ref:303d2f51 | Amount: INR 40530.59,EMI
IKEA furniture shopping | Ref:409c3375 | Amount: INR 43180.68,Shopping
IKEA furniture shopping | Ref:70d817cb | Amount: INR 20438.66,Shopping
Reliance Digital purchase | Ref:0ed405e3 | Amount: INR 45217.81,Shopping
PPF contribution | Ref:501268a6 | Amount: INR 26227.22,Investment
Zerodha stock purchase | Ref:651bd606 | Amount: INR 10237.65,Investment
HDFC home loan EMI | Ref:c105f2d1 | Amount: INR 21802.2,EMI
Grocery purchase at Big Bazaar | Ref:85593baf | Amount: INR 35657.75,Food
PPF contribution | Ref:170cd51b | Amount: INR 45926.39,Investment
Bajaj Finserv EMI payment | Ref:ba0df5ac | Amount: INR 35164.23,EMI
PPF contribution | Ref:c34eef8c | Amount: INR 13460.55,Investment
Personal loan EMI deduction | Ref:0f1d4ffc | Amount: INR 35583.52,EMI
Grocery purchase at Big Bazaar | Ref:68243d95 | Amount: INR 6455.91,Food
Amazon online shopping | Ref:670d798a | Amount: INR 18766.27,Shopping
Uber ride payment | Ref:70b630da | Amount: INR 7190.58,Travel
RedBus bus ticket | Ref:da7d1d3b | Amount: INR 27564.37,Travel
IRCTC train ticket booking | Ref:cb56b659 | Amount: INR 36004.59,Travel
Reliance Digital purchase | Ref:0de2befd | Amount: INR 4556.61,Shopping
Fixed deposit investment | Ref:629f89d5 | Amount: INR 8495.51,Investment
Amazon online shopping | Ref:084fef4d | Amount: INR 47071.95,Shopping
MakeMyTrip hotel booking | Ref:54685ceb | Amount: INR 14138.11,Travel
IRCTC train ticket booking | Ref:71b48a55 | Amount: INR 3207.93,Travel
RedBus bus ticket | Ref:f68cb91b | Amount: INR 32719.74,Travel
IRCTC train ticket booking | Ref:5a704eb6 | Amount: INR 36601.53,Travel
HDFC home loan EMI | Ref:46823ea1 | Amount: INR 28545.83,EMI
Cafe coffee purchase at | Ref:2be69ffc | Amount: INR 45408.38,Food
MakeMyTrip hotel booking | Ref:fdcbd941 | Amount: INR 9211.33,Travel
SBI car loan EMI | Ref:6a38c040 | Amount: INR 27840.72,EMI
Myntra clothing order | Ref:3e4135e5 | Amount: INR 14137.2,Shopping
Bajaj Finserv EMI payment | Ref:1becd56e | Amount: INR 21004.72,EMI
Groww ETF investment | Ref:a04266c4 | Amount: INR 11774.21,Investment
Cafe coffee purchase at | Ref:4f6dbd8b | Amount: INR 34889.42,Food
Petrol pump fuel payment | Ref:fe3b6b2c | Amount: INR 28285.46,Travel
PPF contribution | Ref:99d25ca2 | Amount: INR 36868.89,Investment
Grocery purchase at Big Bazaar | Ref:45add242 | Amount: INR 1908.23,Food
Ola cab fare | Ref:8880e168 | Amount: INR 11933.37,Travel
Credit card EMI installment | Ref:f8547183 | Amount: INR 34818.8,EMI
IndiGo flight ticket | Ref:1979f2b8 | Amount: INR 28059.7,Travel
Fixed deposit investment | Ref:01411caf | Amount: INR 40169.84,Investment
HDFC home loan EMI | Ref:731eb771 | Amount: INR 34432.85,EMI
Petrol pump fuel payment | Ref:efe83a49 | Amount: INR 20158.86,Travel
Dominos pizza order | Ref:8771e26e | Amount: INR 44331.55,Food
Personal loan EMI deduction | Ref:d356523c | Amount: INR 35363.59,EMI
Fixed deposit investment | Ref:787319d1 | Amount: INR 1855.99,Investment
McDonald's meal payment | Ref:07abb3eb | Amount: INR 41777.48,Food
Dominos pizza order | Ref:72359f7f | Amount: INR 8897.47,Food
Petrol pump fuel payment | Ref:14b9034c | Amount: INR 7482.53,Travel
Bajaj Finserv EMI payment | Ref:e6a2f0cb | Amount: INR 5433.36,EMI
Myntra clothing order | Ref:9968f9c3 | Amount: INR 43602.55,Shopping
Personal loan EMI deduction | Ref:b214e1c3 | Amount: INR 3286.86,EMI
Credit card EMI installment | Ref:98b31be4 | Amount: INR 17741.98,EMI
Uber ride payment | Ref:0e565a78 | Amount: INR 13659.29,Travel
Reliance Digital purchase | Ref:ab4a2fe0 | Amount: INR 21486.75,Shopping
Restaurant dining at | Ref:b8c44a9a | Amount: INR 10981.95,Food
Myntra clothing order | Ref:9ce3f5c9 | Amount: INR 14282.11,Shopping
Ola cab fare | Ref:035162cd | Amount: INR 46102.14,Travel
McDonald's meal payment | Ref:5d78c7c0 | Amount: INR 13583.13,Food
Fixed deposit investment | Ref:2aa357a4 | Amount: INR 16720.29,Investment
Flipkart electronics purchase | Ref:bdae09e8 | Amount: INR 36491.33,Shopping
Personal loan EMI deduction | Ref:6edd7c52 | Amount: INR 17644.83,EMI
Uber ride payment | Ref:f9b2aeb3 | Amount: INR 25151.52,Travel
IKEA furniture shopping | Ref:1ed4ff84 | Amount: INR 1232.73,Shopping
Fixed deposit investment | Ref:145c6da5 | Amount: INR 46384.18,Investment
Dominos pizza order | Ref:3a192810 | Amount: INR 36340.56,Food
Amazon online shopping | Ref:acd4afa4 | Amount: INR 32224.06,Shopping
Groww ETF investment | Ref:8e9935fe | Amount: INR 7459.29,Investment
Swiggy order payment | Ref:f83b226a | Amount: INR 24686.85,Food
Ola cab fare | Ref:32803148 | Amount: INR 39649.35,Travel
SIP investment in mutual fund | Ref:447c5633 | Amount: INR 35276.41,Investment
Grocery purchase at Big Bazaar | Ref:2bafedc1 | Amount: INR 28550.71,Food
Flipkart electronics purchase | Ref:9d72ad38 | Amount: INR 46748.39,Shopping
HDFC home loan EMI | Ref:4d3d6794 | Amount: INR 27447.11,EMI
Petrol pump fuel payment | Ref:1892704b | Amount: INR 27958.24,Travel
Flipkart electronics purchase | Ref:863ec2d3 | Amount: INR 44478.43,Shopping
Zerodha stock purchase | Ref:f024cf2d | Amount: INR 32418.94,Investment
Ola cab fare | Ref:994047d8 | Amount: INR 5693.69,Travel
PPF contribution | Ref:811024c0 | Amount: INR 23313.26,Investment
Myntra clothing order | Ref:1c1abc33 | Amount: INR 17805.11,Shopping
Myntra clothing order | Ref:45a18eaa | Amount: INR 23214.84,Shopping
McDonald's meal payment | Ref:f0d68cc0 | Amount: INR 15275.7,Food
IKEA furniture shopping | Ref:8df4385c | Amount: INR 48298.74,Shopping
Fixed deposit investment | Ref:cbe76f53 | Amount: INR 11074.32,Investment
Flipkart electronics purchase | Ref:0171b3b0 | Amount: INR 42862.7,Shopping
Myntra clothing order | Ref:76a065c5 | Amount: INR 33215.31,Shopping
SBI car loan EMI | Ref:e2c4b754 | Amount: INR 29563.15,EMI
Cafe coffee purchase at | Ref:cf05ce8e | Amount: INR 24627.7,Food
PPF contribution | Ref:d8bdbd99 | Amount: INR 45709.56,Investment
PPF contribution | Ref:6360ad90 | Amount: INR 47993.23,Investment
IndiGo flight ticket | Ref:100e82a6 | Amount: INR 13350.24,Travel
Amazon online shopping | Ref:ac70eaa2 | Amount: INR 27995.94,Shopping
Zomato dinner bill | Ref:ba435bae | Amount: INR 1710.3,Food
Dominos pizza order | Ref:42936c00 | Amount: INR 2386.51,Food
Dominos pizza order | Ref:416d662f | Amount: INR 7417.18,Food
McDonald's meal payment | Ref:783113ef | Amount: INR 26893.31,Food
Groww ETF investment | Ref:ab4b83e2 | Amount: INR 10249.91,Investment
Reliance Digital purchase | Ref:5075672e | Amount: INR 21243.45,Shopping
Amazon online shopping | Ref:ee837cc5 | Amount: INR 282.82,Shopping
Uber ride payment | Ref:184250f7 | Amount: INR 46565.76,Travel
Personal loan EMI deduction | Ref:094cba4c | Amount: INR 20175.84,EMI
Cafe coffee purchase at | Ref:dd857f7a | Amount: INR 8770.34,Food
Restaurant dining at | Ref:6908be1a | Amount: INR 24592.55,Food
IKEA furniture shopping | Ref:51d3a6e1 | Amount: INR 34952.17,Shopping
SIP investment in mutual fund | Ref:dcc05520 | Amount: INR 31843.61,Investment
Reliance Digital purchase | Ref:d3b1514b | Amount: INR 41183.51,Shopping
Personal loan EMI deduction | Ref:9ee72b54 | Amount: INR 26309.31,EMI
Zomato dinner bill | Ref:41fb7a2b | Amount: INR 44943.84,Food
Ola cab fare | Ref:cb3d6d82 | Amount: INR 23008.11,Travel
Zerodha stock purchase | Ref:75edb558 | Amount: INR 40789.12,Investment
IndiGo flight ticket | Ref:2f029230 | Amount: INR 19128.05,Travel
MakeMyTrip hotel booking | Ref:93ddd616 | Amount: INR 24628.26,Travel
Bajaj Finserv EMI payment | Ref:c3888a6a | Amount: INR 39273.9,EMI
PPF contribution | Ref:545b7496 | Amount: INR 15169.35,Investment
Petrol pump fuel payment | Ref:1a1ff1ab | Amount: INR 9670.61,Travel
McDonald's meal payment | Ref:a12eceb8 | Amount: INR 36002.21,Food
Ola cab fare | Ref:83ebbcbd | Amount: INR 30567.18,Travel
SBI car loan EMI | Ref:96908495 | Amount: INR 47431.75,EMI
IndiGo flight ticket | Ref:9caa840b | Amount: INR 10878.27,Travel
Reliance Digital purchase | Ref:cd3b713c | Amount: INR 5500.5,Shopping
Ola cab fare | Ref:ae2fd8f3 | Amount: INR 11305.14,Travel
Amazon online shopping | Ref:be08b45a | Amount: INR 27462.19,Shopping
SIP investment in mutual fund | Ref:a498e27a | Amount: INR 45365.03,Investment
Ola cab fare | Ref:61d704aa | Amount: INR 39450.94,Travel
Personal loan EMI deduction | Ref:d0359a3a | Amount: INR 12229.31,EMI
Zomato dinner bill | Ref:4aa1326a | Amount: INR 26020.95,Food
IndiGo flight ticket | Ref:af9ce9b9 | Amount: INR 42463.31,Travel
IKEA furniture shopping | Ref:a09e9371 | Amount: INR 40311.14,Shopping
Ola cab fare | Ref:46496171 | Amount: INR 25500.84,Travel
Dominos pizza order | Ref:eccf445f | Amount: INR 20221.73,Food
Flipkart electronics purchase | Ref:471a061c | Amount: INR 32381.56,Shopping
Grocery purchase at Big Bazaar | Ref:3183311a | Amount: INR 3502.72,Food
Credit card EMI installment | Ref:58f0f356 | Amount: INR 16204.41,EMI
Swiggy order payment | Ref:263368f7 | Amount: INR 14499.34,Food
Myntra clothing order | Ref:7653c845 | Amount: INR 14154.09,Shopping
Petrol pump fuel payment | Ref:5a112c3d | Amount: INR 20692.13,Travel
MakeMyTrip hotel booking | Ref:6a4c16c4 | Amount: INR 13717.92,Travel
SBI car loan EMI | Ref:e8d73067 | Amount: INR 13622.17,EMI
IndiGo flight ticket | Ref:87933fb9 | Amount: INR 31084.56,Travel
Reliance Digital purchase | Ref:6482dffd | Amount: INR 38343.09,Shopping
Ola cab fare | Ref:f973910f | Amount: INR 4248.14,Travel
Credit card EMI installment | Ref:5f0cdbbe | Amount: INR 35668.29,EMI
Credit card EMI installment | Ref:65015854 | Amount: INR 6826.55,EMI
Amazon online shopping | Ref:b8bc82a4 | Amount: INR 41567.92,Shopping
Myntra clothing order | Ref:f32725cb | Amount: INR 41093.24,Shopping
PPF contribution | Ref:705d88b4 | Amount: INR 16303.58,Investment
HDFC home loan EMI | Ref:b87e9789 | Amount: INR 922.4,EMI
SIP investment in mutual fund | Ref:5d00d9d3 | Amount: INR 30080.77,Investment
SBI car loan EMI | Ref:432eddb3 | Amount: INR 2381.0,EMI
Cafe coffee purchase at | Ref:d2115560 | Amount: INR 37497.75,Food
Petrol pump fuel payment | Ref:1550408d | Amount: INR 43500.39,Travel
Bajaj Finserv EMI payment | Ref:b04700e7 | Amount: INR 16637.19,EMI
SIP investment in mutual fund | Ref:f943b700 | Amount: INR 19865.55,Investment
Zerodha stock purchase | Ref:29765c60 | Amount: INR 3787.67,Investment
SBI car loan EMI | Ref:9dad8026 | Amount: INR 4606.08,EMI
Zerodha stock purchase | Ref:6aab1bcf | Amount: INR 32660.62,Investment
Grocery purchase at Big Bazaar | Ref:2e493ca4 | Amount: INR 44441.79,Food
Grocery purchase at Big Bazaar | Ref:3971d661 | Amount: INR 40647.66,Food
Cafe coffee purchase at | Ref:842718b9 | Amount: INR 7075.14,Food
Bajaj Finserv EMI payment | Ref:7a1370d6 | Amount: INR 5043.57,EMI
Zomato dinner bill | Ref:0afbf5a4 | Amount: INR 2720.89,Food
Myntra clothing order | Ref:d19da3a5 | Amount: INR 47811.37,Shopping
Petrol pump fuel payment | Ref:bf2e21e7 | Amount: INR 32787.03,Travel
Uber ride payment | Ref:c0ce8965 | Amount: INR 38150.07,Travel
Groww ETF investment | Ref:a7651a31 | Amount: INR 7472.9,Investment
MakeMyTrip hotel booking | Ref:216dd5c8 | Amount: INR 26840.85,Travel
SIP investment in mutual fund | Ref:aaa6f319 | Amount: INR 49922.25,Investment
Flipkart electronics purchase | Ref:f5353d36 | Amount: INR 32362.49,Shopping
PPF contribution | Ref:635eed62 | Amount: INR 246.24,Investment
IKEA furniture shopping | Ref:1f6bd477 | Amount: INR 24452.81,Shopping
Ola cab fare | Ref:acd29f77 | Amount: INR 11370.53,Travel
Swiggy order payment | Ref:dbb9c807 | Amount: INR 13221.62,Food
Credit card EMI installment | Ref:2cff05b1 | Amount: INR 19944.79,EMI
Groww ETF investment | Ref:9f4af75d | Amount: INR 7914.52,Investment
Amazon online shopping | Ref:41cde15d | Amount: INR 23038.93,Shopping
Bajaj Finserv EMI payment | Ref:cd6213dc | Amount: INR 46290.16,EMI
MakeMyTrip hotel booking | Ref:bfc48966 | Amount: INR 40900.09,Travel
Zomato dinner bill | Ref:82045893 | Amount: INR 30443.73,Food
PPF contribution | Ref:e1b831e8 | Amount: INR 23094.78,Investment
Bajaj Finserv EMI payment | Ref:c0559181 | Amount: INR 47627.22,EMI
IRCTC train ticket booking | Ref:f5b84d41 | Amount: INR 38729.71,Travel
Personal loan EMI deduction | Ref:c556a059 | Amount: INR 37083.4,EMI
Personal loan EMI deduction | Ref:8a127792 | Amount: INR 21447.65,EMI
Cafe coffee purchase at | Ref:acd7ca22 | Amount: INR 45198.08,Food
MakeMyTrip hotel booking | Ref:72bafa7e | Amount: INR 35338.09,Travel
Ola cab fare | Ref:f9ad5d4b | Amount: INR 43606.73,Travel
Zerodha stock purchase | Ref:0a1eca79 | Amount: INR 43323.96,Investment
Cafe coffee purchase at | Ref:3a533665 | Amount: INR 21670.9,Food
IndiGo flight ticket | Ref:2684dc59 | Amount: INR 45610.6,Travel
Dominos pizza order | Ref:515b73da | Amount: INR 26265.07,Food
Grocery purchase at Big Bazaar | Ref:5b0aad50 | Amount: INR 46128.72,Food
Personal loan EMI deduction | Ref:9a19dd68 | Amount: INR 6197.62,EMI
HDFC home loan EMI | Ref:f52f935a | Amount: INR 19937.08,EMI
Amazon online shopping | Ref:956bed6a | Amount: INR 34451.48,Shopping
Zomato dinner bill | Ref:b4199ebe | Amount: INR 43978.33,Food
Myntra clothing order | Ref:b5c5a946 | Amount: INR 10043.85,Shopping
Groww ETF investment | Ref:fc42bfbb | Amount: INR 20459.26,Investment
Ola cab fare | Ref:f2bf6c25 | Amount: INR 43091.33,Travel
SIP investment in mutual fund | Ref:36f592d3 | Amount: INR 40231.75,Investment
Fixed deposit investment | Ref:83dc79f0 | Amount: INR 21778.56,Investment
RedBus bus ticket | Ref:d7fae830 | Amount: INR 6056.13,Travel
McDonald's meal payment | Ref:9b7e6eae | Amount: INR 31919.4,Food
IKEA furniture shopping | Ref:b8a0b9c1 | Amount: INR 9211.02,Shopping
Fixed deposit investment | Ref:60c17e71 | Amount: INR 32825.95,Investment
PPF contribution | Ref:bd3032ae | Amount: INR 9944.49,Investment
Bajaj Finserv EMI payment | Ref:ae15840c | Amount: INR 2316.21,EMI
Ola cab fare | Ref:fc4ad826 | Amount: INR 34497.39,Travel
IndiGo flight ticket | Ref:7293636a | Amount: INR 14610.18,Travel
Amazon online shopping | Ref:a6e5f390 | Amount: INR 34404.11,Shopping
Reliance Digital purchase | Ref:5b12325a | Amount: INR 10992.62,Shopping
Personal loan EMI deduction | Ref:5910ca41 | Amount: INR 35930.05,EMI
PPF contribution | Ref:56e3d948 | Amount: INR 10250.02,Investment
Groww ETF investment | Ref:c0910f98 | Amount: INR 44686.79,Investment
Restaurant dining at | Ref:7763336b | Amount: INR 2211.91,Food
Petrol pump fuel payment | Ref:4cd6daa0 | Amount: INR 11299.95,Travel
Zerodha stock purchase | Ref:c26ff7a8 | Amount: INR 27718.1,Investment
Cafe coffee purchase at | Ref:86644f1a | Amount: INR 41773.29,Food
Zomato dinner bill | Ref:c8bb59c7 | Amount: INR 27630.56,Food
Restaurant dining at | Ref:bab4ff67 | Amount: INR 43107.02,Food
RedBus bus ticket | Ref:1f5ecb13 | Amount: INR 25105.0,Travel
IRCTC train ticket booking | Ref:0c61418e | Amount: INR 10558.81,Travel
Cafe coffee purchase at | Ref:ec1dccd4 | Amount: INR 40886.77,Food
Flipkart electronics purchase | Ref:c72504de | Amount: INR 33009.25,Shopping
Flipkart electronics purchase | Ref:ae9bdfa2 | Amount: INR 34272.81,Shopping
Bajaj Finserv EMI payment | Ref:18dad8f1 | Amount: INR 13014.11,EMI
McDonald's meal payment | Ref:6579ed17 | Amount: INR 29616.3,Food
Restaurant dining at | Ref:df4f7596 | Amount: INR 8103.09,Food
McDonald's meal payment | Ref:55d769b0 | Amount: INR 42361.15,Food
Reliance Digital purchase | Ref:154069f2 | Amount: INR 6789.73,Shopping
Credit card EMI installment | Ref:29638e48 | Amount: INR 8686.48,EMI
RedBus bus ticket | Ref:35176740 | Amount: INR 3748.9,Travel
Fixed deposit investment | Ref:669c538f | Amount: INR 35788.77,Investment
Swiggy order payment | Ref:509decc9 | Amount: INR 1828.22,Food
Personal loan EMI deduction | Ref:15ec138c | Amount: INR 45254.9,EMI
Amazon online shopping | Ref:fc1b36e5 | Amount: INR 4913.35,Shopping
PPF contribution | Ref:4013dea1 | Amount: INR 6293.22,Investment
Fixed deposit investment | Ref:382c6851 | Amount: INR 1667.52,Investment
SBI car loan EMI | Ref:ff7248a8 | Amount: INR 3293.88,EMI
Cafe coffee purchase at | Ref:510e23d2 | Amount: INR 38179.43,Food
Zomato dinner bill | Ref:25b46174 | Amount: INR 45115.75,Food
Grocery purchase at Big Bazaar | Ref:fad2202d | Amount: INR 27222.64,Food
Credit card EMI installment | Ref:81e50c53 | Amount: INR 12003.69,EMI
Myntra clothing order | Ref:23869a97 | Amount: INR 33349.51,Shopping
Zomato dinner bill | Ref:aef89d61 | Amount: INR 6096.52,Food
Fixed deposit investment | Ref:297b7c7a | Amount: INR 17813.43,Investment
Myntra clothing order | Ref:d1874c65 | Amount: INR 11425.58,Shopping
Zerodha stock purchase | Ref:9c75f86b | Amount: INR 31425.08,Investment
McDonald's meal payment | Ref:25d8fe36 | Amount: INR 29091.06,Food
Fixed deposit investment | Ref:32d174cc | Amount: INR 9022.63,Investment
RedBus bus ticket | Ref:f9f6f8f6 | Amount: INR 31747.89,Travel
IKEA furniture shopping | Ref:5766626f | Amount: INR 44226.83,Shopping
Swiggy order payment | Ref:0b2dd367 | Amount: INR 31090.53,Food
SBI car loan EMI | Ref:5fee0768 | Amount: INR 23413.0,EMI
Cafe coffee purchase at | Ref:08f2149f | Amount: INR 41805.9,Food
Ola cab fare | Ref:1009e17c | Amount: INR 27033.76,Travel
Zerodha stock purchase | Ref:f1129474 | Amount: INR 28673.21,Investment
SBI car loan EMI | Ref:a2c9b636 | Amount: INR 39930.21,EMI
Restaurant dining at | Ref:c78ebbf1 | Amount: INR 38436.23,Food
IKEA furniture shopping | Ref:9ff03b2d | Amount: INR 7148.01,Shopping
Petrol pump fuel payment | Ref:e3595a92 | Amount: INR 2972.59,Travel
Fixed deposit investment | Ref:e687158f | Amount: INR 26711.84,Investment
Cafe coffee purchase at | Ref:5ae7d982 | Amount: INR 43921.42,Food
PPF contribution | Ref:4f8793ee | Amount: INR 38164.45,Investment
HDFC home loan EMI | Ref:3ae61106 | Amount: INR 14649.23,EMI
HDFC home loan EMI | Ref:46380df2 | Amount: INR 20333.71,EMI
Amazon online shopping | Ref:4341edc5 | Amount: INR 10406.15,Shopping
HDFC home loan EMI | Ref:0c9d1570 | Amount: INR 8057.61,EMI
Flipkart electronics purchase | Ref:e8ba1669 | Amount: INR 16174.05,Shopping
MakeMyTrip hotel booking | Ref:9cf92dc6 | Amount: INR 14775.71,Travel
Fixed deposit investment | Ref:3005c860 | Amount: INR 48728.6,Investment
Zerodha stock purchase | Ref:75b13f6d | Amount: INR 14434.79,Investment
IndiGo flight ticket | Ref:4c8d69b7 | Amount: INR 1970.53,Travel
Flipkart electronics purchase | Ref:0ec0af67 | Amount: INR 49688.09,Shopping
IndiGo flight ticket | Ref:87eda348 | Amount: INR 12220.05,Travel
Restaurant dining at | Ref:9b8b409f | Amount: INR 32973.12,Food
PPF contribution | Ref:fd6d08a5 | Amount: INR 49013.22,Investment
Dominos pizza order | Ref:0e5c0686 | Amount: INR 48570.92,Food
IndiGo flight ticket | Ref:26affbb5 | Amount: INR 21273.07,Travel
Personal loan EMI deduction | Ref:08c8db48 | Amount: INR 48867.59,EMI
Cafe coffee purchase at | Ref:e642474b | Amount: INR 41530.31,Food
Ola cab fare | Ref:40f22914 | Amount: INR 35567.86,Travel
Credit card EMI installment | Ref:d4400e70 | Amount: INR 18379.57,EMI
SIP investment in mutual fund | Ref:f8cc4718 | Amount: INR 48900.33,Investment
RedBus bus ticket | Ref:346b5f3c | Amount: INR 16690.68,Travel
Cafe coffee purchase at | Ref:739003c1 | Amount: INR 23205.95,Food
Credit card EMI installment | Ref:6448f36c | Amount: INR 20241.69,EMI
IRCTC train ticket booking | Ref:07e22caf | Amount: INR 22903.09,Travel
Myntra clothing order | Ref:2f221c9c | Amount: INR 16782.54,Shopping
IRCTC train ticket booking | Ref:a2847b31 | Amount: INR 36064.13,Travel
HDFC home loan EMI | Ref:2d6a99ac | Amount: INR 10568.05,EMI
Dominos pizza order | Ref:55968881 | Amount: INR 48068.34,Food
Flipkart electronics purchase | Ref:cb75ce2c | Amount: INR 28761.56,Shopping
Reliance Digital purchase | Ref:df00da95 | Amount: INR 7593.62,Shopping
Zerodha stock purchase | Ref:30f14f57 | Amount: INR 36971.26,Investment
Amazon online shopping | Ref:a9dba8d3 | Amount: INR 3134.81,Shopping
Personal loan EMI deduction | Ref:65f79d32 | Amount: INR 1575.26,EMI
Dominos pizza order | Ref:67305206 | Amount: INR 16595.21,Food
Ola cab fare | Ref:ca7934ee | Amount: INR 48863.3,Travel
Ola cab fare | Ref:665324eb | Amount: INR 5679.04,Travel
Zomato dinner bill | Ref:7e1bfe01 | Amount: INR 28099.8,Food
Personal loan EMI deduction | Ref:c4aff5b7 | Amount: INR 617.26,EMI
Groww ETF investment | Ref:d30997fd | Amount: INR 27507.26,Investment
Petrol pump fuel payment | Ref:012e7f8e | Amount: INR 19801.62,Travel
Uber ride payment | Ref:9ac47258 | Amount: INR 15390.64,Travel
PPF contribution | Ref:9df76a92 | Amount: INR 28243.19,Investment
SBI car loan EMI | Ref:3d711a72 | Amount: INR 17333.85,EMI
Groww ETF investment | Ref:9a3a131d | Amount: INR 13598.86,Investment
Ola cab fare | Ref:0df03b8e | Amount: INR 6278.23,Travel
Amazon online shopping | Ref:ff4ed6c0 | Amount: INR 12702.97,Shopping
McDonald's meal payment | Ref:c413faf0 | Amount: INR 21270.32,Food
IKEA furniture shopping | Ref:90306c3a | Amount: INR 8059.15,Shopping
Credit card EMI installment | Ref:28c5618d | Amount: INR 37675.5,EMI
Amazon online shopping | Ref:13db8642 | Amount: INR 3766.81,Shopping
HDFC home loan EMI | Ref:0ee185e3 | Amount: INR 11434.93,EMI
Groww ETF investment | Ref:29096001 | Amount: INR 5373.83,Investment
Fixed deposit investment | Ref:e10f8ba6 | Amount: INR 30623.02,Investment
Myntra clothing order | Ref:9f5c099f | Amount: INR 1218.58,Shopping
Bajaj Finserv EMI payment | Ref:5b8665d3 | Amount: INR 17025.56,EMI
Petrol pump fuel payment | Ref:fb1c1057 | Amount: INR 7252.37,Travel
Groww ETF investment | Ref:646656b9 | Amount: INR 8792.73,Investment
Bajaj Finserv EMI payment | Ref:e5a58618 | Amount: INR 43369.69,EMI
Ola cab fare | Ref:bfd9ba13 | Amount: INR 34236.32,Travel
Groww ETF investment | Ref:87127c1c | Amount: INR 13793.94,Investment
SBI car loan EMI | Ref:cbd2cc92 | Amount: INR 32889.99,EMI
IKEA furniture shopping | Ref:39a01ad5 | Amount: INR 20063.9,Shopping
Amazon online shopping | Ref:214ea4c3 | Amount: INR 17013.84,Shopping
SBI car loan EMI | Ref:9b5a34c5 | Amount: INR 21857.48,EMI
Bajaj Finserv EMI payment | Ref:ebbe63be | Amount: INR 41625.09,EMI
Amazon online shopping | Ref:da47cde7 | Amount: INR 35339.53,Shopping
Bajaj Finserv EMI payment | Ref:9de91e98 | Amount: INR 9641.56,EMI
Personal loan EMI deduction | Ref:d140d342 | Amount: INR 46849.56,EMI
MakeMyTrip hotel booking | Ref:c964931b | Amount: INR 48677.46,Travel
Myntra clothing order | Ref:f2c7a441 | Amount: INR 21333.81,Shopping
Petrol pump fuel payment | Ref:d25e53c2 | Amount: INR 6250.66,Travel
Reliance Digital purchase | Ref:5a04d1b9 | Amount: INR 28657.08,Shopping
PPF contribution | Ref:a17b834b | Amount: INR 46192.76,Investment
PPF contribution | Ref:42239581 | Amount: INR 23901.16,Investment
Fixed deposit investment | Ref:da97320e | Amount: INR 30106.94,Investment
PPF contribution | Ref:66d7df11 | Amount: INR 37697.48,Investment
Reliance Digital purchase | Ref:5d7ae709 | Amount: INR 21772.66,Shopping
Credit card EMI installment | Ref:ab5b6dac | Amount: INR 39997.77,EMI
Credit card EMI installment | Ref:600f3ce0 | Amount: INR 2806.97,EMI
Groww ETF investment | Ref:d01567de | Amount: INR 1318.52,Investment
Flipkart electronics purchase | Ref:b6c27610 | Amount: INR 40282.1,Shopping
Zerodha stock purchase | Ref:c41436d9 | Amount: INR 44185.52,Investment
Myntra clothing order | Ref:694c7c98 | Amount: INR 15108.75,Shopping
Flipkart electronics purchase | Ref:40fb88b9 | Amount: INR 12634.41,Shopping
McDonald's meal payment | Ref:38fdb455 | Amount: INR 41321.1,Food
SIP investment in mutual fund | Ref:012f8083 | Amount: INR 27421.57,Investment
McDonald's meal payment | Ref:ce8e5efc | Amount: INR 33649.76,Food
Cafe coffee purchase at | Ref:a18c8bc9 | Amount: INR 14961.97,Food
Restaurant dining at | Ref:9559ca1e | Amount: INR 1962.16,Food
SIP investment in mutual fund | Ref:8950919a | Amount: INR 825.73,Investment
HDFC home loan EMI | Ref:0a576a7b | Amount: INR 32825.83,EMI
SBI car loan EMI | Ref:a5d30a1f | Amount: INR 40574.82,EMI
Myntra clothing order | Ref:02355cab | Amount: INR 33799.04,Shopping
Myntra clothing order | Ref:eaa8f1aa | Amount: INR 24324.92,Shopping
Restaurant dining at | Ref:df4e28b0 | Amount: INR 17622.64,Food
IndiGo flight ticket | Ref:c3b6e1f7 | Amount: INR 15449.97,Travel
Uber ride payment | Ref:5b87cd82 | Amount: INR 37362.42,Travel
Flipkart electronics purchase | Ref:34300594 | Amount: INR 33733.44,Shopping
Reliance Digital purchase | Ref:0cfd4e40 | Amount: INR 32712.71,Shopping
Fixed deposit investment | Ref:ac9b2391 | Amount: INR 42930.7,Investment
Ola cab fare | Ref:b2ffb2ef | Amount: INR 11234.22,Travel
Personal loan EMI deduction | Ref:35b0e276 | Amount: INR 49478.77,EMI
RedBus bus ticket | Ref:fdab9348 | Amount: INR 47213.28,Travel
Amazon online shopping | Ref:724cd782 | Amount: INR 28515.3,Shopping
McDonald's meal payment | Ref:cdfbc456 | Amount: INR 13775.81,Food
SIP investment in mutual fund | Ref:32c59543 | Amount: INR 519.03,Investment
Fixed deposit investment | Ref:f8a15439 | Amount: INR 20435.39,Investment
Fixed deposit investment | Ref:1843c2b1 | Amount: INR 47238.49,Investment
Dominos pizza order | Ref:dfa4aa55 | Amount: INR 24055.5,Food
HDFC home loan EMI | Ref:c8e3aaff | Amount: INR 9288.08,EMI
PPF contribution | Ref:d422c7f8 | Amount: INR 29836.67,Investment
Petrol pump fuel payment | Ref:80cf472a | Amount: INR 48025.71,Travel
SBI car loan EMI | Ref:0fded316 | Amount: INR 31771.1,EMI
Bajaj Finserv EMI payment | Ref:de00e5f0 | Amount: INR 10566.84,EMI
RedBus bus ticket | Ref:509e2e63 | Amount: INR 2133.04,Travel
Myntra clothing order | Ref:87f28486 | Amount: INR 39760.41,Shopping
Uber ride payment | Ref:423ba9f8 | Amount: INR 48470.26,Travel
SBI car loan EMI | Ref:20d74759 | Amount: INR 34390.48,EMI
IKEA furniture shopping | Ref:bbfc4797 | Amount: INR 36567.37,Shopping
IKEA furniture shopping | Ref:67954215 | Amount: INR 37397.56,Shopping
Fixed deposit investment | Ref:24e02f28 | Amount: INR 36344.42,Investment
MakeMyTrip hotel booking | Ref:1f3a637c | Amount: INR 4527.55,Travel
RedBus bus ticket | Ref:5929416e | Amount: INR 18927.35,Travel
Reliance Digital purchase | Ref:d26bdbc4 | Amount: INR 48228.54,Shopping
Grocery purchase at Big Bazaar | Ref:4234f4e0 | Amount: INR 25865.02,Food
Grocery purchase at Big Bazaar | Ref:9dbbdb26 | Amount: INR 11742.29,Food
Myntra clothing order | Ref:474fe5d5 | Amount: INR 36707.42,Shopping
Grocery purchase at Big Bazaar | Ref:2a38c298 | Amount: INR 15208.07,Food
Swiggy order payment | Ref:af67d902 | Amount: INR 42899.03,Food
Grocery purchase at Big Bazaar | Ref:cd9e9e70 | Amount: INR 35418.04,Food
Groww ETF investment | Ref:6653900c | Amount: INR 47531.63,Investment
Myntra clothing order | Ref:6cbf53e3 | Amount: INR 23578.57,Shopping
Restaurant dining at | Ref:7e8969bc | Amount: INR 27723.37,Food
RedBus bus ticket | Ref:3ba5d89d | Amount: INR 35616.77,Travel
Dominos pizza order | Ref:e904824c | Amount: INR 12448.33,Food
Reliance Digital purchase | Ref:31a4866d | Amount: INR 24814.61,Shopping
MakeMyTrip hotel booking | Ref:b666f245 | Amount: INR 45697.43,Travel
IndiGo flight ticket | Ref:61f3ba97 | Amount: INR 24552.95,Travel
Cafe coffee purchase at | Ref:2ab5f505 | Amount: INR 2717.06,Food
Grocery purchase at Big Bazaar | Ref:08e56cbb | Amount: INR 29978.55,Food
Credit card EMI installment | Ref:f40de2de | Amount: INR 24095.9,EMI
Personal loan EMI deduction | Ref:a75ff7b1 | Amount: INR 2354.77,EMI
IKEA furniture shopping | Ref:8b57ee4f | Amount: INR 33162.69,Shopping
SBI car loan EMI | Ref:1ef2d1f1 | Amount: INR 23573.07,EMI
McDonald's meal payment | Ref:f04d6671 | Amount: INR 46600.42,Food
Groww ETF investment | Ref:2f2de7c8 | Amount: INR 38764.79,Investment
McDonald's meal payment | Ref:0c0c2c06 | Amount: INR 47901.0,Food
Uber ride payment | Ref:360cb010 | Amount: INR 30862.87,Travel
Flipkart electronics purchase | Ref:a8e81ab0 | Amount: INR 38988.62,Shopping
Grocery purchase at Big Bazaar | Ref:4d1e4b0d | Amount: INR 8835.59,Food
Uber ride payment | Ref:4ba21bc1 | Amount: INR 21299.86,Travel
Flipkart electronics purchase | Ref:705bebfc | Amount: INR 7389.25,Shopping
Bajaj Finserv EMI payment | Ref:016d6ac6 | Amount: INR 25673.36,EMI
Myntra clothing order | Ref:6957774a | Amount: INR 7911.83,Shopping
Credit card EMI installment | Ref:cb800286 | Amount: INR 29846.84,EMI
Swiggy order payment | Ref:051a6071 | Amount: INR 7320.57,Food
SBI car loan EMI | Ref:3da3765d | Amount: INR 15092.5,EMI
Dominos pizza order | Ref:1de92731 | Amount: INR 14623.03,Food
SIP investment in mutual fund | Ref:d115a19e | Amount: INR 5702.54,Investment
HDFC home loan EMI | Ref:984c665f | Amount: INR 13705.47,EMI
Uber ride payment | Ref:81f9623c | Amount: INR 39400.29,Travel
Dominos pizza order | Ref:3e19aae4 | Amount: INR 24981.58,Food
Ola cab fare | Ref:e50b80cc | Amount: INR 904.53,Travel
HDFC home loan EMI | Ref:1b32be2e | Amount: INR 10980.01,EMI
Reliance Digital purchase | Ref:15f6aff8 | Amount: INR 2690.93,Shopping
Reliance Digital purchase | Ref:fb1d675f | Amount: INR 5228.58,Shopping
SIP investment in mutual fund | Ref:78c1185f | Amount: INR 12474.5,Investment
Swiggy order payment | Ref:b9436116 | Amount: INR 2668.55,Food
IndiGo flight ticket | Ref:fa96b7c5 | Amount: INR 38468.94,Travel
HDFC home loan EMI | Ref:6290ca2d | Amount: INR 30910.87,EMI
Groww ETF investment | Ref:d2eaa4cd | Amount: INR 46644.09,Investment
Flipkart electronics purchase | Ref:1535ac42 | Amount: INR 32471.11,Shopping
Zomato dinner bill | Ref:b2387f97 | Amount: INR 24541.86,Food
Bajaj Finserv EMI payment | Ref:d8d18ad1 | Amount: INR 29153.26,EMI
Dominos pizza order | Ref:e13f13a1 | Amount: INR 3823.85,Food
PPF contribution | Ref:b287ea8b | Amount: INR 42519.74,Investment
McDonald's meal payment | Ref:778789ac | Amount: INR 37922.29,Food
Bajaj Finserv EMI payment | Ref:40059631 | Amount: INR 17884.34,EMI
Zomato dinner bill | Ref:8e26b1c1 | Amount: INR 15985.34,Food
PPF contribution | Ref:e6de0884 | Amount: INR 44987.59,Investment
Myntra clothing order | Ref:b4f5889e | Amount: INR 25739.74,Shopping
IRCTC train ticket booking | Ref:d006602f | Amount: INR 30206.92,Travel
Cafe coffee purchase at | Ref:d7094940 | Amount: INR 35956.11,Food
HDFC home loan EMI | Ref:91296195 | Amount: INR 38050.71,EMI
HDFC home loan EMI | Ref:f9947503 | Amount: INR 15207.16,EMI
McDonald's meal payment | Ref:4e442446 | Amount: INR 32167.14,Food
Zerodha stock purchase | Ref:47fc4191 | Amount: INR 8218.97,Investment
Bajaj Finserv EMI payment | Ref:57cb9e19 | Amount: INR 20630.08,EMI
IKEA furniture shopping | Ref:322b662f | Amount: INR 22290.55,Shopping
Ola cab fare | Ref:9c70d17a | Amount: INR 41969.48,Travel
Bajaj Finserv EMI payment | Ref:11c1b35b | Amount: INR 9001.33,EMI
Restaurant dining at | Ref:455fb519 | Amount: INR 39355.25,Food
Petrol pump fuel payment | Ref:a6f80a48 | Amount: INR 14503.68,Travel
SIP investment in mutual fund | Ref:340789ae | Amount: INR 38897.65,Investment
Reliance Digital purchase | Ref:56388950 | Amount: INR 2828.66,Shopping
HDFC home loan EMI | Ref:482d9d13 | Amount: INR 2554.61,EMI
IKEA furniture shopping | Ref:f7d44613 | Amount: INR 14475.76,Shopping
Swiggy order payment | Ref:fe404b8b | Amount: INR 9687.35,Food
Bajaj Finserv EMI payment | Ref:0dbda607 | Amount: INR 4154.31,EMI
Groww ETF investment | Ref:e550c0a1 | Amount: INR 14919.28,Investment
Credit card EMI installment | Ref:56fff850 | Amount: INR 37656.76,EMI
Bajaj Finserv EMI payment | Ref:92de7c5a | Amount: INR 1176.82,EMI
Cafe coffee purchase at | Ref:2a304c48 | Amount: INR 36784.66,Food
Personal loan EMI deduction | Ref:738a354e | Amount: INR 4074.85,EMI
Fixed deposit investment | Ref:27d7874e | Amount: INR 2951.0,Investment
Reliance Digital purchase | Ref:ec535f50 | Amount: INR 48693.16,Shopping
Ola cab fare | Ref:cfc59e27 | Amount: INR 1500.72,Travel
IKEA furniture shopping | Ref:98e46e90 | Amount: INR 4235.29,Shopping
Personal loan EMI deduction | Ref:8396699d | Amount: INR 16121.77,EMI
Grocery purchase at Big Bazaar | Ref:289753da | Amount: INR 38519.39,Food
Zomato dinner bill | Ref:ab302f81 | Amount: INR 20584.29,Food
Zomato dinner bill | Ref:0a232535 | Amount: INR 47615.8,Food
Flipkart electronics purchase | Ref:1b4a69a9 | Amount: INR 47402.85,Shopping
SIP investment in mutual fund | Ref:166fc1f2 | Amount: INR 43573.3,Investment
SBI car loan EMI | Ref:b53ea855 | Amount: INR 38959.82,EMI
Ola cab fare | Ref:0b2f16e2 | Amount: INR 48555.15,Travel
HDFC home loan EMI | Ref:e2fa8500 | Amount: INR 17628.93,EMI
Credit card EMI installment | Ref:32c71047 | Amount: INR 43704.54,EMI
Zerodha stock purchase | Ref:59cdc1fa | Amount: INR 18843.61,Investment
SBI car loan EMI | Ref:bdb71c14 | Amount: INR 8253.7,EMI
Grocery purchase at Big Bazaar | Ref:2c2f9427 | Amount: INR 32159.67,Food
Personal loan EMI deduction | Ref:34472f27 | Amount: INR 28214.91,EMI
McDonald's meal payment | Ref:efd74d2e | Amount: INR 11184.76,Food
PPF contribution | Ref:8e42a46f | Amount: INR 19334.63,Investment
Personal loan EMI deduction | Ref:0ddd5034 | Amount: INR 10209.61,EMI
Amazon online shopping | Ref:0c792721 | Amount: INR 25387.49,Shopping
Zomato dinner bill | Ref:c660a7be | Amount: INR 9802.02,Food
Bajaj Finserv EMI payment | Ref:23c9d4cb | Amount: INR 44102.37,EMI
IKEA furniture shopping | Ref:db0f8080 | Amount: INR 9873.22,Shopping
Grocery purchase at Big Bazaar | Ref:3701f052 | Amount: INR 16844.31,Food
Flipkart electronics purchase | Ref:cc68f638 | Amount: INR 45548.78,Shopping
Fixed deposit investment | Ref:32877c97 | Amount: INR 29156.48,Investment
SBI car loan EMI | Ref:4d82d663 | Amount: INR 16041.73,EMI
Grocery purchase at Big Bazaar | Ref:d0097981 | Amount: INR 26932.77,Food
Swiggy order payment | Ref:4f98288a | Amount: INR 25687.72,Food
Ola cab fare | Ref:0e950683 | Amount: INR 35634.91,Travel
Myntra clothing order | Ref:083a8cf8 | Amount: INR 40394.6,Shopping
PPF contribution | Ref:dc63b9f0 | Amount: INR 31292.26,Investment
Reliance Digital purchase | Ref:b23d378e | Amount: INR 37123.08,Shopping
PPF contribution | Ref:3a943e97 | Amount: INR 13732.06,Investment
Flipkart electronics purchase | Ref:470ab2f1 | Amount: INR 8951.64,Shopping
Bajaj Finserv EMI payment | Ref:477dbfde | Amount: INR 2125.54,EMI
McDonald's meal payment | Ref:96fa3358 | Amount: INR 10144.82,Food
Dominos pizza order | Ref:947378ae | Amount: INR 405.36,Food
HDFC home loan EMI | Ref:8e5b6d07 | Amount: INR 4421.67,EMI
Fixed deposit investment | Ref:9d364d7f | Amount: INR 47994.78,Investment
Zerodha stock purchase | Ref:15306a5b | Amount: INR 6060.23,Investment
Myntra clothing order | Ref:bd8d6040 | Amount: INR 8329.03,Shopping
Groww ETF investment | Ref:69246252 | Amount: INR 31856.28,Investment
SIP investment in mutual fund | Ref:6c121031 | Amount: INR 36629.11,Investment
Zerodha stock purchase | Ref:e7562691 | Amount: INR 33776.34,Investment
Uber ride payment | Ref:62fc4ae7 | Amount: INR 12259.47,Travel
Credit card EMI installment | Ref:d4703a21 | Amount: INR 17472.72,EMI
Ola cab fare | Ref:faafed84 | Amount: INR 46964.71,Travel
Reliance Digital purchase | Ref:6f7bd5a3 | Amount: INR 40431.95,Shopping
Amazon online shopping | Ref:85965e9b | Amount: INR 24845.96,Shopping
Cafe coffee purchase at | Ref:6f35ac99 | Amount: INR 23562.87,Food
Flipkart electronics purchase | Ref:7b9c5c4f | Amount: INR 13959.94,Shopping
Restaurant dining at | Ref:8cc30221 | Amount: INR 17955.24,Food
Restaurant dining at | Ref:f780c605 | Amount: INR 11822.33,Food
Uber ride payment | Ref:d20c2ef7 | Amount: INR 14297.79,Travel
McDonald's meal payment | Ref:15b2528f | Amount: INR 6926.07,Food
Petrol pump fuel payment | Ref:d04847f9 | Amount: INR 40463.15,Travel
Personal loan EMI deduction | Ref:ec0c612f | Amount: INR 42360.78,EMI
Myntra clothing order | Ref:c7c1a3a2 | Amount: INR 10726.04,Shopping
IKEA furniture shopping | Ref:71738565 | Amount: INR 5030.12,Shopping
Reliance Digital purchase | Ref:0477e505 | Amount: INR 29678.1,Shopping
Flipkart electronics purchase | Ref:1dc04992 | Amount: INR 13302.2,Shopping
IKEA furniture shopping | Ref:81a63b31 | Amount: INR 28715.24,Shopping
Amazon online shopping | Ref:35e50464 | Amount: INR 38156.82,Shopping
PPF contribution | Ref:07bec386 | Amount: INR 9356.27,Investment
IndiGo flight ticket | Ref:1c59d1bb | Amount: INR 25035.74,Travel
Cafe coffee purchase at | Ref:9f0e6132 | Amount: INR 44964.81,Food
SBI car loan EMI | Ref:91c78325 | Amount: INR 78.32,EMI
RedBus bus ticket | Ref:d3bbde75 | Amount: INR 31694.99,Travel
MakeMyTrip hotel booking | Ref:c711dfbc | Amount: INR 43855.41,Travel
IndiGo flight ticket | Ref:9bdb59e2 | Amount: INR 44152.47,Travel
Zomato dinner bill | Ref:d3c5d967 | Amount: INR 27323.13,Food
Swiggy order payment | Ref:1f909862 | Amount: INR 28588.66,Food
SIP investment in mutual fund | Ref:3f17cd03 | Amount: INR 4606.68,Investment
SIP investment in mutual fund | Ref:ffd62871 | Amount: INR 14715.32,Investment
IndiGo flight ticket | Ref:2a62524f | Amount: INR 33692.61,Travel
Zerodha stock purchase | Ref:5842c5b8 | Amount: INR 33985.9,Investment
Zomato dinner bill | Ref:b800837f | Amount: INR 15923.41,Food
Personal loan EMI deduction | Ref:ae3ee5bf | Amount: INR 579.05,EMI
SIP investment in mutual fund | Ref:6a273c6f | Amount: INR 20793.14,Investment
Uber ride payment | Ref:4f852ca2 | Amount: INR 46698.52,Travel
SIP investment in mutual fund | Ref:cff0be2e | Amount: INR 23527.02,Investment
Uber ride payment | Ref:312387fa | Amount: INR 17991.17,Travel
IKEA furniture shopping | Ref:95b8f56a | Amount: INR 29152.71,Shopping
Groww ETF investment | Ref:e8b0d716 | Amount: INR 15936.98,Investment
Credit card EMI installment | Ref:b874ee1e | Amount: INR 9009.65,EMI
Uber ride payment | Ref:da3ee076 | Amount: INR 33774.86,Travel
Myntra clothing order | Ref:61684065 | Amount: INR 18032.43,Shopping
Flipkart electronics purchase | Ref:94e12425 | Amount: INR 4890.06,Shopping
McDonald's meal payment | Ref:0af8cfe8 | Amount: INR 7661.6,Food
Bajaj Finserv EMI payment | Ref:1746f111 | Amount: INR 31976.29,EMI
Swiggy order payment | Ref:02ea60ae | Amount: INR 10390.01,Food
Ola cab fare | Ref:12d97fc1 | Amount: INR 21343.83,Travel
Myntra clothing order | Ref:0b6ac07c | Amount: INR 45519.61,Shopping
Credit card EMI installment | Ref:0715f1ce | Amount: INR 10070.33,EMI
Zerodha stock purchase | Ref:0823820e | Amount: INR 47474.83,Investment
Personal loan EMI deduction | Ref:494778fb | Amount: INR 1606.31,EMI
Personal loan EMI deduction | Ref:f0d5ab60 | Amount: INR 48558.23,EMI
Reliance Digital purchase | Ref:909cf614 | Amount: INR 42159.38,Shopping
Personal loan EMI deduction | Ref:657d08db | Amount: INR 26901.45,EMI
Personal loan EMI deduction | Ref:7fe8e91b | Amount: INR 18446.02,EMI
Myntra clothing order | Ref:0a33bfaf | Amount: INR 30671.3,Shopping
Zerodha stock purchase | Ref:fd62676e | Amount: INR 19576.57,Investment
IndiGo flight ticket | Ref:fbf75611 | Amount: INR 32708.88,Travel
Fixed deposit investment | Ref:c8a6a4f4 | Amount: INR 20383.47,Investment
Fixed deposit investment | Ref:026f84e8 | Amount: INR 38054.97,Investment
Groww ETF investment | Ref:32c51e19 | Amount: INR 30714.87,Investment
MakeMyTrip hotel booking | Ref:0d5dee2d | Amount: INR 32374.36,Travel
Grocery purchase at Big Bazaar | Ref:0f4c85f6 | Amount: INR 36947.08,Food
Petrol pump fuel payment | Ref:d89392d0 | Amount: INR 24768.11,Travel
Bajaj Finserv EMI payment | Ref:a3518c6a | Amount: INR 14734.37,EMI
Amazon online shopping | Ref:288f2859 | Amount: INR 32089.07,Shopping
Ola cab fare | Ref:1ca90f92 | Amount: INR 28486.84,Travel
RedBus bus ticket | Ref:8f463a77 | Amount: INR 35941.8,Travel
Swiggy order payment | Ref:5bc359fb | Amount: INR 14515.16,Food
Myntra clothing order | Ref:c3a732ae | Amount: INR 7411.34,Shopping
Zomato dinner bill | Ref:5fad32e2 | Amount: INR 38936.84,Food
Bajaj Finserv EMI payment | Ref:f4ec1197 | Amount: INR 19581.76,EMI
Credit card EMI installment | Ref:78d10ed2 | Amount: INR 29722.48,EMI
PPF contribution | Ref:afd011ca | Amount: INR 42585.39,Investment
Uber ride payment | Ref:9cc0346b | Amount: INR 10812.59,Travel
Groww ETF investment | Ref:77ebb403 | Amount: INR 12308.18,Investment
Amazon online shopping | Ref:a1e847ba | Amount: INR 5670.87,Shopping
Ola cab fare | Ref:da083624 | Amount: INR 35761.15,Travel
Fixed deposit investment | Ref:61bf1cfd | Amount: INR 43530.33,Investment
IndiGo flight ticket | Ref:e6dbf6ad | Amount: INR 47656.78,Travel
Zerodha stock purchase | Ref:4b027694 | Amount: INR 42896.84,Investment
Restaurant dining at | Ref:a1534230 | Amount: INR 21366.86,Food
Reliance Digital purchase | Ref:23e17af9 | Amount: INR 47604.67,Shopping
SBI car loan EMI | Ref:c5b330a4 | Amount: INR 48661.64,EMI
Reliance Digital purchase | Ref:922c01d2 | Amount: INR 28255.28,Shopping
SIP investment in mutual fund | Ref:1f6d4775 | Amount: INR 9670.65,Investment
Groww ETF investment | Ref:66bfd741 | Amount: INR 4871.83,Investment
SIP investment in mutual fund | Ref:ae1a4022 | Amount: INR 43866.06,Investment
Myntra clothing order | Ref:4e2431bb | Amount: INR 3669.39,Shopping
Ola cab fare | Ref:b5d5361d | Amount: INR 26706.18,Travel
IndiGo flight ticket | Ref:d5530f08 | Amount: INR 5686.63,Travel
Personal loan EMI deduction | Ref:d10b9812 | Amount: INR 49458.63,EMI
Cafe coffee purchase at | Ref:456ee85f | Amount: INR 10271.97,Food
MakeMyTrip hotel booking | Ref:aa6930b7 | Amount: INR 22283.3,Travel
Zerodha stock purchase | Ref:8d9b92d4 | Amount: INR 1390.66,Investment
Uber ride payment | Ref:dad61768 | Amount: INR 41761.76,Travel
IRCTC train ticket booking | Ref:e68468cd | Amount: INR 27044.97,Travel
Personal loan EMI deduction | Ref:541d1bf8 | Amount: INR 20067.47,EMI
Swiggy order payment | Ref:f53cf5c5 | Amount: INR 26569.25,Food
Groww ETF investment | Ref:0b1e9fd7 | Amount: INR 13687.32,Investment
Reliance Digital purchase | Ref:968816f8 | Amount: INR 39226.48,Shopping
PPF contribution | Ref:07b178b8 | Amount: INR 20650.59,Investment
RedBus bus ticket | Ref:9fdf3505 | Amount: INR 45189.93,Travel
Petrol pump fuel payment | Ref:89de8113 | Amount: INR 22504.05,Travel
Credit card EMI installment | Ref:ce41e101 | Amount: INR 32748.97,EMI
IKEA furniture shopping | Ref:c27fa4ab | Amount: INR 16055.54,Shopping
Reliance Digital purchase | Ref:e5f4b207 | Amount: INR 21494.18,Shopping
Cafe coffee purchase at | Ref:79e29b26 | Amount: INR 49010.19,Food
SBI car loan EMI | Ref:0df1a352 | Amount: INR 47016.63,EMI
MakeMyTrip hotel booking | Ref:b200423f | Amount: INR 47388.87,Travel
Groww ETF investment | Ref:3fbcdcdf | Amount: INR 18732.58,Investment
Bajaj Finserv EMI payment | Ref:a363fc99 | Amount: INR 36146.61,EMI
SIP investment in mutual fund | Ref:e77efd49 | Amount: INR 34073.97,Investment
IndiGo flight ticket | Ref:4865b6e8 | Amount: INR 18533.7,Travel
Restaurant dining at | Ref:62e593cc | Amount: INR 38759.48,Food
Credit card EMI installment | Ref:22c4f508 | Amount: INR 41543.86,EMI
SIP investment in mutual fund | Ref:ca064ab0 | Amount: INR 3250.82,Investment
PPF contribution | Ref:ee5bf86d | Amount: INR 42441.18,Investment
Flipkart electronics purchase | Ref:62f1ca55 | Amount: INR 5823.38,Shopping
Bajaj Finserv EMI payment | Ref:2c9e2ee9 | Amount: INR 40575.45,EMI
Groww ETF investment | Ref:420f266f | Amount: INR 12394.41,Investment
HDFC home loan EMI | Ref:9d6f5e16 | Amount: INR 37885.53,EMI
IndiGo flight ticket | Ref:8061986b | Amount: INR 27694.96,Travel
Bajaj Finserv EMI payment | Ref:61183cd3 | Amount: INR 39021.41,EMI
Personal loan EMI deduction | Ref:8202cafd | Amount: INR 39458.3,EMI
Cafe coffee purchase at | Ref:b676ff37 | Amount: INR 22441.35,Food
Uber ride payment | Ref:a04de9d2 | Amount: INR 42905.86,Travel
Myntra clothing order | Ref:90e9cf3a | Amount: INR 10952.0,Shopping
Reliance Digital purchase | Ref:a79a9a9c | Amount: INR 30994.72,Shopping
Uber ride payment | Ref:984d533c | Amount: INR 28542.51,Travel
SBI car loan EMI | Ref:b8801c40 | Amount: INR 48027.98,EMI
Swiggy order payment | Ref:ef6e68de | Amount: INR 6249.64,Food
McDonald's meal payment | Ref:435466e5 | Amount: INR 20548.26,Food
Zomato dinner bill | Ref:3ca279a4 | Amount: INR 8827.46,Food
Zomato dinner bill | Ref:071bd776 | Amount: INR 13809.32,Food
Petrol pump fuel payment | Ref:0c4ad84e | Amount: INR 19297.29,Travel
IndiGo flight ticket | Ref:f61b397c | Amount: INR 40945.84,Travel
Credit card EMI installment | Ref:613fcc32 | Amount: INR 5528.24,EMI
Bajaj Finserv EMI payment | Ref:2004206c | Amount: INR 124.43,EMI
Uber ride payment | Ref:23ab4793 | Amount: INR 46865.22,Travel
Personal loan EMI deduction | Ref:5407a7d8 | Amount: INR 13708.63,EMI
Restaurant dining at | Ref:c208b895 | Amount: INR 8547.64,Food
IndiGo flight ticket | Ref:7c12723f | Amount: INR 39804.72,Travel
SIP investment in mutual fund | Ref:b802ec64 | Amount: INR 44539.46,Investment
PPF contribution | Ref:bedfd173 | Amount: INR 15691.44,Investment
Flipkart electronics purchase | Ref:40227765 | Amount: INR 37731.57,Shopping
Myntra clothing order | Ref:5a0e278f | Amount: INR 25862.39,Shopping
Dominos pizza order | Ref:a7678747 | Amount: INR 11616.93,Food
Flipkart electronics purchase | Ref:dcc49c55 | Amount: INR 48871.34,Shopping
PPF contribution | Ref:c1d56f54 | Amount: INR 16736.0,Investment
SIP investment in mutual fund | Ref:3e9a70ca | Amount: INR 14998.88,Investment
Swiggy order payment | Ref:4574ef65 | Amount: INR 10167.84,Food
Petrol pump fuel payment | Ref:0d14f283 | Amount: INR 20764.77,Travel
SBI car loan EMI | Ref:b0bba84d | Amount: INR 19736.01,EMI
HDFC home loan EMI | Ref:5815dc7d | Amount: INR 26674.83,EMI
Cafe coffee purchase at | Ref:b0e56046 | Amount: INR 9153.5,Food
Groww ETF investment | Ref:37404195 | Amount: INR 5802.91,Investment
Credit card EMI installment | Ref:60f22e32 | Amount: INR 6006.99,EMI
Grocery purchase at Big Bazaar | Ref:e9906903 | Amount: INR 33317.09,Food
Grocery purchase at Big Bazaar | Ref:7a73c04e | Amount: INR 19751.46,Food
Grocery purchase at Big Bazaar | Ref:275357f4 | Amount: INR 44718.54,Food
IKEA furniture shopping | Ref:3790cece | Amount: INR 3742.5,Shopping
RedBus bus ticket | Ref:fc5f4c2e | Amount: INR 29227.31,Travel
IKEA furniture shopping | Ref:ecc53f10 | Amount: INR 20010.86,Shopping
Reliance Digital purchase | Ref:19d1b999 | Amount: INR 36975.82,Shopping
SBI car loan EMI | Ref:46d177b7 | Amount: INR 44060.77,EMI
PPF contribution | Ref:8bf70d72 | Amount: INR 7151.47,Investment
IndiGo flight ticket | Ref:24a74785 | Amount: INR 43047.66,Travel
Personal loan EMI deduction | Ref:48753c7b | Amount: INR 42084.51,EMI
Reliance Digital purchase | Ref:bbf92dc0 | Amount: INR 4664.29,Shopping
Dominos pizza order | Ref:14b8f84a | Amount: INR 38227.06,Food
HDFC home loan EMI | Ref:49340c29 | Amount: INR 6861.2,EMI
Reliance Digital purchase | Ref:238f2e23 | Amount: INR 3211.03,Shopping
SIP investment in mutual fund | Ref:4c66a0a2 | Amount: INR 46983.86,Investment
Personal loan EMI deduction | Ref:27acea35 | Amount: INR 26933.56,EMI
Bajaj Finserv EMI payment | Ref:be89b498 | Amount: INR 29381.06,EMI
Personal loan EMI deduction | Ref:55d247f5 | Amount: INR 32072.14,EMI
PPF contribution | Ref:b0c42290 | Amount: INR 33940.75,Investment
Personal loan EMI deduction | Ref:48a1c431 | Amount: INR 10791.07,EMI
Myntra clothing order | Ref:0219e72c | Amount: INR 41186.85,Shopping
PPF contribution | Ref:7814bedd | Amount: INR 41893.95,Investment
Flipkart electronics purchase | Ref:bbb30dfa | Amount: INR 47360.36,Shopping
Cafe coffee purchase at | Ref:1accacbe | Amount: INR 33953.42,Food
PPF contribution | Ref:d9ae14ad | Amount: INR 7382.37,Investment
PPF contribution | Ref:45480ce6 | Amount: INR 29573.59,Investment
MakeMyTrip hotel booking | Ref:9612d036 | Amount: INR 23812.47,Travel
Reliance Digital purchase | Ref:5658cf1a | Amount: INR 1056.7,Shopping
Personal loan EMI deduction | Ref:80981a0c | Amount: INR 38937.43,EMI
Credit card EMI installment | Ref:40ebeac7 | Amount: INR 35660.11,EMI
IKEA furniture shopping | Ref:75708f31 | Amount: INR 20792.92,Shopping
Swiggy order payment | Ref:f693660e | Amount: INR 29980.62,Food
Swiggy order payment | Ref:ef397229 | Amount: INR 11470.82,Food
Zerodha stock purchase | Ref:a0d1071a | Amount: INR 44327.45,Investment
Reliance Digital purchase | Ref:54fb6c93 | Amount: INR 46679.32,Shopping
Bajaj Finserv EMI payment | Ref:91ec290e | Amount: INR 22474.11,EMI
HDFC home loan EMI | Ref:3966c071 | Amount: INR 46848.3,EMI
IndiGo flight ticket | Ref:877a1168 | Amount: INR 35081.82,Travel
SBI car loan EMI | Ref:5b8cf59d | Amount: INR 39473.92,EMI
PPF contribution | Ref:d5836371 | Amount: INR 32544.41,Investment
SBI car loan EMI | Ref:e8e8288b | Amount: INR 19671.84,EMI
Personal loan EMI deduction | Ref:64b98f10 | Amount: INR 23192.35,EMI
Grocery purchase at Big Bazaar | Ref:1aa89568 | Amount: INR 42625.48,Food
Myntra clothing order | Ref:80f41adb | Amount: INR 31208.57,Shopping
Grocery purchase at Big Bazaar | Ref:8efd221c | Amount: INR 2149.54,Food
SIP investment in mutual fund | Ref:61055bb1 | Amount: INR 18894.25,Investment
Restaurant dining at | Ref:93208d2b | Amount: INR 30815.1,Food
RedBus bus ticket | Ref:344b3116 | Amount: INR 23857.03,Travel
IKEA furniture shopping | Ref:84c765dd | Amount: INR 24858.49,Shopping
Uber ride payment | Ref:86c85fa5 | Amount: INR 23124.21,Travel
Groww ETF investment | Ref:f2c52204 | Amount: INR 16883.21,Investment
Uber ride payment | Ref:0a1da476 | Amount: INR 24106.8,Travel
SBI car loan EMI | Ref:80b59b1f | Amount: INR 10811.97,EMI
Petrol pump fuel payment | Ref:ea78790f | Amount: INR 29489.86,Travel
PPF contribution | Ref:0a3b992b | Amount: INR 29175.15,Investment
IndiGo flight ticket | Ref:7c422032 | Amount: INR 4898.59,Travel
Amazon online shopping | Ref:a02b7630 | Amount: INR 5780.36,Shopping
Petrol pump fuel payment | Ref:9177e6fe | Amount: INR 2937.6,Travel
Zerodha stock purchase | Ref:5474d93c | Amount: INR 2278.13,Investment
Myntra clothing order | Ref:dc916c29 | Amount: INR 4111.32,Shopping
IKEA furniture shopping | Ref:9fc6dfa2 | Amount: INR 16597.47,Shopping
Zomato dinner bill | Ref:4276b2e1 | Amount: INR 32372.29,Food
Credit card EMI installment | Ref:aec8b1d1 | Amount: INR 4810.62,EMI
Zomato dinner bill | Ref:c947c419 | Amount: INR 8583.07,Food
Personal loan EMI deduction | Ref:eda51572 | Amount: INR 44796.17,EMI
Grocery purchase at Big Bazaar | Ref:2e173621 | Amount: INR 1626.73,Food
Flipkart electronics purchase | Ref:3247b845 | Amount: INR 20487.89,Shopping
Bajaj Finserv EMI payment | Ref:829b026b | Amount: INR 45162.7,EMI
Flipkart electronics purchase | Ref:3c11dd76 | Amount: INR 21351.93,Shopping
Reliance Digital purchase | Ref:7e0794b7 | Amount: INR 4278.16,Shopping
RedBus bus ticket | Ref:524ac6f0 | Amount: INR 36646.27,Travel
IRCTC train ticket booking | Ref:b123fc93 | Amount: INR 34966.06,Travel
Dominos pizza order | Ref:9253fd03 | Amount: INR 46268.25,Food
Fixed deposit investment | Ref:3e4691e9 | Amount: INR 26019.85,Investment
Cafe coffee purchase at | Ref:0b092fbb | Amount: INR 24665.45,Food
MakeMyTrip hotel booking | Ref:faec0065 | Amount: INR 31134.52,Travel
Petrol pump fuel payment | Ref:8bc18fd7 | Amount: INR 49641.81,Travel
Zomato dinner bill | Ref:da072f6e | Amount: INR 42535.85,Food
IndiGo flight ticket | Ref:e541d870 | Amount: INR 43590.39,Travel
Cafe coffee purchase at | Ref:c4d0dacb | Amount: INR 23254.43,Food
Reliance Digital purchase | Ref:01125810 | Amount: INR 17511.56,Shopping
IRCTC train ticket booking | Ref:d4da7d84 | Amount: INR 12227.96,Travel
MakeMyTrip hotel booking | Ref:e34bb6db | Amount: INR 12213.76,Travel
HDFC home loan EMI | Ref:cd4b6f17 | Amount: INR 34370.82,EMI
Swiggy order payment | Ref:9501a703 | Amount: INR 9128.15,Food
RedBus bus ticket | Ref:9f75d441 | Amount: INR 39017.97,Travel
PPF contribution | Ref:f0c20e94 | Amount: INR 35465.5,Investment
IKEA furniture shopping | Ref:63bab56d | Amount: INR 9817.63,Shopping
Credit card EMI installment | Ref:c69f46ed | Amount: INR 49485.18,EMI
Fixed deposit investment | Ref:dda8bdbe | Amount: INR 12813.64,Investment
Zomato dinner bill | Ref:2ffaba2f | Amount: INR 12266.13,Food
Uber ride payment | Ref:5287339e | Amount: INR 49051.5,Travel
Flipkart electronics purchase | Ref:c10155b3 | Amount: INR 29882.46,Shopping
McDonald's meal payment | Ref:4b49f930 | Amount: INR 47402.48,Food
McDonald's meal payment | Ref:c27a2083 | Amount: INR 32200.02,Food
Groww ETF investment | Ref:6c6ca9ba | Amount: INR 774.47,Investment
Zerodha stock purchase | Ref:f8e24ae1 | Amount: INR 17842.76,Investment
HDFC home loan EMI | Ref:f7942423 | Amount: INR 17411.55,EMI
Credit card EMI installment | Ref:a308720a | Amount: INR 23239.86,EMI
IRCTC train ticket booking | Ref:8bb9ac72 | Amount: INR 13384.8,Travel
Personal loan EMI deduction | Ref:775abc7b | Amount: INR 4602.49,EMI
Ola cab fare | Ref:ce5664ff | Amount: INR 45606.82,Travel
Reliance Digital purchase | Ref:fd37232c | Amount: INR 29161.17,Shopping
Petrol pump fuel payment | Ref:6bed3b4a | Amount: INR 13981.07,Travel
Myntra clothing order | Ref:6b00e8c4 | Amount: INR 8908.48,Shopping
McDonald's meal payment | Ref:404760ff | Amount: INR 158.83,Food
SBI car loan EMI | Ref:5249bb04 | Amount: INR 16936.29,EMI
Zerodha stock purchase | Ref:cd8f93bf | Amount: INR 48990.65,Investment
RedBus bus ticket | Ref:76e4eaf2 | Amount: INR 6948.58,Travel
Credit card EMI installment | Ref:c9c77ef9 | Amount: INR 18027.88,EMI
IKEA furniture shopping | Ref:15856c37 | Amount: INR 20303.31,Shopping
Restaurant dining at | Ref:e0416500 | Amount: INR 43076.37,Food
HDFC home loan EMI | Ref:d159f0d0 | Amount: INR 21925.37,EMI
Zerodha stock purchase | Ref:e00a7d38 | Amount: INR 49444.1,Investment
Dominos pizza order | Ref:d2846699 | Amount: INR 13101.2,Food
Restaurant dining at | Ref:9ab27afc | Amount: INR 8969.46,Food
Dominos pizza order | Ref:6c619b2d | Amount: INR 5621.89,Food
Reliance Digital purchase | Ref:9957301f | Amount: INR 19713.13,Shopping
McDonald's meal payment | Ref:76e613c7 | Amount: INR 14771.6,Food
Dominos pizza order | Ref:b2ed2a02 | Amount: INR 27001.94,Food
SIP investment in mutual fund | Ref:73721efe | Amount: INR 10663.15,Investment
Credit card EMI installment | Ref:80d2ebc3 | Amount: INR 44212.27,EMI
Bajaj Finserv EMI payment | Ref:8b00f431 | Amount: INR 36382.59,EMI
McDonald's meal payment | Ref:748b8be6 | Amount: INR 26610.26,Food
McDonald's meal payment | Ref:b79fa537 | Amount: INR 28900.89,Food
SIP investment in mutual fund | Ref:6f7f6b3f | Amount: INR 34713.78,Investment
Uber ride payment | Ref:1a39422b | Amount: INR 34625.92,Travel
Cafe coffee purchase at | Ref:6be42c7b | Amount: INR 9893.83,Food
Fixed deposit investment | Ref:8ef7a276 | Amount: INR 13452.05,Investment
Reliance Digital purchase | Ref:af241527 | Amount: INR 41948.86,Shopping
SIP investment in mutual fund | Ref:8c5c8db1 | Amount: INR 10554.28,Investment
SIP investment in mutual fund | Ref:0b942ece | Amount: INR 42858.16,Investment
Amazon online shopping | Ref:b9e21036 | Amount: INR 27818.8,Shopping
Zerodha stock purchase | Ref:f23a4b26 | Amount: INR 23021.52,Investment
Ola cab fare | Ref:0558cccd | Amount: INR 36725.91,Travel
RedBus bus ticket | Ref:464670de | Amount: INR 25235.42,Travel
PPF contribution | Ref:d93b8f32 | Amount: INR 32856.73,Investment
Grocery purchase at Big Bazaar | Ref:342e7231 | Amount: INR 39599.4,Food
IRCTC train ticket booking | Ref:917a979a | Amount: INR 18593.01,Travel
Cafe coffee purchase at | Ref:39c4c031 | Amount: INR 1759.43,Food
Zerodha stock purchase | Ref:4ebdce85 | Amount: INR 39503.44,Investment
Zomato dinner bill | Ref:b3192412 | Amount: INR 12777.61,Food
Cafe coffee purchase at | Ref:e47b370d | Amount: INR 3986.07,Food
Credit card EMI installment | Ref:980c9176 | Amount: INR 28959.82,EMI
MakeMyTrip hotel booking | Ref:95cae5f5 | Amount: INR 37469.4,Travel
Flipkart electronics purchase | Ref:112d8355 | Amount: INR 1809.87,Shopping
Flipkart electronics purchase | Ref:b2671d67 | Amount: INR 4146.34,Shopping
Bajaj Finserv EMI payment | Ref:a83b9847 | Amount: INR 9105.09,EMI
Zerodha stock purchase | Ref:2ac34ccb | Amount: INR 28073.95,Investment
IndiGo flight ticket | Ref:fb10a0e7 | Amount: INR 24626.84,Travel
Swiggy order payment | Ref:f8798c9e | Amount: INR 22145.37,Food
MakeMyTrip hotel booking | Ref:9ed102ea | Amount: INR 14220.67,Travel
Ola cab fare | Ref:1c984687 | Amount: INR 43350.37,Travel
Petrol pump fuel payment | Ref:f4e8eb17 | Amount: INR 30273.82,Travel
Reliance Digital purchase | Ref:1b7e5196 | Amount: INR 33832.3,Shopping
Cafe coffee purchase at | Ref:172ef0f5 | Amount: INR 5878.08,Food
RedBus bus ticket | Ref:424d3d67 | Amount: INR 21108.89,Travel
Grocery purchase at Big Bazaar | Ref:2d0524d8 | Amount: INR 42623.27,Food
Credit card EMI installment | Ref:b311002f | Amount: INR 32781.7,EMI
Credit card EMI installment | Ref:7088879e | Amount: INR 49348.39,EMI
Swiggy order payment | Ref:81c9311d | Amount: INR 31088.14,Food
Petrol pump fuel payment | Ref:e939d4a2 | Amount: INR 43142.7,Travel
Amazon online shopping | Ref:f0807b2e | Amount: INR 42387.37,Shopping
Cafe coffee purchase at | Ref:3367a34c | Amount: INR 12783.54,Food
Dominos pizza order | Ref:6e531947 | Amount: INR 18579.54,Food
Grocery purchase at Big Bazaar | Ref:33b20295 | Amount: INR 13398.41,Food
Groww ETF investment | Ref:b05ed491 | Amount: INR 41924.62,Investment
Swiggy order payment | Ref:e49bbb0a | Amount: INR 19327.56,Food
Zerodha stock purchase | Ref:4bd695b9 | Amount: INR 2725.11,Investment
IndiGo flight ticket | Ref:f08ed212 | Amount: INR 19324.98,Travel
Myntra clothing order | Ref:46c6561b | Amount: INR 26525.26,Shopping
Grocery purchase at Big Bazaar | Ref:b37865fc | Amount: INR 40667.2,Food
Restaurant dining at | Ref:ace66a69 | Amount: INR 14824.58,Food
Restaurant dining at | Ref:b16bf940 | Amount: INR 5343.05,Food
Zomato dinner bill | Ref:c910d49a | Amount: INR 31006.76,Food
Zomato dinner bill | Ref:11f44249 | Amount: INR 7650.18,Food
MakeMyTrip hotel booking | Ref:7bb10bb3 | Amount: INR 4408.15,Travel
Bajaj Finserv EMI payment | Ref:8d376442 | Amount: INR 39855.95,EMI
IKEA furniture shopping | Ref:96960ee9 | Amount: INR 11862.73,Shopping
Credit card EMI installment | Ref:1cd79678 | Amount: INR 30087.64,EMI
HDFC home loan EMI | Ref:7ff371ea | Amount: INR 2565.08,EMI
Flipkart electronics purchase | Ref:03328dfe | Amount: INR 20212.39,Shopping
Myntra clothing order | Ref:f3faa39f | Amount: INR 38265.59,Shopping
Ola cab fare | Ref:3b3bf198 | Amount: INR 38537.99,Travel
Zomato dinner bill | Ref:5f78ab59 | Amount: INR 18941.66,Food
Uber ride payment | Ref:fa0aa9a5 | Amount: INR 15977.93,Travel
Reliance Digital purchase | Ref:1eb494b7 | Amount: INR 13132.48,Shopping
Zerodha stock purchase | Ref:dc28cde2 | Amount: INR 10018.66,Investment
MakeMyTrip hotel booking | Ref:e2522bb7 | Amount: INR 794.7,Travel
MakeMyTrip hotel booking | Ref:06e51236 | Amount: INR 15128.18,Travel
Dominos pizza order | Ref:d9c175dc | Amount: INR 30432.9,Food
RedBus bus ticket | Ref:9439915c | Amount: INR 8956.59,Travel
Personal loan EMI deduction | Ref:eb9ae413 | Amount: INR 34740.76,EMI
Zerodha stock purchase | Ref:2fe39b79 | Amount: INR 46199.33,Investment
SIP investment in mutual fund | Ref:975db387 | Amount: INR 412.42,Investment
Cafe coffee purchase at | Ref:f83b1bcb | Amount: INR 17497.02,Food
Personal loan EMI deduction | Ref:abe86d23 | Amount: INR 27061.31,EMI
PPF contribution | Ref:a0f3089d | Amount: INR 20477.19,Investment
HDFC home loan EMI | Ref:6bcbc5c8 | Amount: INR 28899.11,EMI
MakeMyTrip hotel booking | Ref:dd9a6f3d | Amount: INR 22119.68,Travel
Credit card EMI installment | Ref:bfcbeaef | Amount: INR 16597.26,EMI
Groww ETF investment | Ref:2b8298b7 | Amount: INR 38575.48,Investment
Restaurant dining at | Ref:9af54a28 | Amount: INR 4057.14,Food
Ola cab fare | Ref:a3a9c883 | Amount: INR 30143.02,Travel
Flipkart electronics purchase | Ref:5ce7011d | Amount: INR 3627.04,Shopping
SIP investment in mutual fund | Ref:79268bb7 | Amount: INR 29069.15,Investment
SIP investment in mutual fund | Ref:8e0ca8b5 | Amount: INR 16015.5,Investment
HDFC home loan EMI | Ref:0595c045 | Amount: INR 44718.71,EMI
Swiggy order payment | Ref:8965754b | Amount: INR 2879.9,Food
PPF contribution | Ref:d913efc4 | Amount: INR 49992.87,Investment
Bajaj Finserv EMI payment | Ref:7d04e9a2 | Amount: INR 19832.66,EMI
Petrol pump fuel payment | Ref:24d47490 | Amount: INR 8679.28,Travel
Myntra clothing order | Ref:c5764c10 | Amount: INR 22035.72,Shopping
Fixed deposit investment | Ref:c4a74f17 | Amount: INR 48297.52,Investment
Zomato dinner bill | Ref:9fc1a062 | Amount: INR 32804.68,Food
Zomato dinner bill | Ref:ba0bf1b5 | Amount: INR 9197.91,Food
Zomato dinner bill | Ref:b6cf02e3 | Amount: INR 18003.31,Food
IRCTC train ticket booking | Ref:7813129f | Amount: INR 49298.46,Travel
Reliance Digital purchase | Ref:f3524011 | Amount: INR 16488.39,Shopping
Uber ride payment | Ref:30b0011e | Amount: INR 29115.24,Travel
Bajaj Finserv EMI payment | Ref:7941b614 | Amount: INR 23374.43,EMI
Reliance Digital purchase | Ref:9465835a | Amount: INR 34803.39,Shopping
Amazon online shopping | Ref:d03be01a | Amount: INR 29045.32,Shopping
Groww ETF investment | Ref:2c6a89e5 | Amount: INR 11069.13,Investment
Fixed deposit investment | Ref:3d19ec88 | Amount: INR 17652.96,Investment
Amazon online shopping | Ref:e277568c | Amount: INR 25099.89,Shopping
PPF contribution | Ref:845ed7b4 | Amount: INR 18160.58,Investment
Personal loan EMI deduction | Ref:b8fdc83b | Amount: INR 44367.77,EMI
Myntra clothing order | Ref:45097b7b | Amount: INR 20467.96,Shopping
IKEA furniture shopping | Ref:7709045f | Amount: INR 7564.33,Shopping
Reliance Digital purchase | Ref:ce47d5e4 | Amount: INR 41615.76,Shopping
Grocery purchase at Big Bazaar | Ref:00c2f876 | Amount: INR 44501.28,Food
SIP investment in mutual fund | Ref:4c293312 | Amount: INR 28232.24,Investment
Personal loan EMI deduction | Ref:320787f1 | Amount: INR 49640.7,EMI
SIP investment in mutual fund | Ref:f0ed2a1c | Amount: INR 18477.52,Investment
Fixed deposit investment | Ref:bbb422c4 | Amount: INR 34777.72,Investment
IKEA furniture shopping | Ref:95902c29 | Amount: INR 15646.35,Shopping
Flipkart electronics purchase | Ref:5a6bcf19 | Amount: INR 9090.02,Shopping
Flipkart electronics purchase | Ref:dbe68c69 | Amount: INR 40886.06,Shopping
Flipkart electronics purchase | Ref:7dd7be14 | Amount: INR 19021.05,Shopping
Myntra clothing order | Ref:b8ac6d1a | Amount: INR 37496.65,Shopping
IKEA furniture shopping | Ref:9ef819ea | Amount: INR 19006.37,Shopping
SBI car loan EMI | Ref:47488813 | Amount: INR 37199.47,EMI
Petrol pump fuel payment | Ref:0d825d52 | Amount: INR 16866.19,Travel
Grocery purchase at Big Bazaar | Ref:86a06a7c | Amount: INR 6927.87,Food
SBI car loan EMI | Ref:967ab801 | Amount: INR 726.93,EMI
HDFC home loan EMI | Ref:63d4e340 | Amount: INR 42067.02,EMI
Swiggy order payment | Ref:12ddb7d0 | Amount: INR 5609.04,Food
Amazon online shopping | Ref:43864a14 | Amount: INR 40350.44,Shopping
Personal loan EMI deduction | Ref:95f65b1d | Amount: INR 49275.14,EMI
Myntra clothing order | Ref:f51761c5 | Amount: INR 39001.5,Shopping
Flipkart electronics purchase | Ref:a72b4201 | Amount: INR 41560.34,Shopping
Uber ride payment | Ref:59b02dd1 | Amount: INR 647.25,Travel
Credit card EMI installment | Ref:7ccce53a | Amount: INR 5890.22,EMI
PPF contribution | Ref:d28367e3 | Amount: INR 7676.61,Investment
MakeMyTrip hotel booking | Ref:9f21ebc8 | Amount: INR 4231.75,Travel
Grocery purchase at Big Bazaar | Ref:afd24270 | Amount: INR 7487.43,Food
Myntra clothing order | Ref:3b5d8fa0 | Amount: INR 11374.12,Shopping
SIP investment in mutual fund | Ref:b8df77c7 | Amount: INR 30103.03,Investment
Amazon online shopping | Ref:6b3153d1 | Amount: INR 5904.5,Shopping
Myntra clothing order | Ref:3d322e2f | Amount: INR 33828.83,Shopping
Credit card EMI installment | Ref:0f310021 | Amount: INR 43191.45,EMI
Personal loan EMI deduction | Ref:c082aa0f | Amount: INR 8391.87,EMI
IKEA furniture shopping | Ref:1b2c91cb | Amount: INR 3169.27,Shopping
HDFC home loan EMI | Ref:49a4b216 | Amount: INR 7742.61,EMI
Bajaj Finserv EMI payment | Ref:616c453d | Amount: INR 7325.17,EMI
SIP investment in mutual fund | Ref:10ddf06d | Amount: INR 24090.01,Investment
Personal loan EMI deduction | Ref:6d44431b | Amount: INR 46054.35,EMI
Zomato dinner bill | Ref:969a7e53 | Amount: INR 5087.17,Food
Fixed deposit investment | Ref:518bd6ac | Amount: INR 5726.78,Investment
Personal loan EMI deduction | Ref:050a8560 | Amount: INR 30544.26,EMI
Groww ETF investment | Ref:96bc9291 | Amount: INR 1529.8,Investment
Fixed deposit investment | Ref:cc9c137a | Amount: INR 39685.4,Investment
Restaurant dining at | Ref:d96cabae | Amount: INR 26605.36,Food
HDFC home loan EMI | Ref:90e9a0cc | Amount: INR 785.53,EMI
Reliance Digital purchase | Ref:d74eb940 | Amount: INR 34435.91,Shopping
HDFC home loan EMI | Ref:9f9019b9 | Amount: INR 3043.63,EMI
McDonald's meal payment | Ref:20f33a07 | Amount: INR 42295.84,Food
HDFC home loan EMI | Ref:b1f67fea | Amount: INR 24101.76,EMI
PPF contribution | Ref:5606b0d0 | Amount: INR 47594.44,Investment
Bajaj Finserv EMI payment | Ref:4d2d1e8c | Amount: INR 14287.93,EMI
SBI car loan EMI | Ref:b5e19890 | Amount: INR 26145.91,EMI
Zerodha stock purchase | Ref:4fd11334 | Amount: INR 41959.7,Investment
IRCTC train ticket booking | Ref:e49a3484 | Amount: INR 30436.78,Travel
PPF contribution | Ref:ea82a678 | Amount: INR 49582.27,Investment
Myntra clothing order | Ref:a658f87e | Amount: INR 4475.32,Shopping
Reliance Digital purchase | Ref:075eee9c | Amount: INR 28300.45,Shopping
Reliance Digital purchase | Ref:7d65cfff | Amount: INR 36764.05,Shopping
Cafe coffee purchase at | Ref:f9aeb228 | Amount: INR 47355.68,Food
Credit card EMI installment | Ref:44b6cda4 | Amount: INR 47785.64,EMI
IndiGo flight ticket | Ref:0399fd85 | Amount: INR 4229.52,Travel
Bajaj Finserv EMI payment | Ref:adb01e9d | Amount: INR 7929.45,EMI
SIP investment in mutual fund | Ref:ee00940d | Amount: INR 9486.55,Investment
Personal loan EMI deduction | Ref:0a34d923 | Amount: INR 20018.26,EMI
Zomato dinner bill | Ref:93c8f074 | Amount: INR 25569.37,Food
Fixed deposit investment | Ref:0f96fdc9 | Amount: INR 38261.57,Investment
Zerodha stock purchase | Ref:af5596b1 | Amount: INR 24225.72,Investment
Zerodha stock purchase | Ref:962d9716 | Amount: INR 33454.36,Investment
IKEA furniture shopping | Ref:38b84d11 | Amount: INR 46340.97,Shopping
SBI car loan EMI | Ref:4444e7c6 | Amount: INR 42001.81,EMI
PPF contribution | Ref:e85fb8b5 | Amount: INR 4769.49,Investment
Credit card EMI installment | Ref:9cf0142a | Amount: INR 33911.04,EMI
Personal loan EMI deduction | Ref:78bb8726 | Amount: INR 48482.57,EMI
Groww ETF investment | Ref:fb9c1bb9 | Amount: INR 37747.2,Investment
McDonald's meal payment | Ref:d499c5bf | Amount: INR 19614.24,Food
Reliance Digital purchase | Ref:d0fe4404 | Amount: INR 24530.17,Shopping
Zomato dinner bill | Ref:bb987fa0 | Amount: INR 1602.84,Food
Grocery purchase at Big Bazaar | Ref:847b5a35 | Amount: INR 35661.88,Food
Myntra clothing order | Ref:56fa3bfe | Amount: INR 46545.9,Shopping
Flipkart electronics purchase | Ref:aac38c80 | Amount: INR 20296.26,Shopping
Zomato dinner bill | Ref:26120b22 | Amount: INR 33480.48,Food
Credit card EMI installment | Ref:59178972 | Amount: INR 6483.93,EMI
Amazon online shopping | Ref:2e90894e | Amount: INR 33043.62,Shopping
McDonald's meal payment | Ref:b4f1f2fb | Amount: INR 20238.54,Food
Zomato dinner bill | Ref:b88109fb | Amount: INR 3899.41,Food
Fixed deposit investment | Ref:110f1f71 | Amount: INR 24660.83,Investment
IKEA furniture shopping | Ref:45d67003 | Amount: INR 38635.66,Shopping
Flipkart electronics purchase | Ref:41ba6d03 | Amount: INR 32880.1,Shopping
IndiGo flight ticket | Ref:1c1707c6 | Amount: INR 30416.08,Travel
SBI car loan EMI | Ref:24ea2317 | Amount: INR 4778.49,EMI
RedBus bus ticket | Ref:2b5ffcc8 | Amount: INR 24155.42,Travel
Myntra clothing order | Ref:592e0dd9 | Amount: INR 20728.44,Shopping
Myntra clothing order | Ref:f8e49605 | Amount: INR 41751.87,Shopping
Restaurant dining at | Ref:52eef8d0 | Amount: INR 41767.44,Food
Restaurant dining at | Ref:271472c0 | Amount: INR 19527.49,Food
Reliance Digital purchase | Ref:4f577d8b | Amount: INR 41159.63,Shopping
SBI car loan EMI | Ref:fd7764d8 | Amount: INR 7263.15,EMI
IKEA furniture shopping | Ref:f28d6c39 | Amount: INR 18782.2,Shopping
PPF contribution | Ref:1a394185 | Amount: INR 44144.79,Investment
Zerodha stock purchase | Ref:59fefd1e | Amount: INR 45646.01,Investment
McDonald's meal payment | Ref:2c85bdc8 | Amount: INR 4928.88,Food
Bajaj Finserv EMI payment | Ref:8a9a32db | Amount: INR 42377.9,EMI
Grocery purchase at Big Bazaar | Ref:fa241f4d | Amount: INR 11645.91,Food
IKEA furniture shopping | Ref:5b11ab6e | Amount: INR 37631.54,Shopping
SIP investment in mutual fund | Ref:a2879c77 | Amount: INR 4587.16,Investment
Groww ETF investment | Ref:320f2701 | Amount: INR 20970.62,Investment
Reliance Digital purchase | Ref:65165359 | Amount: INR 45541.77,Shopping
Swiggy order payment | Ref:44b35d65 | Amount: INR 8411.37,Food
SIP investment in mutual fund | Ref:09dca39b | Amount: INR 576.86,Investment
Groww ETF investment | Ref:09d4ee4a | Amount: INR 30807.95,Investment
Petrol pump fuel payment | Ref:11802199 | Amount: INR 33537.1,Travel
Fixed deposit investment | Ref:b179f779 | Amount: INR 48303.65,Investment
SBI car loan EMI | Ref:e2562690 | Amount: INR 40816.59,EMI
Zerodha stock purchase | Ref:8f30fd52 | Amount: INR 25815.48,Investment
Amazon online shopping | Ref:30a89a85 | Amount: INR 3645.87,Shopping
Flipkart electronics purchase | Ref:131a84e7 | Amount: INR 25270.22,Shopping
RedBus bus ticket | Ref:35027284 | Amount: INR 19905.39,Travel
IndiGo flight ticket | Ref:6d22786a | Amount: INR 34837.48,Travel
SIP investment in mutual fund | Ref:777f0065 | Amount: INR 38619.76,Investment
IKEA furniture shopping | Ref:ce838c41 | Amount: INR 14247.12,Shopping
Bajaj Finserv EMI payment | Ref:b97d9b81 | Amount: INR 12167.11,EMI
Fixed deposit investment | Ref:91214c2c | Amount: INR 18456.69,Investment
IndiGo flight ticket | Ref:7d9822ee | Amount: INR 32701.08,Travel
Restaurant dining at | Ref:7fc05c5e | Amount: INR 46808.9,Food
MakeMyTrip hotel booking | Ref:b19ab826 | Amount: INR 28122.9,Travel
PPF contribution | Ref:add4c8f4 | Amount: INR 17797.6,Investment
Reliance Digital purchase | Ref:42efc88c | Amount: INR 263.75,Shopping
Swiggy order payment | Ref:9c76def4 | Amount: INR 26052.86,Food
MakeMyTrip hotel booking | Ref:0a9c99de | Amount: INR 21914.02,Travel
Reliance Digital purchase | Ref:2375452a | Amount: INR 15816.78,Shopping
Zerodha stock purchase | Ref:65f4d2de | Amount: INR 15210.93,Investment
PPF contribution | Ref:8bb3c4c6 | Amount: INR 6104.12,Investment
PPF contribution | Ref:9c748b17 | Amount: INR 15539.19,Investment
Fixed deposit investment | Ref:ece02574 | Amount: INR 39903.32,Investment
Swiggy order payment | Ref:fb4ae818 | Amount: INR 47933.33,Food
Amazon online shopping | Ref:31b56031 | Amount: INR 36900.17,Shopping
HDFC home loan EMI | Ref:cf7497ce | Amount: INR 20765.42,EMI
Swiggy order payment | Ref:ef13e931 | Amount: INR 34299.52,Food
HDFC home loan EMI | Ref:000b9b82 | Amount: INR 38875.46,EMI
IKEA furniture shopping | Ref:c19428fb | Amount: INR 29706.3,Shopping
Dominos pizza order | Ref:4681db6a | Amount: INR 10036.43,Food
Credit card EMI installment | Ref:80a6542e | Amount: INR 46957.28,EMI
Reliance Digital purchase | Ref:89b22ce7 | Amount: INR 47626.06,Shopping
Petrol pump fuel payment | Ref:8540909b | Amount: INR 42449.84,Travel
SBI car loan EMI | Ref:cf4d3651 | Amount: INR 11127.67,EMI
Amazon online shopping | Ref:a03b5465 | Amount: INR 39375.9,Shopping
Bajaj Finserv EMI payment | Ref:a95eda44 | Amount: INR 6107.07,EMI
Myntra clothing order | Ref:d133c28a | Amount: INR 20069.56,Shopping
IRCTC train ticket booking | Ref:eb01e154 | Amount: INR 47767.48,Travel
Zerodha stock purchase | Ref:5c736863 | Amount: INR 12723.79,Investment
Grocery purchase at Big Bazaar | Ref:6cb05e5e | Amount: INR 37666.28,Food
IKEA furniture shopping | Ref:a9dd55eb | Amount: INR 35254.09,Shopping
PPF contribution | Ref:4a54bc9b | Amount: INR 48818.66,Investment
Grocery purchase at Big Bazaar | Ref:fb6178d7 | Amount: INR 45609.56,Food
Petrol pump fuel payment | Ref:92bccba3 | Amount: INR 19216.98,Travel
Flipkart electronics purchase | Ref:1779c06e | Amount: INR 3683.77,Shopping
Credit card EMI installment | Ref:830c4fbe | Amount: INR 27096.33,EMI
McDonald's meal payment | Ref:3743ffbd | Amount: INR 28382.61,Food
McDonald's meal payment | Ref:65133763 | Amount: INR 5419.48,Food
Zerodha stock purchase | Ref:64870c14 | Amount: INR 43408.1,Investment
Zerodha stock purchase | Ref:b1046741 | Amount: INR 43742.93,Investment
Ola cab fare | Ref:cb501a2e | Amount: INR 36717.13,Travel
Restaurant dining at | Ref:640a53b5 | Amount: INR 19400.76,Food
SIP investment in mutual fund | Ref:c26f245f | Amount: INR 16679.3,Investment
Personal loan EMI deduction | Ref:5df2a4bc | Amount: INR 11037.1,EMI
HDFC home loan EMI | Ref:cd4487af | Amount: INR 24648.16,EMI
Personal loan EMI deduction | Ref:a9ee1ad4 | Amount: INR 42680.02,EMI
IKEA furniture shopping | Ref:e2f581b9 | Amount: INR 11778.07,Shopping
Fixed deposit investment | Ref:a1ae7e95 | Amount: INR 33461.04,Investment
McDonald's meal payment | Ref:19bcc693 | Amount: INR 14140.68,Food
Swiggy order payment | Ref:d11a0030 | Amount: INR 1122.23,Food
Groww ETF investment | Ref:a9522b66 | Amount: INR 8527.4,Investment
IRCTC train ticket booking | Ref:a0de9159 | Amount: INR 47858.06,Travel
SIP investment in mutual fund | Ref:069ce4d9 | Amount: INR 23607.86,Investment
Myntra clothing order | Ref:19d0d24a | Amount: INR 19449.64,Shopping
IKEA furniture shopping | Ref:1468f8ea | Amount: INR 12978.79,Shopping
IRCTC train ticket booking | Ref:79fff676 | Amount: INR 23046.4,Travel
Grocery purchase at Big Bazaar | Ref:58e4ffed | Amount: INR 18669.71,Food
HDFC home loan EMI | Ref:ab10dbdb | Amount: INR 32832.49,EMI
HDFC home loan EMI | Ref:ed208928 | Amount: INR 17196.41,EMI
Personal loan EMI deduction | Ref:d9ea5c09 | Amount: INR 25354.35,EMI
Groww ETF investment | Ref:56869f8b | Amount: INR 45746.6,Investment
Bajaj Finserv EMI payment | Ref:c8a0828b | Amount: INR 11726.02,EMI
IKEA furniture shopping | Ref:d189415b | Amount: INR 41827.79,Shopping
RedBus bus ticket | Ref:edf7d175 | Amount: INR 43737.73,Travel
PPF contribution | Ref:2fb45dda | Amount: INR 26705.82,Investment
Flipkart electronics purchase | Ref:419bc01a | Amount: INR 31915.33,Shopping
IndiGo flight ticket | Ref:4c0385d7 | Amount: INR 29546.08,Travel
Dominos pizza order | Ref:188c4f35 | Amount: INR 6978.81,Food
Cafe coffee purchase at | Ref:e10a2f6b | Amount: INR 626.33,Food
SIP investment in mutual fund | Ref:93f60dec | Amount: INR 1013.78,Investment
Swiggy order payment | Ref:336b95b7 | Amount: INR 989.38,Food
Groww ETF investment | Ref:0bbac372 | Amount: INR 11474.74,Investment
Grocery purchase at Big Bazaar | Ref:9fda4957 | Amount: INR 23064.05,Food
Bajaj Finserv EMI payment | Ref:644de286 | Amount: INR 44111.73,EMI
Reliance Digital purchase | Ref:1603c40d | Amount: INR 37013.63,Shopping
Credit card EMI installment | Ref:59dbf4f0 | Amount: INR 27248.66,EMI
Grocery purchase at Big Bazaar | Ref:47ab0424 | Amount: INR 37271.35,Food
Petrol pump fuel payment | Ref:33247cb6 | Amount: INR 37526.05,Travel
SBI car loan EMI | Ref:75c73c65 | Amount: INR 24489.8,EMI
IKEA furniture shopping | Ref:2333a873 | Amount: INR 12229.17,Shopping
Swiggy order payment | Ref:6fe827d5 | Amount: INR 33367.94,Food
IndiGo flight ticket | Ref:f1022bfb | Amount: INR 34062.11,Travel
IKEA furniture shopping | Ref:f0cbf020 | Amount: INR 15340.45,Shopping
SBI car loan EMI | Ref:61d37a09 | Amount: INR 46887.5,EMI
HDFC home loan EMI | Ref:f3800fb1 | Amount: INR 16534.78,EMI
Ola cab fare | Ref:0865d03a | Amount: INR 20566.23,Travel
MakeMyTrip hotel booking | Ref:552a9fc3 | Amount: INR 33858.78,Travel
Fixed deposit investment | Ref:0f05a198 | Amount: INR 27583.75,Investment
Swiggy order payment | Ref:8c5244a6 | Amount: INR 1287.42,Food
SIP investment in mutual fund | Ref:c7871dc2 | Amount: INR 41181.0,Investment
Groww ETF investment | Ref:cd54b2b3 | Amount: INR 45369.98,Investment
IndiGo flight ticket | Ref:18f2b841 | Amount: INR 31586.07,Travel
Groww ETF investment | Ref:8967ca05 | Amount: INR 27999.93,Investment
Cafe coffee purchase at | Ref:0785f4bb | Amount: INR 342.89,Food
HDFC home loan EMI | Ref:673e0bed | Amount: INR 8117.52,EMI
Reliance Digital purchase | Ref:0de42885 | Amount: INR 32274.73,Shopping
Cafe coffee purchase at | Ref:4e28abac | Amount: INR 6977.8,Food
Ola cab fare | Ref:20188eb0 | Amount: INR 9295.12,Travel
Fixed deposit investment | Ref:f08ea4c1 | Amount: INR 6369.03,Investment
IRCTC train ticket booking | Ref:eae411f4 | Amount: INR 35170.99,Travel
Dominos pizza order | Ref:b6fea947 | Amount: INR 42817.91,Food
McDonald's meal payment | Ref:7f2dfd95 | Amount: INR 40603.85,Food
McDonald's meal payment | Ref:a16ea43e | Amount: INR 13017.81,Food
Fixed deposit investment | Ref:4badc91e | Amount: INR 23270.18,Investment
Grocery purchase at Big Bazaar | Ref:fcb531ec | Amount: INR 1727.13,Food
IndiGo flight ticket | Ref:dc60c917 | Amount: INR 29281.98,Travel
PPF contribution | Ref:cf9f17e9 | Amount: INR 35326.92,Investment
Amazon online shopping | Ref:a614b007 | Amount: INR 32763.83,Shopping
Uber ride payment | Ref:f5811253 | Amount: INR 36653.62,Travel
Ola cab fare | Ref:c5522c7b | Amount: INR 23551.15,Travel
PPF contribution | Ref:91643f4a | Amount: INR 5883.11,Investment
MakeMyTrip hotel booking | Ref:c222bef8 | Amount: INR 27191.07,Travel
Ola cab fare | Ref:75b22ba0 | Amount: INR 33112.77,Travel
McDonald's meal payment | Ref:f87df431 | Amount: INR 16210.74,Food
Restaurant dining at | Ref:d06e100c | Amount: INR 45571.81,Food
Personal loan EMI deduction | Ref:e0aaaebf | Amount: INR 14707.92,EMI
Fixed deposit investment | Ref:95a456e0 | Amount: INR 20813.48,Investment
HDFC home loan EMI | Ref:20bd6c60 | Amount: INR 19894.08,EMI
Cafe coffee purchase at | Ref:7e9cdaf7 | Amount: INR 30803.57,Food
Fixed deposit investment | Ref:28e142b6 | Amount: INR 43687.54,Investment
Groww ETF investment | Ref:b03fc4c3 | Amount: INR 37038.53,Investment
Reliance Digital purchase | Ref:d4e33165 | Amount: INR 29133.09,Shopping
Myntra clothing order | Ref:abe489c4 | Amount: INR 45972.89,Shopping
Dominos pizza order | Ref:648f8f20 | Amount: INR 46042.5,Food
Fixed deposit investment | Ref:1123a7c4 | Amount: INR 22614.51,Investment
SIP investment in mutual fund | Ref:701a65be | Amount: INR 2576.39,Investment
Credit card EMI installment | Ref:ada8747e | Amount: INR 20769.46,EMI
SBI car loan EMI | Ref:b24d51e1 | Amount: INR 31461.96,EMI
Amazon online shopping | Ref:ebde06c6 | Amount: INR 43428.21,Shopping
McDonald's meal payment | Ref:f03fa506 | Amount: INR 3458.02,Food
Swiggy order payment | Ref:ebaba32a | Amount: INR 28804.88,Food
Myntra clothing order | Ref:56af028d | Amount: INR 20139.57,Shopping
Cafe coffee purchase at | Ref:7131ec12 | Amount: INR 40624.11,Food
Credit card EMI installment | Ref:5a37e1df | Amount: INR 9750.56,EMI
Flipkart electronics purchase | Ref:76a481bb | Amount: INR 17120.23,Shopping
RedBus bus ticket | Ref:1e4e42b7 | Amount: INR 24955.53,Travel
Zerodha stock purchase | Ref:9040d1f8 | Amount: INR 40923.88,Investment
IRCTC train ticket booking | Ref:512fd04a | Amount: INR 24625.23,Travel
Cafe coffee purchase at | Ref:7f71e0a0 | Amount: INR 8969.95,Food
Grocery purchase at Big Bazaar | Ref:9d35e3b5 | Amount: INR 18713.51,Food
PPF contribution | Ref:d29a8f86 | Amount: INR 12395.75,Investment
PPF contribution | Ref:509ea7d9 | Amount: INR 22902.38,Investment
Myntra clothing order | Ref:f58a056b | Amount: INR 20661.62,Shopping
MakeMyTrip hotel booking | Ref:1a517627 | Amount: INR 20689.77,Travel
Swiggy order payment | Ref:141280df | Amount: INR 30826.05,Food
IRCTC train ticket booking | Ref:aa428473 | Amount: INR 8001.93,Travel
Petrol pump fuel payment | Ref:7107811d | Amount: INR 34290.39,Travel
SBI car loan EMI | Ref:18fb8ce8 | Amount: INR 35654.49,EMI
MakeMyTrip hotel booking | Ref:eeaaf8cf | Amount: INR 35209.75,Travel
Fixed deposit investment | Ref:6f252e03 | Amount: INR 22130.11,Investment
Flipkart electronics purchase | Ref:16b19ad2 | Amount: INR 27722.66,Shopping
IKEA furniture shopping | Ref:a365db32 | Amount: INR 39184.18,Shopping
MakeMyTrip hotel booking | Ref:4d98c0cb | Amount: INR 36823.0,Travel
Restaurant dining at | Ref:6f446248 | Amount: INR 35246.47,Food
Zerodha stock purchase | Ref:a5e2b597 | Amount: INR 78.64,Investment
Flipkart electronics purchase | Ref:8d743c9d | Amount: INR 1416.14,Shopping
Restaurant dining at | Ref:f4086d14 | Amount: INR 9532.88,Food
Myntra clothing order | Ref:e47ce323 | Amount: INR 15593.85,Shopping
Reliance Digital purchase | Ref:63800250 | Amount: INR 13591.2,Shopping
Bajaj Finserv EMI payment | Ref:d4131161 | Amount: INR 14063.77,EMI
MakeMyTrip hotel booking | Ref:696da515 | Amount: INR 8394.01,Travel
Flipkart electronics purchase | Ref:43921cc0 | Amount: INR 1651.35,Shopping
IKEA furniture shopping | Ref:a6b68941 | Amount: INR 31452.69,Shopping
Personal loan EMI deduction | Ref:c4b7de42 | Amount: INR 33925.87,EMI
Bajaj Finserv EMI payment | Ref:d9b82e32 | Amount: INR 38536.46,EMI
IndiGo flight ticket | Ref:5de3b247 | Amount: INR 27539.78,Travel
SIP investment in mutual fund | Ref:39a14da2 | Amount: INR 46315.2,Investment
HDFC home loan EMI | Ref:74499dbe | Amount: INR 46268.5,EMI
IKEA furniture shopping | Ref:4269d97f | Amount: INR 23659.92,Shopping
Uber ride payment | Ref:ac37f8dc | Amount: INR 48707.67,Travel
Amazon online shopping | Ref:3ba774e8 | Amount: INR 20646.44,Shopping
Groww ETF investment | Ref:1088b214 | Amount: INR 42388.24,Investment
Personal loan EMI deduction | Ref:d45a8164 | Amount: INR 46082.12,EMI
Reliance Digital purchase | Ref:41b4aaad | Amount: INR 32319.75,Shopping
IKEA furniture shopping | Ref:782eb43c | Amount: INR 10382.22,Shopping
Groww ETF investment | Ref:7ff8052c | Amount: INR 46861.29,Investment
MakeMyTrip hotel booking | Ref:ddcdd2d4 | Amount: INR 41173.74,Travel
IRCTC train ticket booking | Ref:8ef0bdcb | Amount: INR 748.74,Travel
Myntra clothing order | Ref:b7bdfa78 | Amount: INR 13549.73,Shopping
Ola cab fare | Ref:91421a8d | Amount: INR 41186.13,Travel
Credit card EMI installment | Ref:756f0851 | Amount: INR 14891.28,EMI
Grocery purchase at Big Bazaar | Ref:8d707e25 | Amount: INR 9385.21,Food
Swiggy order payment | Ref:286b6dc9 | Amount: INR 12142.9,Food
Restaurant dining at | Ref:7801af70 | Amount: INR 26799.54,Food
Bajaj Finserv EMI payment | Ref:87977d08 | Amount: INR 8417.03,EMI
Zomato dinner bill | Ref:60a8f98c | Amount: INR 36353.03,Food
HDFC home loan EMI | Ref:95830a23 | Amount: INR 10203.82,EMI
RedBus bus ticket | Ref:7048971e | Amount: INR 26704.2,Travel
SIP investment in mutual fund | Ref:f5ebd0c9 | Amount: INR 22225.43,Investment
Dominos pizza order | Ref:313e0078 | Amount: INR 18068.34,Food
Ola cab fare | Ref:7a789f78 | Amount: INR 28250.32,Travel
Zerodha stock purchase | Ref:469dc834 | Amount: INR 6871.25,Investment
Cafe coffee purchase at | Ref:222936ec | Amount: INR 21976.19,Food
Personal loan EMI deduction | Ref:ceb9d89f | Amount: INR 3545.47,EMI
Myntra clothing order | Ref:cb65ee41 | Amount: INR 22368.65,Shopping
Ola cab fare | Ref:95bf2738 | Amount: INR 37437.31,Travel
Petrol pump fuel payment | Ref:adf84fa9 | Amount: INR 45347.1,Travel
SIP investment in mutual fund | Ref:785c1a1e | Amount: INR 2043.24,Investment
Amazon online shopping | Ref:598a1e37 | Amount: INR 1348.54,Shopping
Myntra clothing order | Ref:edf32d72 | Amount: INR 41274.3,Shopping
IndiGo flight ticket | Ref:bbe3863e | Amount: INR 42255.28,Travel
Personal loan EMI deduction | Ref:968ad2e0 | Amount: INR 3648.91,EMI
PPF contribution | Ref:ce591a9a | Amount: INR 27406.8,Investment
SBI car loan EMI | Ref:e5f1dadc | Amount: INR 18029.1,EMI
Personal loan EMI deduction | Ref:5d255340 | Amount: INR 48049.02,EMI
McDonald's meal payment | Ref:c2e5700e | Amount: INR 42137.5,Food
Bajaj Finserv EMI payment | Ref:2f66654e | Amount: INR 5554.02,EMI
SBI car loan EMI | Ref:f5a57061 | Amount: INR 7548.9,EMI
Personal loan EMI deduction | Ref:517baa74 | Amount: INR 34175.01,EMI
Amazon online shopping | Ref:d679bee5 | Amount: INR 12526.45,Shopping
Myntra clothing order | Ref:54c0ceb6 | Amount: INR 33046.86,Shopping
Zerodha stock purchase | Ref:21e18b71 | Amount: INR 42757.2,Investment
Amazon online shopping | Ref:4492df03 | Amount: INR 7770.38,Shopping
Fixed deposit investment | Ref:102e0d31 | Amount: INR 44848.37,Investment
Myntra clothing order | Ref:a15d4dd8 | Amount: INR 43962.94,Shopping
Petrol pump fuel payment | Ref:8bde1711 | Amount: INR 21615.27,Travel
Bajaj Finserv EMI payment | Ref:28609e11 | Amount: INR 18929.63,EMI
Grocery purchase at Big Bazaar | Ref:ee89101e | Amount: INR 37285.56,Food
Ola cab fare | Ref:4fc3b59d | Amount: INR 10709.58,Travel
HDFC home loan EMI | Ref:5627bc5d | Amount: INR 29157.21,EMI
Fixed deposit investment | Ref:2f6d6e72 | Amount: INR 32531.36,Investment
Cafe coffee purchase at | Ref:e9f9c811 | Amount: INR 24800.62,Food
HDFC home loan EMI | Ref:dc9a2e46 | Amount: INR 1031.41,EMI
Zerodha stock purchase | Ref:e5c71164 | Amount: INR 48078.37,Investment
Groww ETF investment | Ref:bf498bcb | Amount: INR 6618.68,Investment
Reliance Digital purchase | Ref:24a13fe5 | Amount: INR 7254.44,Shopping
Cafe coffee purchase at | Ref:3c05575c | Amount: INR 13934.78,Food
Flipkart electronics purchase | Ref:205e5b51 | Amount: INR 6181.27,Shopping
Reliance Digital purchase | Ref:6c8e39f9 | Amount: INR 14105.56,Shopping
IKEA furniture shopping | Ref:57cd65d1 | Amount: INR 31829.8,Shopping
Reliance Digital purchase | Ref:b054f808 | Amount: INR 33470.39,Shopping
Reliance Digital purchase | Ref:12a10336 | Amount: INR 23821.76,Shopping
Grocery purchase at Big Bazaar | Ref:644278b4 | Amount: INR 45809.07,Food
Restaurant dining at | Ref:7d30e43e | Amount: INR 34347.56,Food
Ola cab fare | Ref:4c3843ee | Amount: INR 11391.74,Travel
HDFC home loan EMI | Ref:04d3c882 | Amount: INR 27381.74,EMI
Flipkart electronics purchase | Ref:7d0fee06 | Amount: INR 5935.34,Shopping
Grocery purchase at Big Bazaar | Ref:83b2a8aa | Amount: INR 39583.91,Food
SBI car loan EMI | Ref:fe751e79 | Amount: INR 28322.45,EMI
Ola cab fare | Ref:72bd7f61 | Amount: INR 19455.72,Travel
Uber ride payment | Ref:50c94646 | Amount: INR 1867.16,Travel
Reliance Digital purchase | Ref:49bda3ec | Amount: INR 6458.77,Shopping
Reliance Digital purchase | Ref:701b4192 | Amount: INR 6763.55,Shopping
IKEA furniture shopping | Ref:edbd4c41 | Amount: INR 7579.71,Shopping
McDonald's meal payment | Ref:3a8a7664 | Amount: INR 35231.73,Food
Myntra clothing order | Ref:ec86c05f | Amount: INR 34049.98,Shopping
Credit card EMI installment | Ref:939dd9ca | Amount: INR 9035.47,EMI
SIP investment in mutual fund | Ref:b206f67a | Amount: INR 30303.82,Investment
Groww ETF investment | Ref:2a409961 | Amount: INR 7241.99,Investment
Personal loan EMI deduction | Ref:9c93394e | Amount: INR 8338.97,EMI
Fixed deposit investment | Ref:5a5c5362 | Amount: INR 22982.71,Investment
IRCTC train ticket booking | Ref:9ae5f363 | Amount: INR 47972.02,Travel
Zomato dinner bill | Ref:0b600704 | Amount: INR 41745.37,Food
SIP investment in mutual fund | Ref:8975c8c6 | Amount: INR 1796.35,Investment
PPF contribution | Ref:2d80dec2 | Amount: INR 23377.88,Investment
Reliance Digital purchase | Ref:e99c5ac4 | Amount: INR 10023.76,Shopping
Uber ride payment | Ref:681b4ee7 | Amount: INR 14691.62,Travel
Cafe coffee purchase at | Ref:dd9335fd | Amount: INR 25655.98,Food
IRCTC train ticket booking | Ref:f5ac8327 | Amount: INR 5207.72,Travel
PPF contribution | Ref:9741b22e | Amount: INR 29338.59,Investment
SBI car loan EMI | Ref:82e71b4a | Amount: INR 43009.99,EMI
Swiggy order payment | Ref:1001bdd8 | Amount: INR 46071.9,Food
IndiGo flight ticket | Ref:f4af7c8b | Amount: INR 783.89,Travel
Petrol pump fuel payment | Ref:ed5ab5d7 | Amount: INR 5591.33,Travel
SIP investment in mutual fund | Ref:694e603b | Amount: INR 36220.51,Investment
Ola cab fare | Ref:b33cf66c | Amount: INR 47187.46,Travel
RedBus bus ticket | Ref:a1dffd08 | Amount: INR 26139.77,Travel
Petrol pump fuel payment | Ref:5e8f8346 | Amount: INR 37775.5,Travel
Grocery purchase at Big Bazaar | Ref:9a036ec9 | Amount: INR 1749.01,Food
IRCTC train ticket booking | Ref:a908b049 | Amount: INR 33110.46,Travel
Grocery purchase at Big Bazaar | Ref:84ccfbb2 | Amount: INR 26078.56,Food
Grocery purchase at Big Bazaar | Ref:1f020a41 | Amount: INR 47993.53,Food
Ola cab fare | Ref:1adb64b2 | Amount: INR 23935.19,Travel
Uber ride payment | Ref:256b052a | Amount: INR 25548.64,Travel
Myntra clothing order | Ref:a162629e | Amount: INR 40359.33,Shopping
HDFC home loan EMI | Ref:beac81e1 | Amount: INR 9940.31,EMI
PPF contribution | Ref:9298c9fa | Amount: INR 34053.23,Investment
Petrol pump fuel payment | Ref:6da2419b | Amount: INR 38698.02,Travel
Amazon online shopping | Ref:fc1956cc | Amount: INR 26299.06,Shopping
Flipkart electronics purchase | Ref:866d2a5c | Amount: INR 38795.89,Shopping
Dominos pizza order | Ref:8a4d7c6a | Amount: INR 46845.99,Food
Ola cab fare | Ref:9fdc197d | Amount: INR 14414.22,Travel
Flipkart electronics purchase | Ref:8dc000f4 | Amount: INR 42169.78,Shopping
McDonald's meal payment | Ref:c398f1bf | Amount: INR 7186.33,Food
Bajaj Finserv EMI payment | Ref:6dba04a9 | Amount: INR 10190.2,EMI
Flipkart electronics purchase | Ref:00178dce | Amount: INR 16232.88,Shopping
IndiGo flight ticket | Ref:0fd46768 | Amount: INR 32662.0,Travel
Petrol pump fuel payment | Ref:d9bcb3b0 | Amount: INR 37978.81,Travel
Uber ride payment | Ref:da4ebe43 | Amount: INR 47308.62,Travel
Fixed deposit investment | Ref:49d93271 | Amount: INR 10313.21,Investment
Amazon online shopping | Ref:39bf9dd6 | Amount: INR 28655.69,Shopping
Cafe coffee purchase at | Ref:41bdd133 | Amount: INR 2457.48,Food
Myntra clothing order | Ref:8fba73ba | Amount: INR 44750.91,Shopping
Credit card EMI installment | Ref:f189e6e5 | Amount: INR 13226.53,EMI
IRCTC train ticket booking | Ref:8f8acae7 | Amount: INR 44879.81,Travel
McDonald's meal payment | Ref:bc052250 | Amount: INR 14563.83,Food
Flipkart electronics purchase | Ref:2232ac9e | Amount: INR 38818.53,Shopping
Cafe coffee purchase at | Ref:09a9e3cb | Amount: INR 28376.25,Food
Dominos pizza order | Ref:fc212142 | Amount: INR 6947.22,Food
IRCTC train ticket booking | Ref:ab6c12be | Amount: INR 10951.83,Travel
Uber ride payment | Ref:2c9a8fa2 | Amount: INR 29753.99,Travel
Flipkart electronics purchase | Ref:a202f561 | Amount: INR 9989.39,Shopping
Credit card EMI installment | Ref:3c18e0e7 | Amount: INR 26716.64,EMI
Flipkart electronics purchase | Ref:c51bbb76 | Amount: INR 14163.95,Shopping
Reliance Digital purchase | Ref:9537d939 | Amount: INR 21837.19,Shopping
Amazon online shopping | Ref:3a8e8d2b | Amount: INR 9662.53,Shopping
Reliance Digital purchase | Ref:de9ab980 | Amount: INR 7782.1,Shopping
Grocery purchase at Big Bazaar | Ref:0f01aad0 | Amount: INR 34559.15,Food
HDFC home loan EMI | Ref:7453f16f | Amount: INR 10299.46,EMI
SBI car loan EMI | Ref:3a71d147 | Amount: INR 30372.9,EMI
Swiggy order payment | Ref:5dfc8fc0 | Amount: INR 13545.23,Food
IndiGo flight ticket | Ref:578088a5 | Amount: INR 45060.79,Travel
Dominos pizza order | Ref:49d19ce7 | Amount: INR 47891.88,Food
RedBus bus ticket | Ref:4ad4031a | Amount: INR 6786.79,Travel
SIP investment in mutual fund | Ref:a5dffaef | Amount: INR 25129.97,Investment
IKEA furniture shopping | Ref:f73c269a | Amount: INR 47541.77,Shopping
Ola cab fare | Ref:53494f05 | Amount: INR 29686.22,Travel
Zomato dinner bill | Ref:89da4aa2 | Amount: INR 3509.49,Food
Amazon online shopping | Ref:8d912b12 | Amount: INR 11650.8,Shopping
Credit card EMI installment | Ref:82c6077b | Amount: INR 41143.99,EMI
Fixed deposit investment | Ref:f1d4de52 | Amount: INR 4968.2,Investment
Fixed deposit investment | Ref:bd4ee8e9 | Amount: INR 14952.87,Investment
PPF contribution | Ref:b9649854 | Amount: INR 32939.91,Investment
Personal loan EMI deduction | Ref:2cd368ab | Amount: INR 7940.88,EMI
SIP investment in mutual fund | Ref:7e0cfcf4 | Amount: INR 22351.56,Investment
Myntra clothing order | Ref:0a4a7ad5 | Amount: INR 28882.13,Shopping
IKEA furniture shopping | Ref:92e872ea | Amount: INR 10676.3,Shopping
Ola cab fare | Ref:6bf6657b | Amount: INR 1433.82,Travel
Myntra clothing order | Ref:ea2d2bcb | Amount: INR 38808.12,Shopping
Flipkart electronics purchase | Ref:55464e20 | Amount: INR 5589.14,Shopping
McDonald's meal payment | Ref:95548f25 | Amount: INR 36803.86,Food
Fixed deposit investment | Ref:2dd94590 | Amount: INR 7073.53,Investment
Uber ride payment | Ref:19682602 | Amount: INR 25445.38,Travel
Credit card EMI installment | Ref:59d28169 | Amount: INR 24503.08,EMI
SBI car loan EMI | Ref:5ba43b4f | Amount: INR 21468.21,EMI
Credit card EMI installment | Ref:96f5219e | Amount: INR 45767.77,EMI
Bajaj Finserv EMI payment | Ref:632853a4 | Amount: INR 10154.74,EMI
SIP investment in mutual fund | Ref:f702a87b | Amount: INR 34340.28,Investment
Credit card EMI installment | Ref:46de28e2 | Amount: INR 44828.21,EMI
Bajaj Finserv EMI payment | Ref:07d82127 | Amount: INR 5821.03,EMI
Reliance Digital purchase | Ref:57aaaf63 | Amount: INR 48253.21,Shopping
Reliance Digital purchase | Ref:a8617de8 | Amount: INR 3344.67,Shopping
Fixed deposit investment | Ref:f8874739 | Amount: INR 4914.03,Investment
Restaurant dining at | Ref:7c268bbf | Amount: INR 39989.47,Food
McDonald's meal payment | Ref:516880fa | Amount: INR 24696.22,Food
Zerodha stock purchase | Ref:da320dbd | Amount: INR 42033.26,Investment
Groww ETF investment | Ref:a6770e8f | Amount: INR 505.55,Investment
Amazon online shopping | Ref:c5df31e7 | Amount: INR 28504.91,Shopping
Fixed deposit investment | Ref:6154c4b9 | Amount: INR 28282.52,Investment
HDFC home loan EMI | Ref:e16fada3 | Amount: INR 2344.85,EMI
Fixed deposit investment | Ref:2c9b0136 | Amount: INR 16619.91,Investment
Flipkart electronics purchase | Ref:a92709d4 | Amount: INR 666.25,Shopping
Myntra clothing order | Ref:c2cea7ba | Amount: INR 2243.05,Shopping
Restaurant dining at | Ref:a088f9b6 | Amount: INR 4918.9,Food
Zerodha stock purchase | Ref:6dc62e6a | Amount: INR 42371.38,Investment
Swiggy order payment | Ref:35b8f690 | Amount: INR 35934.05,Food
Zerodha stock purchase | Ref:8fb1c621 | Amount: INR 14329.16,Investment
IKEA furniture shopping | Ref:a5188f6a | Amount: INR 1495.96,Shopping
Dominos pizza order | Ref:6008baf8 | Amount: INR 16748.9,Food
Reliance Digital purchase | Ref:8256804f | Amount: INR 2321.5,Shopping
Restaurant dining at | Ref:0fb632fc | Amount: INR 32190.28,Food
Zomato dinner bill | Ref:ad4e666d | Amount: INR 30325.23,Food
Myntra clothing order | Ref:402012f1 | Amount: INR 15800.5,Shopping
SBI car loan EMI | Ref:6ee7da02 | Amount: INR 19424.64,EMI
Dominos pizza order | Ref:d2a93cec | Amount: INR 21581.01,Food
Reliance Digital purchase | Ref:efa2a203 | Amount: INR 10912.29,Shopping
Amazon online shopping | Ref:71ed99b4 | Amount: INR 29781.8,Shopping
SIP investment in mutual fund | Ref:9699e4e0 | Amount: INR 46430.77,Investment
Groww ETF investment | Ref:4f883623 | Amount: INR 19336.33,Investment
Dominos pizza order | Ref:90931f26 | Amount: INR 18449.63,Food
Swiggy order payment | Ref:761b1abd | Amount: INR 15701.91,Food
Swiggy order payment | Ref:2a09f2e7 | Amount: INR 46067.66,Food
Personal loan EMI deduction | Ref:026edebc | Amount: INR 15752.01,EMI
Petrol pump fuel payment | Ref:c70e6344 | Amount: INR 9722.37,Travel
SIP investment in mutual fund | Ref:15685695 | Amount: INR 5546.27,Investment
Personal loan EMI deduction | Ref:ecc86eac | Amount: INR 18517.67,EMI
SBI car loan EMI | Ref:e95b6a01 | Amount: INR 48812.34,EMI
HDFC home loan EMI | Ref:d3202d78 | Amount: INR 48716.03,EMI
Zomato dinner bill | Ref:76bea5e3 | Amount: INR 29797.43,Food
SIP investment in mutual fund | Ref:6280cba3 | Amount: INR 7874.88,Investment
Bajaj Finserv EMI payment | Ref:009aa35c | Amount: INR 26293.29,EMI
Zerodha stock purchase | Ref:725ae864 | Amount: INR 3380.12,Investment
Amazon online shopping | Ref:843100c7 | Amount: INR 41806.76,Shopping
Fixed deposit investment | Ref:41ef1fcc | Amount: INR 32614.89,Investment
Personal loan EMI deduction | Ref:d4ac19b4 | Amount: INR 6945.61,EMI
Grocery purchase at Big Bazaar | Ref:5abe28a7 | Amount: INR 6499.87,Food
MakeMyTrip hotel booking | Ref:06af9578 | Amount: INR 7512.26,Travel
Amazon online shopping | Ref:1f48c2f9 | Amount: INR 24970.67,Shopping
Amazon online shopping | Ref:d66f3804 | Amount: INR 22458.9,Shopping
McDonald's meal payment | Ref:4ce68d0e | Amount: INR 16332.64,Food
MakeMyTrip hotel booking | Ref:aeb4e7dd | Amount: INR 14366.63,Travel
McDonald's meal payment | Ref:6cf6204b | Amount: INR 7107.73,Food
Credit card EMI installment | Ref:831517c1 | Amount: INR 3457.09,EMI
Reliance Digital purchase | Ref:bedfca42 | Amount: INR 27625.11,Shopping
Personal loan EMI deduction | Ref:e548222b | Amount: INR 38361.09,EMI
Amazon online shopping | Ref:c1e21cd7 | Amount: INR 33497.0,Shopping
Personal loan EMI deduction | Ref:86ebfa1c | Amount: INR 34786.55,EMI
Fixed deposit investment | Ref:6d4b9eed | Amount: INR 2738.58,Investment
IRCTC train ticket booking | Ref:16982231 | Amount: INR 45508.3,Travel
Credit card EMI installment | Ref:c57f4eb4 | Amount: INR 37108.83,EMI
Dominos pizza order | Ref:e2fe0e60 | Amount: INR 21040.2,Food
SBI car loan EMI | Ref:c42c56ae | Amount: INR 3989.1,EMI
HDFC home loan EMI | Ref:45c8ebcd | Amount: INR 17019.02,EMI
Zomato dinner bill | Ref:5e6dda42 | Amount: INR 17622.16,Food
Ola cab fare | Ref:f4c7f382 | Amount: INR 41915.55,Travel
Myntra clothing order | Ref:cc603604 | Amount: INR 38959.53,Shopping
Dominos pizza order | Ref:b21fbf69 | Amount: INR 6482.88,Food
RedBus bus ticket | Ref:2a3bdbcf | Amount: INR 46740.98,Travel
RedBus bus ticket | Ref:6011df6d | Amount: INR 18106.53,Travel
Reliance Digital purchase | Ref:8d64db38 | Amount: INR 48544.07,Shopping
SBI car loan EMI | Ref:9ab7dd0b | Amount: INR 7487.42,EMI
Reliance Digital purchase | Ref:ede2d5e3 | Amount: INR 2391.86,Shopping
IndiGo flight ticket | Ref:672ce76a | Amount: INR 39326.33,Travel
PPF contribution | Ref:57f112ab | Amount: INR 44028.68,Investment
Personal loan EMI deduction | Ref:a280be91 | Amount: INR 41084.23,EMI
Zerodha stock purchase | Ref:551c1907 | Amount: INR 43235.91,Investment
Grocery purchase at Big Bazaar | Ref:156c5f44 | Amount: INR 26027.88,Food
MakeMyTrip hotel booking | Ref:043b88b1 | Amount: INR 23882.14,Travel
Ola cab fare | Ref:7f36ef98 | Amount: INR 49006.95,Travel
Credit card EMI installment | Ref:fd19cc7f | Amount: INR 8573.18,EMI
IndiGo flight ticket | Ref:67bde690 | Amount: INR 21020.63,Travel
Cafe coffee purchase at | Ref:006a5f9f | Amount: INR 44012.28,Food
Uber ride payment | Ref:6cd15ad7 | Amount: INR 20562.5,Travel
Petrol pump fuel payment | Ref:4f489ebd | Amount: INR 41501.82,Travel
Amazon online shopping | Ref:d58c0ac5 | Amount: INR 15542.97,Shopping
Zomato dinner bill | Ref:1d733faf | Amount: INR 13494.94,Food
Grocery purchase at Big Bazaar | Ref:c1a620d2 | Amount: INR 37291.0,Food
Zomato dinner bill | Ref:c670cb76 | Amount: INR 36084.08,Food
Swiggy order payment | Ref:d65822a7 | Amount: INR 17808.11,Food
Groww ETF investment | Ref:5ba417ab | Amount: INR 30440.25,Investment
Reliance Digital purchase | Ref:c2ae1443 | Amount: INR 16197.72,Shopping
MakeMyTrip hotel booking | Ref:301e8727 | Amount: INR 21987.15,Travel
Flipkart electronics purchase | Ref:c032de81 | Amount: INR 23223.14,Shopping
Petrol pump fuel payment | Ref:d55fe113 | Amount: INR 36680.05,Travel
Myntra clothing order | Ref:9fdb7cdc | Amount: INR 4493.63,Shopping
Groww ETF investment | Ref:4c099f43 | Amount: INR 26470.3,Investment
SIP investment in mutual fund | Ref:6d2fd995 | Amount: INR 22318.26,Investment
Groww ETF investment | Ref:a6a5200f | Amount: INR 32376.04,Investment
Zerodha stock purchase | Ref:f023d82f | Amount: INR 49863.6,Investment
Fixed deposit investment | Ref:0cf15182 | Amount: INR 2621.94,Investment
Petrol pump fuel payment | Ref:46990e39 | Amount: INR 31930.52,Travel
PPF contribution | Ref:3d10715a | Amount: INR 34320.57,Investment
Zomato dinner bill | Ref:cfcfb2d9 | Amount: INR 32041.44,Food
RedBus bus ticket | Ref:25767c60 | Amount: INR 48863.83,Travel
Groww ETF investment | Ref:7f04cef1 | Amount: INR 23560.72,Investment
McDonald's meal payment | Ref:45506d42 | Amount: INR 43171.35,Food
SBI car loan EMI | Ref:02c49233 | Amount: INR 13942.42,EMI
McDonald's meal payment | Ref:b05f1b00 | Amount: INR 33588.76,Food
Ola cab fare | Ref:d511e7ee | Amount: INR 36749.07,Travel
Myntra clothing order | Ref:576c0c25 | Amount: INR 17700.76,Shopping
Zomato dinner bill | Ref:8c60ad34 | Amount: INR 1701.9,Food
Bajaj Finserv EMI payment | Ref:0510f3f4 | Amount: INR 49972.28,EMI
Reliance Digital purchase | Ref:09267abd | Amount: INR 34072.62,Shopping
Zerodha stock purchase | Ref:0252ab60 | Amount: INR 44305.75,Investment
Grocery purchase at Big Bazaar | Ref:32606b71 | Amount: INR 49181.23,Food
Dominos pizza order | Ref:3582ce9b | Amount: INR 48175.58,Food
IRCTC train ticket booking | Ref:aace089d | Amount: INR 41946.6,Travel
SBI car loan EMI | Ref:76ac1a1e | Amount: INR 12280.93,EMI
Zerodha stock purchase | Ref:205be433 | Amount: INR 47071.78,Investment
Fixed deposit investment | Ref:96db5e91 | Amount: INR 22127.79,Investment
Petrol pump fuel payment | Ref:6eebd6bc | Amount: INR 48675.84,Travel
Fixed deposit investment | Ref:e988934f | Amount: INR 13951.11,Investment
SIP investment in mutual fund | Ref:7a5adffa | Amount: INR 27491.24,Investment
Personal loan EMI deduction | Ref:d19bc601 | Amount: INR 13262.82,EMI
Personal loan EMI deduction | Ref:59a206c4 | Amount: INR 40864.35,EMI
Bajaj Finserv EMI payment | Ref:987cfd6a | Amount: INR 11069.34,EMI
PPF contribution | Ref:6b8bc3cd | Amount: INR 34136.3,Investment
IRCTC train ticket booking | Ref:a60c86f2 | Amount: INR 8274.62,Travel
Groww ETF investment | Ref:bdb887b3 | Amount: INR 45191.53,Investment
Credit card EMI installment | Ref:7c6fdbef | Amount: INR 19363.63,EMI
Groww ETF investment | Ref:1e378af8 | Amount: INR 36409.83,Investment
Flipkart electronics purchase | Ref:db18d214 | Amount: INR 16639.57,Shopping
Zerodha stock purchase | Ref:89c0e08c | Amount: INR 41091.98,Investment
Swiggy order payment | Ref:d9e7407c | Amount: INR 1314.6,Food
SIP investment in mutual fund | Ref:11243c7b | Amount: INR 4287.12,Investment
Zomato dinner bill | Ref:e23870ce | Amount: INR 15207.58,Food
Groww ETF investment | Ref:96d1e4fb | Amount: INR 5306.06,Investment
Amazon online shopping | Ref:b99e1862 | Amount: INR 47382.13,Shopping
McDonald's meal payment | Ref:ec6f534e | Amount: INR 29069.69,Food
Zomato dinner bill | Ref:77d8e6f5 | Amount: INR 44014.52,Food
Ola cab fare | Ref:f02557f7 | Amount: INR 18997.38,Travel
IKEA furniture shopping | Ref:48b9690c | Amount: INR 12346.97,Shopping
Bajaj Finserv EMI payment | Ref:8bd7329c | Amount: INR 37378.46,EMI
Bajaj Finserv EMI payment | Ref:a68f6cb5 | Amount: INR 10570.66,EMI
IKEA furniture shopping | Ref:b0f9aa27 | Amount: INR 13684.99,Shopping
SIP investment in mutual fund | Ref:eebc4c06 | Amount: INR 1652.63,Investment
IndiGo flight ticket | Ref:5633cf02 | Amount: INR 42130.28,Travel
Restaurant dining at | Ref:0194c0c1 | Amount: INR 10431.57,Food
Zerodha stock purchase | Ref:30aa94cd | Amount: INR 35681.13,Investment
SIP investment in mutual fund | Ref:80437e0d | Amount: INR 15102.35,Investment
Dominos pizza order | Ref:ee97569a | Amount: INR 26039.45,Food
Cafe coffee purchase at | Ref:810906ce | Amount: INR 6468.69,Food
Fixed deposit investment | Ref:040fccd9 | Amount: INR 30996.08,Investment
Fixed deposit investment | Ref:64d6edeb | Amount: INR 47189.01,Investment
Groww ETF investment | Ref:173e5ff5 | Amount: INR 11506.33,Investment
HDFC home loan EMI | Ref:9ed2f32b | Amount: INR 38516.24,EMI
IndiGo flight ticket | Ref:401eb352 | Amount: INR 5476.49,Travel
RedBus bus ticket | Ref:520203fa | Amount: INR 44426.97,Travel
IKEA furniture shopping | Ref:2460fa21 | Amount: INR 22192.53,Shopping
Credit card EMI installment | Ref:b9243993 | Amount: INR 11050.87,EMI
Bajaj Finserv EMI payment | Ref:2ebc573f | Amount: INR 43185.18,EMI
Myntra clothing order | Ref:f56b2556 | Amount: INR 37348.04,Shopping
HDFC home loan EMI | Ref:a983b176 | Amount: INR 10629.8,EMI
IRCTC train ticket booking | Ref:1157a1ba | Amount: INR 129.2,Travel
Cafe coffee purchase at | Ref:3ca740db | Amount: INR 24178.2,Food
SBI car loan EMI | Ref:0d237167 | Amount: INR 24271.68,EMI
SIP investment in mutual fund | Ref:58b1ca96 | Amount: INR 36466.42,Investment
Myntra clothing order | Ref:5fd97544 | Amount: INR 27685.12,Shopping
Dominos pizza order | Ref:b34a20f2 | Amount: INR 45201.23,Food
PPF contribution | Ref:114352fc | Amount: INR 26262.66,Investment
SIP investment in mutual fund | Ref:debd69c4 | Amount: INR 43539.9,Investment
SIP investment in mutual fund | Ref:2506ec7d | Amount: INR 2450.04,Investment
Cafe coffee purchase at | Ref:b7368e15 | Amount: INR 34936.54,Food
HDFC home loan EMI | Ref:65ad511b | Amount: INR 34885.51,EMI
McDonald's meal payment | Ref:ff5e67b9 | Amount: INR 40131.7,Food
Amazon online shopping | Ref:ffb41897 | Amount: INR 40082.85,Shopping
Swiggy order payment | Ref:32778f00 | Amount: INR 535.65,Food
McDonald's meal payment | Ref:250dad68 | Amount: INR 788.37,Food
Credit card EMI installment | Ref:735ddf54 | Amount: INR 12896.03,EMI
SIP investment in mutual fund | Ref:b05f4c77 | Amount: INR 16847.47,Investment
IKEA furniture shopping | Ref:5d6d2825 | Amount: INR 646.13,Shopping
Fixed deposit investment | Ref:805ef44f | Amount: INR 26525.2,Investment
Grocery purchase at Big Bazaar | Ref:3b9c7feb | Amount: INR 39212.71,Food
Grocery purchase at Big Bazaar | Ref:dcf8c0b3 | Amount: INR 16339.54,Food
Swiggy order payment | Ref:6a3d40fa | Amount: INR 2984.47,Food
Ola cab fare | Ref:53bd754b | Amount: INR 7600.87,Travel
RedBus bus ticket | Ref:6665c02f | Amount: INR 1136.41,Travel
SBI car loan EMI | Ref:ba97a35a | Amount: INR 6954.04,EMI
Zomato dinner bill | Ref:c3d5ab6c | Amount: INR 1853.98,Food
Dominos pizza order | Ref:b097d053 | Amount: INR 12249.23,Food
Swiggy order payment | Ref:daaf12fc | Amount: INR 46112.61,Food
Grocery purchase at Big Bazaar | Ref:8821773d | Amount: INR 2657.55,Food
Groww ETF investment | Ref:04fb3039 | Amount: INR 39329.1,Investment
IndiGo flight ticket | Ref:f645ac2a | Amount: INR 6705.35,Travel
Ola cab fare | Ref:d3d32f6b | Amount: INR 43826.46,Travel
Groww ETF investment | Ref:04921f30 | Amount: INR 38836.76,Investment
Groww ETF investment | Ref:991b7a85 | Amount: INR 6122.13,Investment
PPF contribution | Ref:e3883be8 | Amount: INR 14349.86,Investment
HDFC home loan EMI | Ref:4eb80ae4 | Amount: INR 34529.52,EMI
Restaurant dining at | Ref:57c55f74 | Amount: INR 123.56,Food
Restaurant dining at | Ref:7dbedc8c | Amount: INR 4396.29,Food
Zerodha stock purchase | Ref:aa5269f3 | Amount: INR 32985.38,Investment
SBI car loan EMI | Ref:28ecf6b6 | Amount: INR 47050.4,EMI
Flipkart electronics purchase | Ref:c7873816 | Amount: INR 36217.76,Shopping
RedBus bus ticket | Ref:8d97af1e | Amount: INR 37970.28,Travel
Uber ride payment | Ref:16e194e5 | Amount: INR 17450.14,Travel
Myntra clothing order | Ref:f53cf479 | Amount: INR 9532.21,Shopping
Grocery purchase at Big Bazaar | Ref:7cdbfb62 | Amount: INR 34699.63,Food
PPF contribution | Ref:87d52879 | Amount: INR 17157.8,Investment
Ola cab fare | Ref:f0baf8bc | Amount: INR 44790.16,Travel
Reliance Digital purchase | Ref:16c9f2c9 | Amount: INR 48123.38,Shopping
SIP investment in mutual fund | Ref:2d4bcd0b | Amount: INR 29931.91,Investment
Myntra clothing order | Ref:45daca7d | Amount: INR 34447.35,Shopping
Zerodha stock purchase | Ref:fdc732f4 | Amount: INR 19912.59,Investment
Amazon online shopping | Ref:88e0a115 | Amount: INR 8413.31,Shopping
RedBus bus ticket | Ref:158a68a1 | Amount: INR 7205.41,Travel
Grocery purchase at Big Bazaar | Ref:b5bdcc62 | Amount: INR 10955.77,Food
Ola cab fare | Ref:881785ca | Amount: INR 32875.09,Travel
HDFC home loan EMI | Ref:e9a46cb3 | Amount: INR 9911.01,EMI
Zerodha stock purchase | Ref:67a36181 | Amount: INR 38634.51,Investment
Bajaj Finserv EMI payment | Ref:25b3241f | Amount: INR 21441.85,EMI
Credit card EMI installment | Ref:cdb5661b | Amount: INR 32532.09,EMI
Groww ETF investment | Ref:85cd52d6 | Amount: INR 16086.86,Investment
Credit card EMI installment | Ref:54a850b6 | Amount: INR 20442.55,EMI
Restaurant dining at | Ref:bb6f99a4 | Amount: INR 39399.54,Food
SBI car loan EMI | Ref:3bbf3009 | Amount: INR 1176.3,EMI
IRCTC train ticket booking | Ref:5da2ec7a | Amount: INR 22493.5,Travel
SBI car loan EMI | Ref:3e2195f5 | Amount: INR 38966.44,EMI
Myntra clothing order | Ref:f8e763d8 | Amount: INR 25035.55,Shopping
HDFC home loan EMI | Ref:30aea3e5 | Amount: INR 17272.88,EMI
Petrol pump fuel payment | Ref:071dad0a | Amount: INR 37063.57,Travel
Dominos pizza order | Ref:e728320e | Amount: INR 22699.52,Food
IRCTC train ticket booking | Ref:53a3b9a2 | Amount: INR 13294.5,Travel
RedBus bus ticket | Ref:f942df88 | Amount: INR 31105.62,Travel
Personal loan EMI deduction | Ref:c53ac0d1 | Amount: INR 39743.32,EMI
IndiGo flight ticket | Ref:547d39f0 | Amount: INR 4512.09,Travel
Zerodha stock purchase | Ref:7045492a | Amount: INR 8330.99,Investment
IKEA furniture shopping | Ref:d4c22791 | Amount: INR 30245.17,Shopping
Dominos pizza order | Ref:86e181da | Amount: INR 31408.18,Food
Swiggy order payment | Ref:a7774f8d | Amount: INR 35872.96,Food
SIP investment in mutual fund | Ref:e191a9ee | Amount: INR 17119.36,Investment
Grocery purchase at Big Bazaar | Ref:93d99a1b | Amount: INR 16664.58,Food
HDFC home loan EMI | Ref:bef65166 | Amount: INR 46921.0,EMI
SIP investment in mutual fund | Ref:a6566f7d | Amount: INR 34075.54,Investment
Reliance Digital purchase | Ref:c0f09195 | Amount: INR 30351.06,Shopping
HDFC home loan EMI | Ref:783ab6ec | Amount: INR 12122.37,EMI
Bajaj Finserv EMI payment | Ref:f04829bb | Amount: INR 16634.24,EMI
Grocery purchase at Big Bazaar | Ref:f9c4957c | Amount: INR 31961.56,Food
Petrol pump fuel payment | Ref:496f43f6 | Amount: INR 33203.95,Travel
Dominos pizza order | Ref:cee782d6 | Amount: INR 46129.82,Food
RedBus bus ticket | Ref:5f019168 | Amount: INR 3847.11,Travel
Amazon online shopping | Ref:94397c65 | Amount: INR 17042.29,Shopping
Dominos pizza order | Ref:1c3ea28a | Amount: INR 8610.61,Food
Restaurant dining at | Ref:3c472d15 | Amount: INR 473.51,Food
Bajaj Finserv EMI payment | Ref:fb485f77 | Amount: INR 17049.93,EMI
Reliance Digital purchase | Ref:2f6d5e60 | Amount: INR 4209.93,Shopping
Personal loan EMI deduction | Ref:c2630dfe | Amount: INR 49502.06,EMI
HDFC home loan EMI | Ref:bd6eac42 | Amount: INR 39285.46,EMI
IKEA furniture shopping | Ref:9b5aa6fa | Amount: INR 43318.87,Shopping
SBI car loan EMI | Ref:e69b55c9 | Amount: INR 32323.65,EMI
Fixed deposit investment | Ref:1a37125d | Amount: INR 3293.05,Investment
Swiggy order payment | Ref:84ca060b | Amount: INR 21278.08,Food
HDFC home loan EMI | Ref:f1205fbe | Amount: INR 29814.24,EMI
Grocery purchase at Big Bazaar | Ref:5ed394d1 | Amount: INR 20486.45,Food
Petrol pump fuel payment | Ref:e23de2e6 | Amount: INR 30249.83,Travel
Ola cab fare | Ref:bef34df3 | Amount: INR 44274.84,Travel
Dominos pizza order | Ref:f690112c | Amount: INR 19895.71,Food
IndiGo flight ticket | Ref:836a10c0 | Amount: INR 30248.43,Travel
Ola cab fare | Ref:8f9d971a | Amount: INR 28297.84,Travel
SBI car loan EMI | Ref:66e07747 | Amount: INR 32842.75,EMI
Amazon online shopping | Ref:4c7e2d01 | Amount: INR 7776.58,Shopping
SBI car loan EMI | Ref:a7a84747 | Amount: INR 48437.03,EMI
Petrol pump fuel payment | Ref:884a8141 | Amount: INR 16222.38,Travel
Grocery purchase at Big Bazaar | Ref:6d086e5f | Amount: INR 19705.47,Food
Myntra clothing order | Ref:9929b922 | Amount: INR 14399.06,Shopping
Bajaj Finserv EMI payment | Ref:46aec4c9 | Amount: INR 36288.46,EMI
Reliance Digital purchase | Ref:81f93f69 | Amount: INR 4467.99,Shopping
Amazon online shopping | Ref:99f73041 | Amount: INR 317.78,Shopping
SBI car loan EMI | Ref:a63942c7 | Amount: INR 20844.8,EMI
Fixed deposit investment | Ref:e33a3856 | Amount: INR 32134.22,Investment
Petrol pump fuel payment | Ref:c8364182 | Amount: INR 16220.12,Travel
SIP investment in mutual fund | Ref:37f4c30a | Amount: INR 26819.43,Investment
RedBus bus ticket | Ref:9e836c90 | Amount: INR 6115.97,Travel
Grocery purchase at Big Bazaar | Ref:cffb264b | Amount: INR 23675.23,Food
Zerodha stock purchase | Ref:f6765ea4 | Amount: INR 41140.62,Investment
Flipkart electronics purchase | Ref:8f2dc925 | Amount: INR 22122.09,Shopping
Personal loan EMI deduction | Ref:1fecd9aa | Amount: INR 28526.83,EMI
Flipkart electronics purchase | Ref:5cceb6e2 | Amount: INR 38358.4,Shopping
RedBus bus ticket | Ref:37103d20 | Amount: INR 15030.4,Travel
Ola cab fare | Ref:f66e7f40 | Amount: INR 18570.65,Travel
IKEA furniture shopping | Ref:7b8c0d6b | Amount: INR 844.17,Shopping
Credit card EMI installment | Ref:89b1b7c0 | Amount: INR 31582.11,EMI
Swiggy order payment | Ref:95a5ca01 | Amount: INR 14103.75,Food
Credit card EMI installment | Ref:55ca892a | Amount: INR 12056.51,EMI
Ola cab fare | Ref:64135813 | Amount: INR 11506.96,Travel
PPF contribution | Ref:3743154b | Amount: INR 10570.33,Investment
Flipkart electronics purchase | Ref:c77ae46b | Amount: INR 6166.32,Shopping
Amazon online shopping | Ref:5e6829f2 | Amount: INR 1923.59,Shopping
IndiGo flight ticket | Ref:b039329a | Amount: INR 3943.04,Travel
Personal loan EMI deduction | Ref:065db0e3 | Amount: INR 30111.37,EMI
Personal loan EMI deduction | Ref:165f6852 | Amount: INR 22548.44,EMI
PPF contribution | Ref:52c498c2 | Amount: INR 2965.54,Investment
Bajaj Finserv EMI payment | Ref:cf632ee2 | Amount: INR 31280.29,EMI
Bajaj Finserv EMI payment | Ref:738214f9 | Amount: INR 30798.29,EMI
SBI car loan EMI | Ref:535e3ea8 | Amount: INR 4651.59,EMI
Ola cab fare | Ref:affee28c | Amount: INR 12840.8,Travel
Amazon online shopping | Ref:48c0ad80 | Amount: INR 10700.21,Shopping
Zerodha stock purchase | Ref:f5d22e4b | Amount: INR 39103.84,Investment
Groww ETF investment | Ref:eff7dec3 | Amount: INR 28057.96,Investment
Zerodha stock purchase | Ref:cb82c916 | Amount: INR 14735.59,Investment
HDFC home loan EMI | Ref:c03ad1fa | Amount: INR 36787.97,EMI
Swiggy order payment | Ref:c49e5e14 | Amount: INR 4730.08,Food
IRCTC train ticket booking | Ref:af0a67b8 | Amount: INR 12408.37,Travel
Fixed deposit investment | Ref:2978b88c | Amount: INR 25736.25,Investment
Flipkart electronics purchase | Ref:d4565855 | Amount: INR 41543.12,Shopping
Credit card EMI installment | Ref:6ae0557b | Amount: INR 45203.52,EMI
Petrol pump fuel payment | Ref:1d117a40 | Amount: INR 1325.49,Travel
IndiGo flight ticket | Ref:f776fcc1 | Amount: INR 39100.3,Travel
Groww ETF investment | Ref:9a31bd03 | Amount: INR 49476.69,Investment
Fixed deposit investment | Ref:af8d9e97 | Amount: INR 26223.02,Investment
IKEA furniture shopping | Ref:6d962277 | Amount: INR 17294.68,Shopping
Zerodha stock purchase | Ref:0724fc37 | Amount: INR 24506.33,Investment
Fixed deposit investment | Ref:766c02c1 | Amount: INR 34761.18,Investment
Groww ETF investment | Ref:407ab9c8 | Amount: INR 20119.56,Investment
MakeMyTrip hotel booking | Ref:dd763422 | Amount: INR 19533.56,Travel
Flipkart electronics purchase | Ref:a1e209ce | Amount: INR 45587.14,Shopping
SBI car loan EMI | Ref:5d84f6f2 | Amount: INR 19570.47,EMI
Amazon online shopping | Ref:9e62faa2 | Amount: INR 22244.33,Shopping
MakeMyTrip hotel booking | Ref:a9994ebc | Amount: INR 15490.93,Travel
Zomato dinner bill | Ref:89d0d008 | Amount: INR 46036.33,Food
IKEA furniture shopping | Ref:7fd75935 | Amount: INR 14545.15,Shopping
McDonald's meal payment | Ref:3d8e4170 | Amount: INR 17663.69,Food
Zerodha stock purchase | Ref:d17a6229 | Amount: INR 27427.47,Investment
SIP investment in mutual fund | Ref:c5bb34a3 | Amount: INR 26160.36,Investment
Zerodha stock purchase | Ref:ba840d10 | Amount: INR 24813.84,Investment
Credit card EMI installment | Ref:90eba14c | Amount: INR 12838.88,EMI
PPF contribution | Ref:3f43d828 | Amount: INR 21479.82,Investment
RedBus bus ticket | Ref:3f46a55e | Amount: INR 46842.72,Travel
McDonald's meal payment | Ref:3c1a740e | Amount: INR 40489.39,Food
Personal loan EMI deduction | Ref:3a3c714e | Amount: INR 17177.87,EMI
Reliance Digital purchase | Ref:1c464770 | Amount: INR 41904.64,Shopping
Ola cab fare | Ref:ee97c0eb | Amount: INR 6081.25,Travel
Reliance Digital purchase | Ref:24466395 | Amount: INR 42452.59,Shopping
Myntra clothing order | Ref:2838fc5d | Amount: INR 32602.69,Shopping
SIP investment in mutual fund | Ref:46a69a2c | Amount: INR 48626.21,Investment
Amazon online shopping | Ref:de6cf8f3 | Amount: INR 15989.84,Shopping
Credit card EMI installment | Ref:a51b176a | Amount: INR 22598.31,EMI
Zerodha stock purchase | Ref:dee408c9 | Amount: INR 9451.93,Investment
Dominos pizza order | Ref:26a16354 | Amount: INR 16546.03,Food
Petrol pump fuel payment | Ref:4f98863b | Amount: INR 20321.82,Travel
Myntra clothing order | Ref:5e0ed676 | Amount: INR 3117.82,Shopping
McDonald's meal payment | Ref:106b352e | Amount: INR 41105.9,Food
Uber ride payment | Ref:da39df67 | Amount: INR 24542.11,Travel
Uber ride payment | Ref:720da944 | Amount: INR 21348.43,Travel
Personal loan EMI deduction | Ref:62461b93 | Amount: INR 13157.61,EMI
HDFC home loan EMI | Ref:7cd0b71d | Amount: INR 10394.02,EMI
PPF contribution | Ref:136ef1d5 | Amount: INR 28031.94,Investment
Credit card EMI installment | Ref:873570e0 | Amount: INR 3422.3,EMI
IKEA furniture shopping | Ref:1aebb24b | Amount: INR 14957.16,Shopping
Groww ETF investment | Ref:dc2e5588 | Amount: INR 48693.84,Investment
Cafe coffee purchase at | Ref:dcdcc37a | Amount: INR 32986.66,Food
Ola cab fare | Ref:957518ae | Amount: INR 1270.05,Travel
Zerodha stock purchase | Ref:1d757184 | Amount: INR 15805.55,Investment
IndiGo flight ticket | Ref:87c93b24 | Amount: INR 18649.44,Travel
Restaurant dining at | Ref:7f261bc5 | Amount: INR 49007.89,Food
Dominos pizza order | Ref:c4de8a95 | Amount: INR 38095.24,Food
Myntra clothing order | Ref:33510e0a | Amount: INR 47847.42,Shopping
Uber ride payment | Ref:7c873399 | Amount: INR 6717.49,Travel
Reliance Digital purchase | Ref:516b49e8 | Amount: INR 31788.72,Shopping
SBI car loan EMI | Ref:f1ff7ce8 | Amount: INR 8926.53,EMI
Uber ride payment | Ref:66298ac4 | Amount: INR 36001.97,Travel
Zerodha stock purchase | Ref:992d0fc2 | Amount: INR 45578.74,Investment
Bajaj Finserv EMI payment | Ref:9f07cdc3 | Amount: INR 27397.92,EMI
Restaurant dining at | Ref:11a0caca | Amount: INR 32258.07,Food
MakeMyTrip hotel booking | Ref:eb99c622 | Amount: INR 20226.71,Travel
IRCTC train ticket booking | Ref:b3030ff6 | Amount: INR 3785.12,Travel
Swiggy order payment | Ref:66372a23 | Amount: INR 14251.89,Food
Credit card EMI installment | Ref:01fe227a | Amount: INR 1294.36,EMI
SBI car loan EMI | Ref:db69baee | Amount: INR 33900.07,EMI
Petrol pump fuel payment | Ref:3aa3e68e | Amount: INR 35185.85,Travel
IndiGo flight ticket | Ref:a007c485 | Amount: INR 25551.73,Travel
Cafe coffee purchase at | Ref:fa33007e | Amount: INR 18691.26,Food
Myntra clothing order | Ref:3a6dcb8c | Amount: INR 29689.95,Shopping
Grocery purchase at Big Bazaar | Ref:a8ce0142 | Amount: INR 16679.17,Food
RedBus bus ticket | Ref:560a7cc2 | Amount: INR 4086.53,Travel
IndiGo flight ticket | Ref:6886925d | Amount: INR 48242.98,Travel
Groww ETF investment | Ref:492c785f | Amount: INR 36440.83,Investment
Swiggy order payment | Ref:9096d3d0 | Amount: INR 5419.75,Food
Petrol pump fuel payment | Ref:791e0c00 | Amount: INR 26916.56,Travel
Uber ride payment | Ref:b2f62c7e | Amount: INR 5802.54,Travel
Ola cab fare | Ref:e4fab43f | Amount: INR 43763.04,Travel
Personal loan EMI deduction | Ref:b2eba177 | Amount: INR 26946.13,EMI
IRCTC train ticket booking | Ref:bcaa4e98 | Amount: INR 40659.96,Travel
Bajaj Finserv EMI payment | Ref:e65f3793 | Amount: INR 24052.43,EMI
Flipkart electronics purchase | Ref:bcef0da5 | Amount: INR 28927.17,Shopping
IRCTC train ticket booking | Ref:7e336d8d | Amount: INR 31375.17,Travel
Restaurant dining at | Ref:989c806f | Amount: INR 45204.98,Food
IndiGo flight ticket | Ref:19375ee5 | Amount: INR 33972.4,Travel
Personal loan EMI deduction | Ref:a95ceec0 | Amount: INR 32917.41,EMI
Myntra clothing order | Ref:cf890bd1 | Amount: INR 37499.27,Shopping
Petrol pump fuel payment | Ref:618eefeb | Amount: INR 32999.46,Travel
IRCTC train ticket booking | Ref:4c51cf80 | Amount: INR 29246.89,Travel
Personal loan EMI deduction | Ref:2c64284b | Amount: INR 27240.29,EMI
Bajaj Finserv EMI payment | Ref:f48cc832 | Amount: INR 21346.27,EMI
Cafe coffee purchase at | Ref:4435dd3c | Amount: INR 17712.92,Food
Amazon online shopping | Ref:a1bbdef3 | Amount: INR 48680.32,Shopping
SIP investment in mutual fund | Ref:bdaf51fa | Amount: INR 15084.82,Investment
Restaurant dining at | Ref:24811daa | Amount: INR 3132.51,Food
IKEA furniture shopping | Ref:372c6007 | Amount: INR 21001.18,Shopping
SBI car loan EMI | Ref:770bc356 | Amount: INR 31849.06,EMI
Groww ETF investment | Ref:63f6ca56 | Amount: INR 12149.25,Investment
SIP investment in mutual fund | Ref:101bb912 | Amount: INR 20103.23,Investment
Amazon online shopping | Ref:9e85b5fa | Amount: INR 33192.45,Shopping
Cafe coffee purchase at | Ref:27351932 | Amount: INR 48208.92,Food
Cafe coffee purchase at | Ref:1b78edc9 | Amount: INR 28407.48,Food
Myntra clothing order | Ref:27a00ac1 | Amount: INR 27449.84,Shopping
IKEA furniture shopping | Ref:c6f4151c | Amount: INR 34234.17,Shopping
Cafe coffee purchase at | Ref:c784fbab | Amount: INR 21338.63,Food
Flipkart electronics purchase | Ref:7302cd15 | Amount: INR 73.2,Shopping
IKEA furniture shopping | Ref:7a6b7d15 | Amount: INR 12064.15,Shopping
Flipkart electronics purchase | Ref:1ed0dbd6 | Amount: INR 25588.25,Shopping
SIP investment in mutual fund | Ref:7596702a | Amount: INR 33616.98,Investment
HDFC home loan EMI | Ref:59e04fbb | Amount: INR 17105.55,EMI
Fixed deposit investment | Ref:44238213 | Amount: INR 3444.68,Investment
Amazon online shopping | Ref:90b24210 | Amount: INR 11798.78,Shopping
Restaurant dining at | Ref:f0b6f1a0 | Amount: INR 45466.81,Food
PPF contribution | Ref:805fa516 | Amount: INR 284.06,Investment
Zomato dinner bill | Ref:e64ff8be | Amount: INR 5428.34,Food
Personal loan EMI deduction | Ref:ba8ded00 | Amount: INR 40839.0,EMI
HDFC home loan EMI | Ref:be8c2bff | Amount: INR 22105.07,EMI
Cafe coffee purchase at | Ref:4ff1a822 | Amount: INR 28721.44,Food
Flipkart electronics purchase | Ref:98daf966 | Amount: INR 41469.55,Shopping
SIP investment in mutual fund | Ref:d43481e1 | Amount: INR 41592.14,Investment
SBI car loan EMI | Ref:384feabf | Amount: INR 23963.57,EMI
Groww ETF investment | Ref:5c07d54e | Amount: INR 2309.86,Investment
MakeMyTrip hotel booking | Ref:f94bb728 | Amount: INR 47584.41,Travel
Personal loan EMI deduction | Ref:bafc87a6 | Amount: INR 4675.57,EMI
Groww ETF investment | Ref:5b2a096b | Amount: INR 454.49,Investment
HDFC home loan EMI | Ref:c83f5c80 | Amount: INR 3798.31,EMI
Fixed deposit investment | Ref:100361b3 | Amount: INR 30580.3,Investment
IndiGo flight ticket | Ref:b2a64cf7 | Amount: INR 43825.68,Travel
Petrol pump fuel payment | Ref:10a5a2ac | Amount: INR 4528.46,Travel
Zomato dinner bill | Ref:b17e3e02 | Amount: INR 19498.17,Food
PPF contribution | Ref:fd1a75ef | Amount: INR 38489.62,Investment
SIP investment in mutual fund | Ref:f6a034fb | Amount: INR 23602.94,Investment
Zerodha stock purchase | Ref:06bc3806 | Amount: INR 32927.19,Investment
Fixed deposit investment | Ref:7f71a2b7 | Amount: INR 22348.11,Investment
SIP investment in mutual fund | Ref:d7cd24ae | Amount: INR 37954.97,Investment
Swiggy order payment | Ref:0927cd70 | Amount: INR 7040.19,Food
HDFC home loan EMI | Ref:945bc4e2 | Amount: INR 10860.36,EMI
Ola cab fare | Ref:13b718ba | Amount: INR 14795.4,Travel
Personal loan EMI deduction | Ref:cfd1a714 | Amount: INR 23041.53,EMI
SIP investment in mutual fund | Ref:d49840f6 | Amount: INR 39536.87,Investment
IndiGo flight ticket | Ref:15681136 | Amount: INR 12124.25,Travel
Uber ride payment | Ref:99b553d5 | Amount: INR 9080.39,Travel
SBI car loan EMI | Ref:a980023f | Amount: INR 36223.13,EMI
IRCTC train ticket booking | Ref:c777ea5f | Amount: INR 32248.8,Travel
MakeMyTrip hotel booking | Ref:10d88291 | Amount: INR 10736.95,Travel
MakeMyTrip hotel booking | Ref:db18bec9 | Amount: INR 39674.28,Travel
Fixed deposit investment | Ref:e8ec9e86 | Amount: INR 20529.02,Investment
Myntra clothing order | Ref:bd89cfee | Amount: INR 3202.73,Shopping
Credit card EMI installment | Ref:7be377b2 | Amount: INR 17103.95,EMI
Myntra clothing order | Ref:184463cc | Amount: INR 15436.58,Shopping
Zomato dinner bill | Ref:deecb6b1 | Amount: INR 15001.88,Food
Personal loan EMI deduction | Ref:f0a8c4dd | Amount: INR 42989.74,EMI
Zerodha stock purchase | Ref:791190c8 | Amount: INR 34000.76,Investment
Zomato dinner bill | Ref:67d50fc8 | Amount: INR 35547.22,Food
Zomato dinner bill | Ref:9de73d98 | Amount: INR 15064.97,Food
PPF contribution | Ref:7d6315d6 | Amount: INR 14124.36,Investment
Amazon online shopping | Ref:3171929a | Amount: INR 47656.69,Shopping
SBI car loan EMI | Ref:60a56c89 | Amount: INR 31527.22,EMI
Restaurant dining at | Ref:a0bf89c2 | Amount: INR 25572.48,Food
PPF contribution | Ref:dd80b661 | Amount: INR 46158.35,Investment
Swiggy order payment | Ref:cef11928 | Amount: INR 20293.65,Food
Zerodha stock purchase | Ref:ffa28695 | Amount: INR 24997.31,Investment
Restaurant dining at | Ref:f4b7da6e | Amount: INR 3221.74,Food
Swiggy order payment | Ref:81ad0bd4 | Amount: INR 28279.69,Food
Credit card EMI installment | Ref:71629fc0 | Amount: INR 39223.18,EMI
Dominos pizza order | Ref:13a103f7 | Amount: INR 25860.98,Food
McDonald's meal payment | Ref:07c15457 | Amount: INR 35103.88,Food
Zerodha stock purchase | Ref:e26ece6a | Amount: INR 34995.75,Investment
RedBus bus ticket | Ref:6081c135 | Amount: INR 12410.9,Travel
IRCTC train ticket booking | Ref:de1beee2 | Amount: INR 36126.36,Travel
PPF contribution | Ref:77b12fc7 | Amount: INR 19785.91,Investment
Cafe coffee purchase at | Ref:52a5e768 | Amount: INR 31701.41,Food
IndiGo flight ticket | Ref:07961170 | Amount: INR 49934.98,Travel
Restaurant dining at | Ref:f356abdf | Amount: INR 15280.98,Food
Grocery purchase at Big Bazaar | Ref:231dfcb8 | Amount: INR 5754.92,Food
Swiggy order payment | Ref:872707bb | Amount: INR 22196.73,Food
Credit card EMI installment | Ref:0d4bc788 | Amount: INR 22518.93,EMI
Personal loan EMI deduction | Ref:da44c323 | Amount: INR 41481.46,EMI
Amazon online shopping | Ref:d824b406 | Amount: INR 7868.8,Shopping
Credit card EMI installment | Ref:6f846910 | Amount: INR 15411.04,EMI
Groww ETF investment | Ref:a60ea6fa | Amount: INR 23817.52,Investment
Reliance Digital purchase | Ref:b2589a68 | Amount: INR 35057.3,Shopping
Flipkart electronics purchase | Ref:35b77982 | Amount: INR 5444.93,Shopping
McDonald's meal payment | Ref:0905f6b1 | Amount: INR 1340.21,Food
Reliance Digital purchase | Ref:b26970cf | Amount: INR 8990.98,Shopping
Cafe coffee purchase at | Ref:3a636eb2 | Amount: INR 13805.82,Food
Amazon online shopping | Ref:d1698142 | Amount: INR 19950.17,Shopping
Fixed deposit investment | Ref:064d2761 | Amount: INR 312.3,Investment
Petrol pump fuel payment | Ref:b666c6ea | Amount: INR 10395.61,Travel
Grocery purchase at Big Bazaar | Ref:0bfe314e | Amount: INR 11331.05,Food
Fixed deposit investment | Ref:85816b2d | Amount: INR 2909.22,Investment
PPF contribution | Ref:386cc9b8 | Amount: INR 45404.28,Investment
MakeMyTrip hotel booking | Ref:1bdca1e0 | Amount: INR 12971.66,Travel
Bajaj Finserv EMI payment | Ref:37873d84 | Amount: INR 22168.79,EMI
Personal loan EMI deduction | Ref:ac380142 | Amount: INR 18846.91,EMI
Reliance Digital purchase | Ref:71ebf7ec | Amount: INR 28998.79,Shopping
SBI car loan EMI | Ref:ec0ffb4c | Amount: INR 18456.36,EMI
Amazon online shopping | Ref:34660411 | Amount: INR 26339.85,Shopping
Amazon online shopping | Ref:0e964df8 | Amount: INR 20104.93,Shopping
IndiGo flight ticket | Ref:c35d2bf7 | Amount: INR 16160.49,Travel
IndiGo flight ticket | Ref:923acf5b | Amount: INR 20038.98,Travel
SIP investment in mutual fund | Ref:2d426680 | Amount: INR 31133.81,Investment
Fixed deposit investment | Ref:cf275aa6 | Amount: INR 49806.98,Investment
SIP investment in mutual fund | Ref:9c4b9e58 | Amount: INR 46897.62,Investment
Zerodha stock purchase | Ref:dd0d06fb | Amount: INR 36495.18,Investment
McDonald's meal payment | Ref:306da059 | Amount: INR 21074.89,Food
IKEA furniture shopping | Ref:e608e1d3 | Amount: INR 21185.74,Shopping
Grocery purchase at Big Bazaar | Ref:fdbf5465 | Amount: INR 8252.02,Food
Reliance Digital purchase | Ref:25937e82 | Amount: INR 8977.04,Shopping
Groww ETF investment | Ref:284cf195 | Amount: INR 4311.06,Investment
Petrol pump fuel payment | Ref:daea6ba8 | Amount: INR 16248.73,Travel
Personal loan EMI deduction | Ref:999f78cb | Amount: INR 18409.67,EMI
Fixed deposit investment | Ref:ef4e6490 | Amount: INR 27351.71,Investment
Bajaj Finserv EMI payment | Ref:8055323a | Amount: INR 9458.59,EMI
Cafe coffee purchase at | Ref:c8fd50a2 | Amount: INR 32721.85,Food
Swiggy order payment | Ref:e3f97920 | Amount: INR 43360.99,Food
SBI car loan EMI | Ref:b3bef684 | Amount: INR 40081.67,EMI
Credit card EMI installment | Ref:8e7cb948 | Amount: INR 45132.41,EMI
SIP investment in mutual fund | Ref:ba316791 | Amount: INR 37357.2,Investment
McDonald's meal payment | Ref:0a0acca9 | Amount: INR 32730.01,Food
HDFC home loan EMI | Ref:92aab6e6 | Amount: INR 26755.96,EMI
IndiGo flight ticket | Ref:761caf70 | Amount: INR 41130.94,Travel
Bajaj Finserv EMI payment | Ref:3e5cf0ea | Amount: INR 31282.26,EMI
Myntra clothing order | Ref:db461c41 | Amount: INR 44331.31,Shopping
Zomato dinner bill | Ref:e10ca417 | Amount: INR 38749.68,Food
Grocery purchase at Big Bazaar | Ref:41e3a030 | Amount: INR 5544.01,Food
Flipkart electronics purchase | Ref:c2adfc70 | Amount: INR 33008.93,Shopping
Zerodha stock purchase | Ref:150f8fb9 | Amount: INR 7311.57,Investment
Flipkart electronics purchase | Ref:ae8f0e11 | Amount: INR 31394.59,Shopping
Flipkart electronics purchase | Ref:33d6ae70 | Amount: INR 28823.15,Shopping
Restaurant dining at | Ref:fde587d0 | Amount: INR 46671.88,Food
Dominos pizza order | Ref:e816dfbf | Amount: INR 16264.21,Food
Amazon online shopping | Ref:eb51f6a8 | Amount: INR 6109.84,Shopping
McDonald's meal payment | Ref:3df6f4dd | Amount: INR 2565.19,Food
PPF contribution | Ref:945c9188 | Amount: INR 23006.96,Investment
PPF contribution | Ref:61363052 | Amount: INR 9839.64,Investment
Fixed deposit investment | Ref:64842adf | Amount: INR 12169.35,Investment
Cafe coffee purchase at | Ref:3807b039 | Amount: INR 10435.43,Food
Restaurant dining at | Ref:612e3b1e | Amount: INR 747.5,Food
Swiggy order payment | Ref:67c9ab2b | Amount: INR 15244.5,Food
SIP investment in mutual fund | Ref:186dbfbe | Amount: INR 10890.8,Investment
Reliance Digital purchase | Ref:4fc00692 | Amount: INR 10274.07,Shopping
Groww ETF investment | Ref:71745497 | Amount: INR 32479.51,Investment
SBI car loan EMI | Ref:9290eedb | Amount: INR 15705.03,EMI
Restaurant dining at | Ref:7c58b6f2 | Amount: INR 36521.8,Food
Credit card EMI installment | Ref:5181bd7f | Amount: INR 3526.9,EMI
Ola cab fare | Ref:6ceebd28 | Amount: INR 33546.5,Travel
IndiGo flight ticket | Ref:92f410bb | Amount: INR 3670.78,Travel
IRCTC train ticket booking | Ref:cd8f6b38 | Amount: INR 14219.81,Travel
Cafe coffee purchase at | Ref:7daa72f7 | Amount: INR 15374.98,Food
McDonald's meal payment | Ref:9c210fc9 | Amount: INR 37661.76,Food
Amazon online shopping | Ref:3ff9e4d8 | Amount: INR 9087.58,Shopping
Cafe coffee purchase at | Ref:6d657618 | Amount: INR 35635.63,Food
Zerodha stock purchase | Ref:95ec9634 | Amount: INR 37896.9,Investment
Bajaj Finserv EMI payment | Ref:9c1b3d63 | Amount: INR 45502.18,EMI
PPF contribution | Ref:a8345415 | Amount: INR 283.22,Investment
IKEA furniture shopping | Ref:9a80603a | Amount: INR 15907.67,Shopping
Fixed deposit investment | Ref:f02f49bb | Amount: INR 8777.33,Investment
Personal loan EMI deduction | Ref:6bff765e | Amount: INR 41785.33,EMI
Flipkart electronics purchase | Ref:a60c4a16 | Amount: INR 908.74,Shopping
HDFC home loan EMI | Ref:a37f0563 | Amount: INR 31452.88,EMI
Grocery purchase at Big Bazaar | Ref:8e651558 | Amount: INR 32868.28,Food
HDFC home loan EMI | Ref:986a14be | Amount: INR 15898.38,EMI
Cafe coffee purchase at | Ref:52737e87 | Amount: INR 12150.05,Food
Bajaj Finserv EMI payment | Ref:1da45baf | Amount: INR 34946.7,EMI
Swiggy order payment | Ref:87d78e0d | Amount: INR 6146.48,Food
IndiGo flight ticket | Ref:589be77d | Amount: INR 20705.6,Travel
HDFC home loan EMI | Ref:a47507ed | Amount: INR 11665.78,EMI
SIP investment in mutual fund | Ref:ff77f020 | Amount: INR 24134.32,Investment
IKEA furniture shopping | Ref:643fb59c | Amount: INR 41487.92,Shopping
PPF contribution | Ref:b855cf5b | Amount: INR 33258.87,Investment
Bajaj Finserv EMI payment | Ref:3d4126fd | Amount: INR 27656.75,EMI
McDonald's meal payment | Ref:d88f7711 | Amount: INR 46285.51,Food
Cafe coffee purchase at | Ref:ac1572c2 | Amount: INR 20873.98,Food
Amazon online shopping | Ref:f05cbf63 | Amount: INR 3348.65,Shopping
SBI car loan EMI | Ref:21a21489 | Amount: INR 8716.28,EMI
SIP investment in mutual fund | Ref:55d8fb50 | Amount: INR 14798.67,Investment
Uber ride payment | Ref:1ee8f6ca | Amount: INR 31431.87,Travel
Flipkart electronics purchase | Ref:7e21575d | Amount: INR 35547.98,Shopping
SIP investment in mutual fund | Ref:96f55a32 | Amount: INR 36886.55,Investment
HDFC home loan EMI | Ref:98faeca6 | Amount: INR 15923.86,EMI
IKEA furniture shopping | Ref:4909438d | Amount: INR 22456.58,Shopping
Fixed deposit investment | Ref:8065092a | Amount: INR 24777.33,Investment
Credit card EMI installment | Ref:99eec9ff | Amount: INR 41449.82,EMI
Bajaj Finserv EMI payment | Ref:b9d4e130 | Amount: INR 29741.97,EMI
Groww ETF investment | Ref:6582f5c5 | Amount: INR 20589.02,Investment
Credit card EMI installment | Ref:ef73ba10 | Amount: INR 34529.55,EMI
Flipkart electronics purchase | Ref:aefe4ace | Amount: INR 3922.35,Shopping
Uber ride payment | Ref:b7d5ca2f | Amount: INR 2378.99,Travel
Fixed deposit investment | Ref:078a615e | Amount: INR 31017.12,Investment
Personal loan EMI deduction | Ref:34823a46 | Amount: INR 11161.11,EMI
PPF contribution | Ref:c6e5fb72 | Amount: INR 34175.47,Investment
IRCTC train ticket booking | Ref:e5ed497b | Amount: INR 44184.25,Travel
Reliance Digital purchase | Ref:d06e1c7c | Amount: INR 4849.89,Shopping
Fixed deposit investment | Ref:d6c9229f | Amount: INR 47746.82,Investment
Uber ride payment | Ref:0ab74aa8 | Amount: INR 25953.58,Travel
Zomato dinner bill | Ref:d83bbcf8 | Amount: INR 44867.08,Food
IKEA furniture shopping | Ref:dadc5783 | Amount: INR 29997.32,Shopping
Swiggy order payment | Ref:0f8f77bb | Amount: INR 37090.45,Food
IKEA furniture shopping | Ref:282cfd56 | Amount: INR 15735.63,Shopping
Zerodha stock purchase | Ref:6736ca3d | Amount: INR 29162.05,Investment
Swiggy order payment | Ref:b24bc58e | Amount: INR 5694.28,Food
Amazon online shopping | Ref:712f9aab | Amount: INR 35665.2,Shopping
Credit card EMI installment | Ref:c9da5fcf | Amount: INR 12343.19,EMI
Fixed deposit investment | Ref:4a97e204 | Amount: INR 49776.95,Investment
Restaurant dining at | Ref:674d4b2e | Amount: INR 40878.43,Food
PPF contribution | Ref:f7c43174 | Amount: INR 44720.07,Investment
Amazon online shopping | Ref:abf0ccc2 | Amount: INR 33272.11,Shopping
Groww ETF investment | Ref:4742706d | Amount: INR 10334.32,Investment
Swiggy order payment | Ref:36d49d08 | Amount: INR 32498.75,Food
RedBus bus ticket | Ref:9a3bcbe4 | Amount: INR 2327.05,Travel
Myntra clothing order | Ref:946ee07b | Amount: INR 36362.24,Shopping
IndiGo flight ticket | Ref:48d05a63 | Amount: INR 39371.22,Travel
SIP investment in mutual fund | Ref:437e1efd | Amount: INR 41763.53,Investment
SIP investment in mutual fund | Ref:34cc0675 | Amount: INR 17852.54,Investment
Ola cab fare | Ref:4133cb56 | Amount: INR 4885.74,Travel
Swiggy order payment | Ref:4382f7d2 | Amount: INR 8141.87,Food
IKEA furniture shopping | Ref:2f5bfc6e | Amount: INR 39867.26,Shopping
Reliance Digital purchase | Ref:92aa93e9 | Amount: INR 35240.01,Shopping
Groww ETF investment | Ref:7750a1b0 | Amount: INR 2082.56,Investment
Credit card EMI installment | Ref:62a30f6a | Amount: INR 24536.59,EMI
RedBus bus ticket | Ref:fc291483 | Amount: INR 30916.57,Travel
IndiGo flight ticket | Ref:7d608077 | Amount: INR 32763.35,Travel
MakeMyTrip hotel booking | Ref:b01418a1 | Amount: INR 11978.34,Travel
RedBus bus ticket | Ref:04f0d6f3 | Amount: INR 23161.39,Travel
Restaurant dining at | Ref:64875d9e | Amount: INR 18081.28,Food
IRCTC train ticket booking | Ref:e94482aa | Amount: INR 39093.15,Travel
Bajaj Finserv EMI payment | Ref:d6e7a06f | Amount: INR 43107.78,EMI
SBI car loan EMI | Ref:8718f74c | Amount: INR 20699.55,EMI
Credit card EMI installment | Ref:e1244152 | Amount: INR 41421.19,EMI
Zerodha stock purchase | Ref:cb3036bf | Amount: INR 19397.15,Investment
SIP investment in mutual fund | Ref:bde52761 | Amount: INR 5398.19,Investment
IndiGo flight ticket | Ref:8d35ab29 | Amount: INR 44704.7,Travel
Groww ETF investment | Ref:2e396f04 | Amount: INR 16560.67,Investment
Flipkart electronics purchase | Ref:3b422505 | Amount: INR 28356.46,Shopping
Dominos pizza order | Ref:2cdef5a9 | Amount: INR 34192.74,Food
IRCTC train ticket booking | Ref:774242dc | Amount: INR 24861.73,Travel
SBI car loan EMI | Ref:8ee93806 | Amount: INR 31047.06,EMI
Dominos pizza order | Ref:748fd953 | Amount: INR 26172.61,Food
Swiggy order payment | Ref:e9098e8f | Amount: INR 15499.07,Food
McDonald's meal payment | Ref:8cd5553b | Amount: INR 25308.04,Food
HDFC home loan EMI | Ref:ceb23704 | Amount: INR 22745.74,EMI
IKEA furniture shopping | Ref:37a58611 | Amount: INR 2798.68,Shopping
Cafe coffee purchase at | Ref:6e1470ce | Amount: INR 11241.84,Food
IKEA furniture shopping | Ref:a2a5c313 | Amount: INR 32277.04,Shopping
Personal loan EMI deduction | Ref:3dac7be7 | Amount: INR 33248.62,EMI
Flipkart electronics purchase | Ref:8b090fec | Amount: INR 2891.14,Shopping
Fixed deposit investment | Ref:4dd83c3c | Amount: INR 33311.84,Investment
Amazon online shopping | Ref:503e7e2e | Amount: INR 571.24,Shopping
Flipkart electronics purchase | Ref:9a975e3b | Amount: INR 23492.94,Shopping
Reliance Digital purchase | Ref:382cbd4c | Amount: INR 9056.75,Shopping
Petrol pump fuel payment | Ref:2e6fed86 | Amount: INR 45167.64,Travel
IRCTC train ticket booking | Ref:f96785c6 | Amount: INR 46344.65,Travel
Restaurant dining at | Ref:1b83d1f3 | Amount: INR 38866.44,Food
Swiggy order payment | Ref:922dac1b | Amount: INR 2458.8,Food
IndiGo flight ticket | Ref:52a66fbf | Amount: INR 2130.92,Travel
PPF contribution | Ref:a1590ac2 | Amount: INR 12489.68,Investment
McDonald's meal payment | Ref:31f449de | Amount: INR 17186.74,Food
Zomato dinner bill | Ref:0c2e3b56 | Amount: INR 13128.59,Food
SBI car loan EMI | Ref:c79b7096 | Amount: INR 38986.75,EMI
Zerodha stock purchase | Ref:850182ec | Amount: INR 43321.29,Investment
IRCTC train ticket booking | Ref:bdb6b6eb | Amount: INR 10861.29,Travel
Reliance Digital purchase | Ref:07ae7c6e | Amount: INR 25428.86,Shopping
Ola cab fare | Ref:4bb7bf12 | Amount: INR 20350.38,Travel
Groww ETF investment | Ref:e31d79ba | Amount: INR 44676.39,Investment
Fixed deposit investment | Ref:0dd65f8b | Amount: INR 20000.06,Investment
Zomato dinner bill | Ref:e8b4d2b6 | Amount: INR 26854.71,Food
Grocery purchase at Big Bazaar | Ref:677a3625 | Amount: INR 44252.62,Food
SBI car loan EMI | Ref:ead16b37 | Amount: INR 35180.06,EMI
Credit card EMI installment | Ref:75c9287d | Amount: INR 9589.51,EMI
Myntra clothing order | Ref:5267ca9d | Amount: INR 14717.98,Shopping
McDonald's meal payment | Ref:1a8b3201 | Amount: INR 18726.61,Food
Reliance Digital purchase | Ref:04d12da6 | Amount: INR 12706.55,Shopping
MakeMyTrip hotel booking | Ref:ea8a77b8 | Amount: INR 31270.43,Travel
Petrol pump fuel payment | Ref:14220b20 | Amount: INR 27636.25,Travel
SBI car loan EMI | Ref:4f7abb19 | Amount: INR 34370.81,EMI
HDFC home loan EMI | Ref:e29fdb16 | Amount: INR 39502.36,EMI
Ola cab fare | Ref:0d228f64 | Amount: INR 6189.68,Travel
Groww ETF investment | Ref:8ff20ddb | Amount: INR 18615.54,Investment
Amazon online shopping | Ref:d3084af8 | Amount: INR 32318.94,Shopping
Zerodha stock purchase | Ref:64265d3d | Amount: INR 35004.7,Investment
HDFC home loan EMI | Ref:8ee163d5 | Amount: INR 31707.18,EMI
Ola cab fare | Ref:f07653e3 | Amount: INR 37186.84,Travel
Fixed deposit investment | Ref:0b20c585 | Amount: INR 30351.7,Investment
Fixed deposit investment | Ref:7446d5cf | Amount: INR 37388.41,Investment
Restaurant dining at | Ref:ec62dd68 | Amount: INR 39441.09,Food
Fixed deposit investment | Ref:c112f257 | Amount: INR 10710.06,Investment
Swiggy order payment | Ref:b962695c | Amount: INR 36168.18,Food
RedBus bus ticket | Ref:43cabc03 | Amount: INR 48321.67,Travel
Cafe coffee purchase at | Ref:578de174 | Amount: INR 27822.85,Food
SBI car loan EMI | Ref:fc614a13 | Amount: INR 9988.57,EMI
Flipkart electronics purchase | Ref:d460041d | Amount: INR 41560.78,Shopping
Flipkart electronics purchase | Ref:c7b07cc4 | Amount: INR 32877.3,Shopping
Cafe coffee purchase at | Ref:f95cc70d | Amount: INR 18020.05,Food
Swiggy order payment | Ref:59398e0e | Amount: INR 21628.72,Food
Zomato dinner bill | Ref:95f541d3 | Amount: INR 41567.12,Food
Swiggy order payment | Ref:972bc9d7 | Amount: INR 39978.25,Food
RedBus bus ticket | Ref:c1e12dae | Amount: INR 43584.68,Travel
Reliance Digital purchase | Ref:4749d12d | Amount: INR 42698.77,Shopping
Petrol pump fuel payment | Ref:562c1d40 | Amount: INR 6399.84,Travel
Uber ride payment | Ref:f718879f | Amount: INR 13239.74,Travel
Myntra clothing order | Ref:cfae7ae4 | Amount: INR 2909.52,Shopping
IRCTC train ticket booking | Ref:338197ff | Amount: INR 13719.64,Travel
IndiGo flight ticket | Ref:870a4ed8 | Amount: INR 19177.47,Travel
Personal loan EMI deduction | Ref:b57f6449 | Amount: INR 31057.21,EMI
SIP investment in mutual fund | Ref:b4f29dc3 | Amount: INR 20386.39,Investment
Flipkart electronics purchase | Ref:f8357468 | Amount: INR 39957.2,Shopping
PPF contribution | Ref:e42e6893 | Amount: INR 20828.68,Investment
HDFC home loan EMI | Ref:ba52e76c | Amount: INR 34951.35,EMI
Reliance Digital purchase | Ref:74ec4175 | Amount: INR 38216.72,Shopping
SIP investment in mutual fund | Ref:d406f605 | Amount: INR 2891.66,Investment
Fixed deposit investment | Ref:b42773b2 | Amount: INR 27505.65,Investment
PPF contribution | Ref:b73cc967 | Amount: INR 7894.79,Investment
Credit card EMI installment | Ref:32275183 | Amount: INR 37499.15,EMI
McDonald's meal payment | Ref:e09be056 | Amount: INR 28887.95,Food
Amazon online shopping | Ref:57446c43 | Amount: INR 6711.88,Shopping
IRCTC train ticket booking | Ref:2dcf56d7 | Amount: INR 33352.19,Travel
Bajaj Finserv EMI payment | Ref:f9ca1552 | Amount: INR 11249.13,EMI
Uber ride payment | Ref:5e00cde7 | Amount: INR 29379.42,Travel
Groww ETF investment | Ref:abe04083 | Amount: INR 42013.5,Investment
IRCTC train ticket booking | Ref:b6cf4d84 | Amount: INR 15866.96,Travel
IRCTC train ticket booking | Ref:1929787f | Amount: INR 20433.94,Travel
IndiGo flight ticket | Ref:0697b6fb | Amount: INR 20748.01,Travel
Ola cab fare | Ref:fc7f28a4 | Amount: INR 22540.05,Travel
Uber ride payment | Ref:4ffb7853 | Amount: INR 25921.82,Travel
Ola cab fare | Ref:29f03896 | Amount: INR 16047.4,Travel
IKEA furniture shopping | Ref:5181901d | Amount: INR 6129.1,Shopping
Flipkart electronics purchase | Ref:eff0ca23 | Amount: INR 25806.04,Shopping
Uber ride payment | Ref:d4e03250 | Amount: INR 14549.82,Travel
Credit card EMI installment | Ref:bbe754df | Amount: INR 15043.55,EMI
Myntra clothing order | Ref:2df705af | Amount: INR 21822.9,Shopping
Swiggy order payment | Ref:91d53952 | Amount: INR 27403.55,Food
RedBus bus ticket | Ref:03be4240 | Amount: INR 47107.56,Travel
IndiGo flight ticket | Ref:22fff9b5 | Amount: INR 34063.25,Travel
Uber ride payment | Ref:4dbcbecc | Amount: INR 14292.6,Travel
MakeMyTrip hotel booking | Ref:28145453 | Amount: INR 2852.21,Travel
IKEA furniture shopping | Ref:2042d3d9 | Amount: INR 11886.21,Shopping
Uber ride payment | Ref:59433f82 | Amount: INR 36995.82,Travel
SIP investment in mutual fund | Ref:99e1f4b0 | Amount: INR 23046.09,Investment
Cafe coffee purchase at | Ref:9839e441 | Amount: INR 38571.73,Food
Flipkart electronics purchase | Ref:4a8a0178 | Amount: INR 25996.24,Shopping
RedBus bus ticket | Ref:24535b17 | Amount: INR 20335.69,Travel
SIP investment in mutual fund | Ref:c4438911 | Amount: INR 32707.96,Investment
SBI car loan EMI | Ref:eeb3a8db | Amount: INR 10330.58,EMI
McDonald's meal payment | Ref:cfbb339e | Amount: INR 9746.17,Food
Myntra clothing order | Ref:a6051ee3 | Amount: INR 28495.6,Shopping
SIP investment in mutual fund | Ref:7497b07b | Amount: INR 19839.16,Investment
SIP investment in mutual fund | Ref:3904afef | Amount: INR 42150.41,Investment
Credit card EMI installment | Ref:f2fbec89 | Amount: INR 9127.11,EMI
SIP investment in mutual fund | Ref:b47be828 | Amount: INR 8850.91,Investment
Fixed deposit investment | Ref:e150583e | Amount: INR 38983.55,Investment
PPF contribution | Ref:edaea8ec | Amount: INR 29441.74,Investment
Myntra clothing order | Ref:f4a4ee31 | Amount: INR 34040.25,Shopping
Bajaj Finserv EMI payment | Ref:66ca8788 | Amount: INR 32978.54,EMI
Personal loan EMI deduction | Ref:55e8923c | Amount: INR 35879.27,EMI
Cafe coffee purchase at | Ref:e054815b | Amount: INR 34556.37,Food
Petrol pump fuel payment | Ref:04a4fba9 | Amount: INR 29796.44,Travel
Zerodha stock purchase | Ref:d790d520 | Amount: INR 34980.56,Investment
Uber ride payment | Ref:34fcb8b2 | Amount: INR 32723.29,Travel
PPF contribution | Ref:af70ca24 | Amount: INR 4058.49,Investment
Ola cab fare | Ref:860b7852 | Amount: INR 15412.71,Travel
IKEA furniture shopping | Ref:d61ce707 | Amount: INR 34145.94,Shopping
Zomato dinner bill | Ref:6566ce43 | Amount: INR 27855.49,Food
Cafe coffee purchase at | Ref:fdeca776 | Amount: INR 43308.31,Food
Fixed deposit investment | Ref:3a157b94 | Amount: INR 10142.83,Investment
Reliance Digital purchase | Ref:7e8909ef | Amount: INR 18127.06,Shopping
SBI car loan EMI | Ref:d5358c34 | Amount: INR 9134.52,EMI
Myntra clothing order | Ref:d86967cd | Amount: INR 21673.88,Shopping
Myntra clothing order | Ref:f4cda679 | Amount: INR 7053.42,Shopping
Zomato dinner bill | Ref:9a13a0fd | Amount: INR 48140.46,Food
RedBus bus ticket | Ref:6e8caccd | Amount: INR 10252.6,Travel
RedBus bus ticket | Ref:f0fae7e3 | Amount: INR 11228.66,Travel
Grocery purchase at Big Bazaar | Ref:90f53287 | Amount: INR 18443.73,Food
IKEA furniture shopping | Ref:550b92eb | Amount: INR 41079.14,Shopping
IKEA furniture shopping | Ref:a115e445 | Amount: INR 11202.47,Shopping
HDFC home loan EMI | Ref:ae00779b | Amount: INR 14710.33,EMI
Zerodha stock purchase | Ref:27aff606 | Amount: INR 7392.03,Investment
SBI car loan EMI | Ref:995f3bd9 | Amount: INR 32075.61,EMI
Reliance Digital purchase | Ref:d0004e91 | Amount: INR 41967.94,Shopping
Credit card EMI installment | Ref:790660dc | Amount: INR 30989.53,EMI
Personal loan EMI deduction | Ref:9a0cb137 | Amount: INR 26817.48,EMI
Restaurant dining at | Ref:9969bfcb | Amount: INR 32734.45,Food
IndiGo flight ticket | Ref:b15ee7ae | Amount: INR 4554.47,Travel
Reliance Digital purchase | Ref:a045af7a | Amount: INR 40205.06,Shopping
Ola cab fare | Ref:a2db4674 | Amount: INR 15789.87,Travel
Groww ETF investment | Ref:051e5f4e | Amount: INR 39682.87,Investment
Credit card EMI installment | Ref:10d48b58 | Amount: INR 11072.48,EMI
Petrol pump fuel payment | Ref:98fe2e55 | Amount: INR 12220.36,Travel
Personal loan EMI deduction | Ref:bbdd82cd | Amount: INR 36095.64,EMI
Petrol pump fuel payment | Ref:9da656cb | Amount: INR 31383.5,Travel
PPF contribution | Ref:408d0af8 | Amount: INR 42947.47,Investment
Groww ETF investment | Ref:105575b0 | Amount: INR 23312.47,Investment
Grocery purchase at Big Bazaar | Ref:b5a7c1ba | Amount: INR 14781.59,Food
Dominos pizza order | Ref:82c37d2f | Amount: INR 35181.42,Food
Personal loan EMI deduction | Ref:a3922b77 | Amount: INR 17722.29,EMI
Uber ride payment | Ref:34ede478 | Amount: INR 11525.4,Travel
HDFC home loan EMI | Ref:5912c592 | Amount: INR 37739.79,EMI
SIP investment in mutual fund | Ref:59e017fc | Amount: INR 27182.44,Investment
Groww ETF investment | Ref:f818fec2 | Amount: INR 16371.62,Investment
Petrol pump fuel payment | Ref:21df902c | Amount: INR 44744.9,Travel
Restaurant dining at | Ref:bceb9892 | Amount: INR 38276.26,Food
Groww ETF investment | Ref:8972644e | Amount: INR 4486.42,Investment
Groww ETF investment | Ref:b8474e4f | Amount: INR 48167.97,Investment
RedBus bus ticket | Ref:f826a3dc | Amount: INR 46768.38,Travel
HDFC home loan EMI | Ref:1a193a91 | Amount: INR 42488.49,EMI
PPF contribution | Ref:7b3febcd | Amount: INR 5223.29,Investment
IndiGo flight ticket | Ref:7f5a1424 | Amount: INR 5513.83,Travel
Uber ride payment | Ref:41433282 | Amount: INR 42551.08,Travel
Flipkart electronics purchase | Ref:215fe0aa | Amount: INR 29619.28,Shopping
MakeMyTrip hotel booking | Ref:8f2b50b5 | Amount: INR 49634.23,Travel
Amazon online shopping | Ref:5e9dcdfe | Amount: INR 42581.79,Shopping
Dominos pizza order | Ref:59b2da4e | Amount: INR 19247.08,Food
Reliance Digital purchase | Ref:fcf44ffc | Amount: INR 40427.41,Shopping
Fixed deposit investment | Ref:bf4a3b91 | Amount: INR 48760.4,Investment
Credit card EMI installment | Ref:18b01ab1 | Amount: INR 33554.5,EMI
Ola cab fare | Ref:f0266b07 | Amount: INR 30546.37,Travel
RedBus bus ticket | Ref:3c1fe6fa | Amount: INR 17779.82,Travel
Reliance Digital purchase | Ref:83f98852 | Amount: INR 5685.5,Shopping
SIP investment in mutual fund | Ref:8ee3be21 | Amount: INR 21151.87,Investment
IndiGo flight ticket | Ref:b2ff2b0f | Amount: INR 26586.23,Travel
IKEA furniture shopping | Ref:bd66deed | Amount: INR 42590.8,Shopping
Flipkart electronics purchase | Ref:d2cc6cfc | Amount: INR 5269.14,Shopping
Ola cab fare | Ref:1f983423 | Amount: INR 34674.15,Travel
Bajaj Finserv EMI payment | Ref:d7013175 | Amount: INR 6879.04,EMI
SIP investment in mutual fund | Ref:7e980037 | Amount: INR 28341.41,Investment
Reliance Digital purchase | Ref:bb31587c | Amount: INR 39496.42,Shopping
Uber ride payment | Ref:9a7a883d | Amount: INR 7727.48,Travel
Zerodha stock purchase | Ref:b0e7f7f9 | Amount: INR 42300.62,Investment
HDFC home loan EMI | Ref:af3e74ec | Amount: INR 26744.3,EMI
Zerodha stock purchase | Ref:782ec14a | Amount: INR 738.98,Investment
RedBus bus ticket | Ref:961b4734 | Amount: INR 48352.05,Travel
IKEA furniture shopping | Ref:37a631f1 | Amount: INR 18746.69,Shopping
SBI car loan EMI | Ref:730028ca | Amount: INR 37895.11,EMI
Reliance Digital purchase | Ref:5c624bbc | Amount: INR 18836.02,Shopping
Bajaj Finserv EMI payment | Ref:a2f0567e | Amount: INR 7981.32,EMI
Personal loan EMI deduction | Ref:49cceeee | Amount: INR 32389.89,EMI
Zomato dinner bill | Ref:35d4b07e | Amount: INR 40242.3,Food
Petrol pump fuel payment | Ref:1861cd67 | Amount: INR 4573.62,Travel
Petrol pump fuel payment | Ref:1723e94f | Amount: INR 27464.91,Travel
SBI car loan EMI | Ref:2ea3b033 | Amount: INR 9403.7,EMI
Cafe coffee purchase at | Ref:53be4b7c | Amount: INR 46365.29,Food
Flipkart electronics purchase | Ref:f37e7def | Amount: INR 24007.52,Shopping
Zerodha stock purchase | Ref:5bbed29f | Amount: INR 13486.26,Investment
Petrol pump fuel payment | Ref:450052b5 | Amount: INR 10544.01,Travel
SBI car loan EMI | Ref:98bd0ab2 | Amount: INR 18053.31,EMI
Bajaj Finserv EMI payment | Ref:ed87d000 | Amount: INR 4053.65,EMI
Bajaj Finserv EMI payment | Ref:58f26c2b | Amount: INR 8140.2,EMI
IKEA furniture shopping | Ref:171dbe29 | Amount: INR 35622.03,Shopping
Amazon online shopping | Ref:8f1581f9 | Amount: INR 19503.7,Shopping
SIP investment in mutual fund | Ref:34d3ba62 | Amount: INR 40310.38,Investment
Flipkart electronics purchase | Ref:1cc9616d | Amount: INR 12146.3,Shopping
SBI car loan EMI | Ref:db63a2de | Amount: INR 35669.77,EMI
IRCTC train ticket booking | Ref:ac7f3df9 | Amount: INR 23629.31,Travel
IRCTC train ticket booking | Ref:b19b3adf | Amount: INR 17908.49,Travel
Flipkart electronics purchase | Ref:ccbe65ea | Amount: INR 27943.25,Shopping
Zerodha stock purchase | Ref:fe147bc1 | Amount: INR 4425.08,Investment
SBI car loan EMI | Ref:94fe316e | Amount: INR 43459.59,EMI
IKEA furniture shopping | Ref:91bb9676 | Amount: INR 3352.57,Shopping
SBI car loan EMI | Ref:2ba7f9b8 | Amount: INR 1708.35,EMI
Bajaj Finserv EMI payment | Ref:f8394cf9 | Amount: INR 37727.14,EMI
IRCTC train ticket booking | Ref:8e32cc16 | Amount: INR 2288.88,Travel
Zerodha stock purchase | Ref:ce7a9752 | Amount: INR 45443.14,Investment
Petrol pump fuel payment | Ref:c3243fc0 | Amount: INR 23549.9,Travel
Flipkart electronics purchase | Ref:ca130bae | Amount: INR 36726.58,Shopping
Reliance Digital purchase | Ref:45305839 | Amount: INR 43647.24,Shopping
Zomato dinner bill | Ref:fd0429cb | Amount: INR 12031.27,Food
SBI car loan EMI | Ref:884173f7 | Amount: INR 33502.81,EMI
Amazon online shopping | Ref:3c63ad52 | Amount: INR 44833.68,Shopping
Personal loan EMI deduction | Ref:21b4417d | Amount: INR 41076.1,EMI
IRCTC train ticket booking | Ref:3a3dc463 | Amount: INR 22623.31,Travel
Groww ETF investment | Ref:24a9ef07 | Amount: INR 43507.79,Investment
Credit card EMI installment | Ref:701cab1c | Amount: INR 27419.46,EMI
Dominos pizza order | Ref:339a9001 | Amount: INR 45050.14,Food
Bajaj Finserv EMI payment | Ref:94fbb162 | Amount: INR 20519.74,EMI
RedBus bus ticket | Ref:a3c40481 | Amount: INR 17799.47,Travel
PPF contribution | Ref:11118d48 | Amount: INR 10466.1,Investment
Groww ETF investment | Ref:4a6033d6 | Amount: INR 48287.55,Investment
SIP investment in mutual fund | Ref:1bddd372 | Amount: INR 5618.18,Investment
Reliance Digital purchase | Ref:afcdcedb | Amount: INR 44235.75,Shopping
Bajaj Finserv EMI payment | Ref:95ab3783 | Amount: INR 18154.04,EMI
Restaurant dining at | Ref:84876713 | Amount: INR 39972.47,Food
Restaurant dining at | Ref:c240a57d | Amount: INR 35046.54,Food
SBI car loan EMI | Ref:a2bbef6a | Amount: INR 9849.78,EMI
Dominos pizza order | Ref:029702d2 | Amount: INR 41759.88,Food
PPF contribution | Ref:8136c154 | Amount: INR 12895.74,Investment
Petrol pump fuel payment | Ref:90b75832 | Amount: INR 21639.33,Travel
Credit card EMI installment | Ref:b8e19820 | Amount: INR 4034.37,EMI
SBI car loan EMI | Ref:cd2fa98f | Amount: INR 36569.41,EMI
Grocery purchase at Big Bazaar | Ref:2fcc575b | Amount: INR 27865.85,Food
Personal loan EMI deduction | Ref:a8d80215 | Amount: INR 10648.15,EMI
PPF contribution | Ref:82a1bb2d | Amount: INR 48998.34,Investment
Ola cab fare | Ref:aa07e430 | Amount: INR 19763.67,Travel
Flipkart electronics purchase | Ref:c82ac2bf | Amount: INR 6635.99,Shopping
Credit card EMI installment | Ref:038296c5 | Amount: INR 29572.7,EMI
SBI car loan EMI | Ref:704923bc | Amount: INR 44937.32,EMI
IRCTC train ticket booking | Ref:18dc10cd | Amount: INR 42884.18,Travel
Personal loan EMI deduction | Ref:5ef73312 | Amount: INR 21501.21,EMI
SBI car loan EMI | Ref:864d5267 | Amount: INR 47678.01,EMI
Dominos pizza order | Ref:66a345b4 | Amount: INR 38547.36,Food
Flipkart electronics purchase | Ref:600fcce3 | Amount: INR 406.41,Shopping
Personal loan EMI deduction | Ref:04a0b94d | Amount: INR 9682.92,EMI
IKEA furniture shopping | Ref:3603bba2 | Amount: INR 14895.46,Shopping
Personal loan EMI deduction | Ref:bfe7ca36 | Amount: INR 6029.06,EMI
Myntra clothing order | Ref:3e1246df | Amount: INR 5090.6,Shopping
Flipkart electronics purchase | Ref:74ccf8ee | Amount: INR 3405.08,Shopping
MakeMyTrip hotel booking | Ref:375a434f | Amount: INR 24049.55,Travel
Fixed deposit investment | Ref:f86e52d5 | Amount: INR 36869.24,Investment
Flipkart electronics purchase | Ref:a5690ac6 | Amount: INR 8781.97,Shopping
Ola cab fare | Ref:ed8d9f98 | Amount: INR 11579.51,Travel
Bajaj Finserv EMI payment | Ref:b55f3e80 | Amount: INR 7946.08,EMI
Flipkart electronics purchase | Ref:e9b25ba5 | Amount: INR 11230.53,Shopping
McDonald's meal payment | Ref:55ebb10f | Amount: INR 20984.14,Food
SIP investment in mutual fund | Ref:564c01e4 | Amount: INR 17595.49,Investment
MakeMyTrip hotel booking | Ref:d68fa948 | Amount: INR 36661.99,Travel
SIP investment in mutual fund | Ref:3d47e5e2 | Amount: INR 28464.32,Investment
Groww ETF investment | Ref:a081c891 | Amount: INR 29935.59,Investment
Uber ride payment | Ref:2cfadca0 | Amount: INR 20068.84,Travel
Flipkart electronics purchase | Ref:1bc08706 | Amount: INR 14780.31,Shopping
SBI car loan EMI | Ref:9c500892 | Amount: INR 7916.93,EMI
Restaurant dining at | Ref:4f682c5e | Amount: INR 20355.41,Food
Groww ETF investment | Ref:5b6ad55e | Amount: INR 9854.02,Investment
Cafe coffee purchase at | Ref:2bf22d7b | Amount: INR 40529.55,Food
Myntra clothing order | Ref:1df47bb1 | Amount: INR 23378.84,Shopping
SBI car loan EMI | Ref:79b9f029 | Amount: INR 35736.53,EMI
McDonald's meal payment | Ref:764f048c | Amount: INR 45529.78,Food
Uber ride payment | Ref:a2ff70ea | Amount: INR 37168.61,Travel
Bajaj Finserv EMI payment | Ref:50d96190 | Amount: INR 13552.79,EMI
Grocery purchase at Big Bazaar | Ref:c2b5d879 | Amount: INR 41571.3,Food
Grocery purchase at Big Bazaar | Ref:ab49e082 | Amount: INR 47166.7,Food
SIP investment in mutual fund | Ref:610b4c3b | Amount: INR 47209.63,Investment
Bajaj Finserv EMI payment | Ref:a707a5dc | Amount: INR 11666.59,EMI
Reliance Digital purchase | Ref:a3ba7f85 | Amount: INR 9336.87,Shopping
Zerodha stock purchase | Ref:e3ca00f1 | Amount: INR 46778.23,Investment
Groww ETF investment | Ref:391ee2f2 | Amount: INR 47373.55,Investment
Zerodha stock purchase | Ref:c18dae56 | Amount: INR 149.49,Investment
SBI car loan EMI | Ref:dc4a5e84 | Amount: INR 34871.44,EMI
Groww ETF investment | Ref:b63e8277 | Amount: INR 32313.53,Investment
Myntra clothing order | Ref:42e6d358 | Amount: INR 46654.55,Shopping
SBI car loan EMI | Ref:2e5590d4 | Amount: INR 34106.48,EMI
Flipkart electronics purchase | Ref:8a9157b3 | Amount: INR 45841.49,Shopping
Flipkart electronics purchase | Ref:fb5542ac | Amount: INR 10910.51,Shopping
SBI car loan EMI | Ref:87334894 | Amount: INR 23561.4,EMI
McDonald's meal payment | Ref:c0abf20e | Amount: INR 27050.57,Food
HDFC home loan EMI | Ref:60feedb0 | Amount: INR 29303.04,EMI
Uber ride payment | Ref:4fe46cce | Amount: INR 49257.37,Travel
Cafe coffee purchase at | Ref:f7ab341f | Amount: INR 1281.59,Food
IRCTC train ticket booking | Ref:edc00fcb | Amount: INR 33270.66,Travel
Petrol pump fuel payment | Ref:445752e4 | Amount: INR 15998.94,Travel
PPF contribution | Ref:5435ccea | Amount: INR 1225.4,Investment
Flipkart electronics purchase | Ref:ab140231 | Amount: INR 6463.15,Shopping
RedBus bus ticket | Ref:07498d87 | Amount: INR 45664.68,Travel
Myntra clothing order | Ref:a2af16e1 | Amount: INR 12383.34,Shopping
PPF contribution | Ref:df5ed707 | Amount: INR 13071.93,Investment
SBI car loan EMI | Ref:a062cb8e | Amount: INR 33946.48,EMI
Swiggy order payment | Ref:a2407959 | Amount: INR 32168.06,Food
Swiggy order payment | Ref:772d6f0c | Amount: INR 33954.56,Food
Uber ride payment | Ref:fbacd901 | Amount: INR 11907.5,Travel
SBI car loan EMI | Ref:865bf575 | Amount: INR 22708.18,EMI
Bajaj Finserv EMI payment | Ref:5ee256c3 | Amount: INR 39757.07,EMI
Restaurant dining at | Ref:41c0b865 | Amount: INR 35305.52,Food
SBI car loan EMI | Ref:d2df999b | Amount: INR 41866.73,EMI
Reliance Digital purchase | Ref:baf7ba66 | Amount: INR 2937.54,Shopping
SIP investment in mutual fund | Ref:423c6cfa | Amount: INR 4656.63,Investment
Restaurant dining at | Ref:0c9c38ca | Amount: INR 46013.7,Food
Swiggy order payment | Ref:63b9e6f6 | Amount: INR 18900.89,Food
Myntra clothing order | Ref:40f09b04 | Amount: INR 25194.29,Shopping
Personal loan EMI deduction | Ref:5b349bc5 | Amount: INR 44695.02,EMI
Fixed deposit investment | Ref:529c31ba | Amount: INR 36115.8,Investment
MakeMyTrip hotel booking | Ref:d29dfdce | Amount: INR 39012.45,Travel
Restaurant dining at | Ref:e600066d | Amount: INR 23370.45,Food
Groww ETF investment | Ref:0c53733b | Amount: INR 23866.48,Investment
Petrol pump fuel payment | Ref:91fcec78 | Amount: INR 27011.38,Travel
Flipkart electronics purchase | Ref:835487b7 | Amount: INR 1393.62,Shopping
Groww ETF investment | Ref:dbc41b11 | Amount: INR 40052.64,Investment
Credit card EMI installment | Ref:820aaa63 | Amount: INR 8273.5,EMI
MakeMyTrip hotel booking | Ref:729f56dd | Amount: INR 40735.95,Travel
Amazon online shopping | Ref:eb7889c3 | Amount: INR 30469.3,Shopping
Credit card EMI installment | Ref:4a68ce6e | Amount: INR 43388.93,EMI
Fixed deposit investment | Ref:68187e66 | Amount: INR 30354.43,Investment
SBI car loan EMI | Ref:ddd55e59 | Amount: INR 40116.94,EMI
IKEA furniture shopping | Ref:23c467d7 | Amount: INR 19997.04,Shopping
Grocery purchase at Big Bazaar | Ref:60150df7 | Amount: INR 30130.98,Food
RedBus bus ticket | Ref:c22ee8ce | Amount: INR 25090.51,Travel
Cafe coffee purchase at | Ref:1e406d61 | Amount: INR 5375.07,Food
McDonald's meal payment | Ref:9f3c8730 | Amount: INR 6409.81,Food
Zerodha stock purchase | Ref:d8874b6d | Amount: INR 48403.19,Investment
Myntra clothing order | Ref:2f7daf9d | Amount: INR 33904.33,Shopping
RedBus bus ticket | Ref:dabe4034 | Amount: INR 46991.59,Travel
Myntra clothing order | Ref:ce241c64 | Amount: INR 48003.75,Shopping
Personal loan EMI deduction | Ref:c93ef6a2 | Amount: INR 15489.76,EMI
SBI car loan EMI | Ref:eefa2c4f | Amount: INR 5180.28,EMI
Restaurant dining at | Ref:b27a7c63 | Amount: INR 28456.72,Food
Groww ETF investment | Ref:87e2bf65 | Amount: INR 19053.39,Investment
McDonald's meal payment | Ref:a3cd2a32 | Amount: INR 26321.77,Food
Petrol pump fuel payment | Ref:1353a0af | Amount: INR 40117.95,Travel
Grocery purchase at Big Bazaar | Ref:f3d816e5 | Amount: INR 25740.21,Food
PPF contribution | Ref:cd1a7be1 | Amount: INR 38579.42,Investment
Grocery purchase at Big Bazaar | Ref:0927b32c | Amount: INR 46529.9,Food
Myntra clothing order | Ref:9fff4a44 | Amount: INR 9819.99,Shopping
Reliance Digital purchase | Ref:fd1cf7b6 | Amount: INR 35368.65,Shopping
IRCTC train ticket booking | Ref:a01b7880 | Amount: INR 18906.45,Travel
PPF contribution | Ref:df93c67b | Amount: INR 3999.96,Investment
MakeMyTrip hotel booking | Ref:6b9a619d | Amount: INR 4120.3,Travel
SBI car loan EMI | Ref:a152ac0d | Amount: INR 40798.52,EMI
Myntra clothing order | Ref:4302d517 | Amount: INR 13826.58,Shopping
Bajaj Finserv EMI payment | Ref:ac883ff7 | Amount: INR 31164.4,EMI
Zerodha stock purchase | Ref:fa85c4f1 | Amount: INR 31480.07,Investment
Dominos pizza order | Ref:bd321ea7 | Amount: INR 32217.21,Food
IKEA furniture shopping | Ref:8b31be6a | Amount: INR 26173.59,Shopping
Swiggy order payment | Ref:3119efd9 | Amount: INR 2191.6,Food
Fixed deposit investment | Ref:6675482e | Amount: INR 3385.65,Investment
Groww ETF investment | Ref:c09c0eae | Amount: INR 23462.21,Investment
Flipkart electronics purchase | Ref:54970918 | Amount: INR 2110.14,Shopping
IndiGo flight ticket | Ref:b6c35a15 | Amount: INR 40864.48,Travel
HDFC home loan EMI | Ref:dfefb648 | Amount: INR 49079.8,EMI
HDFC home loan EMI | Ref:2189cd5f | Amount: INR 14966.6,EMI
MakeMyTrip hotel booking | Ref:58bdda52 | Amount: INR 30458.25,Travel
Reliance Digital purchase | Ref:f2ff8b80 | Amount: INR 12086.36,Shopping
Myntra clothing order | Ref:1448825d | Amount: INR 23496.38,Shopping
Groww ETF investment | Ref:181c17d5 | Amount: INR 20754.97,Investment
IKEA furniture shopping | Ref:88306263 | Amount: INR 26553.1,Shopping
PPF contribution | Ref:ac97e5dd | Amount: INR 29646.72,Investment
RedBus bus ticket | Ref:7199d0f0 | Amount: INR 37005.47,Travel
HDFC home loan EMI | Ref:68c35030 | Amount: INR 24184.98,EMI
Reliance Digital purchase | Ref:75152c56 | Amount: INR 31181.26,Shopping
SIP investment in mutual fund | Ref:8767178b | Amount: INR 39876.69,Investment
RedBus bus ticket | Ref:6c695d08 | Amount: INR 30400.54,Travel
RedBus bus ticket | Ref:11a049c9 | Amount: INR 23993.1,Travel
Swiggy order payment | Ref:e96e5e42 | Amount: INR 38459.25,Food
RedBus bus ticket | Ref:7bb6e0da | Amount: INR 46308.05,Travel
Personal loan EMI deduction | Ref:e8efa5fb | Amount: INR 6028.18,EMI
Cafe coffee purchase at | Ref:be088f9b | Amount: INR 37936.7,Food
Personal loan EMI deduction | Ref:5bfcd48b | Amount: INR 38837.42,EMI
SBI car loan EMI | Ref:de58a938 | Amount: INR 25911.57,EMI
IKEA furniture shopping | Ref:ad28f1ca | Amount: INR 28741.96,Shopping
Swiggy order payment | Ref:2ac34feb | Amount: INR 2953.83,Food
MakeMyTrip hotel booking | Ref:e44a5725 | Amount: INR 26987.41,Travel
Dominos pizza order | Ref:1119a380 | Amount: INR 1194.74,Food
Petrol pump fuel payment | Ref:b6fc3c48 | Amount: INR 16800.09,Travel
Zerodha stock purchase | Ref:c78b64f5 | Amount: INR 43239.29,Investment
IRCTC train ticket booking | Ref:8a02614f | Amount: INR 31799.98,Travel
Flipkart electronics purchase | Ref:b29a0abe | Amount: INR 48634.39,Shopping
PPF contribution | Ref:71b2732a | Amount: INR 36685.79,Investment
Reliance Digital purchase | Ref:ea6cfea8 | Amount: INR 9533.98,Shopping
SIP investment in mutual fund | Ref:652cdadb | Amount: INR 44914.25,Investment
Flipkart electronics purchase | Ref:bca06d44 | Amount: INR 33141.25,Shopping
IKEA furniture shopping | Ref:6b234182 | Amount: INR 20292.56,Shopping
HDFC home loan EMI | Ref:415ee2bd | Amount: INR 18623.6,EMI
IKEA furniture shopping | Ref:372658c7 | Amount: INR 31864.86,Shopping
Myntra clothing order | Ref:979aeac1 | Amount: INR 20840.3,Shopping
Fixed deposit investment | Ref:a061291c | Amount: INR 3678.76,Investment
Cafe coffee purchase at | Ref:fe8477bb | Amount: INR 5133.01,Food
Ola cab fare | Ref:a0c650bf | Amount: INR 4872.2,Travel
Credit card EMI installment | Ref:6ec35b98 | Amount: INR 12262.36,EMI
Zerodha stock purchase | Ref:887b7e54 | Amount: INR 37547.16,Investment
IndiGo flight ticket | Ref:38f46ec2 | Amount: INR 47282.49,Travel
Ola cab fare | Ref:d75ee528 | Amount: INR 37672.65,Travel
PPF contribution | Ref:3ab0223a | Amount: INR 30451.13,Investment
SBI car loan EMI | Ref:4480b228 | Amount: INR 43449.33,EMI
HDFC home loan EMI | Ref:f9db5c81 | Amount: INR 3627.34,EMI
Restaurant dining at | Ref:eb6c4d71 | Amount: INR 44765.12,Food
Bajaj Finserv EMI payment | Ref:57e5e2e2 | Amount: INR 33362.77,EMI
Credit card EMI installment | Ref:27322e4a | Amount: INR 40121.65,EMI
Reliance Digital purchase | Ref:b014db78 | Amount: INR 49486.18,Shopping
Personal loan EMI deduction | Ref:3c354dc1 | Amount: INR 27950.5,EMI
IRCTC train ticket booking | Ref:9f0c8ce0 | Amount: INR 48332.29,Travel
SBI car loan EMI | Ref:1127a51d | Amount: INR 5808.64,EMI
Zerodha stock purchase | Ref:720c65bc | Amount: INR 36314.76,Investment
Groww ETF investment | Ref:34bc1561 | Amount: INR 34472.89,Investment
Grocery purchase at Big Bazaar | Ref:f721f09f | Amount: INR 27285.55,Food
Flipkart electronics purchase | Ref:dbed6457 | Amount: INR 7128.34,Shopping
Fixed deposit investment | Ref:6ab56969 | Amount: INR 20420.9,Investment
Reliance Digital purchase | Ref:7d8115d7 | Amount: INR 25563.44,Shopping
Ola cab fare | Ref:20dd12ad | Amount: INR 18059.27,Travel
SBI car loan EMI | Ref:75a9f838 | Amount: INR 42613.87,EMI
PPF contribution | Ref:93c8c1bc | Amount: INR 47547.56,Investment
IKEA furniture shopping | Ref:8a48d209 | Amount: INR 6867.94,Shopping
Personal loan EMI deduction | Ref:7edc022f | Amount: INR 19319.3,EMI
Reliance Digital purchase | Ref:38c13f1a | Amount: INR 40360.32,Shopping
IKEA furniture shopping | Ref:3a53daa8 | Amount: INR 28584.11,Shopping
Swiggy order payment | Ref:a7a10256 | Amount: INR 33431.97,Food
McDonald's meal payment | Ref:3e531354 | Amount: INR 35462.84,Food
IKEA furniture shopping | Ref:3a450697 | Amount: INR 18777.62,Shopping
SIP investment in mutual fund | Ref:8b905971 | Amount: INR 6176.93,Investment
Flipkart electronics purchase | Ref:b88ce82d | Amount: INR 15757.9,Shopping
Myntra clothing order | Ref:199fd123 | Amount: INR 38154.93,Shopping
MakeMyTrip hotel booking | Ref:7c61c5f3 | Amount: INR 44493.68,Travel
SBI car loan EMI | Ref:b42869a0 | Amount: INR 2264.57,EMI
Credit card EMI installment | Ref:4fd6b79e | Amount: INR 1462.44,EMI
Swiggy order payment | Ref:3b30a6c1 | Amount: INR 20160.93,Food
PPF contribution | Ref:ca9abc23 | Amount: INR 30149.86,Investment
Uber ride payment | Ref:b80b9db6 | Amount: INR 8653.84,Travel
Zerodha stock purchase | Ref:73436306 | Amount: INR 16189.28,Investment
Swiggy order payment | Ref:a4e056f4 | Amount: INR 33357.12,Food
Personal loan EMI deduction | Ref:9f57feb5 | Amount: INR 21674.84,EMI
Fixed deposit investment | Ref:a1b8891f | Amount: INR 30380.12,Investment
Dominos pizza order | Ref:db67c407 | Amount: INR 3321.74,Food
Myntra clothing order | Ref:8ee5a639 | Amount: INR 24730.32,Shopping
Ola cab fare | Ref:660749c5 | Amount: INR 1624.74,Travel
IRCTC train ticket booking | Ref:2724d17a | Amount: INR 15091.51,Travel
IRCTC train ticket booking | Ref:10a3ff7e | Amount: INR 36055.61,Travel
MakeMyTrip hotel booking | Ref:2d7a6aad | Amount: INR 48990.91,Travel
SIP investment in mutual fund | Ref:cda6b572 | Amount: INR 10963.27,Investment
SBI car loan EMI | Ref:e8f964e4 | Amount: INR 37759.41,EMI
Fixed deposit investment | Ref:81720ba2 | Amount: INR 20094.17,Investment
Bajaj Finserv EMI payment | Ref:a6638708 | Amount: INR 8722.4,EMI
Groww ETF investment | Ref:a9df6eb0 | Amount: INR 27318.55,Investment
Zerodha stock purchase | Ref:e86fd703 | Amount: INR 9247.79,Investment
Fixed deposit investment | Ref:03588750 | Amount: INR 1160.71,Investment
PPF contribution | Ref:926fc996 | Amount: INR 49479.25,Investment
Personal loan EMI deduction | Ref:f0aabb98 | Amount: INR 17144.92,EMI
IndiGo flight ticket | Ref:29bc86ad | Amount: INR 41517.4,Travel
Personal loan EMI deduction | Ref:46d56012 | Amount: INR 2737.42,EMI
Petrol pump fuel payment | Ref:b4eb58f7 | Amount: INR 44157.89,Travel
Personal loan EMI deduction | Ref:d204b8de | Amount: INR 19996.54,EMI
Reliance Digital purchase | Ref:00012ed6 | Amount: INR 31572.3,Shopping
SIP investment in mutual fund | Ref:3c9b324a | Amount: INR 8523.83,Investment
IRCTC train ticket booking | Ref:4c44f5aa | Amount: INR 36460.48,Travel
PPF contribution | Ref:e4334e01 | Amount: INR 21263.64,Investment
Personal loan EMI deduction | Ref:40875251 | Amount: INR 3290.88,EMI
IndiGo flight ticket | Ref:529adc7d | Amount: INR 8974.92,Travel
IKEA furniture shopping | Ref:920fc5df | Amount: INR 15647.01,Shopping
Zerodha stock purchase | Ref:41a8a7dd | Amount: INR 23725.49,Investment
PPF contribution | Ref:6ea69bd9 | Amount: INR 31605.21,Investment
Restaurant dining at | Ref:2ce15fbf | Amount: INR 25650.67,Food
Myntra clothing order | Ref:48f15008 | Amount: INR 17209.09,Shopping
SBI car loan EMI | Ref:c0e38626 | Amount: INR 19560.45,EMI
Zomato dinner bill | Ref:604f8c04 | Amount: INR 13222.26,Food
Flipkart electronics purchase | Ref:2a6c96a2 | Amount: INR 925.97,Shopping
PPF contribution | Ref:6627f596 | Amount: INR 17936.27,Investment
Amazon online shopping | Ref:53dbaa66 | Amount: INR 262.87,Shopping
Zerodha stock purchase | Ref:1094bbe9 | Amount: INR 17163.33,Investment
PPF contribution | Ref:fc9ee5c7 | Amount: INR 44501.91,Investment
SBI car loan EMI | Ref:44ae3746 | Amount: INR 24208.25,EMI
Restaurant dining at | Ref:d6d0a7e9 | Amount: INR 32359.81,Food
Groww ETF investment | Ref:9ac15176 | Amount: INR 38574.96,Investment
Zomato dinner bill | Ref:288ffc68 | Amount: INR 23068.69,Food
Dominos pizza order | Ref:038309e8 | Amount: INR 27683.52,Food
McDonald's meal payment | Ref:1e87dfcb | Amount: INR 35035.59,Food
Zerodha stock purchase | Ref:0cdc6d3a | Amount: INR 13561.89,Investment
MakeMyTrip hotel booking | Ref:8599ed60 | Amount: INR 49397.08,Travel
Restaurant dining at | Ref:13f27158 | Amount: INR 4650.36,Food
Flipkart electronics purchase | Ref:18ecd7ca | Amount: INR 5306.08,Shopping
Uber ride payment | Ref:8490b9ab | Amount: INR 15447.5,Travel
McDonald's meal payment | Ref:9aaf42f0 | Amount: INR 34826.39,Food
Swiggy order payment | Ref:89cc6ee4 | Amount: INR 3508.68,Food
Ola cab fare | Ref:ebe59499 | Amount: INR 4217.97,Travel
Personal loan EMI deduction | Ref:9c767e56 | Amount: INR 35780.74,EMI
PPF contribution | Ref:b0f6f48f | Amount: INR 40408.62,Investment
Ola cab fare | Ref:4834cc86 | Amount: INR 35247.77,Travel
Groww ETF investment | Ref:df3b6912 | Amount: INR 9929.15,Investment
Myntra clothing order | Ref:193f4451 | Amount: INR 47189.83,Shopping
Petrol pump fuel payment | Ref:f356d171 | Amount: INR 29498.91,Travel
Petrol pump fuel payment | Ref:91a96b47 | Amount: INR 15395.31,Travel
Zerodha stock purchase | Ref:876d92a4 | Amount: INR 10480.59,Investment
Grocery purchase at Big Bazaar | Ref:d016a089 | Amount: INR 35679.3,Food
PPF contribution | Ref:3957c64f | Amount: INR 13168.13,Investment
PPF contribution | Ref:baa632e6 | Amount: INR 14992.8,Investment
PPF contribution | Ref:cba88c59 | Amount: INR 1387.86,Investment
SBI car loan EMI | Ref:d4cb5fdd | Amount: INR 49354.92,EMI
Myntra clothing order | Ref:25d60849 | Amount: INR 34724.88,Shopping
Zerodha stock purchase | Ref:d225a690 | Amount: INR 44851.49,Investment
Flipkart electronics purchase | Ref:a9c0f7c5 | Amount: INR 16751.98,Shopping
SIP investment in mutual fund | Ref:f8407491 | Amount: INR 16177.48,Investment
Petrol pump fuel payment | Ref:f46b30e5 | Amount: INR 32358.91,Travel
Fixed deposit investment | Ref:49909121 | Amount: INR 16252.6,Investment
Personal loan EMI deduction | Ref:7d7f1590 | Amount: INR 2855.8,EMI
Groww ETF investment | Ref:08c21f99 | Amount: INR 41532.97,Investment
SBI car loan EMI | Ref:1d788476 | Amount: INR 39780.47,EMI
Ola cab fare | Ref:2dc67db7 | Amount: INR 41406.04,Travel
Dominos pizza order | Ref:339f5fe4 | Amount: INR 28061.63,Food
Flipkart electronics purchase | Ref:52556cb3 | Amount: INR 9780.67,Shopping
Reliance Digital purchase | Ref:20028ced | Amount: INR 10820.19,Shopping
Zomato dinner bill | Ref:c4df56bb | Amount: INR 35597.04,Food
Zerodha stock purchase | Ref:59fc4785 | Amount: INR 47573.45,Investment
IKEA furniture shopping | Ref:04a74ec7 | Amount: INR 48637.55,Shopping
RedBus bus ticket | Ref:ce50d089 | Amount: INR 36657.01,Travel
MakeMyTrip hotel booking | Ref:406fab08 | Amount: INR 20457.01,Travel
Myntra clothing order | Ref:20d27fa0 | Amount: INR 42297.59,Shopping
Petrol pump fuel payment | Ref:8647fc21 | Amount: INR 18572.66,Travel
Cafe coffee purchase at | Ref:8f61d6e2 | Amount: INR 3976.39,Food
Myntra clothing order | Ref:1eae6c71 | Amount: INR 44664.76,Shopping
Reliance Digital purchase | Ref:3bb189ff | Amount: INR 44865.54,Shopping
PPF contribution | Ref:e8aa5cbb | Amount: INR 22162.61,Investment
SIP investment in mutual fund | Ref:f1e36ba6 | Amount: INR 4387.83,Investment
Groww ETF investment | Ref:61fa3ac8 | Amount: INR 22707.48,Investment
Bajaj Finserv EMI payment | Ref:ac3a9b76 | Amount: INR 7780.49,EMI
Ola cab fare | Ref:80b10590 | Amount: INR 49606.94,Travel
Zerodha stock purchase | Ref:b1b37948 | Amount: INR 2795.49,Investment
Swiggy order payment | Ref:cf2a391b | Amount: INR 28769.87,Food
Reliance Digital purchase | Ref:26f07208 | Amount: INR 259.35,Shopping
Reliance Digital purchase | Ref:b862921c | Amount: INR 38135.14,Shopping
Restaurant dining at | Ref:b3424647 | Amount: INR 1970.65,Food
Swiggy order payment | Ref:197addf9 | Amount: INR 21661.79,Food
Personal loan EMI deduction | Ref:ec03f023 | Amount: INR 22934.95,EMI
Zerodha stock purchase | Ref:d103a032 | Amount: INR 30385.52,Investment
SBI car loan EMI | Ref:857fb82a | Amount: INR 20670.5,EMI
SIP investment in mutual fund | Ref:2eced5e7 | Amount: INR 49900.37,Investment
Swiggy order payment | Ref:99e65574 | Amount: INR 3186.01,Food
Flipkart electronics purchase | Ref:d824bcb4 | Amount: INR 14724.51,Shopping
Zomato dinner bill | Ref:18bf1d25 | Amount: INR 34354.34,Food
IRCTC train ticket booking | Ref:7225c56d | Amount: INR 37013.28,Travel
Uber ride payment | Ref:655a02ca | Amount: INR 507.35,Travel
SBI car loan EMI | Ref:2464c076 | Amount: INR 32925.44,EMI
PPF contribution | Ref:23c355ca | Amount: INR 42850.76,Investment
IKEA furniture shopping | Ref:53279d29 | Amount: INR 29792.84,Shopping
Zerodha stock purchase | Ref:4ce2e0f8 | Amount: INR 194.15,Investment
MakeMyTrip hotel booking | Ref:2d3b51a0 | Amount: INR 47437.24,Travel
Restaurant dining at | Ref:fed86bf5 | Amount: INR 25395.45,Food
Credit card EMI installment | Ref:54aeec8d | Amount: INR 7738.78,EMI
SBI car loan EMI | Ref:0b5ced4d | Amount: INR 20493.04,EMI
Uber ride payment | Ref:4b90a74f | Amount: INR 18771.11,Travel
Myntra clothing order | Ref:62b56a54 | Amount: INR 33217.22,Shopping
Cafe coffee purchase at | Ref:4d0a4f3b | Amount: INR 9600.93,Food
RedBus bus ticket | Ref:9ee6299e | Amount: INR 16149.86,Travel
Flipkart electronics purchase | Ref:c402691d | Amount: INR 47526.92,Shopping
Cafe coffee purchase at | Ref:4f20a4b6 | Amount: INR 24195.63,Food
Swiggy order payment | Ref:c5c478dc | Amount: INR 34503.0,Food
Fixed deposit investment | Ref:5ad298ee | Amount: INR 18672.62,Investment
Bajaj Finserv EMI payment | Ref:b859ce13 | Amount: INR 20882.16,EMI
Bajaj Finserv EMI payment | Ref:e7f0b787 | Amount: INR 5942.3,EMI
MakeMyTrip hotel booking | Ref:bd08b465 | Amount: INR 23573.02,Travel
HDFC home loan EMI | Ref:10047823 | Amount: INR 34422.66,EMI
PPF contribution | Ref:6f034e80 | Amount: INR 697.73,Investment
Fixed deposit investment | Ref:eb886e9e | Amount: INR 12198.23,Investment
PPF contribution | Ref:c9df246e | Amount: INR 14287.15,Investment
Zomato dinner bill | Ref:4d120bc3 | Amount: INR 12510.46,Food
Bajaj Finserv EMI payment | Ref:5b37955a | Amount: INR 33398.93,EMI
Zerodha stock purchase | Ref:02adffe6 | Amount: INR 27108.48,Investment
Personal loan EMI deduction | Ref:83dadccb | Amount: INR 26804.57,EMI
PPF contribution | Ref:b9412ccb | Amount: INR 46645.97,Investment
IndiGo flight ticket | Ref:100b502e | Amount: INR 39105.41,Travel
Restaurant dining at | Ref:ccc14137 | Amount: INR 2978.28,Food
RedBus bus ticket | Ref:fd1b9ddc | Amount: INR 348.66,Travel
Zomato dinner bill | Ref:d555e32c | Amount: INR 23941.04,Food
Zomato dinner bill | Ref:2eb5a81c | Amount: INR 37051.96,Food
Myntra clothing order | Ref:3406fc2f | Amount: INR 41611.27,Shopping
Reliance Digital purchase | Ref:c0f6abd4 | Amount: INR 5682.42,Shopping
Bajaj Finserv EMI payment | Ref:34707bb3 | Amount: INR 16096.43,EMI
Cafe coffee purchase at | Ref:eb6ebebe | Amount: INR 14933.16,Food
SBI car loan EMI | Ref:e5dde35c | Amount: INR 18802.86,EMI
Reliance Digital purchase | Ref:bd67be8e | Amount: INR 49367.22,Shopping
IKEA furniture shopping | Ref:0f067f2b | Amount: INR 9417.19,Shopping
IRCTC train ticket booking | Ref:454e1249 | Amount: INR 2151.22,Travel
Uber ride payment | Ref:6c50df7b | Amount: INR 6904.15,Travel
Grocery purchase at Big Bazaar | Ref:b483c0f8 | Amount: INR 26667.2,Food
IRCTC train ticket booking | Ref:bb026f1a | Amount: INR 18060.41,Travel
Personal loan EMI deduction | Ref:198a94b4 | Amount: INR 1720.51,EMI
Zomato dinner bill | Ref:38c157aa | Amount: INR 23380.79,Food
IKEA furniture shopping | Ref:ab0fc785 | Amount: INR 28635.52,Shopping
Zerodha stock purchase | Ref:44488d81 | Amount: INR 29722.76,Investment
Petrol pump fuel payment | Ref:fa863f37 | Amount: INR 13830.12,Travel
Bajaj Finserv EMI payment | Ref:9fb2bab0 | Amount: INR 12756.95,EMI
Amazon online shopping | Ref:89ebfe93 | Amount: INR 23463.51,Shopping
MakeMyTrip hotel booking | Ref:a6c7acb2 | Amount: INR 37012.06,Travel
Bajaj Finserv EMI payment | Ref:1dbe68d5 | Amount: INR 28747.88,EMI
Zomato dinner bill | Ref:023932c0 | Amount: INR 41530.74,Food
Dominos pizza order | Ref:d73e7bf2 | Amount: INR 37195.1,Food
Petrol pump fuel payment | Ref:e5683907 | Amount: INR 34964.19,Travel
Zomato dinner bill | Ref:dc97b09c | Amount: INR 45606.86,Food
Swiggy order payment | Ref:436214db | Amount: INR 45910.61,Food
McDonald's meal payment | Ref:e62cf426 | Amount: INR 28801.16,Food
Personal loan EMI deduction | Ref:5bd83845 | Amount: INR 35583.26,EMI
Petrol pump fuel payment | Ref:7ce25841 | Amount: INR 19233.27,Travel
Reliance Digital purchase | Ref:5e79de48 | Amount: INR 36076.52,Shopping
Fixed deposit investment | Ref:2c218bcb | Amount: INR 37992.56,Investment
Myntra clothing order | Ref:d6b0b7ad | Amount: INR 24598.11,Shopping
HDFC home loan EMI | Ref:cff42c6d | Amount: INR 18330.33,EMI
RedBus bus ticket | Ref:f812bca9 | Amount: INR 30432.72,Travel
McDonald's meal payment | Ref:9b16db78 | Amount: INR 41786.91,Food
Myntra clothing order | Ref:18a94291 | Amount: INR 18682.06,Shopping
Zomato dinner bill | Ref:1fb700ca | Amount: INR 22614.35,Food
Fixed deposit investment | Ref:6875fc17 | Amount: INR 6524.21,Investment
Zomato dinner bill | Ref:12f0cbc1 | Amount: INR 34237.85,Food
Restaurant dining at | Ref:801b9984 | Amount: INR 29934.7,Food
IndiGo flight ticket | Ref:863447d8 | Amount: INR 20977.15,Travel
Groww ETF investment | Ref:5d48832a | Amount: INR 18198.96,Investment
McDonald's meal payment | Ref:189a08a0 | Amount: INR 8585.7,Food
Personal loan EMI deduction | Ref:67d2ac2d | Amount: INR 18212.48,EMI
Restaurant dining at | Ref:651cc6fd | Amount: INR 12290.17,Food
PPF contribution | Ref:4d285dcc | Amount: INR 9971.95,Investment
Petrol pump fuel payment | Ref:b4f83d7e | Amount: INR 17415.85,Travel
Grocery purchase at Big Bazaar | Ref:9bf3df89 | Amount: INR 7829.27,Food
Bajaj Finserv EMI payment | Ref:300def0a | Amount: INR 35760.2,EMI
HDFC home loan EMI | Ref:bf47e1f3 | Amount: INR 11064.9,EMI
Cafe coffee purchase at | Ref:021841ed | Amount: INR 13330.81,Food
SBI car loan EMI | Ref:18d85481 | Amount: INR 25327.93,EMI
Swiggy order payment | Ref:e9326d09 | Amount: INR 48974.93,Food
Dominos pizza order | Ref:fe314fbf | Amount: INR 20332.96,Food
Groww ETF investment | Ref:5f6c1b44 | Amount: INR 30752.58,Investment
Swiggy order payment | Ref:0ccf7574 | Amount: INR 33520.5,Food
SIP investment in mutual fund | Ref:0761f7c2 | Amount: INR 32911.98,Investment
Fixed deposit investment | Ref:c06f32e4 | Amount: INR 28914.93,Investment
Credit card EMI installment | Ref:633e17c4 | Amount: INR 34067.14,EMI
Restaurant dining at | Ref:a29d4861 | Amount: INR 27829.69,Food
Myntra clothing order | Ref:0d49b448 | Amount: INR 1724.73,Shopping
Bajaj Finserv EMI payment | Ref:1ab17441 | Amount: INR 20725.81,EMI
IKEA furniture shopping | Ref:900bdf04 | Amount: INR 8608.3,Shopping
SIP investment in mutual fund | Ref:a4ca21f0 | Amount: INR 44279.83,Investment
Fixed deposit investment | Ref:f0fa2b7b | Amount: INR 30033.36,Investment
Ola cab fare | Ref:37febe2a | Amount: INR 40762.58,Travel
HDFC home loan EMI | Ref:7caf4205 | Amount: INR 37761.35,EMI
IndiGo flight ticket | Ref:ce7550c0 | Amount: INR 40293.13,Travel
Personal loan EMI deduction | Ref:9a451b35 | Amount: INR 44346.58,EMI
SIP investment in mutual fund | Ref:3e44f05f | Amount: INR 46335.0,Investment
McDonald's meal payment | Ref:2398806d | Amount: INR 10622.52,Food
Credit card EMI installment | Ref:5d105705 | Amount: INR 1506.39,EMI
Zerodha stock purchase | Ref:6e46e495 | Amount: INR 20690.75,Investment
Flipkart electronics purchase | Ref:7afba1f3 | Amount: INR 34747.18,Shopping
Bajaj Finserv EMI payment | Ref:7887c310 | Amount: INR 5401.65,EMI
Credit card EMI installment | Ref:d146c523 | Amount: INR 30975.72,EMI
Cafe coffee purchase at | Ref:8f59a21f | Amount: INR 3238.66,Food
Flipkart electronics purchase | Ref:0785b592 | Amount: INR 49059.02,Shopping
Credit card EMI installment | Ref:c2cf4012 | Amount: INR 14914.46,EMI
PPF contribution | Ref:d43db261 | Amount: INR 8152.01,Investment
Zomato dinner bill | Ref:36272b1e | Amount: INR 19953.66,Food
Zerodha stock purchase | Ref:b6d8ae6e | Amount: INR 15337.94,Investment
Petrol pump fuel payment | Ref:685dfbc5 | Amount: INR 15612.87,Travel
RedBus bus ticket | Ref:a8656f50 | Amount: INR 4174.22,Travel
Amazon online shopping | Ref:d9552a4a | Amount: INR 1278.1,Shopping
RedBus bus ticket | Ref:a334dc80 | Amount: INR 42505.77,Travel
PPF contribution | Ref:6d56f453 | Amount: INR 442.91,Investment
SIP investment in mutual fund | Ref:ec8759ee | Amount: INR 36312.65,Investment
Groww ETF investment | Ref:511349df | Amount: INR 32318.1,Investment
Amazon online shopping | Ref:00b7195e | Amount: INR 36152.69,Shopping
Credit card EMI installment | Ref:2f863ab1 | Amount: INR 21836.4,EMI
IRCTC train ticket booking | Ref:60a08cba | Amount: INR 20178.55,Travel
RedBus bus ticket | Ref:8417ef8e | Amount: INR 33049.63,Travel
HDFC home loan EMI | Ref:aae1bc08 | Amount: INR 20387.54,EMI
Zerodha stock purchase | Ref:d3e7a598 | Amount: INR 3550.42,Investment
IndiGo flight ticket | Ref:7072ec5e | Amount: INR 13126.83,Travel
Petrol pump fuel payment | Ref:c87e41da | Amount: INR 30426.54,Travel
Grocery purchase at Big Bazaar | Ref:08ebbf75 | Amount: INR 6831.73,Food
HDFC home loan EMI | Ref:d157e187 | Amount: INR 11151.56,EMI
Fixed deposit investment | Ref:6b03f37f | Amount: INR 39708.32,Investment
Dominos pizza order | Ref:8629803a | Amount: INR 12090.27,Food
Cafe coffee purchase at | Ref:a262196a | Amount: INR 15065.67,Food
SBI car loan EMI | Ref:c20eb5de | Amount: INR 10668.96,EMI
RedBus bus ticket | Ref:a6e789ff | Amount: INR 48201.81,Travel
Grocery purchase at Big Bazaar | Ref:0d4ba9af | Amount: INR 34605.07,Food
Credit card EMI installment | Ref:615082ba | Amount: INR 37931.0,EMI
Petrol pump fuel payment | Ref:ed406500 | Amount: INR 34979.05,Travel
SIP investment in mutual fund | Ref:2ac4847c | Amount: INR 23695.4,Investment
IndiGo flight ticket | Ref:cbc2cfe5 | Amount: INR 37629.03,Travel
SBI car loan EMI | Ref:da0fbb21 | Amount: INR 18477.68,EMI
Petrol pump fuel payment | Ref:c5da29d9 | Amount: INR 2102.34,Travel
PPF contribution | Ref:e99dd43c | Amount: INR 21679.6,Investment
Petrol pump fuel payment | Ref:ae3d26aa | Amount: INR 24985.22,Travel
Fixed deposit investment | Ref:f6055935 | Amount: INR 37246.63,Investment
Restaurant dining at | Ref:998a9b00 | Amount: INR 28508.09,Food
SIP investment in mutual fund | Ref:f736850d | Amount: INR 36854.59,Investment
MakeMyTrip hotel booking | Ref:fa356529 | Amount: INR 22198.08,Travel
SIP investment in mutual fund | Ref:67903b95 | Amount: INR 17586.97,Investment
Groww ETF investment | Ref:d4bd2b00 | Amount: INR 36135.48,Investment
Bajaj Finserv EMI payment | Ref:f230e9fb | Amount: INR 34517.68,EMI
Flipkart electronics purchase | Ref:57654fe2 | Amount: INR 11951.44,Shopping
Bajaj Finserv EMI payment | Ref:0b9a3c09 | Amount: INR 19417.98,EMI
SIP investment in mutual fund | Ref:6031ad14 | Amount: INR 44414.2,Investment
Ola cab fare | Ref:b06415ef | Amount: INR 73.5,Travel
IKEA furniture shopping | Ref:8f13104f | Amount: INR 16557.58,Shopping
Amazon online shopping | Ref:1a54352f | Amount: INR 29555.5,Shopping
Uber ride payment | Ref:bb500f86 | Amount: INR 33744.86,Travel
PPF contribution | Ref:19dbdf1f | Amount: INR 27781.05,Investment
Personal loan EMI deduction | Ref:7018612b | Amount: INR 9276.16,EMI
Fixed deposit investment | Ref:64c9ee05 | Amount: INR 28064.59,Investment
PPF contribution | Ref:d6d50370 | Amount: INR 14425.69,Investment
HDFC home loan EMI | Ref:06b3d8e2 | Amount: INR 12470.38,EMI
RedBus bus ticket | Ref:b61e2d5e | Amount: INR 30195.25,Travel
Zerodha stock purchase | Ref:2b3130fa | Amount: INR 47512.94,Investment
Zomato dinner bill | Ref:67c8ed81 | Amount: INR 9908.51,Food
Fixed deposit investment | Ref:09f5ebc2 | Amount: INR 30320.97,Investment
Grocery purchase at Big Bazaar | Ref:80e23b02 | Amount: INR 27226.89,Food
Amazon online shopping | Ref:91c60d5b | Amount: INR 35059.06,Shopping
Myntra clothing order | Ref:efd784ae | Amount: INR 9676.18,Shopping
Fixed deposit investment | Ref:510b002e | Amount: INR 32672.56,Investment
Reliance Digital purchase | Ref:0eddcd1d | Amount: INR 13994.81,Shopping
Groww ETF investment | Ref:79f94cc1 | Amount: INR 16173.86,Investment
Grocery purchase at Big Bazaar | Ref:1e6fc2c6 | Amount: INR 36760.86,Food
IndiGo flight ticket | Ref:56b61e46 | Amount: INR 27673.98,Travel
Credit card EMI installment | Ref:f795b11f | Amount: INR 48729.01,EMI
Grocery purchase at Big Bazaar | Ref:5998937e | Amount: INR 43433.87,Food
Zerodha stock purchase | Ref:832a1e78 | Amount: INR 29469.67,Investment
PPF contribution | Ref:9b8b8119 | Amount: INR 48129.62,Investment
Amazon online shopping | Ref:879ad3fe | Amount: INR 39804.25,Shopping
Petrol pump fuel payment | Ref:50400a88 | Amount: INR 47249.79,Travel
IKEA furniture shopping | Ref:cad3f475 | Amount: INR 49682.73,Shopping
Grocery purchase at Big Bazaar | Ref:da6855d3 | Amount: INR 11019.32,Food
Zomato dinner bill | Ref:76bc4c2c | Amount: INR 41748.93,Food
Swiggy order payment | Ref:9654eb90 | Amount: INR 44849.01,Food
PPF contribution | Ref:f50d4ff2 | Amount: INR 35548.46,Investment
IKEA furniture shopping | Ref:fe94c7f6 | Amount: INR 1446.32,Shopping
Reliance Digital purchase | Ref:aeacf5ed | Amount: INR 26791.23,Shopping
IRCTC train ticket booking | Ref:489ec905 | Amount: INR 10522.95,Travel
Fixed deposit investment | Ref:710eea0a | Amount: INR 38314.37,Investment
Restaurant dining at | Ref:f0f54f8b | Amount: INR 32771.82,Food
McDonald's meal payment | Ref:7885f38f | Amount: INR 13696.2,Food
Zomato dinner bill | Ref:419921cb | Amount: INR 35309.1,Food
Petrol pump fuel payment | Ref:bd40b960 | Amount: INR 19453.74,Travel
Myntra clothing order | Ref:af1a3e97 | Amount: INR 25426.88,Shopping
RedBus bus ticket | Ref:32321091 | Amount: INR 24611.58,Travel
Credit card EMI installment | Ref:aa07897b | Amount: INR 5017.53,EMI
Myntra clothing order | Ref:8271c7b2 | Amount: INR 9920.77,Shopping
HDFC home loan EMI | Ref:ab8e8097 | Amount: INR 17986.69,EMI
SIP investment in mutual fund | Ref:466378eb | Amount: INR 27164.29,Investment
Personal loan EMI deduction | Ref:f2403c29 | Amount: INR 1508.17,EMI
Petrol pump fuel payment | Ref:2a0c8b81 | Amount: INR 44515.82,Travel
Zerodha stock purchase | Ref:f6265bc0 | Amount: INR 48516.44,Investment
IRCTC train ticket booking | Ref:37be43c0 | Amount: INR 14431.27,Travel
IKEA furniture shopping | Ref:d9a6d216 | Amount: INR 13379.79,Shopping
Groww ETF investment | Ref:8da836b1 | Amount: INR 37340.64,Investment
Uber ride payment | Ref:e04fe453 | Amount: INR 23884.16,Travel
Flipkart electronics purchase | Ref:8418ded8 | Amount: INR 23185.84,Shopping
Restaurant dining at | Ref:7aa2e5f5 | Amount: INR 6875.98,Food
Myntra clothing order | Ref:4bc144cc | Amount: INR 3041.35,Shopping
HDFC home loan EMI | Ref:62419b74 | Amount: INR 32659.21,EMI
Groww ETF investment | Ref:5b344b38 | Amount: INR 35044.89,Investment
IndiGo flight ticket | Ref:ceeb160a | Amount: INR 20478.32,Travel
RedBus bus ticket | Ref:5780c3f5 | Amount: INR 15577.19,Travel
Zomato dinner bill | Ref:93fa3ca3 | Amount: INR 27653.21,Food
IRCTC train ticket booking | Ref:a5d52383 | Amount: INR 47328.19,Travel
Reliance Digital purchase | Ref:29484ed4 | Amount: INR 36617.87,Shopping
HDFC home loan EMI | Ref:5d3336e1 | Amount: INR 37202.81,EMI
MakeMyTrip hotel booking | Ref:2e33860d | Amount: INR 36141.39,Travel
IKEA furniture shopping | Ref:7a53426b | Amount: INR 26750.13,Shopping
Credit card EMI installment | Ref:f1ef12e6 | Amount: INR 48706.71,EMI
Personal loan EMI deduction | Ref:d2e9a2ee | Amount: INR 17479.34,EMI
Amazon online shopping | Ref:3363cbd6 | Amount: INR 47831.37,Shopping
Dominos pizza order | Ref:d5040060 | Amount: INR 49387.48,Food
Petrol pump fuel payment | Ref:36c4a44f | Amount: INR 2370.55,Travel
Amazon online shopping | Ref:c6c5cfb4 | Amount: INR 49541.82,Shopping
SIP investment in mutual fund | Ref:48d72bb5 | Amount: INR 23487.69,Investment
SBI car loan EMI | Ref:dd10b64a | Amount: INR 19674.72,EMI
Credit card EMI installment | Ref:cda348f7 | Amount: INR 7567.22,EMI
SBI car loan EMI | Ref:91978460 | Amount: INR 16417.65,EMI
Zomato dinner bill | Ref:83b22c50 | Amount: INR 16139.85,Food
Groww ETF investment | Ref:fd2eb75f | Amount: INR 19336.51,Investment
Amazon online shopping | Ref:a05ac1e8 | Amount: INR 9971.05,Shopping
Reliance Digital purchase | Ref:8d97a1c7 | Amount: INR 1390.58,Shopping
Credit card EMI installment | Ref:20d6679c | Amount: INR 46015.32,EMI
Uber ride payment | Ref:9cb10145 | Amount: INR 30468.97,Travel
IRCTC train ticket booking | Ref:1916a739 | Amount: INR 13996.86,Travel
Fixed deposit investment | Ref:8c2cc9d0 | Amount: INR 29572.41,Investment
Uber ride payment | Ref:621dddca | Amount: INR 32758.89,Travel
IRCTC train ticket booking | Ref:1e8d1276 | Amount: INR 31459.65,Travel
HDFC home loan EMI | Ref:10c69a8b | Amount: INR 31203.3,EMI
Credit card EMI installment | Ref:3c956f19 | Amount: INR 19077.91,EMI
Bajaj Finserv EMI payment | Ref:4d62b815 | Amount: INR 41932.28,EMI
Amazon online shopping | Ref:e1b0ea42 | Amount: INR 47853.81,Shopping
Uber ride payment | Ref:33834a62 | Amount: INR 28120.97,Travel
IndiGo flight ticket | Ref:cda8b915 | Amount: INR 30823.0,Travel
Flipkart electronics purchase | Ref:03c15a14 | Amount: INR 35881.88,Shopping
Cafe coffee purchase at | Ref:3f1d45df | Amount: INR 15373.96,Food
Reliance Digital purchase | Ref:ffb0da68 | Amount: INR 28096.21,Shopping
Zomato dinner bill | Ref:e4d97119 | Amount: INR 43608.4,Food
SBI car loan EMI | Ref:3bd0cb8d | Amount: INR 3454.68,EMI
Groww ETF investment | Ref:b8c8b927 | Amount: INR 25461.33,Investment
Groww ETF investment | Ref:5a48e6a2 | Amount: INR 44856.72,Investment
Bajaj Finserv EMI payment | Ref:17184f01 | Amount: INR 41448.43,EMI
Flipkart electronics purchase | Ref:0f45d7e7 | Amount: INR 46145.99,Shopping
Reliance Digital purchase | Ref:898c2e79 | Amount: INR 1788.21,Shopping
PPF contribution | Ref:9a3d0848 | Amount: INR 24026.82,Investment
Credit card EMI installment | Ref:520a9ec9 | Amount: INR 5745.47,EMI
Zomato dinner bill | Ref:59123849 | Amount: INR 36406.28,Food
Restaurant dining at | Ref:54e2d36d | Amount: INR 9493.58,Food
IKEA furniture shopping | Ref:532b6f17 | Amount: INR 4349.59,Shopping
Swiggy order payment | Ref:c6f3b63a | Amount: INR 36132.98,Food
Ola cab fare | Ref:a212e1e1 | Amount: INR 28946.2,Travel
SIP investment in mutual fund | Ref:e693fbd9 | Amount: INR 26471.56,Investment
Ola cab fare | Ref:d5824d23 | Amount: INR 3706.99,Travel
McDonald's meal payment | Ref:0e80b132 | Amount: INR 46538.5,Food
MakeMyTrip hotel booking | Ref:94babc60 | Amount: INR 3913.98,Travel
Groww ETF investment | Ref:ab6dac4c | Amount: INR 43243.96,Investment
Cafe coffee purchase at | Ref:e08d8467 | Amount: INR 7938.69,Food
Credit card EMI installment | Ref:03303733 | Amount: INR 32756.64,EMI
MakeMyTrip hotel booking | Ref:99c658d5 | Amount: INR 367.95,Travel
Reliance Digital purchase | Ref:f4b5aa58 | Amount: INR 38912.57,Shopping
MakeMyTrip hotel booking | Ref:73e94765 | Amount: INR 8716.81,Travel
PPF contribution | Ref:c42c4cd4 | Amount: INR 39657.0,Investment
Fixed deposit investment | Ref:d197086b | Amount: INR 49875.17,Investment
Personal loan EMI deduction | Ref:ca2afaaa | Amount: INR 19235.74,EMI
Reliance Digital purchase | Ref:083b35e2 | Amount: INR 47709.27,Shopping
Reliance Digital purchase | Ref:08679816 | Amount: INR 12927.36,Shopping
Petrol pump fuel payment | Ref:1903adaa | Amount: INR 13296.76,Travel
PPF contribution | Ref:ef2fe495 | Amount: INR 38153.94,Investment
IRCTC train ticket booking | Ref:933aa6ac | Amount: INR 19842.41,Travel
PPF contribution | Ref:a489411a | Amount: INR 45579.89,Investment
Fixed deposit investment | Ref:f5b5b815 | Amount: INR 40906.35,Investment
Fixed deposit investment | Ref:163b7f49 | Amount: INR 2846.51,Investment
IRCTC train ticket booking | Ref:38721716 | Amount: INR 2700.8,Travel
Flipkart electronics purchase | Ref:f7d0e3ec | Amount: INR 9720.1,Shopping
IRCTC train ticket booking | Ref:65cac79b | Amount: INR 32674.11,Travel
Swiggy order payment | Ref:e92e0d27 | Amount: INR 48438.08,Food
IKEA furniture shopping | Ref:6b8a88e6 | Amount: INR 416.16,Shopping
Groww ETF investment | Ref:d1d7ee6b | Amount: INR 13315.66,Investment
Zomato dinner bill | Ref:ae0b5808 | Amount: INR 47585.35,Food
Zerodha stock purchase | Ref:9e7b4f65 | Amount: INR 906.43,Investment
Reliance Digital purchase | Ref:c5f6ef20 | Amount: INR 30842.11,Shopping
Amazon online shopping | Ref:e68e1371 | Amount: INR 17152.4,Shopping
Ola cab fare | Ref:44a96072 | Amount: INR 1659.87,Travel
McDonald's meal payment | Ref:0f726c3e | Amount: INR 48022.7,Food
Restaurant dining at | Ref:e35b3841 | Amount: INR 10541.37,Food
Flipkart electronics purchase | Ref:4a48bb13 | Amount: INR 18242.86,Shopping
Grocery purchase at Big Bazaar | Ref:c73a7f2f | Amount: INR 44328.52,Food
Uber ride payment | Ref:ab42a529 | Amount: INR 20215.61,Travel
RedBus bus ticket | Ref:46959f90 | Amount: INR 11317.87,Travel
Flipkart electronics purchase | Ref:cdc73cfc | Amount: INR 47770.24,Shopping
Grocery purchase at Big Bazaar | Ref:4fca6b80 | Amount: INR 4287.89,Food
IKEA furniture shopping | Ref:2fc1d22f | Amount: INR 35174.79,Shopping
MakeMyTrip hotel booking | Ref:293dfd74 | Amount: INR 1288.96,Travel
Bajaj Finserv EMI payment | Ref:504142e8 | Amount: INR 47886.5,EMI
Ola cab fare | Ref:38c23a2f | Amount: INR 24040.23,Travel
Cafe coffee purchase at | Ref:dfe90596 | Amount: INR 28356.77,Food
Groww ETF investment | Ref:0fa3a672 | Amount: INR 2070.76,Investment
Myntra clothing order | Ref:323bd839 | Amount: INR 40985.33,Shopping
Personal loan EMI deduction | Ref:75875ce9 | Amount: INR 28612.44,EMI
SIP investment in mutual fund | Ref:4256dba6 | Amount: INR 476.47,Investment
IKEA furniture shopping | Ref:1535dd4a | Amount: INR 49099.83,Shopping
IndiGo flight ticket | Ref:0e2dc431 | Amount: INR 32095.56,Travel
Credit card EMI installment | Ref:467b6e59 | Amount: INR 41533.7,EMI
SBI car loan EMI | Ref:8984079f | Amount: INR 40861.08,EMI
Zomato dinner bill | Ref:2a73b9ef | Amount: INR 11417.93,Food
Personal loan EMI deduction | Ref:656e9a40 | Amount: INR 12777.82,EMI
McDonald's meal payment | Ref:f2b0a244 | Amount: INR 8508.33,Food
Personal loan EMI deduction | Ref:3faf606e | Amount: INR 15654.84,EMI
Amazon online shopping | Ref:8946b730 | Amount: INR 11614.39,Shopping
Cafe coffee purchase at | Ref:247af05f | Amount: INR 19023.56,Food
Ola cab fare | Ref:5ac19f64 | Amount: INR 8058.09,Travel
Dominos pizza order | Ref:2cfbbdd3 | Amount: INR 37046.35,Food
Groww ETF investment | Ref:9bfae268 | Amount: INR 2040.23,Investment
Zerodha stock purchase | Ref:c71c14e2 | Amount: INR 26701.2,Investment
Reliance Digital purchase | Ref:fd572945 | Amount: INR 22043.91,Shopping
PPF contribution | Ref:b592ac4d | Amount: INR 19095.47,Investment
MakeMyTrip hotel booking | Ref:82dddfd5 | Amount: INR 3634.24,Travel
Myntra clothing order | Ref:eaccee72 | Amount: INR 22949.71,Shopping
Myntra clothing order | Ref:1759fa97 | Amount: INR 33740.9,Shopping
Grocery purchase at Big Bazaar | Ref:efa18a6e | Amount: INR 2695.9,Food
Myntra clothing order | Ref:624d5028 | Amount: INR 8424.6,Shopping
Zerodha stock purchase | Ref:93d21dec | Amount: INR 12056.68,Investment
Fixed deposit investment | Ref:879a8422 | Amount: INR 6628.28,Investment
SIP investment in mutual fund | Ref:1feeee41 | Amount: INR 34384.88,Investment
Zerodha stock purchase | Ref:16e39619 | Amount: INR 12182.67,Investment
Bajaj Finserv EMI payment | Ref:c0ad9f27 | Amount: INR 35138.9,EMI
MakeMyTrip hotel booking | Ref:6989b9fa | Amount: INR 183.51,Travel
Uber ride payment | Ref:892ce2fb | Amount: INR 20754.1,Travel
Cafe coffee purchase at | Ref:172f9e8a | Amount: INR 28350.23,Food
Fixed deposit investment | Ref:a3d0c443 | Amount: INR 45906.2,Investment
HDFC home loan EMI | Ref:7be4771c | Amount: INR 45556.49,EMI
Fixed deposit investment | Ref:c0f9bbbe | Amount: INR 23563.99,Investment
IRCTC train ticket booking | Ref:146c7afc | Amount: INR 9117.7,Travel
Grocery purchase at Big Bazaar | Ref:2379923e | Amount: INR 13158.74,Food
Uber ride payment | Ref:6a062260 | Amount: INR 14402.1,Travel
Dominos pizza order | Ref:1798cf11 | Amount: INR 40172.31,Food
Cafe coffee purchase at | Ref:14c1471f | Amount: INR 44449.54,Food
HDFC home loan EMI | Ref:17db14d0 | Amount: INR 29034.43,EMI
Bajaj Finserv EMI payment | Ref:026a9b6a | Amount: INR 19207.16,EMI
IRCTC train ticket booking | Ref:66261d59 | Amount: INR 27892.46,Travel
McDonald's meal payment | Ref:709c9970 | Amount: INR 30389.73,Food
IRCTC train ticket booking | Ref:39c0d8e4 | Amount: INR 24366.9,Travel
Flipkart electronics purchase | Ref:10bca561 | Amount: INR 17519.0,Shopping
Cafe coffee purchase at | Ref:7f636754 | Amount: INR 6407.76,Food
Reliance Digital purchase | Ref:6d99cbd9 | Amount: INR 10063.04,Shopping
Reliance Digital purchase | Ref:2bf29fc4 | Amount: INR 30924.52,Shopping
SIP investment in mutual fund | Ref:971f5ff1 | Amount: INR 26796.92,Investment
HDFC home loan EMI | Ref:f2617fec | Amount: INR 38985.11,EMI
Reliance Digital purchase | Ref:a7c5327a | Amount: INR 39499.15,Shopping
Ola cab fare | Ref:56ea07d2 | Amount: INR 1527.92,Travel
Credit card EMI installment | Ref:1e58e152 | Amount: INR 16010.27,EMI
Uber ride payment | Ref:6009c792 | Amount: INR 15590.6,Travel
Dominos pizza order | Ref:6b67f8c4 | Amount: INR 10101.78,Food
Amazon online shopping | Ref:5508e7e0 | Amount: INR 17649.55,Shopping
Dominos pizza order | Ref:2d994fd0 | Amount: INR 36721.75,Food
Credit card EMI installment | Ref:72243c1a | Amount: INR 47774.51,EMI
Petrol pump fuel payment | Ref:5b13da9d | Amount: INR 16371.18,Travel
Credit card EMI installment | Ref:9701ad68 | Amount: INR 21059.53,EMI
Reliance Digital purchase | Ref:009b1271 | Amount: INR 49248.31,Shopping
Credit card EMI installment | Ref:11073d1a | Amount: INR 11665.93,EMI
Zomato dinner bill | Ref:73600908 | Amount: INR 12454.73,Food
Fixed deposit investment | Ref:61f88ebe | Amount: INR 49681.87,Investment
SIP investment in mutual fund | Ref:b0fbcba3 | Amount: INR 29629.08,Investment
Cafe coffee purchase at | Ref:ddddc746 | Amount: INR 36687.14,Food
Grocery purchase at Big Bazaar | Ref:18690db7 | Amount: INR 46407.38,Food
Ola cab fare | Ref:e2a6d1e0 | Amount: INR 3904.4,Travel
Personal loan EMI deduction | Ref:2f11cad9 | Amount: INR 38473.54,EMI
Ola cab fare | Ref:19fb6f0b | Amount: INR 2364.29,Travel
Swiggy order payment | Ref:5e81040a | Amount: INR 21313.82,Food
Swiggy order payment | Ref:43819c8f | Amount: INR 24024.32,Food
RedBus bus ticket | Ref:8e70b6c5 | Amount: INR 29599.33,Travel
Zerodha stock purchase | Ref:730e16e6 | Amount: INR 31610.54,Investment
Flipkart electronics purchase | Ref:7f19bb60 | Amount: INR 44989.37,Shopping
Ola cab fare | Ref:1dd3c6df | Amount: INR 30348.09,Travel
RedBus bus ticket | Ref:ae72739f | Amount: INR 49512.01,Travel
Amazon online shopping | Ref:e56d2387 | Amount: INR 18782.74,Shopping
Bajaj Finserv EMI payment | Ref:9f96978d | Amount: INR 47829.67,EMI
IKEA furniture shopping | Ref:925620b4 | Amount: INR 7447.28,Shopping
Grocery purchase at Big Bazaar | Ref:aba98a07 | Amount: INR 12329.21,Food
IKEA furniture shopping | Ref:576acf34 | Amount: INR 38981.51,Shopping
IKEA furniture shopping | Ref:5d2f109b | Amount: INR 33892.87,Shopping
IRCTC train ticket booking | Ref:eda4fa18 | Amount: INR 159.92,Travel
Uber ride payment | Ref:60d17f23 | Amount: INR 13494.53,Travel
Grocery purchase at Big Bazaar | Ref:1956b406 | Amount: INR 29438.61,Food
Bajaj Finserv EMI payment | Ref:bd9e5490 | Amount: INR 855.1,EMI
SIP investment in mutual fund | Ref:c6f05ac3 | Amount: INR 46219.37,Investment
Swiggy order payment | Ref:f0e99b04 | Amount: INR 7175.01,Food
Flipkart electronics purchase | Ref:509c43e4 | Amount: INR 4977.92,Shopping
Credit card EMI installment | Ref:b340969d | Amount: INR 48929.11,EMI
Zomato dinner bill | Ref:498d5a31 | Amount: INR 25711.39,Food
Amazon online shopping | Ref:fddf950f | Amount: INR 49347.5,Shopping
Groww ETF investment | Ref:7de84ef2 | Amount: INR 37750.8,Investment
RedBus bus ticket | Ref:5b210d56 | Amount: INR 31718.95,Travel
IRCTC train ticket booking | Ref:b2ea8952 | Amount: INR 20235.6,Travel
Swiggy order payment | Ref:0cb75729 | Amount: INR 18434.09,Food
Personal loan EMI deduction | Ref:b469acd8 | Amount: INR 36045.19,EMI
Zomato dinner bill | Ref:720b56f7 | Amount: INR 42158.97,Food
Cafe coffee purchase at | Ref:9f01541d | Amount: INR 1260.16,Food
Reliance Digital purchase | Ref:f58dd90a | Amount: INR 11932.02,Shopping
Swiggy order payment | Ref:31a26ca5 | Amount: INR 42941.52,Food
Flipkart electronics purchase | Ref:6c1a125d | Amount: INR 27711.03,Shopping
Fixed deposit investment | Ref:516114f7 | Amount: INR 24795.6,Investment
Credit card EMI installment | Ref:e5f0f9c9 | Amount: INR 5369.44,EMI
Personal loan EMI deduction | Ref:c8fdfe10 | Amount: INR 48084.73,EMI
RedBus bus ticket | Ref:ee439140 | Amount: INR 32022.62,Travel
Ola cab fare | Ref:76981070 | Amount: INR 15458.66,Travel
IRCTC train ticket booking | Ref:d81fa4b4 | Amount: INR 40791.49,Travel
Swiggy order payment | Ref:d7060bc8 | Amount: INR 26634.01,Food
MakeMyTrip hotel booking | Ref:66dd1435 | Amount: INR 1522.69,Travel
Personal loan EMI deduction | Ref:d7c296a7 | Amount: INR 46198.09,EMI
McDonald's meal payment | Ref:a578d213 | Amount: INR 47002.37,Food
Credit card EMI installment | Ref:1b79aa71 | Amount: INR 20781.87,EMI
Dominos pizza order | Ref:5fda8a6f | Amount: INR 32196.92,Food
IRCTC train ticket booking | Ref:a7e726ad | Amount: INR 15878.07,Travel
Dominos pizza order | Ref:c777538b | Amount: INR 8718.12,Food
Cafe coffee purchase at | Ref:60ada412 | Amount: INR 42734.1,Food
RedBus bus ticket | Ref:948201dd | Amount: INR 13126.34,Travel
Zomato dinner bill | Ref:056cef02 | Amount: INR 8009.96,Food
McDonald's meal payment | Ref:3ffe8828 | Amount: INR 25383.56,Food
Personal loan EMI deduction | Ref:dcb936ac | Amount: INR 37343.72,EMI
Zerodha stock purchase | Ref:af5793fa | Amount: INR 26723.86,Investment
Groww ETF investment | Ref:ee68bf1c | Amount: INR 39727.15,Investment
HDFC home loan EMI | Ref:89dbaeb9 | Amount: INR 3613.23,EMI
Zerodha stock purchase | Ref:534fcb81 | Amount: INR 7594.38,Investment
Reliance Digital purchase | Ref:19dc46cf | Amount: INR 15519.99,Shopping
Amazon online shopping | Ref:f6877a59 | Amount: INR 19440.82,Shopping
Zerodha stock purchase | Ref:549cc592 | Amount: INR 1732.35,Investment
IKEA furniture shopping | Ref:f1ae9fd2 | Amount: INR 45770.15,Shopping
Dominos pizza order | Ref:981e376d | Amount: INR 7449.57,Food
Credit card EMI installment | Ref:bc3f62fb | Amount: INR 21903.87,EMI
Restaurant dining at | Ref:0390f4ae | Amount: INR 48168.56,Food
Fixed deposit investment | Ref:3e8aadb9 | Amount: INR 35594.58,Investment
Myntra clothing order | Ref:3a67bccc | Amount: INR 15389.56,Shopping
SBI car loan EMI | Ref:c3f39673 | Amount: INR 33402.1,EMI
Fixed deposit investment | Ref:cc947cc4 | Amount: INR 18712.56,Investment
Zerodha stock purchase | Ref:da6e86d1 | Amount: INR 1161.55,Investment
SBI car loan EMI | Ref:c0949fd3 | Amount: INR 8872.08,EMI
Groww ETF investment | Ref:4f5259fd | Amount: INR 25215.57,Investment
Flipkart electronics purchase | Ref:39f8e629 | Amount: INR 3721.4,Shopping
Dominos pizza order | Ref:156be976 | Amount: INR 26638.33,Food
SIP investment in mutual fund | Ref:95583f22 | Amount: INR 15249.29,Investment
IndiGo flight ticket | Ref:df852d43 | Amount: INR 19289.98,Travel
Groww ETF investment | Ref:c44ceb4f | Amount: INR 49707.41,Investment
Amazon online shopping | Ref:39974240 | Amount: INR 44867.88,Shopping
Zomato dinner bill | Ref:f4a2ed47 | Amount: INR 31668.18,Food
Groww ETF investment | Ref:52661dee | Amount: INR 48290.49,Investment
Uber ride payment | Ref:26c4b160 | Amount: INR 29126.29,Travel
Cafe coffee purchase at | Ref:654b6a2a | Amount: INR 35667.83,Food
Flipkart electronics purchase | Ref:0c8c4f11 | Amount: INR 28967.01,Shopping
Amazon online shopping | Ref:ce74eae8 | Amount: INR 4195.86,Shopping
Dominos pizza order | Ref:28618754 | Amount: INR 31702.7,Food
PPF contribution | Ref:fe5a6b09 | Amount: INR 19444.33,Investment
Myntra clothing order | Ref:b8b97920 | Amount: INR 38812.03,Shopping
Petrol pump fuel payment | Ref:2a8f94cd | Amount: INR 43353.36,Travel
SBI car loan EMI | Ref:9596ba24 | Amount: INR 18540.54,EMI
McDonald's meal payment | Ref:e23f1069 | Amount: INR 569.28,Food
SBI car loan EMI | Ref:59070576 | Amount: INR 5067.91,EMI
Zomato dinner bill | Ref:21339e73 | Amount: INR 27330.46,Food
Myntra clothing order | Ref:7d8721d6 | Amount: INR 17856.44,Shopping
PPF contribution | Ref:c9157070 | Amount: INR 27097.69,Investment
Bajaj Finserv EMI payment | Ref:406c9744 | Amount: INR 19122.69,EMI
Grocery purchase at Big Bazaar | Ref:cbdd0a00 | Amount: INR 40069.22,Food
Myntra clothing order | Ref:66ffe935 | Amount: INR 12222.97,Shopping
Zomato dinner bill | Ref:d4f5dddb | Amount: INR 7620.92,Food
Dominos pizza order | Ref:4d9b9320 | Amount: INR 37895.64,Food
Cafe coffee purchase at | Ref:770e7e84 | Amount: INR 22062.36,Food
HDFC home loan EMI | Ref:78d24d2b | Amount: INR 30647.63,EMI
Groww ETF investment | Ref:a979b480 | Amount: INR 1069.09,Investment
Zerodha stock purchase | Ref:8f3a3a2e | Amount: INR 26984.73,Investment
Bajaj Finserv EMI payment | Ref:ed23614b | Amount: INR 9459.39,EMI
IRCTC train ticket booking | Ref:8d28c488 | Amount: INR 30675.77,Travel
IKEA furniture shopping | Ref:03dc9a01 | Amount: INR 24000.94,Shopping
Ola cab fare | Ref:d9bbc48d | Amount: INR 47941.68,Travel
IndiGo flight ticket | Ref:627be7ec | Amount: INR 30524.26,Travel
Uber ride payment | Ref:44f080d6 | Amount: INR 7399.62,Travel
SBI car loan EMI | Ref:f3c3ed69 | Amount: INR 20945.63,EMI
Myntra clothing order | Ref:1d75ed61 | Amount: INR 45767.03,Shopping
IRCTC train ticket booking | Ref:08bddba5 | Amount: INR 35800.37,Travel
Flipkart electronics purchase | Ref:05e7dd2a | Amount: INR 10592.54,Shopping
McDonald's meal payment | Ref:f2212c13 | Amount: INR 48669.19,Food
IKEA furniture shopping | Ref:3f752fbf | Amount: INR 8174.72,Shopping
SBI car loan EMI | Ref:40154e60 | Amount: INR 22333.95,EMI
HDFC home loan EMI | Ref:82572a57 | Amount: INR 19698.87,EMI
Uber ride payment | Ref:c04fc3da | Amount: INR 45571.7,Travel
McDonald's meal payment | Ref:770cf9bc | Amount: INR 39748.87,Food
Uber ride payment | Ref:a1397a0d | Amount: INR 33603.87,Travel
PPF contribution | Ref:1f7850bd | Amount: INR 31209.33,Investment
SIP investment in mutual fund | Ref:87b22be3 | Amount: INR 16052.52,Investment
Bajaj Finserv EMI payment | Ref:96dd5d68 | Amount: INR 43320.36,EMI
IRCTC train ticket booking | Ref:add61275 | Amount: INR 23756.93,Travel
IRCTC train ticket booking | Ref:1fe45cae | Amount: INR 25056.89,Travel
Personal loan EMI deduction | Ref:586c768a | Amount: INR 45955.69,EMI
SIP investment in mutual fund | Ref:569e3efb | Amount: INR 8187.22,Investment
Zerodha stock purchase | Ref:d67058b2 | Amount: INR 33165.0,Investment
Credit card EMI installment | Ref:3a30b02d | Amount: INR 13143.43,EMI
Grocery purchase at Big Bazaar | Ref:8895d5c2 | Amount: INR 28412.65,Food
Cafe coffee purchase at | Ref:beda8607 | Amount: INR 32195.3,Food
Petrol pump fuel payment | Ref:be8f8053 | Amount: INR 40053.2,Travel
Cafe coffee purchase at | Ref:256ffe6c | Amount: INR 33111.18,Food
Grocery purchase at Big Bazaar | Ref:4501efca | Amount: INR 2488.29,Food
Ola cab fare | Ref:eb51a261 | Amount: INR 18330.07,Travel
Personal loan EMI deduction | Ref:16089cb3 | Amount: INR 11323.36,EMI
RedBus bus ticket | Ref:fe373f68 | Amount: INR 29295.45,Travel
Swiggy order payment | Ref:437c43b6 | Amount: INR 12709.02,Food
SBI car loan EMI | Ref:eab382ed | Amount: INR 9174.31,EMI
Reliance Digital purchase | Ref:eeaf6ac7 | Amount: INR 1070.67,Shopping
Uber ride payment | Ref:bf723474 | Amount: INR 28568.42,Travel
Zomato dinner bill | Ref:3a5b24e2 | Amount: INR 6083.4,Food
PPF contribution | Ref:cef4f3e6 | Amount: INR 31321.88,Investment
Fixed deposit investment | Ref:e6d77ac9 | Amount: INR 1843.16,Investment
Uber ride payment | Ref:9ab5f2ff | Amount: INR 13886.06,Travel
RedBus bus ticket | Ref:eab83bff | Amount: INR 46559.63,Travel
PPF contribution | Ref:95563859 | Amount: INR 25276.05,Investment
Cafe coffee purchase at | Ref:40d122ec | Amount: INR 44476.83,Food
IRCTC train ticket booking | Ref:020064a2 | Amount: INR 11315.64,Travel
Myntra clothing order | Ref:b50ddf76 | Amount: INR 18209.8,Shopping
SBI car loan EMI | Ref:46b3174b | Amount: INR 47621.23,EMI
IKEA furniture shopping | Ref:33444744 | Amount: INR 27975.44,Shopping
HDFC home loan EMI | Ref:cd38efe0 | Amount: INR 23566.49,EMI
Amazon online shopping | Ref:3866007f | Amount: INR 15636.92,Shopping
McDonald's meal payment | Ref:96b36fd1 | Amount: INR 8011.8,Food
Restaurant dining at | Ref:3b07d201 | Amount: INR 29081.62,Food
Dominos pizza order | Ref:03031bc0 | Amount: INR 49768.41,Food
Cafe coffee purchase at | Ref:be05cd34 | Amount: INR 29970.1,Food
Groww ETF investment | Ref:6646a345 | Amount: INR 36609.55,Investment
PPF contribution | Ref:2343523d | Amount: INR 44491.19,Investment
Restaurant dining at | Ref:91f17488 | Amount: INR 3078.57,Food
PPF contribution | Ref:19e70860 | Amount: INR 23398.6,Investment
McDonald's meal payment | Ref:312ef32f | Amount: INR 11332.03,Food
Credit card EMI installment | Ref:2041131e | Amount: INR 40903.91,EMI
SIP investment in mutual fund | Ref:5af22ce8 | Amount: INR 27134.5,Investment
Zerodha stock purchase | Ref:02f1e1f9 | Amount: INR 14069.37,Investment
Petrol pump fuel payment | Ref:6cb3982a | Amount: INR 2331.64,Travel
Restaurant dining at | Ref:99c23511 | Amount: INR 5778.4,Food
IndiGo flight ticket | Ref:b1a24661 | Amount: INR 10678.28,Travel
SIP investment in mutual fund | Ref:f34fc03b | Amount: INR 885.47,Investment
Reliance Digital purchase | Ref:1be837bb | Amount: INR 18398.6,Shopping
Ola cab fare | Ref:7a57e1b8 | Amount: INR 2816.3,Travel
Zomato dinner bill | Ref:94b4eca7 | Amount: INR 19162.52,Food
Uber ride payment | Ref:456387a7 | Amount: INR 18653.29,Travel
SBI car loan EMI | Ref:9a086bcf | Amount: INR 34079.33,EMI
Zomato dinner bill | Ref:7fada4bc | Amount: INR 26910.82,Food
Groww ETF investment | Ref:353487aa | Amount: INR 33954.99,Investment
Zerodha stock purchase | Ref:b76996a6 | Amount: INR 38106.37,Investment
Personal loan EMI deduction | Ref:89da626b | Amount: INR 12904.11,EMI
Grocery purchase at Big Bazaar | Ref:6d44b36e | Amount: INR 12325.8,Food
PPF contribution | Ref:a413e4e8 | Amount: INR 25657.52,Investment
Zerodha stock purchase | Ref:94426a49 | Amount: INR 49784.92,Investment
Petrol pump fuel payment | Ref:ba824564 | Amount: INR 49745.95,Travel
McDonald's meal payment | Ref:64342885 | Amount: INR 14604.24,Food
Flipkart electronics purchase | Ref:afb133cf | Amount: INR 48969.69,Shopping
Dominos pizza order | Ref:7a54db81 | Amount: INR 14876.61,Food
Bajaj Finserv EMI payment | Ref:b93c2c17 | Amount: INR 25057.31,EMI
IRCTC train ticket booking | Ref:a00a236f | Amount: INR 22468.31,Travel
PPF contribution | Ref:acab44d3 | Amount: INR 40461.08,Investment
Flipkart electronics purchase | Ref:f085d7bb | Amount: INR 45888.38,Shopping
Zerodha stock purchase | Ref:8c7d4c16 | Amount: INR 110.46,Investment
Fixed deposit investment | Ref:24240044 | Amount: INR 22545.2,Investment
IndiGo flight ticket | Ref:b1db7c18 | Amount: INR 46024.64,Travel
IRCTC train ticket booking | Ref:94f6ed35 | Amount: INR 20535.07,Travel
PPF contribution | Ref:e3fd8967 | Amount: INR 32363.76,Investment
IKEA furniture shopping | Ref:acfeb80a | Amount: INR 45653.01,Shopping
IKEA furniture shopping | Ref:43f4b54b | Amount: INR 1065.7,Shopping
Zerodha stock purchase | Ref:903749e5 | Amount: INR 12542.15,Investment
Personal loan EMI deduction | Ref:ace7167f | Amount: INR 2665.66,EMI
Dominos pizza order | Ref:8549914d | Amount: INR 10381.93,Food
RedBus bus ticket | Ref:9f2090d4 | Amount: INR 32087.94,Travel
Myntra clothing order | Ref:6cfde053 | Amount: INR 1647.93,Shopping
Credit card EMI installment | Ref:03846008 | Amount: INR 3920.29,EMI
PPF contribution | Ref:8fb063a1 | Amount: INR 2263.35,Investment
McDonald's meal payment | Ref:19dc9312 | Amount: INR 20086.72,Food
Grocery purchase at Big Bazaar | Ref:a9f07083 | Amount: INR 40228.55,Food
IKEA furniture shopping | Ref:c773b69b | Amount: INR 46178.61,Shopping
Flipkart electronics purchase | Ref:908c5cb2 | Amount: INR 17191.19,Shopping
IRCTC train ticket booking | Ref:5e693ad4 | Amount: INR 5575.02,Travel
Reliance Digital purchase | Ref:75a43596 | Amount: INR 9468.18,Shopping
IndiGo flight ticket | Ref:2cc8d274 | Amount: INR 7156.77,Travel
Flipkart electronics purchase | Ref:ed4c30b4 | Amount: INR 39741.07,Shopping
Bajaj Finserv EMI payment | Ref:bfa4f7b5 | Amount: INR 36070.91,EMI
SBI car loan EMI | Ref:0abe95f0 | Amount: INR 3780.64,EMI
Restaurant dining at | Ref:d2068f93 | Amount: INR 10769.21,Food
Grocery purchase at Big Bazaar | Ref:cc4582f4 | Amount: INR 45872.18,Food
Myntra clothing order | Ref:6e0f759c | Amount: INR 37811.6,Shopping
Fixed deposit investment | Ref:e6092b9f | Amount: INR 2337.79,Investment
SBI car loan EMI | Ref:6dd21ac6 | Amount: INR 33522.31,EMI
McDonald's meal payment | Ref:6842ac39 | Amount: INR 12469.8,Food
PPF contribution | Ref:e7123898 | Amount: INR 45011.41,Investment
Restaurant dining at | Ref:69c8105f | Amount: INR 25776.83,Food
Myntra clothing order | Ref:7ec50338 | Amount: INR 6360.08,Shopping
Fixed deposit investment | Ref:6e534ad4 | Amount: INR 8236.54,Investment
Myntra clothing order | Ref:f6d70c06 | Amount: INR 6959.95,Shopping
Amazon online shopping | Ref:c8aaa712 | Amount: INR 22841.66,Shopping
Reliance Digital purchase | Ref:3d97a3f6 | Amount: INR 47007.48,Shopping
Fixed deposit investment | Ref:0e0be2ea | Amount: INR 32844.46,Investment
Swiggy order payment | Ref:b02c8020 | Amount: INR 17728.02,Food
PPF contribution | Ref:6d376beb | Amount: INR 44749.13,Investment
Cafe coffee purchase at | Ref:d59027fa | Amount: INR 33479.33,Food
IKEA furniture shopping | Ref:a7e21117 | Amount: INR 16332.32,Shopping
Cafe coffee purchase at | Ref:78b9b89f | Amount: INR 17815.0,Food
MakeMyTrip hotel booking | Ref:fd340d81 | Amount: INR 41212.23,Travel
IKEA furniture shopping | Ref:29bfb764 | Amount: INR 41384.71,Shopping
Ola cab fare | Ref:5b90bd59 | Amount: INR 43763.59,Travel
PPF contribution | Ref:e01dc6e8 | Amount: INR 28424.07,Investment
SIP investment in mutual fund | Ref:690e22b8 | Amount: INR 18776.89,Investment
Zerodha stock purchase | Ref:b12b9ea0 | Amount: INR 20796.03,Investment
Credit card EMI installment | Ref:920b70c1 | Amount: INR 19025.31,EMI
Bajaj Finserv EMI payment | Ref:f10cd854 | Amount: INR 18047.31,EMI
Restaurant dining at | Ref:b394a6e5 | Amount: INR 16021.94,Food
Fixed deposit investment | Ref:1d158a42 | Amount: INR 1886.42,Investment
Bajaj Finserv EMI payment | Ref:86f8974a | Amount: INR 20646.55,EMI
PPF contribution | Ref:876eb41f | Amount: INR 5049.37,Investment
MakeMyTrip hotel booking | Ref:86c55686 | Amount: INR 28782.43,Travel
PPF contribution | Ref:ba2427ba | Amount: INR 13825.2,Investment
Restaurant dining at | Ref:6478e6b4 | Amount: INR 21784.13,Food
MakeMyTrip hotel booking | Ref:4008fdf7 | Amount: INR 21546.53,Travel
Credit card EMI installment | Ref:7ccd7db7 | Amount: INR 19583.6,EMI
Credit card EMI installment | Ref:3e5ca6bd | Amount: INR 36334.15,EMI
IndiGo flight ticket | Ref:668fc9aa | Amount: INR 9771.19,Travel
PPF contribution | Ref:0993dc37 | Amount: INR 30565.21,Investment
Fixed deposit investment | Ref:ae0fdfc5 | Amount: INR 4035.33,Investment
Myntra clothing order | Ref:db32650f | Amount: INR 23273.57,Shopping
Amazon online shopping | Ref:c6c50334 | Amount: INR 7780.16,Shopping
PPF contribution | Ref:a64113e1 | Amount: INR 37654.37,Investment
IKEA furniture shopping | Ref:42da6405 | Amount: INR 29474.96,Shopping
Credit card EMI installment | Ref:9101e787 | Amount: INR 48189.86,EMI
IndiGo flight ticket | Ref:56227cb7 | Amount: INR 30549.24,Travel
Uber ride payment | Ref:73a272a6 | Amount: INR 23432.82,Travel
Amazon online shopping | Ref:0e6822a8 | Amount: INR 31587.63,Shopping
Amazon online shopping | Ref:e1d80c22 | Amount: INR 38467.2,Shopping
Dominos pizza order | Ref:3fa73cc4 | Amount: INR 23007.33,Food
SIP investment in mutual fund | Ref:8fd516ea | Amount: INR 21558.83,Investment
SBI car loan EMI | Ref:cdfb1362 | Amount: INR 41402.84,EMI
Fixed deposit investment | Ref:f7567afe | Amount: INR 30479.68,Investment
Flipkart electronics purchase | Ref:4e3a7875 | Amount: INR 24346.75,Shopping
IRCTC train ticket booking | Ref:f0dc9992 | Amount: INR 31100.5,Travel
Petrol pump fuel payment | Ref:1beca3c5 | Amount: INR 42692.04,Travel
Zomato dinner bill | Ref:53bd185c | Amount: INR 47388.89,Food
PPF contribution | Ref:668abad9 | Amount: INR 10752.99,Investment
Credit card EMI installment | Ref:02611039 | Amount: INR 10174.8,EMI
SBI car loan EMI | Ref:f23f2cad | Amount: INR 42090.06,EMI
Swiggy order payment | Ref:57e9fbe2 | Amount: INR 39093.54,Food
Credit card EMI installment | Ref:a741e178 | Amount: INR 45474.13,EMI
Ola cab fare | Ref:0ddf7a88 | Amount: INR 20989.84,Travel
SIP investment in mutual fund | Ref:856bd981 | Amount: INR 4822.91,Investment
HDFC home loan EMI | Ref:d06922c4 | Amount: INR 34083.21,EMI
PPF contribution | Ref:b2255a0d | Amount: INR 31367.53,Investment
Amazon online shopping | Ref:e1c6f1da | Amount: INR 9661.72,Shopping
IndiGo flight ticket | Ref:b2da11f1 | Amount: INR 15413.64,Travel
Myntra clothing order | Ref:c885cba2 | Amount: INR 19913.36,Shopping
Petrol pump fuel payment | Ref:129c6ac1 | Amount: INR 49273.41,Travel
RedBus bus ticket | Ref:691800be | Amount: INR 38688.44,Travel
Fixed deposit investment | Ref:9b9fd171 | Amount: INR 11395.07,Investment
Groww ETF investment | Ref:42306106 | Amount: INR 11437.4,Investment
Zomato dinner bill | Ref:410a1b76 | Amount: INR 31915.38,Food
Swiggy order payment | Ref:6f403d81 | Amount: INR 21622.23,Food
Bajaj Finserv EMI payment | Ref:a938ba92 | Amount: INR 20922.88,EMI
Grocery purchase at Big Bazaar | Ref:e9539bca | Amount: INR 10961.01,Food
Dominos pizza order | Ref:b1657de0 | Amount: INR 11190.1,Food
Zomato dinner bill | Ref:652bcfe9 | Amount: INR 35451.22,Food
Restaurant dining at | Ref:34ea90c8 | Amount: INR 48483.85,Food
PPF contribution | Ref:0889d138 | Amount: INR 7036.05,Investment
Bajaj Finserv EMI payment | Ref:3efd8ef2 | Amount: INR 42848.59,EMI
Personal loan EMI deduction | Ref:9f071b63 | Amount: INR 46654.36,EMI
Bajaj Finserv EMI payment | Ref:c8f6f98f | Amount: INR 45259.92,EMI
Reliance Digital purchase | Ref:38dbb641 | Amount: INR 9529.3,Shopping
SBI car loan EMI | Ref:c096012a | Amount: INR 30200.26,EMI
HDFC home loan EMI | Ref:2f3a8527 | Amount: INR 43069.33,EMI
SIP investment in mutual fund | Ref:128be3bc | Amount: INR 48862.59,Investment
Cafe coffee purchase at | Ref:907ecd03 | Amount: INR 7845.31,Food
MakeMyTrip hotel booking | Ref:616984ac | Amount: INR 5393.11,Travel
Groww ETF investment | Ref:fd25b6d8 | Amount: INR 33873.4,Investment
Personal loan EMI deduction | Ref:259d2d13 | Amount: INR 3582.31,EMI
Uber ride payment | Ref:f98e3c2f | Amount: INR 47607.23,Travel
Reliance Digital purchase | Ref:b11436df | Amount: INR 11061.01,Shopping
IndiGo flight ticket | Ref:ec259d2d | Amount: INR 41010.33,Travel
HDFC home loan EMI | Ref:bfa2c581 | Amount: INR 32648.33,EMI
Fixed deposit investment | Ref:da474b7e | Amount: INR 11740.37,Investment
Groww ETF investment | Ref:acfd46d5 | Amount: INR 17345.54,Investment
Amazon online shopping | Ref:2c893ae4 | Amount: INR 31755.28,Shopping
Personal loan EMI deduction | Ref:0582e4c5 | Amount: INR 16958.24,EMI
Swiggy order payment | Ref:65ad4f94 | Amount: INR 11484.77,Food
MakeMyTrip hotel booking | Ref:69360375 | Amount: INR 19569.92,Travel
Personal loan EMI deduction | Ref:d3893033 | Amount: INR 38367.14,EMI
Bajaj Finserv EMI payment | Ref:cdf17a73 | Amount: INR 40487.19,EMI
Ola cab fare | Ref:38dcd97e | Amount: INR 49062.25,Travel
SIP investment in mutual fund | Ref:2a4d3aff | Amount: INR 18463.15,Investment
Myntra clothing order | Ref:8d104f76 | Amount: INR 48029.91,Shopping
IKEA furniture shopping | Ref:440639cc | Amount: INR 38952.29,Shopping
Bajaj Finserv EMI payment | Ref:e387b473 | Amount: INR 11313.26,EMI
McDonald's meal payment | Ref:57d1c282 | Amount: INR 1521.23,Food
Bajaj Finserv EMI payment | Ref:0de05728 | Amount: INR 4211.14,EMI
Uber ride payment | Ref:7ca6723e | Amount: INR 30545.22,Travel
Reliance Digital purchase | Ref:da077773 | Amount: INR 9103.96,Shopping
HDFC home loan EMI | Ref:d5c77829 | Amount: INR 19947.52,EMI
Swiggy order payment | Ref:ff71505f | Amount: INR 28782.76,Food
MakeMyTrip hotel booking | Ref:3313cc31 | Amount: INR 9434.09,Travel
HDFC home loan EMI | Ref:56b81998 | Amount: INR 31953.63,EMI
Fixed deposit investment | Ref:ed775f4e | Amount: INR 159.0,Investment
Swiggy order payment | Ref:cec66b0a | Amount: INR 15029.99,Food
Flipkart electronics purchase | Ref:6ad920e7 | Amount: INR 32097.22,Shopping
Uber ride payment | Ref:6921626c | Amount: INR 46529.39,Travel
MakeMyTrip hotel booking | Ref:46d1d129 | Amount: INR 46819.86,Travel
McDonald's meal payment | Ref:f262c1d9 | Amount: INR 7006.99,Food
Groww ETF investment | Ref:6b7a0081 | Amount: INR 14373.58,Investment
Flipkart electronics purchase | Ref:b7d425e6 | Amount: INR 21206.85,Shopping
SBI car loan EMI | Ref:d66d8d4a | Amount: INR 36537.31,EMI
Uber ride payment | Ref:2cec0b99 | Amount: INR 41094.22,Travel
SIP investment in mutual fund | Ref:38feadb7 | Amount: INR 42059.32,Investment
Amazon online shopping | Ref:b1ddf6ae | Amount: INR 21715.06,Shopping
IRCTC train ticket booking | Ref:ad513b56 | Amount: INR 35699.17,Travel
Ola cab fare | Ref:548e24e5 | Amount: INR 29188.04,Travel
SIP investment in mutual fund | Ref:d574da56 | Amount: INR 38641.72,Investment
Groww ETF investment | Ref:d6092df6 | Amount: INR 26942.87,Investment
SBI car loan EMI | Ref:0c0f969a | Amount: INR 24043.5,EMI
SIP investment in mutual fund | Ref:6411bfc1 | Amount: INR 3373.99,Investment
Zomato dinner bill | Ref:20bfd57b | Amount: INR 28029.25,Food
Fixed deposit investment | Ref:04eff3cf | Amount: INR 32295.46,Investment
Amazon online shopping | Ref:dd6d9ebc | Amount: INR 22280.34,Shopping
Flipkart electronics purchase | Ref:cf3a6017 | Amount: INR 39213.71,Shopping
RedBus bus ticket | Ref:712ff1fb | Amount: INR 32897.85,Travel
Amazon online shopping | Ref:5a8a1124 | Amount: INR 37767.05,Shopping
Amazon online shopping | Ref:b64ec796 | Amount: INR 26121.78,Shopping
Personal loan EMI deduction | Ref:534ab79c | Amount: INR 21478.42,EMI
Zerodha stock purchase | Ref:1bd51550 | Amount: INR 25141.11,Investment
Myntra clothing order | Ref:c43ee106 | Amount: INR 41651.58,Shopping
HDFC home loan EMI | Ref:f7cce583 | Amount: INR 15969.91,EMI
Zerodha stock purchase | Ref:c4678833 | Amount: INR 11365.83,Investment
Flipkart electronics purchase | Ref:e53ef4f0 | Amount: INR 4592.22,Shopping
IKEA furniture shopping | Ref:0d78eb84 | Amount: INR 10260.76,Shopping
MakeMyTrip hotel booking | Ref:2513ec4c | Amount: INR 3207.69,Travel
Myntra clothing order | Ref:14674c51 | Amount: INR 8324.37,Shopping
Flipkart electronics purchase | Ref:a69bd9e9 | Amount: INR 37607.77,Shopping
Ola cab fare | Ref:35f02be5 | Amount: INR 20264.91,Travel
Flipkart electronics purchase | Ref:cf839e16 | Amount: INR 29712.56,Shopping
Reliance Digital purchase | Ref:c592a68a | Amount: INR 14823.26,Shopping
HDFC home loan EMI | Ref:7300af82 | Amount: INR 10868.84,EMI
Flipkart electronics purchase | Ref:ef9ff727 | Amount: INR 15265.41,Shopping
Myntra clothing order | Ref:88f43738 | Amount: INR 1284.05,Shopping
Dominos pizza order | Ref:34fdcc1a | Amount: INR 43423.2,Food
Amazon online shopping | Ref:86458ffe | Amount: INR 8317.11,Shopping
Zerodha stock purchase | Ref:a1adaf91 | Amount: INR 41246.59,Investment
IndiGo flight ticket | Ref:a9ac0099 | Amount: INR 35333.06,Travel
Flipkart electronics purchase | Ref:2d75539a | Amount: INR 7209.5,Shopping
Flipkart electronics purchase | Ref:55be73cf | Amount: INR 32534.33,Shopping
SIP investment in mutual fund | Ref:77d2b107 | Amount: INR 22886.22,Investment
Ola cab fare | Ref:eb968338 | Amount: INR 10087.0,Travel
Amazon online shopping | Ref:0b7c32e2 | Amount: INR 216.05,Shopping
Amazon online shopping | Ref:30483f18 | Amount: INR 43424.68,Shopping
Credit card EMI installment | Ref:47cb2323 | Amount: INR 41956.64,EMI
Restaurant dining at | Ref:1f002e19 | Amount: INR 25950.66,Food
RedBus bus ticket | Ref:c46fc7f1 | Amount: INR 38968.17,Travel
Myntra clothing order | Ref:6108de5d | Amount: INR 34346.23,Shopping
Personal loan EMI deduction | Ref:fb6c20ab | Amount: INR 733.04,EMI
Petrol pump fuel payment | Ref:791acfd2 | Amount: INR 15951.05,Travel
SIP investment in mutual fund | Ref:43947d9a | Amount: INR 33290.54,Investment
McDonald's meal payment | Ref:7ddcda89 | Amount: INR 7620.55,Food
SIP investment in mutual fund | Ref:6a653176 | Amount: INR 48110.21,Investment
Groww ETF investment | Ref:53a0eced | Amount: INR 29118.68,Investment
IKEA furniture shopping | Ref:bd6d76b1 | Amount: INR 11585.71,Shopping
McDonald's meal payment | Ref:a42ada82 | Amount: INR 5327.63,Food
IKEA furniture shopping | Ref:c1b46728 | Amount: INR 22854.34,Shopping
Zerodha stock purchase | Ref:899c71d5 | Amount: INR 47942.19,Investment
Zerodha stock purchase | Ref:cea44700 | Amount: INR 42370.91,Investment
Restaurant dining at | Ref:70c48d8a | Amount: INR 23649.31,Food
McDonald's meal payment | Ref:c612deb9 | Amount: INR 8083.2,Food
Reliance Digital purchase | Ref:86dc4720 | Amount: INR 7713.54,Shopping
Grocery purchase at Big Bazaar | Ref:5bc2e977 | Amount: INR 34421.67,Food
Fixed deposit investment | Ref:c50a9bb0 | Amount: INR 29789.17,Investment
Ola cab fare | Ref:d33d6751 | Amount: INR 34499.28,Travel
Fixed deposit investment | Ref:5752e1f0 | Amount: INR 38467.87,Investment
Swiggy order payment | Ref:7f5dbf1b | Amount: INR 18182.79,Food
Zerodha stock purchase | Ref:9bfaa942 | Amount: INR 21962.11,Investment
Credit card EMI installment | Ref:d963249d | Amount: INR 30635.42,EMI
Bajaj Finserv EMI payment | Ref:6b8cdcdb | Amount: INR 9054.13,EMI
Zerodha stock purchase | Ref:3cf92d37 | Amount: INR 41100.84,Investment
IKEA furniture shopping | Ref:13b4f7e5 | Amount: INR 31964.17,Shopping
Dominos pizza order | Ref:a29a98ab | Amount: INR 33300.5,Food
Amazon online shopping | Ref:2746a9cf | Amount: INR 43236.45,Shopping
Amazon online shopping | Ref:47f2c4c0 | Amount: INR 11887.09,Shopping
Personal loan EMI deduction | Ref:c1ab0fec | Amount: INR 44166.51,EMI
Petrol pump fuel payment | Ref:e1f32e96 | Amount: INR 621.66,Travel
IndiGo flight ticket | Ref:d9336675 | Amount: INR 16256.14,Travel
SBI car loan EMI | Ref:db01a805 | Amount: INR 25558.28,EMI
Bajaj Finserv EMI payment | Ref:f4131d6e | Amount: INR 14663.15,EMI
Reliance Digital purchase | Ref:f8359157 | Amount: INR 11467.97,Shopping
Groww ETF investment | Ref:1efbae71 | Amount: INR 12990.86,Investment
IndiGo flight ticket | Ref:d8bbdbd3 | Amount: INR 2508.25,Travel
Grocery purchase at Big Bazaar | Ref:38747bfe | Amount: INR 30493.72,Food
Zomato dinner bill | Ref:787e3e4a | Amount: INR 35344.1,Food
Fixed deposit investment | Ref:f7d2ea61 | Amount: INR 30794.01,Investment
SBI car loan EMI | Ref:e46c2a21 | Amount: INR 32529.9,EMI
IRCTC train ticket booking | Ref:6abafc07 | Amount: INR 33415.27,Travel
MakeMyTrip hotel booking | Ref:f77744f9 | Amount: INR 38858.94,Travel
RedBus bus ticket | Ref:814acc31 | Amount: INR 17016.06,Travel
Flipkart electronics purchase | Ref:8e7f19db | Amount: INR 27198.41,Shopping
Groww ETF investment | Ref:60e644ab | Amount: INR 43016.31,Investment
Myntra clothing order | Ref:07856fc4 | Amount: INR 23746.1,Shopping
HDFC home loan EMI | Ref:6722182f | Amount: INR 21083.71,EMI
Amazon online shopping | Ref:58a5df7f | Amount: INR 480.58,Shopping
Myntra clothing order | Ref:14ced783 | Amount: INR 9498.17,Shopping
MakeMyTrip hotel booking | Ref:e26ad6b8 | Amount: INR 13119.63,Travel
Reliance Digital purchase | Ref:414581ba | Amount: INR 36495.88,Shopping
Swiggy order payment | Ref:cd30c69d | Amount: INR 15602.6,Food
Bajaj Finserv EMI payment | Ref:c100cc68 | Amount: INR 27729.49,EMI
IndiGo flight ticket | Ref:7c9efa4d | Amount: INR 22477.77,Travel
Personal loan EMI deduction | Ref:eaf3c423 | Amount: INR 29831.38,EMI
Credit card EMI installment | Ref:0ed860e6 | Amount: INR 12230.98,EMI
Grocery purchase at Big Bazaar | Ref:7adb0b02 | Amount: INR 29742.83,Food
Reliance Digital purchase | Ref:80143bd0 | Amount: INR 48536.74,Shopping
PPF contribution | Ref:fd7ecb3e | Amount: INR 5056.68,Investment
Grocery purchase at Big Bazaar | Ref:d6d0be36 | Amount: INR 14389.67,Food
Fixed deposit investment | Ref:f03f8a88 | Amount: INR 33366.33,Investment
Bajaj Finserv EMI payment | Ref:a6c74057 | Amount: INR 47487.21,EMI
Petrol pump fuel payment | Ref:eae2ac6c | Amount: INR 27764.11,Travel
SIP investment in mutual fund | Ref:519bdf7f | Amount: INR 37279.33,Investment
Zomato dinner bill | Ref:9c414993 | Amount: INR 30522.51,Food
Cafe coffee purchase at | Ref:14ef2aee | Amount: INR 29274.76,Food
Grocery purchase at Big Bazaar | Ref:708d08ed | Amount: INR 21173.29,Food
SIP investment in mutual fund | Ref:ad52c604 | Amount: INR 38125.04,Investment
Cafe coffee purchase at | Ref:18054326 | Amount: INR 22533.27,Food
Credit card EMI installment | Ref:1069ccac | Amount: INR 40272.69,EMI
Amazon online shopping | Ref:03695413 | Amount: INR 45710.56,Shopping
IKEA furniture shopping | Ref:9be278e8 | Amount: INR 25814.89,Shopping
HDFC home loan EMI | Ref:147a07bc | Amount: INR 19954.64,EMI
McDonald's meal payment | Ref:faf2b50c | Amount: INR 18934.75,Food
Zerodha stock purchase | Ref:c451cbdc | Amount: INR 1487.22,Investment
McDonald's meal payment | Ref:051a2fd9 | Amount: INR 22649.03,Food
Fixed deposit investment | Ref:4a164696 | Amount: INR 24207.31,Investment
Cafe coffee purchase at | Ref:ea007a9c | Amount: INR 17133.86,Food
Zerodha stock purchase | Ref:acb3a5cd | Amount: INR 39319.55,Investment
Zerodha stock purchase | Ref:6a99fe8f | Amount: INR 42625.25,Investment
Dominos pizza order | Ref:673f6969 | Amount: INR 19157.0,Food
IKEA furniture shopping | Ref:1fb5d924 | Amount: INR 45928.75,Shopping
IndiGo flight ticket | Ref:8c5457fe | Amount: INR 32196.89,Travel
Restaurant dining at | Ref:dca671a7 | Amount: INR 9174.76,Food
Reliance Digital purchase | Ref:dcea985f | Amount: INR 28115.8,Shopping
PPF contribution | Ref:a0ee9411 | Amount: INR 16577.53,Investment
Uber ride payment | Ref:bb8966f2 | Amount: INR 47485.77,Travel
Dominos pizza order | Ref:acff6c32 | Amount: INR 14328.25,Food
Credit card EMI installment | Ref:0fcae302 | Amount: INR 31321.99,EMI
PPF contribution | Ref:64dc4807 | Amount: INR 8857.37,Investment
Uber ride payment | Ref:327e8383 | Amount: INR 4343.34,Travel
IndiGo flight ticket | Ref:11d0c52c | Amount: INR 1457.24,Travel
Groww ETF investment | Ref:aebeb3bf | Amount: INR 11763.54,Investment
Zerodha stock purchase | Ref:51cb3cfd | Amount: INR 39441.56,Investment
Bajaj Finserv EMI payment | Ref:ccb00c1f | Amount: INR 39520.27,EMI
Groww ETF investment | Ref:6d1d7511 | Amount: INR 6594.66,Investment
Grocery purchase at Big Bazaar | Ref:a903f5c9 | Amount: INR 5132.51,Food
SIP investment in mutual fund | Ref:83ba808f | Amount: INR 5665.81,Investment
Groww ETF investment | Ref:d9fbec70 | Amount: INR 34694.62,Investment
Ola cab fare | Ref:e5939d45 | Amount: INR 16559.22,Travel
Myntra clothing order | Ref:dd9c74e8 | Amount: INR 29741.69,Shopping
Reliance Digital purchase | Ref:2d32ca5a | Amount: INR 4199.55,Shopping
RedBus bus ticket | Ref:0a01f27b | Amount: INR 47749.59,Travel
Zerodha stock purchase | Ref:05f3183f | Amount: INR 12139.12,Investment
Zerodha stock purchase | Ref:e0948ea1 | Amount: INR 13070.82,Investment
Dominos pizza order | Ref:0cfdc08a | Amount: INR 37250.5,Food
Bajaj Finserv EMI payment | Ref:1044ed91 | Amount: INR 34254.5,EMI
Ola cab fare | Ref:ee61fdd2 | Amount: INR 6321.77,Travel
Groww ETF investment | Ref:62b6fb33 | Amount: INR 36166.85,Investment
SBI car loan EMI | Ref:3fa95f5e | Amount: INR 16962.1,EMI
Personal loan EMI deduction | Ref:fad4532d | Amount: INR 28642.49,EMI
MakeMyTrip hotel booking | Ref:e617db83 | Amount: INR 16554.95,Travel
Ola cab fare | Ref:9ae81f42 | Amount: INR 23127.77,Travel
SIP investment in mutual fund | Ref:cbe0c570 | Amount: INR 26321.26,Investment
SBI car loan EMI | Ref:ab4ed987 | Amount: INR 45511.8,EMI
Zomato dinner bill | Ref:699a0539 | Amount: INR 2346.78,Food
Petrol pump fuel payment | Ref:999175db | Amount: INR 12264.95,Travel
Ola cab fare | Ref:84b89a23 | Amount: INR 23781.76,Travel
Myntra clothing order | Ref:29984fd4 | Amount: INR 6737.37,Shopping
Reliance Digital purchase | Ref:ad84e8c2 | Amount: INR 41536.93,Shopping
Flipkart electronics purchase | Ref:91a7951d | Amount: INR 2754.7,Shopping
Credit card EMI installment | Ref:9cdc3002 | Amount: INR 23104.46,EMI
McDonald's meal payment | Ref:c70c7f04 | Amount: INR 42366.37,Food
McDonald's meal payment | Ref:daf134bc | Amount: INR 610.03,Food
Fixed deposit investment | Ref:83b18ec0 | Amount: INR 49806.26,Investment
Myntra clothing order | Ref:1b5ede01 | Amount: INR 2819.18,Shopping
Dominos pizza order | Ref:91ce3774 | Amount: INR 41512.03,Food
IndiGo flight ticket | Ref:efeef191 | Amount: INR 18081.52,Travel
Myntra clothing order | Ref:fbde2f6e | Amount: INR 40259.65,Shopping
IndiGo flight ticket | Ref:00c742dd | Amount: INR 15753.68,Travel
IKEA furniture shopping | Ref:afd73038 | Amount: INR 31548.93,Shopping
SBI car loan EMI | Ref:a326ed77 | Amount: INR 5126.29,EMI
IRCTC train ticket booking | Ref:6beb20d0 | Amount: INR 16608.53,Travel
PPF contribution | Ref:2c9a0c3a | Amount: INR 17969.66,Investment
Fixed deposit investment | Ref:99704d28 | Amount: INR 41911.62,Investment
Personal loan EMI deduction | Ref:be7e000e | Amount: INR 25193.82,EMI
PPF contribution | Ref:0ab528da | Amount: INR 16964.11,Investment
Personal loan EMI deduction | Ref:b289f8c3 | Amount: INR 46717.96,EMI
HDFC home loan EMI | Ref:cf87eac3 | Amount: INR 47906.65,EMI
HDFC home loan EMI | Ref:db660989 | Amount: INR 11326.5,EMI
Personal loan EMI deduction | Ref:98d18057 | Amount: INR 18387.28,EMI
RedBus bus ticket | Ref:1899410b | Amount: INR 39122.42,Travel
Fixed deposit investment | Ref:151564c6 | Amount: INR 47811.44,Investment
Cafe coffee purchase at | Ref:80db685b | Amount: INR 39193.3,Food
Zomato dinner bill | Ref:8e4d55ef | Amount: INR 9278.09,Food
Myntra clothing order | Ref:f5d539f3 | Amount: INR 40487.04,Shopping
McDonald's meal payment | Ref:8b30163e | Amount: INR 1465.45,Food
IndiGo flight ticket | Ref:1a28dcf3 | Amount: INR 28193.28,Travel
MakeMyTrip hotel booking | Ref:d8431f5c | Amount: INR 44775.23,Travel
Grocery purchase at Big Bazaar | Ref:7c0eefd1 | Amount: INR 42746.29,Food
Dominos pizza order | Ref:ed2b2f4d | Amount: INR 27890.29,Food
Flipkart electronics purchase | Ref:58d274c4 | Amount: INR 36031.73,Shopping
Dominos pizza order | Ref:52ecb9da | Amount: INR 49769.57,Food
Zomato dinner bill | Ref:b5a00856 | Amount: INR 29839.07,Food
Ola cab fare | Ref:209153d1 | Amount: INR 14545.33,Travel
Dominos pizza order | Ref:29234cf9 | Amount: INR 18168.23,Food
Amazon online shopping | Ref:7c8029fa | Amount: INR 22697.89,Shopping
Grocery purchase at Big Bazaar | Ref:5b4417c7 | Amount: INR 4145.07,Food
Amazon online shopping | Ref:6034b09b | Amount: INR 32610.06,Shopping
Personal loan EMI deduction | Ref:f544355e | Amount: INR 28690.61,EMI
McDonald's meal payment | Ref:e2dc5008 | Amount: INR 13992.29,Food
McDonald's meal payment | Ref:291e97f5 | Amount: INR 2652.34,Food
Bajaj Finserv EMI payment | Ref:01657cbe | Amount: INR 37686.08,EMI
Zerodha stock purchase | Ref:ba1abc2c | Amount: INR 39713.0,Investment
PPF contribution | Ref:9b26305c | Amount: INR 27121.74,Investment
MakeMyTrip hotel booking | Ref:e989b0d1 | Amount: INR 3571.3,Travel
Reliance Digital purchase | Ref:a917a4b1 | Amount: INR 46949.22,Shopping
Reliance Digital purchase | Ref:cf0d0ab1 | Amount: INR 898.58,Shopping
IKEA furniture shopping | Ref:8feecc5b | Amount: INR 12320.07,Shopping
Amazon online shopping | Ref:dc6b1298 | Amount: INR 13321.47,Shopping
IKEA furniture shopping | Ref:135ac02d | Amount: INR 15474.76,Shopping
Fixed deposit investment | Ref:e94980fd | Amount: INR 18760.53,Investment
Petrol pump fuel payment | Ref:08cba360 | Amount: INR 33895.43,Travel
Credit card EMI installment | Ref:f5238934 | Amount: INR 11441.32,EMI
IndiGo flight ticket | Ref:2df8faf2 | Amount: INR 37700.14,Travel
HDFC home loan EMI | Ref:f9c903a6 | Amount: INR 16406.68,EMI
Bajaj Finserv EMI payment | Ref:79a62520 | Amount: INR 7439.81,EMI
IRCTC train ticket booking | Ref:8f36d12f | Amount: INR 36833.08,Travel
Reliance Digital purchase | Ref:246f9c6c | Amount: INR 13532.11,Shopping
Dominos pizza order | Ref:b7df1087 | Amount: INR 9343.1,Food
HDFC home loan EMI | Ref:d848c1e0 | Amount: INR 39733.07,EMI
Swiggy order payment | Ref:0e1a5dac | Amount: INR 31624.31,Food
Restaurant dining at | Ref:3467eca9 | Amount: INR 18204.65,Food
PPF contribution | Ref:f888cd84 | Amount: INR 36898.58,Investment
PPF contribution | Ref:21f70878 | Amount: INR 48750.0,Investment
Amazon online shopping | Ref:9ab1b416 | Amount: INR 40626.19,Shopping
Petrol pump fuel payment | Ref:c5817e9b | Amount: INR 31408.09,Travel
IRCTC train ticket booking | Ref:782ce0b5 | Amount: INR 9324.24,Travel
IKEA furniture shopping | Ref:1e44de2f | Amount: INR 1607.3,Shopping
Grocery purchase at Big Bazaar | Ref:21dbabae | Amount: INR 4546.74,Food
Fixed deposit investment | Ref:05257ad2 | Amount: INR 23076.72,Investment
Zomato dinner bill | Ref:8d0ae60a | Amount: INR 33000.34,Food
Ola cab fare | Ref:b04c8daa | Amount: INR 32705.48,Travel
Amazon online shopping | Ref:ca35dc84 | Amount: INR 35975.66,Shopping
HDFC home loan EMI | Ref:314c2f02 | Amount: INR 31746.49,EMI
Grocery purchase at Big Bazaar | Ref:ba0a29f0 | Amount: INR 11297.27,Food
RedBus bus ticket | Ref:93bc35ef | Amount: INR 40279.34,Travel
Credit card EMI installment | Ref:b014c79b | Amount: INR 34293.68,EMI
Dominos pizza order | Ref:912eed0a | Amount: INR 6830.91,Food
HDFC home loan EMI | Ref:a1c366e6 | Amount: INR 38582.94,EMI
Reliance Digital purchase | Ref:5b774988 | Amount: INR 16461.16,Shopping
Ola cab fare | Ref:1a964128 | Amount: INR 1513.46,Travel
Flipkart electronics purchase | Ref:c5daeecb | Amount: INR 27020.28,Shopping
IKEA furniture shopping | Ref:d6087203 | Amount: INR 21307.97,Shopping
Groww ETF investment | Ref:be90047e | Amount: INR 45238.57,Investment
Dominos pizza order | Ref:99ddc56d | Amount: INR 39756.59,Food
IndiGo flight ticket | Ref:09d23dbc | Amount: INR 18626.52,Travel
PPF contribution | Ref:781eaa42 | Amount: INR 18687.42,Investment
IKEA furniture shopping | Ref:354d53ce | Amount: INR 47500.85,Shopping
SIP investment in mutual fund | Ref:3642a9ef | Amount: INR 15273.93,Investment
IRCTC train ticket booking | Ref:d23dca06 | Amount: INR 542.67,Travel
HDFC home loan EMI | Ref:fee948d0 | Amount: INR 28339.54,EMI
Reliance Digital purchase | Ref:362750c5 | Amount: INR 14273.9,Shopping
Reliance Digital purchase | Ref:5ddd1db3 | Amount: INR 8480.21,Shopping
RedBus bus ticket | Ref:045ce590 | Amount: INR 20619.86,Travel
Uber ride payment | Ref:51ba0810 | Amount: INR 877.3,Travel
IRCTC train ticket booking | Ref:7bf6734d | Amount: INR 48487.93,Travel
Fixed deposit investment | Ref:9c792848 | Amount: INR 23682.95,Investment
SIP investment in mutual fund | Ref:62ce1c22 | Amount: INR 25233.28,Investment
Bajaj Finserv EMI payment | Ref:1c6db400 | Amount: INR 49894.36,EMI
SIP investment in mutual fund | Ref:8662cdfc | Amount: INR 1906.2,Investment
Flipkart electronics purchase | Ref:5271f74d | Amount: INR 18416.0,Shopping
Dominos pizza order | Ref:b084e696 | Amount: INR 4276.11,Food
Restaurant dining at | Ref:1704d538 | Amount: INR 40152.39,Food
McDonald's meal payment | Ref:8f282a85 | Amount: INR 23559.83,Food
Petrol pump fuel payment | Ref:75416d6c | Amount: INR 17985.3,Travel
RedBus bus ticket | Ref:4e7c8663 | Amount: INR 25345.77,Travel
Reliance Digital purchase | Ref:ec9e1806 | Amount: INR 23326.9,Shopping
SIP investment in mutual fund | Ref:aab921c6 | Amount: INR 23865.05,Investment
Restaurant dining at | Ref:36bbce1b | Amount: INR 11208.91,Food
RedBus bus ticket | Ref:aee367c5 | Amount: INR 3466.77,Travel
Zomato dinner bill | Ref:08e0d2dd | Amount: INR 40280.89,Food
Cafe coffee purchase at | Ref:2d113a1d | Amount: INR 986.14,Food
Personal loan EMI deduction | Ref:cb931a5c | Amount: INR 21880.46,EMI
IKEA furniture shopping | Ref:ef6f9f0c | Amount: INR 49221.16,Shopping
Credit card EMI installment | Ref:dcbf86f4 | Amount: INR 15485.58,EMI
IRCTC train ticket booking | Ref:e30bf026 | Amount: INR 32314.76,Travel
Reliance Digital purchase | Ref:6a9bcfe4 | Amount: INR 18636.89,Shopping
Myntra clothing order | Ref:b5e70001 | Amount: INR 16337.67,Shopping
Fixed deposit investment | Ref:16afb061 | Amount: INR 43415.21,Investment
Groww ETF investment | Ref:33a03034 | Amount: INR 6453.52,Investment
Restaurant dining at | Ref:cbccf4d3 | Amount: INR 6490.98,Food
Flipkart electronics purchase | Ref:75564b33 | Amount: INR 41678.06,Shopping
Ola cab fare | Ref:e818663e | Amount: INR 37545.11,Travel
SIP investment in mutual fund | Ref:808fe68d | Amount: INR 11681.84,Investment
McDonald's meal payment | Ref:a83f9a82 | Amount: INR 48585.4,Food
Restaurant dining at | Ref:790c4c06 | Amount: INR 29244.68,Food
Fixed deposit investment | Ref:15a5abf9 | Amount: INR 39066.59,Investment
SBI car loan EMI | Ref:e70e589b | Amount: INR 41535.93,EMI
Cafe coffee purchase at | Ref:4dc58ee4 | Amount: INR 16374.83,Food
IKEA furniture shopping | Ref:1d8e7f7c | Amount: INR 42093.56,Shopping
RedBus bus ticket | Ref:9188e11d | Amount: INR 41580.06,Travel
Cafe coffee purchase at | Ref:138b7d17 | Amount: INR 40824.4,Food
IndiGo flight ticket | Ref:823d18b9 | Amount: INR 8003.16,Travel
Flipkart electronics purchase | Ref:50cf52b6 | Amount: INR 35503.65,Shopping
Grocery purchase at Big Bazaar | Ref:24c17cc6 | Amount: INR 6948.2,Food
IKEA furniture shopping | Ref:c2b8fbb1 | Amount: INR 20170.51,Shopping
Myntra clothing order | Ref:c3d3a101 | Amount: INR 41036.45,Shopping
SIP investment in mutual fund | Ref:3f933d98 | Amount: INR 40492.62,Investment
Myntra clothing order | Ref:85e1f8c3 | Amount: INR 41639.91,Shopping
HDFC home loan EMI | Ref:4beb867f | Amount: INR 31211.02,EMI
Groww ETF investment | Ref:92945daf | Amount: INR 26569.47,Investment
Myntra clothing order | Ref:0559757e | Amount: INR 36936.82,Shopping
Personal loan EMI deduction | Ref:7b667506 | Amount: INR 8782.68,EMI
Petrol pump fuel payment | Ref:4ee8d358 | Amount: INR 4860.11,Travel
Bajaj Finserv EMI payment | Ref:a2397f91 | Amount: INR 25359.15,EMI
SBI car loan EMI | Ref:95f586be | Amount: INR 20420.7,EMI
Dominos pizza order | Ref:280eef7b | Amount: INR 10179.48,Food
Groww ETF investment | Ref:0cf40a89 | Amount: INR 25009.76,Investment
Swiggy order payment | Ref:b1f8c519 | Amount: INR 28572.06,Food
Amazon online shopping | Ref:2eff3cb4 | Amount: INR 36192.0,Shopping
Personal loan EMI deduction | Ref:b73fbc87 | Amount: INR 18146.54,EMI
Restaurant dining at | Ref:2381282c | Amount: INR 35910.31,Food
Amazon online shopping | Ref:99b5466b | Amount: INR 2707.0,Shopping
Amazon online shopping | Ref:c1b803d4 | Amount: INR 20948.53,Shopping
Cafe coffee purchase at | Ref:c2f52b05 | Amount: INR 7131.08,Food
MakeMyTrip hotel booking | Ref:44ca651e | Amount: INR 4285.54,Travel
SIP investment in mutual fund | Ref:2daa5e92 | Amount: INR 24548.74,Investment
Uber ride payment | Ref:24f70a36 | Amount: INR 45485.91,Travel
Bajaj Finserv EMI payment | Ref:a2e92c73 | Amount: INR 41881.92,EMI
Uber ride payment | Ref:8493b52e | Amount: INR 23129.06,Travel
Petrol pump fuel payment | Ref:416975e5 | Amount: INR 20112.58,Travel
Dominos pizza order | Ref:9e2127da | Amount: INR 16671.26,Food
Cafe coffee purchase at | Ref:fd7e4ad7 | Amount: INR 31284.88,Food
Grocery purchase at Big Bazaar | Ref:82ab58a2 | Amount: INR 11248.42,Food
Grocery purchase at Big Bazaar | Ref:f3d4002f | Amount: INR 48582.64,Food
SIP investment in mutual fund | Ref:928f7e8e | Amount: INR 17993.88,Investment
Fixed deposit investment | Ref:f3a61cda | Amount: INR 36309.27,Investment
Flipkart electronics purchase | Ref:caef1bf2 | Amount: INR 1568.32,Shopping
Credit card EMI installment | Ref:ff3f426f | Amount: INR 35294.18,EMI
Fixed deposit investment | Ref:2abf2e7e | Amount: INR 2547.63,Investment
Amazon online shopping | Ref:149cd43b | Amount: INR 13899.88,Shopping
Personal loan EMI deduction | Ref:efebd93a | Amount: INR 40823.44,EMI
Uber ride payment | Ref:e6f8e82a | Amount: INR 33069.83,Travel
Ola cab fare | Ref:bb268c16 | Amount: INR 8827.67,Travel
Groww ETF investment | Ref:f784f43e | Amount: INR 37724.14,Investment
Restaurant dining at | Ref:956506b4 | Amount: INR 8192.32,Food
Groww ETF investment | Ref:60cef383 | Amount: INR 38695.17,Investment
Zerodha stock purchase | Ref:ccf494fb | Amount: INR 110.9,Investment
IKEA furniture shopping | Ref:36a1e7bd | Amount: INR 25192.89,Shopping
Personal loan EMI deduction | Ref:b969733f | Amount: INR 3413.25,EMI
Amazon online shopping | Ref:38859eff | Amount: INR 2228.29,Shopping
Petrol pump fuel payment | Ref:5bd7d7af | Amount: INR 3633.79,Travel
IRCTC train ticket booking | Ref:a12aeb6c | Amount: INR 37566.94,Travel
SIP investment in mutual fund | Ref:b1feef5a | Amount: INR 15271.0,Investment
IKEA furniture shopping | Ref:6d64d6c3 | Amount: INR 40160.06,Shopping
McDonald's meal payment | Ref:b1e7557a | Amount: INR 47613.67,Food
IKEA furniture shopping | Ref:0dd94030 | Amount: INR 38564.75,Shopping
Cafe coffee purchase at | Ref:8b204c81 | Amount: INR 40665.07,Food
Flipkart electronics purchase | Ref:c746fd40 | Amount: INR 33987.69,Shopping
PPF contribution | Ref:7e5523da | Amount: INR 5421.55,Investment
Reliance Digital purchase | Ref:972ec026 | Amount: INR 28340.26,Shopping
Amazon online shopping | Ref:4a1339a3 | Amount: INR 40369.88,Shopping
IRCTC train ticket booking | Ref:c1eaaa70 | Amount: INR 2714.1,Travel
Amazon online shopping | Ref:bf3faf53 | Amount: INR 3664.91,Shopping
IKEA furniture shopping | Ref:a045b0ac | Amount: INR 2775.58,Shopping
Uber ride payment | Ref:c7822671 | Amount: INR 45921.61,Travel
SIP investment in mutual fund | Ref:e6426680 | Amount: INR 270.37,Investment
Grocery purchase at Big Bazaar | Ref:2bba4bf0 | Amount: INR 9669.35,Food
MakeMyTrip hotel booking | Ref:c6328118 | Amount: INR 29662.1,Travel
SIP investment in mutual fund | Ref:033a0b55 | Amount: INR 10406.4,Investment
Myntra clothing order | Ref:48e8602c | Amount: INR 48008.71,Shopping
Grocery purchase at Big Bazaar | Ref:3336508b | Amount: INR 38354.04,Food
Amazon online shopping | Ref:6fca8d4e | Amount: INR 7598.98,Shopping
Uber ride payment | Ref:ad143053 | Amount: INR 29652.32,Travel
Restaurant dining at | Ref:2bcba3de | Amount: INR 38533.66,Food
Zerodha stock purchase | Ref:61ba6e92 | Amount: INR 4251.43,Investment
Reliance Digital purchase | Ref:0ff8fe1f | Amount: INR 19392.39,Shopping
Credit card EMI installment | Ref:a90c4d02 | Amount: INR 44686.71,EMI
HDFC home loan EMI | Ref:b41da1fc | Amount: INR 883.3,EMI
Zomato dinner bill | Ref:a1ac2da6 | Amount: INR 28787.07,Food
Uber ride payment | Ref:066947fc | Amount: INR 34278.13,Travel
Personal loan EMI deduction | Ref:9f08d97d | Amount: INR 24770.06,EMI
Reliance Digital purchase | Ref:34efc205 | Amount: INR 40075.32,Shopping
Groww ETF investment | Ref:1bd9e8c7 | Amount: INR 23698.95,Investment
McDonald's meal payment | Ref:d98d713d | Amount: INR 25139.31,Food
SIP investment in mutual fund | Ref:cb32d2c7 | Amount: INR 4431.69,Investment
Reliance Digital purchase | Ref:6d51683f | Amount: INR 9238.53,Shopping
Swiggy order payment | Ref:b6fd01b2 | Amount: INR 28066.23,Food
Zerodha stock purchase | Ref:02201da0 | Amount: INR 23698.75,Investment
Amazon online shopping | Ref:ca042682 | Amount: INR 1580.18,Shopping
Bajaj Finserv EMI payment | Ref:9a9db3bc | Amount: INR 30896.87,EMI
IKEA furniture shopping | Ref:01764255 | Amount: INR 32670.83,Shopping
SIP investment in mutual fund | Ref:522c6dc7 | Amount: INR 16622.92,Investment
Reliance Digital purchase | Ref:39cdf3d3 | Amount: INR 26352.03,Shopping
Zomato dinner bill | Ref:2d6d1c1c | Amount: INR 792.27,Food
Credit card EMI installment | Ref:ce457a76 | Amount: INR 48177.23,EMI
Bajaj Finserv EMI payment | Ref:a2fe8264 | Amount: INR 42081.29,EMI
Personal loan EMI deduction | Ref:e4767e82 | Amount: INR 32384.74,EMI
SIP investment in mutual fund | Ref:eec9ab42 | Amount: INR 5072.47,Investment
Credit card EMI installment | Ref:6507fbf3 | Amount: INR 21416.46,EMI
IKEA furniture shopping | Ref:fb51dbb1 | Amount: INR 26736.26,Shopping
PPF contribution | Ref:f179a4ba | Amount: INR 41731.28,Investment
Ola cab fare | Ref:48db130a | Amount: INR 41372.51,Travel
IRCTC train ticket booking | Ref:deb2d648 | Amount: INR 4893.44,Travel
Cafe coffee purchase at | Ref:45d692f6 | Amount: INR 1151.64,Food
Zerodha stock purchase | Ref:f1b0e03e | Amount: INR 30794.97,Investment
Bajaj Finserv EMI payment | Ref:28f047ba | Amount: INR 24325.58,EMI
SIP investment in mutual fund | Ref:75469f9e | Amount: INR 37319.13,Investment
Zomato dinner bill | Ref:37e75079 | Amount: INR 41634.57,Food
RedBus bus ticket | Ref:dd0eaa5a | Amount: INR 10076.3,Travel
Groww ETF investment | Ref:c4f3cf24 | Amount: INR 40401.64,Investment
Amazon online shopping | Ref:d5fab766 | Amount: INR 23087.15,Shopping
Myntra clothing order | Ref:d46c4d73 | Amount: INR 47365.1,Shopping
PPF contribution | Ref:5ef6af20 | Amount: INR 26191.78,Investment
Amazon online shopping | Ref:9e240fa9 | Amount: INR 20303.3,Shopping
SBI car loan EMI | Ref:bc751894 | Amount: INR 36431.05,EMI
Cafe coffee purchase at | Ref:b89494e8 | Amount: INR 39926.14,Food
Dominos pizza order | Ref:28e76a12 | Amount: INR 5816.23,Food
HDFC home loan EMI | Ref:7e189a35 | Amount: INR 19883.71,EMI
Fixed deposit investment | Ref:8ef98f4c | Amount: INR 33840.56,Investment
Restaurant dining at | Ref:2e78a3f3 | Amount: INR 47782.5,Food
Zomato dinner bill | Ref:d6d7953e | Amount: INR 37719.87,Food
Fixed deposit investment | Ref:07891b61 | Amount: INR 6697.39,Investment
Uber ride payment | Ref:46bbf7c3 | Amount: INR 23826.82,Travel
Fixed deposit investment | Ref:4536572d | Amount: INR 45973.39,Investment
HDFC home loan EMI | Ref:e321a52a | Amount: INR 18105.26,EMI
Zerodha stock purchase | Ref:eef5aa2f | Amount: INR 7379.67,Investment
SIP investment in mutual fund | Ref:f521c25f | Amount: INR 22480.88,Investment
Personal loan EMI deduction | Ref:fc8230b2 | Amount: INR 34471.17,EMI
Flipkart electronics purchase | Ref:1871353b | Amount: INR 43423.3,Shopping
Dominos pizza order | Ref:0ab2918c | Amount: INR 49002.18,Food
Personal loan EMI deduction | Ref:dbecd8a2 | Amount: INR 38835.13,EMI
PPF contribution | Ref:315cb909 | Amount: INR 1522.64,Investment
Credit card EMI installment | Ref:45ebe19e | Amount: INR 20707.15,EMI
Swiggy order payment | Ref:d54976fa | Amount: INR 21114.42,Food
PPF contribution | Ref:27b3952c | Amount: INR 14446.48,Investment
Zomato dinner bill | Ref:99f6b14e | Amount: INR 49837.63,Food
Swiggy order payment | Ref:acd8ae03 | Amount: INR 8421.64,Food
Groww ETF investment | Ref:1d5c50dc | Amount: INR 3494.39,Investment
Cafe coffee purchase at | Ref:8e800efd | Amount: INR 44455.39,Food
IndiGo flight ticket | Ref:a93c906b | Amount: INR 43876.71,Travel
Uber ride payment | Ref:6778b71e | Amount: INR 27913.62,Travel
Groww ETF investment | Ref:1c35836e | Amount: INR 4030.52,Investment
Reliance Digital purchase | Ref:9eb0a22f | Amount: INR 22109.39,Shopping
IKEA furniture shopping | Ref:3d356788 | Amount: INR 16194.25,Shopping
Amazon online shopping | Ref:1e1ab4cc | Amount: INR 22564.97,Shopping
HDFC home loan EMI | Ref:2888cd25 | Amount: INR 25787.72,EMI
Reliance Digital purchase | Ref:9dbaae76 | Amount: INR 43485.52,Shopping
PPF contribution | Ref:1301c1a4 | Amount: INR 11526.68,Investment
IRCTC train ticket booking | Ref:ba3a0be5 | Amount: INR 43128.16,Travel
Personal loan EMI deduction | Ref:e165820c | Amount: INR 26574.82,EMI
HDFC home loan EMI | Ref:9543cc0c | Amount: INR 43527.81,EMI
HDFC home loan EMI | Ref:0112be2c | Amount: INR 23618.45,EMI
Groww ETF investment | Ref:538d86f3 | Amount: INR 11270.44,Investment
IndiGo flight ticket | Ref:83360961 | Amount: INR 16446.68,Travel
Fixed deposit investment | Ref:e9eb374d | Amount: INR 18872.4,Investment
Petrol pump fuel payment | Ref:76c1ff30 | Amount: INR 48269.41,Travel
RedBus bus ticket | Ref:950cbe95 | Amount: INR 1669.98,Travel
Myntra clothing order | Ref:318ee16d | Amount: INR 5671.6,Shopping
Bajaj Finserv EMI payment | Ref:f32c3b7a | Amount: INR 12489.08,EMI
PPF contribution | Ref:412b73dd | Amount: INR 28350.31,Investment
SBI car loan EMI | Ref:cba9412e | Amount: INR 6321.43,EMI
Fixed deposit investment | Ref:a5596cbc | Amount: INR 39772.21,Investment
Reliance Digital purchase | Ref:5aa0f8a0 | Amount: INR 34674.69,Shopping
SBI car loan EMI | Ref:94af6401 | Amount: INR 16917.97,EMI
IRCTC train ticket booking | Ref:aa0a0ff8 | Amount: INR 16341.21,Travel
Ola cab fare | Ref:19280f94 | Amount: INR 15777.4,Travel
MakeMyTrip hotel booking | Ref:466f1731 | Amount: INR 28880.56,Travel
Zerodha stock purchase | Ref:410a7896 | Amount: INR 7508.87,Investment
Zomato dinner bill | Ref:9a9a1d7f | Amount: INR 41099.04,Food
Ola cab fare | Ref:16c52b39 | Amount: INR 26695.58,Travel
Bajaj Finserv EMI payment | Ref:42b44f98 | Amount: INR 4763.95,EMI
Zerodha stock purchase | Ref:7384065a | Amount: INR 41603.82,Investment
Amazon online shopping | Ref:1e83d6b1 | Amount: INR 40069.75,Shopping
SIP investment in mutual fund | Ref:066bd441 | Amount: INR 34815.29,Investment
Uber ride payment | Ref:39c72c6d | Amount: INR 14012.73,Travel
HDFC home loan EMI | Ref:1d133942 | Amount: INR 15761.53,EMI
Groww ETF investment | Ref:a3562cdd | Amount: INR 29102.68,Investment
Zomato dinner bill | Ref:7c6d7442 | Amount: INR 12517.7,Food
Bajaj Finserv EMI payment | Ref:ba8f6d31 | Amount: INR 10150.43,EMI
Cafe coffee purchase at | Ref:81b94f80 | Amount: INR 39959.39,Food
Cafe coffee purchase at | Ref:6efce699 | Amount: INR 27825.21,Food
Bajaj Finserv EMI payment | Ref:3dd994a5 | Amount: INR 28937.05,EMI
Cafe coffee purchase at | Ref:11379c13 | Amount: INR 6855.56,Food
HDFC home loan EMI | Ref:d57b02b9 | Amount: INR 49940.36,EMI
IKEA furniture shopping | Ref:41fe168d | Amount: INR 21967.86,Shopping
SIP investment in mutual fund | Ref:13c55933 | Amount: INR 564.18,Investment
Flipkart electronics purchase | Ref:0194a436 | Amount: INR 18226.7,Shopping
SIP investment in mutual fund | Ref:ce6c8000 | Amount: INR 16200.73,Investment
Amazon online shopping | Ref:b0b05a6d | Amount: INR 39374.48,Shopping
IndiGo flight ticket | Ref:bf06c9be | Amount: INR 36742.58,Travel
PPF contribution | Ref:0d1f70f8 | Amount: INR 16666.1,Investment
Swiggy order payment | Ref:cb6e59ff | Amount: INR 810.91,Food
Groww ETF investment | Ref:60f9da2c | Amount: INR 47566.36,Investment
IKEA furniture shopping | Ref:43db7960 | Amount: INR 3094.83,Shopping
Reliance Digital purchase | Ref:80543c71 | Amount: INR 20045.23,Shopping
Myntra clothing order | Ref:ca152a13 | Amount: INR 10493.34,Shopping
Uber ride payment | Ref:fa700ac6 | Amount: INR 12671.91,Travel
IndiGo flight ticket | Ref:05c3bd49 | Amount: INR 35337.72,Travel
PPF contribution | Ref:a233f2a3 | Amount: INR 27973.29,Investment
Amazon online shopping | Ref:2e2f6830 | Amount: INR 33113.37,Shopping
Dominos pizza order | Ref:898ccea9 | Amount: INR 10091.91,Food
Ola cab fare | Ref:abd5348c | Amount: INR 1162.73,Travel
Ola cab fare | Ref:274afb71 | Amount: INR 24078.33,Travel
SBI car loan EMI | Ref:ab629c1a | Amount: INR 20145.76,EMI
Flipkart electronics purchase | Ref:5ff4cd3c | Amount: INR 10980.82,Shopping
Restaurant dining at | Ref:c294e9cd | Amount: INR 12657.32,Food
Groww ETF investment | Ref:b4be7536 | Amount: INR 46561.6,Investment
Reliance Digital purchase | Ref:d6a7655e | Amount: INR 49612.27,Shopping
IRCTC train ticket booking | Ref:9ad5bf9c | Amount: INR 10125.73,Travel
Bajaj Finserv EMI payment | Ref:1eb8accc | Amount: INR 36760.48,EMI
Fixed deposit investment | Ref:255a67cf | Amount: INR 21063.17,Investment
IKEA furniture shopping | Ref:debc763c | Amount: INR 16924.87,Shopping
Fixed deposit investment | Ref:4ddc7279 | Amount: INR 533.0,Investment
Ola cab fare | Ref:74273bf1 | Amount: INR 27610.58,Travel
Myntra clothing order | Ref:9341bf52 | Amount: INR 4312.14,Shopping
Personal loan EMI deduction | Ref:ae8bf22a | Amount: INR 24234.8,EMI
IKEA furniture shopping | Ref:ce06e2d7 | Amount: INR 31624.39,Shopping
Grocery purchase at Big Bazaar | Ref:6fb48e35 | Amount: INR 44972.73,Food
RedBus bus ticket | Ref:7d7f9820 | Amount: INR 24045.44,Travel
Amazon online shopping | Ref:c2cdfb3a | Amount: INR 33115.4,Shopping
IRCTC train ticket booking | Ref:743e3670 | Amount: INR 23787.33,Travel
PPF contribution | Ref:d5d1b708 | Amount: INR 272.28,Investment
SBI car loan EMI | Ref:6b44d765 | Amount: INR 44770.24,EMI
Ola cab fare | Ref:92f74cf5 | Amount: INR 14459.52,Travel
Zerodha stock purchase | Ref:21f0edc8 | Amount: INR 25179.78,Investment
Restaurant dining at | Ref:397be8fc | Amount: INR 35079.35,Food
SIP investment in mutual fund | Ref:7a5ad1c2 | Amount: INR 13874.27,Investment
Credit card EMI installment | Ref:9ba2d980 | Amount: INR 8823.22,EMI
PPF contribution | Ref:4b372578 | Amount: INR 6929.12,Investment
Petrol pump fuel payment | Ref:5dc2bb84 | Amount: INR 25509.4,Travel
Groww ETF investment | Ref:66201923 | Amount: INR 21742.34,Investment
Restaurant dining at | Ref:ec2a4f40 | Amount: INR 6868.25,Food
SBI car loan EMI | Ref:77345661 | Amount: INR 30903.13,EMI
Groww ETF investment | Ref:39adefcd | Amount: INR 33267.18,Investment
Groww ETF investment | Ref:6ff07fa8 | Amount: INR 28804.0,Investment
Flipkart electronics purchase | Ref:91395793 | Amount: INR 16188.67,Shopping
Uber ride payment | Ref:b602dc2b | Amount: INR 46884.53,Travel
Zerodha stock purchase | Ref:710df671 | Amount: INR 7444.31,Investment
Petrol pump fuel payment | Ref:38b15a58 | Amount: INR 45390.92,Travel
PPF contribution | Ref:3033dcbf | Amount: INR 21831.08,Investment
Swiggy order payment | Ref:eb04ad57 | Amount: INR 32260.8,Food
IRCTC train ticket booking | Ref:8bca0728 | Amount: INR 13004.74,Travel
Ola cab fare | Ref:4d2172b0 | Amount: INR 18763.5,Travel
SBI car loan EMI | Ref:f4f957f9 | Amount: INR 42243.76,EMI
Petrol pump fuel payment | Ref:ff12adad | Amount: INR 2834.07,Travel
Groww ETF investment | Ref:f80559f8 | Amount: INR 42088.59,Investment
Fixed deposit investment | Ref:3b94b2b2 | Amount: INR 10779.66,Investment
Flipkart electronics purchase | Ref:5fc71a06 | Amount: INR 29631.74,Shopping
IKEA furniture shopping | Ref:72f7fc74 | Amount: INR 24194.46,Shopping
SBI car loan EMI | Ref:e1ac0631 | Amount: INR 14947.92,EMI
IKEA furniture shopping | Ref:bfa0b10a | Amount: INR 42487.0,Shopping
IRCTC train ticket booking | Ref:fb76093a | Amount: INR 46239.72,Travel
IRCTC train ticket booking | Ref:ce238d0b | Amount: INR 26510.56,Travel
Groww ETF investment | Ref:cfd92801 | Amount: INR 30213.91,Investment
Groww ETF investment | Ref:a8a52fb6 | Amount: INR 15079.36,Investment
Zomato dinner bill | Ref:fe1a69dd | Amount: INR 21609.07,Food
RedBus bus ticket | Ref:0647a0e7 | Amount: INR 47900.4,Travel
Fixed deposit investment | Ref:217437cc | Amount: INR 48822.26,Investment
Bajaj Finserv EMI payment | Ref:35dba707 | Amount: INR 12367.7,EMI
Uber ride payment | Ref:54bf7d8e | Amount: INR 48896.59,Travel
MakeMyTrip hotel booking | Ref:b48cc742 | Amount: INR 42884.6,Travel
RedBus bus ticket | Ref:2a3d77a6 | Amount: INR 25689.06,Travel
IKEA furniture shopping | Ref:fd93b490 | Amount: INR 22948.06,Shopping
RedBus bus ticket | Ref:d9ed4d36 | Amount: INR 12587.84,Travel
Petrol pump fuel payment | Ref:b144bfb2 | Amount: INR 43824.56,Travel
IKEA furniture shopping | Ref:e58f8fc2 | Amount: INR 35336.22,Shopping
Reliance Digital purchase | Ref:b2d74b93 | Amount: INR 24793.11,Shopping
Zerodha stock purchase | Ref:c5ab7e01 | Amount: INR 30205.29,Investment
SIP investment in mutual fund | Ref:95193509 | Amount: INR 14951.92,Investment
Dominos pizza order | Ref:a49994b1 | Amount: INR 33810.66,Food
Cafe coffee purchase at | Ref:32d7c518 | Amount: INR 1423.14,Food
HDFC home loan EMI | Ref:e5f9e8a2 | Amount: INR 21912.26,EMI
IRCTC train ticket booking | Ref:a5abcafc | Amount: INR 6106.6,Travel
Personal loan EMI deduction | Ref:b4833e29 | Amount: INR 31070.31,EMI
Uber ride payment | Ref:90b99086 | Amount: INR 28111.61,Travel
Personal loan EMI deduction | Ref:f10ecfa2 | Amount: INR 30688.85,EMI
HDFC home loan EMI | Ref:76156fc5 | Amount: INR 11216.51,EMI
Flipkart electronics purchase | Ref:8ce3220f | Amount: INR 13332.62,Shopping
IRCTC train ticket booking | Ref:d43c0ec0 | Amount: INR 14373.77,Travel
SBI car loan EMI | Ref:8fcbcce8 | Amount: INR 21526.56,EMI
SIP investment in mutual fund | Ref:a54dc8f1 | Amount: INR 30127.49,Investment
Myntra clothing order | Ref:f3c4e087 | Amount: INR 32270.21,Shopping
Credit card EMI installment | Ref:b321911e | Amount: INR 7613.99,EMI
Uber ride payment | Ref:e257bca7 | Amount: INR 12635.5,Travel
PPF contribution | Ref:c6ee6aa7 | Amount: INR 28875.76,Investment
Cafe coffee purchase at | Ref:f0fc4ff2 | Amount: INR 38162.15,Food
Amazon online shopping | Ref:c97bf6e2 | Amount: INR 15605.97,Shopping
PPF contribution | Ref:7c46b584 | Amount: INR 38967.81,Investment
Grocery purchase at Big Bazaar | Ref:ef7e8269 | Amount: INR 5227.05,Food
SIP investment in mutual fund | Ref:084d7bb5 | Amount: INR 32348.29,Investment
Dominos pizza order | Ref:3a69cb5e | Amount: INR 35149.72,Food
Flipkart electronics purchase | Ref:2f96dda4 | Amount: INR 34806.68,Shopping
IndiGo flight ticket | Ref:170516b5 | Amount: INR 47986.96,Travel
Flipkart electronics purchase | Ref:4e20ee60 | Amount: INR 16110.26,Shopping
Zomato dinner bill | Ref:cbfcdc11 | Amount: INR 2652.74,Food
Reliance Digital purchase | Ref:62fd6c66 | Amount: INR 2480.12,Shopping
Dominos pizza order | Ref:eddb089a | Amount: INR 35212.94,Food
SIP investment in mutual fund | Ref:c2f86b68 | Amount: INR 5018.02,Investment
Credit card EMI installment | Ref:378d526f | Amount: INR 27953.37,EMI
SBI car loan EMI | Ref:ed4d2eab | Amount: INR 12001.31,EMI
MakeMyTrip hotel booking | Ref:23d6153f | Amount: INR 5610.64,Travel
SBI car loan EMI | Ref:eecf4e69 | Amount: INR 6878.99,EMI
Swiggy order payment | Ref:4f562c77 | Amount: INR 16122.19,Food
Bajaj Finserv EMI payment | Ref:a0a678c6 | Amount: INR 12230.56,EMI
Fixed deposit investment | Ref:2f1c0904 | Amount: INR 870.75,Investment
IndiGo flight ticket | Ref:d06bcf0b | Amount: INR 18426.85,Travel
IRCTC train ticket booking | Ref:32abd525 | Amount: INR 48620.11,Travel
HDFC home loan EMI | Ref:4b47dd2d | Amount: INR 3767.62,EMI
HDFC home loan EMI | Ref:26944f4d | Amount: INR 6116.06,EMI
MakeMyTrip hotel booking | Ref:7fb0c9d1 | Amount: INR 11671.89,Travel
Reliance Digital purchase | Ref:282c36ad | Amount: INR 33991.93,Shopping
HDFC home loan EMI | Ref:d80e598a | Amount: INR 48546.32,EMI
SBI car loan EMI | Ref:2c2832e9 | Amount: INR 45239.69,EMI
HDFC home loan EMI | Ref:38586917 | Amount: INR 11538.76,EMI
Ola cab fare | Ref:139a9ad9 | Amount: INR 9278.25,Travel
Amazon online shopping | Ref:17026003 | Amount: INR 21078.25,Shopping
Groww ETF investment | Ref:6c8d51e9 | Amount: INR 28762.03,Investment
Myntra clothing order | Ref:bfc928a9 | Amount: INR 45647.44,Shopping
Uber ride payment | Ref:3b5e633d | Amount: INR 44793.45,Travel
PPF contribution | Ref:1cf62d9a | Amount: INR 5464.95,Investment
Uber ride payment | Ref:0bd76608 | Amount: INR 38033.87,Travel
Amazon online shopping | Ref:2a9065e7 | Amount: INR 41189.33,Shopping
McDonald's meal payment | Ref:feb3b34d | Amount: INR 4590.23,Food
SBI car loan EMI | Ref:e203472d | Amount: INR 28999.95,EMI
Credit card EMI installment | Ref:e709ec1b | Amount: INR 9234.75,EMI
Uber ride payment | Ref:b1c06f0c | Amount: INR 29791.87,Travel
Dominos pizza order | Ref:dfcdb7d2 | Amount: INR 9541.21,Food
Flipkart electronics purchase | Ref:5396de3e | Amount: INR 38785.21,Shopping
McDonald's meal payment | Ref:4cb4290b | Amount: INR 20119.68,Food
IKEA furniture shopping | Ref:76688cfe | Amount: INR 44486.74,Shopping
MakeMyTrip hotel booking | Ref:e353329f | Amount: INR 27506.38,Travel
Cafe coffee purchase at | Ref:877bc7e0 | Amount: INR 6447.95,Food
PPF contribution | Ref:7c0b1e94 | Amount: INR 37986.69,Investment
PPF contribution | Ref:ed8a970a | Amount: INR 15837.27,Investment
Credit card EMI installment | Ref:af9f7d7f | Amount: INR 36047.16,EMI
SIP investment in mutual fund | Ref:ebb42151 | Amount: INR 31921.85,Investment
SBI car loan EMI | Ref:b3065aff | Amount: INR 18534.15,EMI
Personal loan EMI deduction | Ref:b963f46f | Amount: INR 2064.47,EMI
IKEA furniture shopping | Ref:340576fd | Amount: INR 38191.3,Shopping
RedBus bus ticket | Ref:2d4a91fd | Amount: INR 45356.29,Travel
Fixed deposit investment | Ref:50fc474b | Amount: INR 27793.27,Investment
Fixed deposit investment | Ref:29c55b21 | Amount: INR 22876.58,Investment
MakeMyTrip hotel booking | Ref:02b27a00 | Amount: INR 5909.94,Travel
Uber ride payment | Ref:84bc3448 | Amount: INR 43028.04,Travel
SIP investment in mutual fund | Ref:b7e85019 | Amount: INR 2294.21,Investment
Reliance Digital purchase | Ref:e7965897 | Amount: INR 11633.69,Shopping
Personal loan EMI deduction | Ref:ca0caac3 | Amount: INR 29711.31,EMI
Uber ride payment | Ref:e28a3e2b | Amount: INR 9580.56,Travel
Uber ride payment | Ref:817384b8 | Amount: INR 15594.21,Travel
HDFC home loan EMI | Ref:7217bcaf | Amount: INR 30833.17,EMI
Myntra clothing order | Ref:0dea7948 | Amount: INR 10265.2,Shopping
HDFC home loan EMI | Ref:00b41d54 | Amount: INR 23321.79,EMI
RedBus bus ticket | Ref:ca172291 | Amount: INR 16405.42,Travel
Reliance Digital purchase | Ref:0149f227 | Amount: INR 19829.6,Shopping
Restaurant dining at | Ref:be5bac52 | Amount: INR 9117.89,Food
Zomato dinner bill | Ref:7fb7f7fa | Amount: INR 26794.09,Food
Restaurant dining at | Ref:d692f540 | Amount: INR 1346.81,Food
Fixed deposit investment | Ref:a111925b | Amount: INR 48032.25,Investment
Restaurant dining at | Ref:fcedc7dd | Amount: INR 23320.59,Food
Fixed deposit investment | Ref:cb9f078e | Amount: INR 33620.47,Investment
IKEA furniture shopping | Ref:17ef6b15 | Amount: INR 33490.82,Shopping
IKEA furniture shopping | Ref:ef54ffe7 | Amount: INR 28092.54,Shopping
PPF contribution | Ref:96fc6736 | Amount: INR 25657.19,Investment
Credit card EMI installment | Ref:215cef99 | Amount: INR 6002.42,EMI
SIP investment in mutual fund | Ref:ab63dfd6 | Amount: INR 47277.4,Investment
McDonald's meal payment | Ref:bca91bb7 | Amount: INR 25537.48,Food
Zomato dinner bill | Ref:4cbda717 | Amount: INR 7202.9,Food
Dominos pizza order | Ref:7ea297e7 | Amount: INR 5751.83,Food
McDonald's meal payment | Ref:4ad2ea87 | Amount: INR 40974.09,Food
Bajaj Finserv EMI payment | Ref:11d703ab | Amount: INR 9694.32,EMI
IndiGo flight ticket | Ref:9c542179 | Amount: INR 37402.31,Travel
Personal loan EMI deduction | Ref:b355c0f2 | Amount: INR 31627.01,EMI
Zerodha stock purchase | Ref:1cd3bd31 | Amount: INR 18518.11,Investment
Restaurant dining at | Ref:8cd0ce68 | Amount: INR 44171.8,Food
Flipkart electronics purchase | Ref:2f296349 | Amount: INR 28863.85,Shopping
Personal loan EMI deduction | Ref:be0fad71 | Amount: INR 6109.55,EMI
Swiggy order payment | Ref:9b3b1694 | Amount: INR 26062.56,Food
Amazon online shopping | Ref:3074b705 | Amount: INR 255.29,Shopping
Fixed deposit investment | Ref:d8839154 | Amount: INR 42989.01,Investment
Grocery purchase at Big Bazaar | Ref:06f75249 | Amount: INR 32418.31,Food
Credit card EMI installment | Ref:4513dcf2 | Amount: INR 19551.82,EMI
Grocery purchase at Big Bazaar | Ref:25dcea96 | Amount: INR 42575.05,Food
Cafe coffee purchase at | Ref:389aba10 | Amount: INR 37242.43,Food
Groww ETF investment | Ref:d3f82532 | Amount: INR 34838.02,Investment
Fixed deposit investment | Ref:bf8e50e6 | Amount: INR 24857.73,Investment
Ola cab fare | Ref:73e37af2 | Amount: INR 48515.38,Travel
SIP investment in mutual fund | Ref:3bed62d9 | Amount: INR 49624.69,Investment
Restaurant dining at | Ref:a03b99fe | Amount: INR 27309.96,Food
Petrol pump fuel payment | Ref:52f2d33b | Amount: INR 42628.51,Travel
IndiGo flight ticket | Ref:b2d537ca | Amount: INR 25972.24,Travel
IKEA furniture shopping | Ref:b198564a | Amount: INR 35209.24,Shopping
Dominos pizza order | Ref:dec5348e | Amount: INR 27051.18,Food
Bajaj Finserv EMI payment | Ref:0858e1d5 | Amount: INR 19693.7,EMI
MakeMyTrip hotel booking | Ref:af9e6ecf | Amount: INR 4737.7,Travel
Personal loan EMI deduction | Ref:e410085a | Amount: INR 38737.59,EMI
MakeMyTrip hotel booking | Ref:56bd02e1 | Amount: INR 45380.02,Travel
Grocery purchase at Big Bazaar | Ref:e3e5cd03 | Amount: INR 3220.88,Food
Ola cab fare | Ref:2514db4a | Amount: INR 36660.22,Travel
Ola cab fare | Ref:faa77a4b | Amount: INR 25663.58,Travel
RedBus bus ticket | Ref:3f888306 | Amount: INR 31997.07,Travel
Groww ETF investment | Ref:5bc64140 | Amount: INR 49972.21,Investment
Zerodha stock purchase | Ref:c36c4db3 | Amount: INR 13963.33,Investment
Cafe coffee purchase at | Ref:12ea86f8 | Amount: INR 26742.08,Food
Credit card EMI installment | Ref:33064ea1 | Amount: INR 15613.26,EMI
IRCTC train ticket booking | Ref:5a2a4d07 | Amount: INR 33931.43,Travel
Reliance Digital purchase | Ref:f484f480 | Amount: INR 22632.6,Shopping
Restaurant dining at | Ref:15fd3ee9 | Amount: INR 27968.16,Food
HDFC home loan EMI | Ref:d91f5a26 | Amount: INR 26737.89,EMI
Myntra clothing order | Ref:fcc6a20e | Amount: INR 27811.76,Shopping
Amazon online shopping | Ref:96954847 | Amount: INR 36197.06,Shopping
PPF contribution | Ref:08af8638 | Amount: INR 27217.94,Investment
IRCTC train ticket booking | Ref:ebab1149 | Amount: INR 23390.13,Travel
SIP investment in mutual fund | Ref:ca71902d | Amount: INR 14943.94,Investment
Swiggy order payment | Ref:74d3c8ad | Amount: INR 36171.77,Food
Cafe coffee purchase at | Ref:5f80b2b7 | Amount: INR 29205.92,Food
Ola cab fare | Ref:b0896c8e | Amount: INR 33295.89,Travel
Zerodha stock purchase | Ref:d340cd6f | Amount: INR 29835.78,Investment
Flipkart electronics purchase | Ref:0d149b8b | Amount: INR 15261.86,Shopping
Groww ETF investment | Ref:4b0a02e5 | Amount: INR 41883.19,Investment
Dominos pizza order | Ref:73be0810 | Amount: INR 11527.08,Food
Cafe coffee purchase at | Ref:3ca2fd88 | Amount: INR 10218.53,Food
SBI car loan EMI | Ref:4a86a3c0 | Amount: INR 42652.71,EMI
Bajaj Finserv EMI payment | Ref:dff9361e | Amount: INR 38179.86,EMI
Credit card EMI installment | Ref:e0d704fb | Amount: INR 26135.0,EMI
Credit card EMI installment | Ref:dba703f0 | Amount: INR 11330.23,EMI
Uber ride payment | Ref:a3b05363 | Amount: INR 6011.77,Travel
Zomato dinner bill | Ref:3a432468 | Amount: INR 25609.68,Food
Restaurant dining at | Ref:a28d2679 | Amount: INR 2327.24,Food
Groww ETF investment | Ref:9823f80a | Amount: INR 25732.4,Investment
Cafe coffee purchase at | Ref:c4c950cc | Amount: INR 6842.54,Food
Ola cab fare | Ref:58cb0bfe | Amount: INR 32150.39,Travel
Groww ETF investment | Ref:a0a34867 | Amount: INR 36544.46,Investment
SIP investment in mutual fund | Ref:fe4b3fd9 | Amount: INR 16866.67,Investment
IRCTC train ticket booking | Ref:ab457237 | Amount: INR 15410.96,Travel
Zomato dinner bill | Ref:73f564c1 | Amount: INR 25219.6,Food
Personal loan EMI deduction | Ref:42a36a72 | Amount: INR 4851.5,EMI
PPF contribution | Ref:80df40ac | Amount: INR 20075.64,Investment
Fixed deposit investment | Ref:56d334cf | Amount: INR 30352.75,Investment
Amazon online shopping | Ref:75b6cd16 | Amount: INR 45198.41,Shopping
Bajaj Finserv EMI payment | Ref:b9dd10cb | Amount: INR 6670.31,EMI
Credit card EMI installment | Ref:6e464928 | Amount: INR 34278.3,EMI
Flipkart electronics purchase | Ref:e6299b9d | Amount: INR 8695.62,Shopping
Uber ride payment | Ref:8ba6c752 | Amount: INR 6435.21,Travel
Groww ETF investment | Ref:9ebd119f | Amount: INR 29913.49,Investment
Zomato dinner bill | Ref:990e0f8a | Amount: INR 44017.58,Food
SIP investment in mutual fund | Ref:c6a299eb | Amount: INR 5177.03,Investment
MakeMyTrip hotel booking | Ref:664e2f69 | Amount: INR 19245.31,Travel
Ola cab fare | Ref:948e397f | Amount: INR 10858.41,Travel
SIP investment in mutual fund | Ref:d91670e9 | Amount: INR 6762.22,Investment
PPF contribution | Ref:c787147d | Amount: INR 47726.51,Investment
Reliance Digital purchase | Ref:54b4c6a5 | Amount: INR 25676.61,Shopping
SIP investment in mutual fund | Ref:1722529d | Amount: INR 5379.82,Investment
Petrol pump fuel payment | Ref:4a6d16f3 | Amount: INR 29745.34,Travel
Swiggy order payment | Ref:ef0e4034 | Amount: INR 49839.23,Food
MakeMyTrip hotel booking | Ref:76b371e7 | Amount: INR 26309.79,Travel
IKEA furniture shopping | Ref:4b254c44 | Amount: INR 28296.94,Shopping
Amazon online shopping | Ref:8b80aaf4 | Amount: INR 27241.41,Shopping
IKEA furniture shopping | Ref:0375abc3 | Amount: INR 30821.55,Shopping
IndiGo flight ticket | Ref:e81948f0 | Amount: INR 32548.79,Travel
Flipkart electronics purchase | Ref:389578cb | Amount: INR 515.5,Shopping
PPF contribution | Ref:10be5153 | Amount: INR 9196.07,Investment
Flipkart electronics purchase | Ref:1df3793a | Amount: INR 40430.75,Shopping
SIP investment in mutual fund | Ref:20474d4e | Amount: INR 31342.89,Investment
Flipkart electronics purchase | Ref:d36594d9 | Amount: INR 29339.84,Shopping
McDonald's meal payment | Ref:98891049 | Amount: INR 14340.34,Food
Zerodha stock purchase | Ref:73cd1bd4 | Amount: INR 30091.46,Investment
IndiGo flight ticket | Ref:3375aed7 | Amount: INR 25004.91,Travel
Groww ETF investment | Ref:eced933e | Amount: INR 19950.62,Investment
Credit card EMI installment | Ref:fe024407 | Amount: INR 31342.71,EMI
Uber ride payment | Ref:12edc742 | Amount: INR 22981.78,Travel
Uber ride payment | Ref:301a09ff | Amount: INR 17073.67,Travel
Zerodha stock purchase | Ref:d42b5588 | Amount: INR 49251.37,Investment
Ola cab fare | Ref:22e645ff | Amount: INR 9553.58,Travel
Reliance Digital purchase | Ref:e6d05fb5 | Amount: INR 23270.44,Shopping
IKEA furniture shopping | Ref:ae27bd84 | Amount: INR 14185.79,Shopping
Personal loan EMI deduction | Ref:24f623f9 | Amount: INR 35992.62,EMI
Swiggy order payment | Ref:d0eae976 | Amount: INR 17591.16,Food
Credit card EMI installment | Ref:5d3a8f40 | Amount: INR 7614.08,EMI
Zomato dinner bill | Ref:d2175313 | Amount: INR 44114.28,Food
SIP investment in mutual fund | Ref:29fa3bb0 | Amount: INR 48140.27,Investment
Personal loan EMI deduction | Ref:20618d76 | Amount: INR 26549.44,EMI
HDFC home loan EMI | Ref:c83bdb8f | Amount: INR 21544.63,EMI
Swiggy order payment | Ref:38d5e52f | Amount: INR 25034.98,Food
Credit card EMI installment | Ref:283ddc2b | Amount: INR 46958.03,EMI
Flipkart electronics purchase | Ref:dbe27d4a | Amount: INR 35605.02,Shopping
IRCTC train ticket booking | Ref:128c44c8 | Amount: INR 45740.66,Travel
IKEA furniture shopping | Ref:929d211e | Amount: INR 23917.48,Shopping
McDonald's meal payment | Ref:e5326fc2 | Amount: INR 40109.36,Food
Credit card EMI installment | Ref:3427dfbb | Amount: INR 1073.68,EMI
Personal loan EMI deduction | Ref:0c828636 | Amount: INR 21321.17,EMI
Swiggy order payment | Ref:43ccadfb | Amount: INR 13159.49,Food
IndiGo flight ticket | Ref:56e77997 | Amount: INR 46782.84,Travel
Dominos pizza order | Ref:2d805e0b | Amount: INR 15564.96,Food
Reliance Digital purchase | Ref:965e82f5 | Amount: INR 8141.67,Shopping
Flipkart electronics purchase | Ref:9c488f3a | Amount: INR 33329.54,Shopping
HDFC home loan EMI | Ref:9f00f91a | Amount: INR 3215.29,EMI
IKEA furniture shopping | Ref:a4360cdf | Amount: INR 48374.42,Shopping
Ola cab fare | Ref:e1376a3f | Amount: INR 43007.54,Travel
Grocery purchase at Big Bazaar | Ref:94c192c3 | Amount: INR 32582.52,Food
Zerodha stock purchase | Ref:36f8d15f | Amount: INR 15514.37,Investment
Fixed deposit investment | Ref:9bc5ca25 | Amount: INR 32504.38,Investment
Zerodha stock purchase | Ref:819972b5 | Amount: INR 41725.75,Investment
MakeMyTrip hotel booking | Ref:f2fcd3c9 | Amount: INR 35073.75,Travel
Fixed deposit investment | Ref:8a2fb11f | Amount: INR 45537.64,Investment
Cafe coffee purchase at | Ref:93dabe7b | Amount: INR 17712.22,Food
McDonald's meal payment | Ref:89ab5a55 | Amount: INR 5892.8,Food
SBI car loan EMI | Ref:a764a483 | Amount: INR 48017.24,EMI
Amazon online shopping | Ref:5dafc81c | Amount: INR 28802.49,Shopping
IndiGo flight ticket | Ref:5617d16a | Amount: INR 495.22,Travel
Reliance Digital purchase | Ref:bb185018 | Amount: INR 5043.31,Shopping
Myntra clothing order | Ref:98595365 | Amount: INR 16705.31,Shopping
Restaurant dining at | Ref:456a5799 | Amount: INR 5161.22,Food
Zerodha stock purchase | Ref:8629a140 | Amount: INR 38695.4,Investment
Bajaj Finserv EMI payment | Ref:895f0402 | Amount: INR 13115.0,EMI
Cafe coffee purchase at | Ref:b423fb38 | Amount: INR 25769.44,Food
Petrol pump fuel payment | Ref:8c81af23 | Amount: INR 23685.65,Travel
HDFC home loan EMI | Ref:7404cd78 | Amount: INR 27100.38,EMI
Myntra clothing order | Ref:8e9dc32f | Amount: INR 37048.2,Shopping
PPF contribution | Ref:55f2166c | Amount: INR 15484.05,Investment
IndiGo flight ticket | Ref:7f550798 | Amount: INR 21385.58,Travel
Uber ride payment | Ref:86738415 | Amount: INR 13784.38,Travel
SIP investment in mutual fund | Ref:040daeea | Amount: INR 40246.09,Investment
Ola cab fare | Ref:132ef2b6 | Amount: INR 19041.36,Travel
Reliance Digital purchase | Ref:4ad6a76e | Amount: INR 14221.01,Shopping
Bajaj Finserv EMI payment | Ref:dd489158 | Amount: INR 46315.54,EMI
HDFC home loan EMI | Ref:d54a66ba | Amount: INR 7507.13,EMI
Restaurant dining at | Ref:58c98d92 | Amount: INR 48860.08,Food
Personal loan EMI deduction | Ref:4f80e178 | Amount: INR 46532.75,EMI
Zomato dinner bill | Ref:1f949411 | Amount: INR 31496.45,Food
Zerodha stock purchase | Ref:0f6f02b5 | Amount: INR 2772.52,Investment
Restaurant dining at | Ref:de2b7490 | Amount: INR 940.92,Food
SIP investment in mutual fund | Ref:06a71ada | Amount: INR 5508.24,Investment
IKEA furniture shopping | Ref:38d0f939 | Amount: INR 3010.3,Shopping
Dominos pizza order | Ref:7c8270fd | Amount: INR 34428.45,Food
Reliance Digital purchase | Ref:1c309bc5 | Amount: INR 4467.14,Shopping
Amazon online shopping | Ref:c646abbf | Amount: INR 24295.04,Shopping
SBI car loan EMI | Ref:edd3a79d | Amount: INR 23971.59,EMI
HDFC home loan EMI | Ref:9bbfc68b | Amount: INR 47324.07,EMI
SBI car loan EMI | Ref:47d46794 | Amount: INR 26331.29,EMI
Dominos pizza order | Ref:1c62ff15 | Amount: INR 2253.95,Food
Ola cab fare | Ref:bd1368ce | Amount: INR 49108.51,Travel
IKEA furniture shopping | Ref:f1576364 | Amount: INR 12971.57,Shopping
RedBus bus ticket | Ref:a63d8313 | Amount: INR 46566.06,Travel
Uber ride payment | Ref:1b4946bd | Amount: INR 23536.81,Travel
PPF contribution | Ref:e5110b8d | Amount: INR 18828.41,Investment
SBI car loan EMI | Ref:9a957480 | Amount: INR 31950.42,EMI
Cafe coffee purchase at | Ref:2dc3872b | Amount: INR 10959.97,Food
Groww ETF investment | Ref:41a5f42b | Amount: INR 14914.99,Investment
SIP investment in mutual fund | Ref:9f775855 | Amount: INR 38261.0,Investment
Personal loan EMI deduction | Ref:87c07699 | Amount: INR 45543.62,EMI
Personal loan EMI deduction | Ref:753a76eb | Amount: INR 42695.03,EMI
Credit card EMI installment | Ref:04fd39e5 | Amount: INR 23118.17,EMI
HDFC home loan EMI | Ref:46bceb73 | Amount: INR 9061.78,EMI
SIP investment in mutual fund | Ref:c4bdbff0 | Amount: INR 48767.21,Investment
Bajaj Finserv EMI payment | Ref:3a59f03b | Amount: INR 48983.04,EMI
HDFC home loan EMI | Ref:ead34200 | Amount: INR 47243.42,EMI
Myntra clothing order | Ref:d3dd42f8 | Amount: INR 13230.29,Shopping
IRCTC train ticket booking | Ref:f5948950 | Amount: INR 7064.99,Travel
SIP investment in mutual fund | Ref:62ab8b21 | Amount: INR 36561.29,Investment
IKEA furniture shopping | Ref:3b71cbdb | Amount: INR 46064.79,Shopping
Ola cab fare | Ref:51b5a5c1 | Amount: INR 2573.46,Travel
PPF contribution | Ref:1b24eb72 | Amount: INR 11819.94,Investment
Grocery purchase at Big Bazaar | Ref:dc8f1264 | Amount: INR 10889.05,Food
Dominos pizza order | Ref:87eec990 | Amount: INR 37006.35,Food
Credit card EMI installment | Ref:ed753375 | Amount: INR 8157.5,EMI
Bajaj Finserv EMI payment | Ref:4506b8bb | Amount: INR 10463.15,EMI
IndiGo flight ticket | Ref:c193d7b4 | Amount: INR 21641.16,Travel
Bajaj Finserv EMI payment | Ref:8a222a50 | Amount: INR 36092.63,EMI
MakeMyTrip hotel booking | Ref:49f8490a | Amount: INR 26772.73,Travel
MakeMyTrip hotel booking | Ref:ac0e63ad | Amount: INR 17449.72,Travel
Ola cab fare | Ref:cb4beb6a | Amount: INR 1196.56,Travel
Fixed deposit investment | Ref:3a6c327e | Amount: INR 25380.47,Investment
Swiggy order payment | Ref:ec0cb5b7 | Amount: INR 49929.41,Food
Zerodha stock purchase | Ref:e8aa95e6 | Amount: INR 44054.69,Investment
Dominos pizza order | Ref:5950bc73 | Amount: INR 36050.05,Food
PPF contribution | Ref:7b266078 | Amount: INR 19845.58,Investment
IRCTC train ticket booking | Ref:8f525798 | Amount: INR 33076.0,Travel
PPF contribution | Ref:553699b9 | Amount: INR 35548.76,Investment
Zomato dinner bill | Ref:9652316d | Amount: INR 7794.87,Food
Credit card EMI installment | Ref:239aff3d | Amount: INR 29867.1,EMI
Restaurant dining at | Ref:8fb95427 | Amount: INR 40365.04,Food
PPF contribution | Ref:861ca778 | Amount: INR 42438.38,Investment
RedBus bus ticket | Ref:f73a042c | Amount: INR 5995.31,Travel
McDonald's meal payment | Ref:3a97d99d | Amount: INR 47255.38,Food
HDFC home loan EMI | Ref:36a9b214 | Amount: INR 40117.25,EMI
Grocery purchase at Big Bazaar | Ref:e620f695 | Amount: INR 49958.84,Food
Dominos pizza order | Ref:3459815b | Amount: INR 27423.8,Food
Zerodha stock purchase | Ref:ddd8f941 | Amount: INR 33235.35,Investment
Reliance Digital purchase | Ref:5c7372d3 | Amount: INR 48753.82,Shopping
PPF contribution | Ref:b5803383 | Amount: INR 8407.54,Investment
Myntra clothing order | Ref:d8a55a52 | Amount: INR 18511.21,Shopping
Zerodha stock purchase | Ref:397e7e36 | Amount: INR 9031.33,Investment
MakeMyTrip hotel booking | Ref:3e472a83 | Amount: INR 20626.42,Travel
Reliance Digital purchase | Ref:044304af | Amount: INR 3187.22,Shopping
IKEA furniture shopping | Ref:54a5f1a8 | Amount: INR 17118.86,Shopping
Personal loan EMI deduction | Ref:2f5b82fb | Amount: INR 27667.51,EMI
Swiggy order payment | Ref:87b4486f | Amount: INR 10919.71,Food
Ola cab fare | Ref:9b097ab7 | Amount: INR 14691.36,Travel
PPF contribution | Ref:0a5bbc73 | Amount: INR 14320.85,Investment
IKEA furniture shopping | Ref:fbb65b47 | Amount: INR 43991.71,Shopping
Personal loan EMI deduction | Ref:066d9d55 | Amount: INR 21455.1,EMI
Swiggy order payment | Ref:5ba33f97 | Amount: INR 40668.26,Food
SBI car loan EMI | Ref:2ae0b8b3 | Amount: INR 26675.36,EMI
Ola cab fare | Ref:e1045646 | Amount: INR 17254.82,Travel
IKEA furniture shopping | Ref:b0196ec6 | Amount: INR 47217.83,Shopping
SBI car loan EMI | Ref:5c94c808 | Amount: INR 19792.3,EMI
SBI car loan EMI | Ref:ced1e098 | Amount: INR 28092.49,EMI
Swiggy order payment | Ref:4d574c36 | Amount: INR 44583.43,Food
Credit card EMI installment | Ref:a4883334 | Amount: INR 22699.18,EMI
Restaurant dining at | Ref:a4e7042d | Amount: INR 26754.58,Food
IKEA furniture shopping | Ref:a1e01ae6 | Amount: INR 35752.47,Shopping
Zomato dinner bill | Ref:337b61ef | Amount: INR 26896.68,Food
Flipkart electronics purchase | Ref:450f137a | Amount: INR 15663.5,Shopping
Zomato dinner bill | Ref:1f11cac8 | Amount: INR 3416.65,Food
Myntra clothing order | Ref:a1a5aa21 | Amount: INR 4899.95,Shopping
Cafe coffee purchase at | Ref:fdf93e9a | Amount: INR 8008.73,Food
Ola cab fare | Ref:1cb0d34a | Amount: INR 26487.72,Travel
Personal loan EMI deduction | Ref:cc41889b | Amount: INR 37691.21,EMI
Reliance Digital purchase | Ref:a5080474 | Amount: INR 33869.32,Shopping
Uber ride payment | Ref:48047f75 | Amount: INR 20937.06,Travel
IKEA furniture shopping | Ref:5308f2ce | Amount: INR 5984.61,Shopping
SIP investment in mutual fund | Ref:2e4cd854 | Amount: INR 17840.67,Investment
HDFC home loan EMI | Ref:0d898ff6 | Amount: INR 41252.26,EMI
Credit card EMI installment | Ref:3de27b62 | Amount: INR 3030.67,EMI
Credit card EMI installment | Ref:8321a579 | Amount: INR 47822.83,EMI
Amazon online shopping | Ref:cf436831 | Amount: INR 40900.6,Shopping
Groww ETF investment | Ref:4cf922a7 | Amount: INR 39564.28,Investment
Groww ETF investment | Ref:183f2e45 | Amount: INR 27072.67,Investment
Cafe coffee purchase at | Ref:a71107f5 | Amount: INR 30618.0,Food
Flipkart electronics purchase | Ref:ff90d43a | Amount: INR 37065.52,Shopping
IRCTC train ticket booking | Ref:e3de527f | Amount: INR 20444.16,Travel
Reliance Digital purchase | Ref:c42ac4af | Amount: INR 17609.21,Shopping
Groww ETF investment | Ref:3113775a | Amount: INR 23211.04,Investment
Cafe coffee purchase at | Ref:d365a177 | Amount: INR 9392.14,Food
MakeMyTrip hotel booking | Ref:c11983f6 | Amount: INR 29178.23,Travel
IKEA furniture shopping | Ref:57756a6b | Amount: INR 19848.05,Shopping
Amazon online shopping | Ref:c48ee083 | Amount: INR 3709.37,Shopping
Zomato dinner bill | Ref:6fb63408 | Amount: INR 20946.16,Food
Myntra clothing order | Ref:e52b228c | Amount: INR 5487.36,Shopping
Flipkart electronics purchase | Ref:647c6074 | Amount: INR 32774.67,Shopping
Bajaj Finserv EMI payment | Ref:a7aae32b | Amount: INR 13027.39,EMI
Restaurant dining at | Ref:feac734e | Amount: INR 9690.42,Food
HDFC home loan EMI | Ref:7a997fbd | Amount: INR 21863.75,EMI
Cafe coffee purchase at | Ref:c00a3257 | Amount: INR 19884.95,Food
Grocery purchase at Big Bazaar | Ref:e80dbf40 | Amount: INR 16554.43,Food
PPF contribution | Ref:6db850de | Amount: INR 38603.16,Investment
Bajaj Finserv EMI payment | Ref:a8f3a7d9 | Amount: INR 30200.66,EMI
Dominos pizza order | Ref:aecfd29b | Amount: INR 15351.59,Food
Swiggy order payment | Ref:84d85719 | Amount: INR 14128.18,Food
Myntra clothing order | Ref:0a71eabd | Amount: INR 43900.78,Shopping
Personal loan EMI deduction | Ref:15833966 | Amount: INR 28532.14,EMI
Reliance Digital purchase | Ref:540a842c | Amount: INR 796.57,Shopping
Flipkart electronics purchase | Ref:c4a162c8 | Amount: INR 33160.92,Shopping
Reliance Digital purchase | Ref:9c0f2bd6 | Amount: INR 40190.92,Shopping
Dominos pizza order | Ref:95604831 | Amount: INR 31682.7,Food
Flipkart electronics purchase | Ref:29856248 | Amount: INR 32657.21,Shopping
IKEA furniture shopping | Ref:a5908015 | Amount: INR 46514.85,Shopping
IKEA furniture shopping | Ref:d991cfc9 | Amount: INR 44895.68,Shopping
SIP investment in mutual fund | Ref:cae8b6d1 | Amount: INR 8120.52,Investment
Flipkart electronics purchase | Ref:5b0eec30 | Amount: INR 10269.41,Shopping
Groww ETF investment | Ref:251349fe | Amount: INR 7491.91,Investment
RedBus bus ticket | Ref:cb961acb | Amount: INR 885.13,Travel
SBI car loan EMI | Ref:265f7b85 | Amount: INR 4948.3,EMI
McDonald's meal payment | Ref:90cc4fcb | Amount: INR 10309.04,Food
IRCTC train ticket booking | Ref:b242007a | Amount: INR 44938.22,Travel
IndiGo flight ticket | Ref:5623603e | Amount: INR 27486.11,Travel
Swiggy order payment | Ref:c7df0e8b | Amount: INR 13682.33,Food
Groww ETF investment | Ref:31bc690f | Amount: INR 48488.96,Investment
Flipkart electronics purchase | Ref:45566bae | Amount: INR 14052.53,Shopping
PPF contribution | Ref:f07d6d8e | Amount: INR 20040.04,Investment
Cafe coffee purchase at | Ref:d66adbc4 | Amount: INR 45457.05,Food
McDonald's meal payment | Ref:1a0777d2 | Amount: INR 43517.95,Food
Personal loan EMI deduction | Ref:603cdba2 | Amount: INR 27351.93,EMI
Dominos pizza order | Ref:68bdc449 | Amount: INR 28023.51,Food
SIP investment in mutual fund | Ref:da50cdb2 | Amount: INR 6294.83,Investment
McDonald's meal payment | Ref:cf622742 | Amount: INR 6420.41,Food
Fixed deposit investment | Ref:f4cc5bfb | Amount: INR 8495.39,Investment
RedBus bus ticket | Ref:b930933b | Amount: INR 36893.77,Travel
Grocery purchase at Big Bazaar | Ref:c0ba2090 | Amount: INR 44875.54,Food
Restaurant dining at | Ref:998aa2aa | Amount: INR 10928.86,Food
Swiggy order payment | Ref:d4634dea | Amount: INR 40452.78,Food
HDFC home loan EMI | Ref:2e8ee984 | Amount: INR 1201.53,EMI
SIP investment in mutual fund | Ref:557e1dee | Amount: INR 22409.87,Investment
IRCTC train ticket booking | Ref:5157a65b | Amount: INR 32917.71,Travel
Reliance Digital purchase | Ref:0cba7877 | Amount: INR 35941.06,Shopping
Uber ride payment | Ref:f9fa7f9a | Amount: INR 7511.4,Travel
PPF contribution | Ref:707f8f2c | Amount: INR 46980.41,Investment
RedBus bus ticket | Ref:8d283bc3 | Amount: INR 19929.9,Travel
Personal loan EMI deduction | Ref:689768b7 | Amount: INR 8118.19,EMI
Cafe coffee purchase at | Ref:715c3b22 | Amount: INR 4806.22,Food
Flipkart electronics purchase | Ref:b4d09350 | Amount: INR 8211.95,Shopping
Uber ride payment | Ref:23999fd6 | Amount: INR 20081.69,Travel
MakeMyTrip hotel booking | Ref:1aaef966 | Amount: INR 15591.19,Travel
SBI car loan EMI | Ref:2c1f79c8 | Amount: INR 22204.91,EMI
SBI car loan EMI | Ref:3ad7a888 | Amount: INR 16077.97,EMI
Ola cab fare | Ref:c5790c11 | Amount: INR 14450.92,Travel
SBI car loan EMI | Ref:9664945b | Amount: INR 16023.44,EMI
Bajaj Finserv EMI payment | Ref:ac067d43 | Amount: INR 6853.72,EMI
Zerodha stock purchase | Ref:71c1515f | Amount: INR 23067.14,Investment
Cafe coffee purchase at | Ref:86b295f8 | Amount: INR 2496.27,Food
Zomato dinner bill | Ref:c74c11b1 | Amount: INR 26151.76,Food
MakeMyTrip hotel booking | Ref:eba5d1ab | Amount: INR 35180.25,Travel
Ola cab fare | Ref:06fdd7cf | Amount: INR 33218.62,Travel
Groww ETF investment | Ref:2e8a4a3b | Amount: INR 27153.85,Investment
Grocery purchase at Big Bazaar | Ref:b3214edb | Amount: INR 19629.63,Food
McDonald's meal payment | Ref:e1bf3c88 | Amount: INR 46941.03,Food
Personal loan EMI deduction | Ref:d42c08b7 | Amount: INR 23881.22,EMI
Myntra clothing order | Ref:ed1c101e | Amount: INR 16081.53,Shopping
IKEA furniture shopping | Ref:84e5caab | Amount: INR 8432.54,Shopping
HDFC home loan EMI | Ref:583a1287 | Amount: INR 10155.97,EMI
Bajaj Finserv EMI payment | Ref:8812d299 | Amount: INR 4200.51,EMI
Amazon online shopping | Ref:355bc5d7 | Amount: INR 18544.31,Shopping
Petrol pump fuel payment | Ref:b33b736b | Amount: INR 5722.21,Travel
Credit card EMI installment | Ref:27ca4353 | Amount: INR 45538.18,EMI
IKEA furniture shopping | Ref:de813196 | Amount: INR 10759.22,Shopping
Reliance Digital purchase | Ref:a086e8a7 | Amount: INR 19812.38,Shopping
Dominos pizza order | Ref:d0a33f0b | Amount: INR 20471.53,Food
Bajaj Finserv EMI payment | Ref:b2299206 | Amount: INR 31181.81,EMI
Bajaj Finserv EMI payment | Ref:e82e7768 | Amount: INR 28616.69,EMI
Myntra clothing order | Ref:25d8e73b | Amount: INR 30097.62,Shopping
McDonald's meal payment | Ref:c0524f8c | Amount: INR 19539.7,Food
SIP investment in mutual fund | Ref:7ed2b6ae | Amount: INR 18624.34,Investment
Bajaj Finserv EMI payment | Ref:faeffb92 | Amount: INR 36785.39,EMI
Personal loan EMI deduction | Ref:0f338797 | Amount: INR 7994.71,EMI
Personal loan EMI deduction | Ref:de8a5c10 | Amount: INR 18873.54,EMI
Credit card EMI installment | Ref:fece976c | Amount: INR 2905.14,EMI
Flipkart electronics purchase | Ref:d79ef02b | Amount: INR 28922.92,Shopping
Credit card EMI installment | Ref:404db81a | Amount: INR 47894.2,EMI
Amazon online shopping | Ref:da22a4c4 | Amount: INR 3553.47,Shopping
PPF contribution | Ref:bc7a7c97 | Amount: INR 49686.18,Investment
Reliance Digital purchase | Ref:2963886a | Amount: INR 8689.76,Shopping
Grocery purchase at Big Bazaar | Ref:9bab86c5 | Amount: INR 19400.52,Food
RedBus bus ticket | Ref:2015e739 | Amount: INR 21298.83,Travel
Swiggy order payment | Ref:945d3595 | Amount: INR 40306.69,Food
Dominos pizza order | Ref:1e0ea627 | Amount: INR 4495.69,Food
Credit card EMI installment | Ref:8fac1118 | Amount: INR 34234.97,EMI
Personal loan EMI deduction | Ref:3149d383 | Amount: INR 48263.52,EMI
PPF contribution | Ref:88affca0 | Amount: INR 43440.68,Investment
Myntra clothing order | Ref:cd787ade | Amount: INR 46577.42,Shopping
Groww ETF investment | Ref:5ff149b8 | Amount: INR 35015.69,Investment
Fixed deposit investment | Ref:4426c31a | Amount: INR 34849.56,Investment
Personal loan EMI deduction | Ref:32169685 | Amount: INR 13631.48,EMI
Reliance Digital purchase | Ref:64dfe5d7 | Amount: INR 38748.48,Shopping
Uber ride payment | Ref:f3d0d813 | Amount: INR 48585.45,Travel
HDFC home loan EMI | Ref:a02ff5de | Amount: INR 48145.51,EMI
Cafe coffee purchase at | Ref:c6eff7cd | Amount: INR 46396.16,Food
HDFC home loan EMI | Ref:6d02b6bb | Amount: INR 19027.08,EMI
PPF contribution | Ref:9ef67138 | Amount: INR 16317.97,Investment
Personal loan EMI deduction | Ref:8f12b7e0 | Amount: INR 41088.12,EMI
McDonald's meal payment | Ref:90e7a77b | Amount: INR 47028.6,Food
SBI car loan EMI | Ref:1743510a | Amount: INR 34013.98,EMI
Petrol pump fuel payment | Ref:7974d0f4 | Amount: INR 23700.78,Travel
Petrol pump fuel payment | Ref:17a07b8c | Amount: INR 7485.05,Travel
PPF contribution | Ref:ae7498d3 | Amount: INR 44831.36,Investment
Uber ride payment | Ref:b301d835 | Amount: INR 49086.02,Travel
Uber ride payment | Ref:ae2de67f | Amount: INR 3025.89,Travel
Grocery purchase at Big Bazaar | Ref:61993089 | Amount: INR 4824.07,Food
Swiggy order payment | Ref:1246b6a2 | Amount: INR 37318.28,Food
Bajaj Finserv EMI payment | Ref:11fe698f | Amount: INR 20379.73,EMI
Personal loan EMI deduction | Ref:722edecb | Amount: INR 35285.31,EMI
Flipkart electronics purchase | Ref:e17c0e8c | Amount: INR 4774.45,Shopping
IKEA furniture shopping | Ref:4ab7730a | Amount: INR 1635.7,Shopping
Amazon online shopping | Ref:9cb0a7bd | Amount: INR 23474.4,Shopping
Myntra clothing order | Ref:aaa68c09 | Amount: INR 3352.48,Shopping
Credit card EMI installment | Ref:d628d587 | Amount: INR 24558.56,EMI
Bajaj Finserv EMI payment | Ref:eadb9498 | Amount: INR 19687.59,EMI
SIP investment in mutual fund | Ref:d87be73b | Amount: INR 19324.5,Investment
Uber ride payment | Ref:ede83faa | Amount: INR 21197.58,Travel
Restaurant dining at | Ref:fd77f0d9 | Amount: INR 1100.66,Food
HDFC home loan EMI | Ref:6160fa16 | Amount: INR 8112.74,EMI
Swiggy order payment | Ref:43e1ebfb | Amount: INR 16439.36,Food
MakeMyTrip hotel booking | Ref:7a72804b | Amount: INR 9176.25,Travel
Flipkart electronics purchase | Ref:f6a4ee21 | Amount: INR 9250.25,Shopping
PPF contribution | Ref:71429e02 | Amount: INR 2387.25,Investment
SBI car loan EMI | Ref:5e14b843 | Amount: INR 39545.93,EMI
Uber ride payment | Ref:828eb2ce | Amount: INR 28782.82,Travel
Uber ride payment | Ref:4feaf2e1 | Amount: INR 34116.25,Travel
Credit card EMI installment | Ref:a241466e | Amount: INR 39080.78,EMI
Groww ETF investment | Ref:01714ef3 | Amount: INR 41075.83,Investment
SBI car loan EMI | Ref:63e62b8c | Amount: INR 16467.79,EMI
Amazon online shopping | Ref:a4975eff | Amount: INR 28615.76,Shopping
McDonald's meal payment | Ref:6ba854dc | Amount: INR 23289.4,Food
IndiGo flight ticket | Ref:21b65277 | Amount: INR 2328.08,Travel
Ola cab fare | Ref:d41ab170 | Amount: INR 13246.62,Travel
MakeMyTrip hotel booking | Ref:9398e902 | Amount: INR 34444.75,Travel
IndiGo flight ticket | Ref:5c41e27e | Amount: INR 22215.95,Travel
SBI car loan EMI | Ref:1c03c363 | Amount: INR 3395.89,EMI
Amazon online shopping | Ref:d987e269 | Amount: INR 13092.32,Shopping
Cafe coffee purchase at | Ref:bc3ae5fc | Amount: INR 13579.96,Food
PPF contribution | Ref:1fa572af | Amount: INR 12996.62,Investment
Credit card EMI installment | Ref:fbec531f | Amount: INR 8646.56,EMI
IRCTC train ticket booking | Ref:99cc34af | Amount: INR 12041.65,Travel
Personal loan EMI deduction | Ref:caeb9d0b | Amount: INR 22914.78,EMI
Zerodha stock purchase | Ref:60c52e14 | Amount: INR 10889.84,Investment
IndiGo flight ticket | Ref:1472de43 | Amount: INR 33644.14,Travel
McDonald's meal payment | Ref:32b9f6e6 | Amount: INR 20065.2,Food
Flipkart electronics purchase | Ref:7ccbe7e1 | Amount: INR 48194.55,Shopping
Amazon online shopping | Ref:d181a663 | Amount: INR 8710.77,Shopping
Restaurant dining at | Ref:45c09bb5 | Amount: INR 38661.63,Food
MakeMyTrip hotel booking | Ref:ba1e03f5 | Amount: INR 5127.75,Travel
Amazon online shopping | Ref:4bb35228 | Amount: INR 36745.33,Shopping
MakeMyTrip hotel booking | Ref:443424d2 | Amount: INR 46611.78,Travel
SIP investment in mutual fund | Ref:046980b2 | Amount: INR 20356.98,Investment
Ola cab fare | Ref:029414c4 | Amount: INR 48021.33,Travel
Swiggy order payment | Ref:6b5c3faa | Amount: INR 7341.89,Food
Reliance Digital purchase | Ref:51be2446 | Amount: INR 16189.78,Shopping
RedBus bus ticket | Ref:bb663123 | Amount: INR 5379.13,Travel
PPF contribution | Ref:4f0604b7 | Amount: INR 46985.74,Investment
Reliance Digital purchase | Ref:03a780de | Amount: INR 14323.13,Shopping
Flipkart electronics purchase | Ref:b3e346ba | Amount: INR 4431.96,Shopping
Fixed deposit investment | Ref:7480c5e0 | Amount: INR 26736.97,Investment
SIP investment in mutual fund | Ref:a09fba7c | Amount: INR 33155.3,Investment
Restaurant dining at | Ref:65c16e1a | Amount: INR 16244.05,Food
Zomato dinner bill | Ref:cd5ffe74 | Amount: INR 37634.66,Food
Fixed deposit investment | Ref:e584b7d6 | Amount: INR 7152.97,Investment
SIP investment in mutual fund | Ref:ee8549c0 | Amount: INR 46167.48,Investment
McDonald's meal payment | Ref:08f927f3 | Amount: INR 25664.14,Food
SBI car loan EMI | Ref:1119dbbb | Amount: INR 31202.6,EMI
Bajaj Finserv EMI payment | Ref:218cd862 | Amount: INR 16288.26,EMI
MakeMyTrip hotel booking | Ref:86d62a5c | Amount: INR 13385.54,Travel
RedBus bus ticket | Ref:cf953fdd | Amount: INR 33309.56,Travel
IKEA furniture shopping | Ref:1f69899e | Amount: INR 45680.55,Shopping
Credit card EMI installment | Ref:e719d6b9 | Amount: INR 6199.26,EMI
Amazon online shopping | Ref:a29535c9 | Amount: INR 42898.95,Shopping
Ola cab fare | Ref:35fd2a23 | Amount: INR 28398.97,Travel
McDonald's meal payment | Ref:3d65fcb8 | Amount: INR 11629.96,Food
Groww ETF investment | Ref:5befdd00 | Amount: INR 13243.04,Investment
PPF contribution | Ref:b854685e | Amount: INR 13020.53,Investment
SBI car loan EMI | Ref:7df4e0df | Amount: INR 22450.36,EMI
Flipkart electronics purchase | Ref:2472b641 | Amount: INR 7587.92,Shopping
IndiGo flight ticket | Ref:b860412f | Amount: INR 14455.97,Travel
SIP investment in mutual fund | Ref:a824b4bd | Amount: INR 47594.71,Investment
Flipkart electronics purchase | Ref:78494f7a | Amount: INR 32000.36,Shopping
Ola cab fare | Ref:75f04d6d | Amount: INR 22965.95,Travel
Reliance Digital purchase | Ref:a2a9d3f3 | Amount: INR 2558.41,Shopping
Amazon online shopping | Ref:b561cf44 | Amount: INR 200.06,Shopping
Petrol pump fuel payment | Ref:7eeed7ff | Amount: INR 14723.63,Travel
Reliance Digital purchase | Ref:e0c59488 | Amount: INR 3969.95,Shopping
PPF contribution | Ref:7b117eee | Amount: INR 32896.26,Investment
IKEA furniture shopping | Ref:e5da0b59 | Amount: INR 8963.81,Shopping
Uber ride payment | Ref:de3e8125 | Amount: INR 7623.66,Travel
Grocery purchase at Big Bazaar | Ref:e0744261 | Amount: INR 18671.77,Food
Reliance Digital purchase | Ref:e7dd089a | Amount: INR 38092.44,Shopping
Flipkart electronics purchase | Ref:c741a8ad | Amount: INR 3087.6,Shopping
Personal loan EMI deduction | Ref:937deaa9 | Amount: INR 24357.31,EMI
Groww ETF investment | Ref:d7969383 | Amount: INR 21084.06,Investment
Amazon online shopping | Ref:aca0c69b | Amount: INR 26257.73,Shopping
Dominos pizza order | Ref:ea42b0f6 | Amount: INR 41136.17,Food
Zerodha stock purchase | Ref:b3c636d0 | Amount: INR 49818.44,Investment
IKEA furniture shopping | Ref:806eca69 | Amount: INR 671.76,Shopping
Cafe coffee purchase at | Ref:c6639960 | Amount: INR 30169.09,Food
IKEA furniture shopping | Ref:1a6d435a | Amount: INR 24213.82,Shopping
Amazon online shopping | Ref:320d32b2 | Amount: INR 15888.53,Shopping
IKEA furniture shopping | Ref:0cca3f98 | Amount: INR 24444.83,Shopping
Zomato dinner bill | Ref:db62df64 | Amount: INR 2982.18,Food
IRCTC train ticket booking | Ref:296edc4f | Amount: INR 3216.36,Travel
Amazon online shopping | Ref:e7ed8851 | Amount: INR 2542.62,Shopping
Restaurant dining at | Ref:bf34875b | Amount: INR 18733.08,Food
Zerodha stock purchase | Ref:f1a67303 | Amount: INR 8278.36,Investment
SBI car loan EMI | Ref:73790a9b | Amount: INR 8570.93,EMI
Flipkart electronics purchase | Ref:3c9d5998 | Amount: INR 17928.2,Shopping
SIP investment in mutual fund | Ref:89197c9c | Amount: INR 10959.98,Investment
HDFC home loan EMI | Ref:2c059642 | Amount: INR 4660.39,EMI
Credit card EMI installment | Ref:188df6c9 | Amount: INR 40657.08,EMI
IRCTC train ticket booking | Ref:3587d447 | Amount: INR 9095.13,Travel
IKEA furniture shopping | Ref:83484d8f | Amount: INR 26640.37,Shopping
Zerodha stock purchase | Ref:82f70de9 | Amount: INR 420.08,Investment
McDonald's meal payment | Ref:d9cef54b | Amount: INR 29163.31,Food
Credit card EMI installment | Ref:92fa049f | Amount: INR 46539.72,EMI
Reliance Digital purchase | Ref:9655ebd8 | Amount: INR 37318.11,Shopping
HDFC home loan EMI | Ref:2d3826d0 | Amount: INR 27917.36,EMI
Groww ETF investment | Ref:ec88db28 | Amount: INR 26058.55,Investment
Flipkart electronics purchase | Ref:577a34e1 | Amount: INR 3477.08,Shopping
Groww ETF investment | Ref:c166ca71 | Amount: INR 23403.55,Investment
Zomato dinner bill | Ref:574dfce2 | Amount: INR 19344.55,Food
Amazon online shopping | Ref:045329b4 | Amount: INR 11823.52,Shopping
SIP investment in mutual fund | Ref:c2ca7be3 | Amount: INR 12751.75,Investment
Restaurant dining at | Ref:ca753b36 | Amount: INR 12434.68,Food
PPF contribution | Ref:7b0820d2 | Amount: INR 45429.79,Investment
RedBus bus ticket | Ref:14fcbf82 | Amount: INR 42635.61,Travel
SBI car loan EMI | Ref:d12e08f6 | Amount: INR 44721.64,EMI
SIP investment in mutual fund | Ref:48a509d8 | Amount: INR 5857.27,Investment
Fixed deposit investment | Ref:47f42124 | Amount: INR 26482.94,Investment
Myntra clothing order | Ref:7c20f62f | Amount: INR 5206.85,Shopping
Personal loan EMI deduction | Ref:c9fe8880 | Amount: INR 29015.92,EMI
HDFC home loan EMI | Ref:87840bfb | Amount: INR 43715.81,EMI
PPF contribution | Ref:f2951baa | Amount: INR 31587.69,Investment
Cafe coffee purchase at | Ref:15eba29a | Amount: INR 22675.51,Food
Myntra clothing order | Ref:652accda | Amount: INR 19945.42,Shopping
HDFC home loan EMI | Ref:5baa1cea | Amount: INR 35201.63,EMI
Credit card EMI installment | Ref:107ab544 | Amount: INR 869.24,EMI
Reliance Digital purchase | Ref:a52b609a | Amount: INR 18772.09,Shopping
PPF contribution | Ref:8865e0a5 | Amount: INR 1789.59,Investment
MakeMyTrip hotel booking | Ref:827ac92f | Amount: INR 34262.64,Travel
Uber ride payment | Ref:55d1c539 | Amount: INR 29625.29,Travel
Personal loan EMI deduction | Ref:e2045cc2 | Amount: INR 4370.94,EMI
Fixed deposit investment | Ref:57a3052a | Amount: INR 39376.97,Investment
PPF contribution | Ref:56f19f5f | Amount: INR 19674.63,Investment
Amazon online shopping | Ref:a44d7f3e | Amount: INR 37031.69,Shopping
SIP investment in mutual fund | Ref:9224fe3f | Amount: INR 19349.78,Investment
HDFC home loan EMI | Ref:9a44ef81 | Amount: INR 14579.09,EMI
Zerodha stock purchase | Ref:38ac02a5 | Amount: INR 22799.31,Investment
Dominos pizza order | Ref:d9c27dd9 | Amount: INR 1576.63,Food
Zerodha stock purchase | Ref:e29c2b18 | Amount: INR 38980.51,Investment
PPF contribution | Ref:cfcaa7c8 | Amount: INR 46496.94,Investment
IndiGo flight ticket | Ref:fa305fa5 | Amount: INR 24297.06,Travel
Flipkart electronics purchase | Ref:527b11b4 | Amount: INR 45223.28,Shopping
Amazon online shopping | Ref:e75d642a | Amount: INR 23534.68,Shopping
Restaurant dining at | Ref:caae84bc | Amount: INR 17840.63,Food
Ola cab fare | Ref:55b839a5 | Amount: INR 33183.56,Travel
Restaurant dining at | Ref:78dd8d1b | Amount: INR 31706.31,Food
Petrol pump fuel payment | Ref:2d204591 | Amount: INR 32184.74,Travel
Fixed deposit investment | Ref:611b38de | Amount: INR 40519.75,Investment
RedBus bus ticket | Ref:25babb64 | Amount: INR 2762.46,Travel
Myntra clothing order | Ref:6d937be6 | Amount: INR 15866.97,Shopping
Swiggy order payment | Ref:8b50658d | Amount: INR 13729.79,Food
Myntra clothing order | Ref:5e478300 | Amount: INR 20735.04,Shopping
Flipkart electronics purchase | Ref:4df19bd3 | Amount: INR 2635.79,Shopping
Fixed deposit investment | Ref:94325be6 | Amount: INR 28241.38,Investment
Restaurant dining at | Ref:c3c8dbc5 | Amount: INR 16812.56,Food
IRCTC train ticket booking | Ref:a1dd54e3 | Amount: INR 22001.8,Travel
SIP investment in mutual fund | Ref:e0c7679d | Amount: INR 1711.22,Investment
Amazon online shopping | Ref:050e72d0 | Amount: INR 43532.4,Shopping
Zomato dinner bill | Ref:4c1be82e | Amount: INR 4387.8,Food
IndiGo flight ticket | Ref:391c0085 | Amount: INR 30672.95,Travel
Credit card EMI installment | Ref:0911ef55 | Amount: INR 23687.93,EMI
PPF contribution | Ref:50a10aae | Amount: INR 25788.27,Investment
Flipkart electronics purchase | Ref:b2c897e7 | Amount: INR 18115.02,Shopping
RedBus bus ticket | Ref:296f2c94 | Amount: INR 32809.91,Travel
McDonald's meal payment | Ref:4ba880a9 | Amount: INR 9356.03,Food
Groww ETF investment | Ref:150f38d0 | Amount: INR 14989.59,Investment
Petrol pump fuel payment | Ref:081a7bb3 | Amount: INR 4722.18,Travel
Credit card EMI installment | Ref:b11e7217 | Amount: INR 28539.16,EMI
IndiGo flight ticket | Ref:c85d79d6 | Amount: INR 46489.21,Travel
IndiGo flight ticket | Ref:67905418 | Amount: INR 9140.12,Travel
Uber ride payment | Ref:aaa12d8c | Amount: INR 34797.9,Travel
IndiGo flight ticket | Ref:681e5088 | Amount: INR 11408.71,Travel
Uber ride payment | Ref:881af2a8 | Amount: INR 6218.38,Travel
Amazon online shopping | Ref:592985f4 | Amount: INR 17753.62,Shopping
Restaurant dining at | Ref:4f4ecd2d | Amount: INR 5713.04,Food
IRCTC train ticket booking | Ref:b1676809 | Amount: INR 11782.18,Travel
Cafe coffee purchase at | Ref:82f89ab3 | Amount: INR 13177.62,Food
Groww ETF investment | Ref:d145ca57 | Amount: INR 9258.97,Investment
Ola cab fare | Ref:711713ea | Amount: INR 41954.85,Travel
PPF contribution | Ref:faebb2d4 | Amount: INR 49273.51,Investment
Grocery purchase at Big Bazaar | Ref:65a479bf | Amount: INR 39661.93,Food
Personal loan EMI deduction | Ref:ed4a121c | Amount: INR 20167.55,EMI
Zomato dinner bill | Ref:e60feeaf | Amount: INR 49056.7,Food
Flipkart electronics purchase | Ref:7bdd37e2 | Amount: INR 23834.11,Shopping
Dominos pizza order | Ref:803a858f | Amount: INR 18655.85,Food
Zomato dinner bill | Ref:2879ec28 | Amount: INR 20923.35,Food
SIP investment in mutual fund | Ref:5dd3feb8 | Amount: INR 1492.03,Investment
RedBus bus ticket | Ref:e5946972 | Amount: INR 22490.03,Travel
Personal loan EMI deduction | Ref:9ba73ef8 | Amount: INR 6191.92,EMI
Restaurant dining at | Ref:2ccd24ca | Amount: INR 31180.42,Food
IKEA furniture shopping | Ref:23da640b | Amount: INR 21547.63,Shopping
Personal loan EMI deduction | Ref:4744a8fc | Amount: INR 10188.49,EMI
IKEA furniture shopping | Ref:105591a7 | Amount: INR 47256.29,Shopping
Bajaj Finserv EMI payment | Ref:0a7861e4 | Amount: INR 30140.68,EMI
SBI car loan EMI | Ref:8196899f | Amount: INR 3728.82,EMI
Reliance Digital purchase | Ref:d73f7739 | Amount: INR 46069.95,Shopping
Cafe coffee purchase at | Ref:b27960d2 | Amount: INR 13211.62,Food
PPF contribution | Ref:96a214e1 | Amount: INR 34484.09,Investment
Credit card EMI installment | Ref:7c7ba188 | Amount: INR 15435.44,EMI
HDFC home loan EMI | Ref:e2fbdb74 | Amount: INR 15396.57,EMI
Credit card EMI installment | Ref:015226ea | Amount: INR 9368.8,EMI
Fixed deposit investment | Ref:ee2339d4 | Amount: INR 16183.4,Investment
Reliance Digital purchase | Ref:9a659201 | Amount: INR 46146.31,Shopping
Personal loan EMI deduction | Ref:351383ba | Amount: INR 30892.88,EMI
IRCTC train ticket booking | Ref:27a4f83c | Amount: INR 49872.93,Travel
Credit card EMI installment | Ref:95efbd2b | Amount: INR 47812.88,EMI
Flipkart electronics purchase | Ref:5439fa02 | Amount: INR 42363.57,Shopping
Zomato dinner bill | Ref:3c118a13 | Amount: INR 31143.31,Food
Zerodha stock purchase | Ref:fd9ff101 | Amount: INR 48114.04,Investment
Amazon online shopping | Ref:cfd01faa | Amount: INR 16902.62,Shopping
Credit card EMI installment | Ref:af294303 | Amount: INR 20585.14,EMI
Reliance Digital purchase | Ref:0e604424 | Amount: INR 26076.0,Shopping
Credit card EMI installment | Ref:45747ef9 | Amount: INR 22117.21,EMI
HDFC home loan EMI | Ref:c8f5884d | Amount: INR 11940.11,EMI
Uber ride payment | Ref:f9a4bedb | Amount: INR 37475.59,Travel
Zomato dinner bill | Ref:db8a404a | Amount: INR 20059.79,Food
Reliance Digital purchase | Ref:75d3ffee | Amount: INR 33084.58,Shopping
Myntra clothing order | Ref:6b55e3f7 | Amount: INR 24455.86,Shopping
Bajaj Finserv EMI payment | Ref:6c2b8a58 | Amount: INR 42723.59,EMI
MakeMyTrip hotel booking | Ref:88761264 | Amount: INR 44928.9,Travel
Restaurant dining at | Ref:17f31021 | Amount: INR 20001.5,Food
Zerodha stock purchase | Ref:738cb0b6 | Amount: INR 16124.01,Investment
SIP investment in mutual fund | Ref:dc6aed48 | Amount: INR 23827.99,Investment
Credit card EMI installment | Ref:6f8e0b4c | Amount: INR 42347.87,EMI
Zomato dinner bill | Ref:914103d6 | Amount: INR 6003.56,Food
Personal loan EMI deduction | Ref:179dab68 | Amount: INR 47696.68,EMI
Dominos pizza order | Ref:5d980f97 | Amount: INR 37423.24,Food
Groww ETF investment | Ref:73b0e24e | Amount: INR 21188.3,Investment
PPF contribution | Ref:fad25990 | Amount: INR 11579.55,Investment
PPF contribution | Ref:a0346187 | Amount: INR 40495.34,Investment
Myntra clothing order | Ref:4c96fe1a | Amount: INR 8972.19,Shopping
Credit card EMI installment | Ref:cbf15c8e | Amount: INR 8425.58,EMI
Personal loan EMI deduction | Ref:85dcdcb3 | Amount: INR 44628.56,EMI
PPF contribution | Ref:dfe389ac | Amount: INR 35225.68,Investment
Grocery purchase at Big Bazaar | Ref:38fec9ab | Amount: INR 38264.54,Food
Myntra clothing order | Ref:99e7d153 | Amount: INR 40430.3,Shopping
Bajaj Finserv EMI payment | Ref:8a82304d | Amount: INR 42445.14,EMI
HDFC home loan EMI | Ref:3be9779d | Amount: INR 44867.68,EMI
Restaurant dining at | Ref:9affe283 | Amount: INR 11858.0,Food
Amazon online shopping | Ref:e9a49260 | Amount: INR 8715.83,Shopping
IKEA furniture shopping | Ref:533141cc | Amount: INR 33070.47,Shopping
HDFC home loan EMI | Ref:941c5951 | Amount: INR 24939.44,EMI
HDFC home loan EMI | Ref:72ca5f33 | Amount: INR 25298.85,EMI
Dominos pizza order | Ref:da172593 | Amount: INR 23465.19,Food
Credit card EMI installment | Ref:17a8c14c | Amount: INR 30280.67,EMI
Restaurant dining at | Ref:1a4e3489 | Amount: INR 25135.06,Food
Cafe coffee purchase at | Ref:e69dfeaa | Amount: INR 41824.44,Food
IKEA furniture shopping | Ref:e47891a3 | Amount: INR 34056.6,Shopping
Zomato dinner bill | Ref:5e3ea49a | Amount: INR 41513.72,Food
IKEA furniture shopping | Ref:8ef5b1b7 | Amount: INR 48155.09,Shopping
IKEA furniture shopping | Ref:974c73c2 | Amount: INR 34427.67,Shopping
Bajaj Finserv EMI payment | Ref:e486ce16 | Amount: INR 49398.27,EMI
Myntra clothing order | Ref:902a3c85 | Amount: INR 27621.18,Shopping
Personal loan EMI deduction | Ref:c47ea5d3 | Amount: INR 25044.66,EMI
Ola cab fare | Ref:5bcc3764 | Amount: INR 34385.16,Travel
Myntra clothing order | Ref:33aaebc2 | Amount: INR 38982.67,Shopping
SBI car loan EMI | Ref:3b5429e3 | Amount: INR 43500.02,EMI
Myntra clothing order | Ref:42aeed7f | Amount: INR 42304.39,Shopping
HDFC home loan EMI | Ref:c4ca977f | Amount: INR 47232.94,EMI
SBI car loan EMI | Ref:aed03868 | Amount: INR 29426.2,EMI
Swiggy order payment | Ref:4534f16f | Amount: INR 12833.4,Food
Groww ETF investment | Ref:f2c8e260 | Amount: INR 17929.22,Investment
Dominos pizza order | Ref:d04ba042 | Amount: INR 18688.69,Food
Myntra clothing order | Ref:50954385 | Amount: INR 41326.27,Shopping
Restaurant dining at | Ref:f772caec | Amount: INR 7165.17,Food
Restaurant dining at | Ref:c17f41d4 | Amount: INR 18822.29,Food
Amazon online shopping | Ref:8ae37a07 | Amount: INR 6259.11,Shopping
Dominos pizza order | Ref:fdc0375a | Amount: INR 48152.05,Food
Restaurant dining at | Ref:fa4f210c | Amount: INR 24149.26,Food
IRCTC train ticket booking | Ref:05b6d1a2 | Amount: INR 38570.15,Travel
IKEA furniture shopping | Ref:6a7f119b | Amount: INR 11584.02,Shopping
Swiggy order payment | Ref:7701ef23 | Amount: INR 7264.39,Food
Grocery purchase at Big Bazaar | Ref:308736fd | Amount: INR 6514.93,Food
PPF contribution | Ref:e5b04a4f | Amount: INR 21281.26,Investment
Groww ETF investment | Ref:9f5b7437 | Amount: INR 22039.13,Investment
Fixed deposit investment | Ref:169864d2 | Amount: INR 34913.56,Investment
Reliance Digital purchase | Ref:55535c6c | Amount: INR 1552.67,Shopping
IKEA furniture shopping | Ref:f5d43fff | Amount: INR 45981.54,Shopping
McDonald's meal payment | Ref:df1b5230 | Amount: INR 30865.82,Food
McDonald's meal payment | Ref:f3a6cc68 | Amount: INR 35655.05,Food
Bajaj Finserv EMI payment | Ref:1cebaead | Amount: INR 9603.9,EMI
Petrol pump fuel payment | Ref:9f8676ef | Amount: INR 37466.26,Travel
Personal loan EMI deduction | Ref:dda49a9d | Amount: INR 33182.54,EMI
MakeMyTrip hotel booking | Ref:5902004d | Amount: INR 34396.74,Travel
HDFC home loan EMI | Ref:0675f01f | Amount: INR 16990.66,EMI
Personal loan EMI deduction | Ref:3246f461 | Amount: INR 45218.78,EMI
Myntra clothing order | Ref:5ef132a6 | Amount: INR 5520.32,Shopping
Swiggy order payment | Ref:811d870d | Amount: INR 42281.82,Food
SIP investment in mutual fund | Ref:48552ea4 | Amount: INR 39720.03,Investment
RedBus bus ticket | Ref:b26ae429 | Amount: INR 16862.9,Travel
Petrol pump fuel payment | Ref:ac66cf90 | Amount: INR 8763.94,Travel
Reliance Digital purchase | Ref:a4c3be72 | Amount: INR 49556.85,Shopping
HDFC home loan EMI | Ref:f09d6a63 | Amount: INR 17042.03,EMI
Cafe coffee purchase at | Ref:27cc0e8a | Amount: INR 23942.15,Food
Flipkart electronics purchase | Ref:d358b663 | Amount: INR 39988.83,Shopping
Ola cab fare | Ref:8f656904 | Amount: INR 35584.17,Travel
Credit card EMI installment | Ref:4ad2d6bb | Amount: INR 49716.93,EMI
McDonald's meal payment | Ref:81e21058 | Amount: INR 32456.45,Food
Zomato dinner bill | Ref:a615a4cc | Amount: INR 37675.21,Food
Petrol pump fuel payment | Ref:76cbeb52 | Amount: INR 35881.5,Travel
IRCTC train ticket booking | Ref:8e9161bf | Amount: INR 38137.41,Travel
Flipkart electronics purchase | Ref:89d42237 | Amount: INR 42729.05,Shopping
Grocery purchase at Big Bazaar | Ref:c61db83e | Amount: INR 48786.56,Food
SIP investment in mutual fund | Ref:edcae304 | Amount: INR 452.73,Investment
HDFC home loan EMI | Ref:e7f407d0 | Amount: INR 8409.65,EMI
Flipkart electronics purchase | Ref:682d4435 | Amount: INR 31107.1,Shopping
IndiGo flight ticket | Ref:ae2252a3 | Amount: INR 25115.88,Travel
HDFC home loan EMI | Ref:fa779747 | Amount: INR 2347.25,EMI
Personal loan EMI deduction | Ref:1a05fac7 | Amount: INR 6287.2,EMI
IndiGo flight ticket | Ref:3904d0b5 | Amount: INR 4967.36,Travel
SBI car loan EMI | Ref:19f0d7f0 | Amount: INR 19162.12,EMI
Ola cab fare | Ref:354244d6 | Amount: INR 17084.12,Travel
Credit card EMI installment | Ref:f47a2b62 | Amount: INR 5189.59,EMI
RedBus bus ticket | Ref:7234cc2b | Amount: INR 1862.85,Travel
MakeMyTrip hotel booking | Ref:92c790f5 | Amount: INR 24553.59,Travel
IndiGo flight ticket | Ref:55c50b3a | Amount: INR 33435.33,Travel
Zomato dinner bill | Ref:3bc00b73 | Amount: INR 10049.05,Food
PPF contribution | Ref:586be496 | Amount: INR 28171.93,Investment
Uber ride payment | Ref:e35fd16c | Amount: INR 27419.75,Travel
PPF contribution | Ref:4d6c4981 | Amount: INR 42796.81,Investment
HDFC home loan EMI | Ref:e7875546 | Amount: INR 11201.38,EMI
Bajaj Finserv EMI payment | Ref:9d3f12fb | Amount: INR 41124.33,EMI
Swiggy order payment | Ref:c673c98b | Amount: INR 33194.28,Food
Grocery purchase at Big Bazaar | Ref:05b3ec8e | Amount: INR 29672.76,Food
Swiggy order payment | Ref:09344091 | Amount: INR 22374.22,Food
Restaurant dining at | Ref:0e16ba6c | Amount: INR 4646.18,Food
IndiGo flight ticket | Ref:1fb17126 | Amount: INR 12491.43,Travel
HDFC home loan EMI | Ref:8c520624 | Amount: INR 3309.67,EMI
Restaurant dining at | Ref:25b26434 | Amount: INR 839.19,Food
Myntra clothing order | Ref:6ea0052d | Amount: INR 476.27,Shopping
SBI car loan EMI | Ref:5d9a30a3 | Amount: INR 11927.47,EMI
Zerodha stock purchase | Ref:c4591393 | Amount: INR 37036.11,Investment
Reliance Digital purchase | Ref:1df87173 | Amount: INR 84.14,Shopping
Personal loan EMI deduction | Ref:3c1ef95f | Amount: INR 7964.26,EMI
RedBus bus ticket | Ref:26953e37 | Amount: INR 40123.25,Travel
Dominos pizza order | Ref:a999a82e | Amount: INR 35594.89,Food
Fixed deposit investment | Ref:2abf564b | Amount: INR 35636.83,Investment
Myntra clothing order | Ref:ea1ce648 | Amount: INR 20994.3,Shopping
Zerodha stock purchase | Ref:c92d1eed | Amount: INR 48167.6,Investment
Uber ride payment | Ref:872d7500 | Amount: INR 46785.93,Travel
IndiGo flight ticket | Ref:bfc7b980 | Amount: INR 9999.03,Travel
Groww ETF investment | Ref:6e7e36b2 | Amount: INR 44125.05,Investment
SIP investment in mutual fund | Ref:96644b4c | Amount: INR 7838.65,Investment
Reliance Digital purchase | Ref:2d861e28 | Amount: INR 12703.02,Shopping
Myntra clothing order | Ref:38ef26df | Amount: INR 11478.94,Shopping
Cafe coffee purchase at | Ref:7fc06378 | Amount: INR 15428.02,Food
Reliance Digital purchase | Ref:35e4e49c | Amount: INR 47427.16,Shopping
Fixed deposit investment | Ref:e8be5963 | Amount: INR 20871.27,Investment
Personal loan EMI deduction | Ref:83a5e7eb | Amount: INR 40346.22,EMI
Bajaj Finserv EMI payment | Ref:db8a11a4 | Amount: INR 3090.24,EMI
Reliance Digital purchase | Ref:75d09133 | Amount: INR 30955.76,Shopping
Credit card EMI installment | Ref:faf9b483 | Amount: INR 48193.93,EMI
Myntra clothing order | Ref:477ea014 | Amount: INR 12066.18,Shopping
Zerodha stock purchase | Ref:c3b592a8 | Amount: INR 30357.81,Investment
Credit card EMI installment | Ref:2612ccd6 | Amount: INR 1224.48,EMI
SBI car loan EMI | Ref:a308d25d | Amount: INR 28027.97,EMI
PPF contribution | Ref:f2675eea | Amount: INR 47690.54,Investment
Restaurant dining at | Ref:7b9cbcc4 | Amount: INR 46815.5,Food
Myntra clothing order | Ref:3d36cba4 | Amount: INR 37723.97,Shopping
HDFC home loan EMI | Ref:57d07d67 | Amount: INR 36552.93,EMI
HDFC home loan EMI | Ref:7191e358 | Amount: INR 14289.22,EMI
IRCTC train ticket booking | Ref:d1f6fabd | Amount: INR 19309.51,Travel
IKEA furniture shopping | Ref:5d641e23 | Amount: INR 25322.09,Shopping
RedBus bus ticket | Ref:88cb0e87 | Amount: INR 28961.39,Travel
MakeMyTrip hotel booking | Ref:4a841429 | Amount: INR 22493.97,Travel
Flipkart electronics purchase | Ref:4829e6c4 | Amount: INR 11071.82,Shopping
IKEA furniture shopping | Ref:8145b65a | Amount: INR 23678.68,Shopping
Petrol pump fuel payment | Ref:b23f6917 | Amount: INR 16903.46,Travel
Personal loan EMI deduction | Ref:08da9261 | Amount: INR 26892.88,EMI
Zerodha stock purchase | Ref:840bd455 | Amount: INR 5754.58,Investment
Amazon online shopping | Ref:277fa438 | Amount: INR 15951.12,Shopping
Reliance Digital purchase | Ref:bb19ef3b | Amount: INR 26465.68,Shopping
Flipkart electronics purchase | Ref:90d00af8 | Amount: INR 31689.22,Shopping
Cafe coffee purchase at | Ref:89e0f6ca | Amount: INR 31252.46,Food
Cafe coffee purchase at | Ref:6ab769ba | Amount: INR 36059.95,Food
Personal loan EMI deduction | Ref:1f731259 | Amount: INR 47237.76,EMI
RedBus bus ticket | Ref:5257b076 | Amount: INR 11793.09,Travel
Flipkart electronics purchase | Ref:866cf83e | Amount: INR 6538.05,Shopping
Dominos pizza order | Ref:cbbd0789 | Amount: INR 41625.3,Food
SBI car loan EMI | Ref:37f8d7a2 | Amount: INR 25074.11,EMI
Ola cab fare | Ref:259bc5f3 | Amount: INR 44532.46,Travel
Dominos pizza order | Ref:d3b55d03 | Amount: INR 30059.22,Food
Ola cab fare | Ref:8b98e0de | Amount: INR 7019.92,Travel
Cafe coffee purchase at | Ref:816de6a3 | Amount: INR 47246.49,Food
Ola cab fare | Ref:276f8df6 | Amount: INR 8793.76,Travel
SIP investment in mutual fund | Ref:e8c852d0 | Amount: INR 21329.61,Investment
Flipkart electronics purchase | Ref:b8cf3b51 | Amount: INR 27073.84,Shopping
Zomato dinner bill | Ref:71a0b150 | Amount: INR 21825.63,Food
Dominos pizza order | Ref:6c3ba4c0 | Amount: INR 49584.15,Food
Personal loan EMI deduction | Ref:4eab0b5b | Amount: INR 20131.27,EMI
SBI car loan EMI | Ref:2e08493e | Amount: INR 48231.29,EMI
Ola cab fare | Ref:4e28b90f | Amount: INR 32441.86,Travel
Zerodha stock purchase | Ref:1724fdb9 | Amount: INR 25643.75,Investment
IRCTC train ticket booking | Ref:bc740b97 | Amount: INR 17052.33,Travel
Bajaj Finserv EMI payment | Ref:51916028 | Amount: INR 22711.15,EMI
Zerodha stock purchase | Ref:c3c2610e | Amount: INR 11714.73,Investment
Zomato dinner bill | Ref:2b0de695 | Amount: INR 45661.78,Food
Bajaj Finserv EMI payment | Ref:ca527cbe | Amount: INR 41628.57,EMI
Flipkart electronics purchase | Ref:976aaf27 | Amount: INR 32649.39,Shopping
SIP investment in mutual fund | Ref:684a7c58 | Amount: INR 22864.76,Investment
Groww ETF investment | Ref:9463283f | Amount: INR 38146.88,Investment
IRCTC train ticket booking | Ref:4034b20b | Amount: INR 27483.52,Travel
Personal loan EMI deduction | Ref:a275fee1 | Amount: INR 28171.69,EMI
MakeMyTrip hotel booking | Ref:d63f18bb | Amount: INR 49822.97,Travel
PPF contribution | Ref:7f2fcf8c | Amount: INR 23068.41,Investment
Bajaj Finserv EMI payment | Ref:6fa84b67 | Amount: INR 27878.75,EMI
Ola cab fare | Ref:278cb6ea | Amount: INR 33141.14,Travel
HDFC home loan EMI | Ref:34baee83 | Amount: INR 5464.71,EMI
IKEA furniture shopping | Ref:a2a75177 | Amount: INR 9668.14,Shopping
Reliance Digital purchase | Ref:3ad4c8e1 | Amount: INR 44793.24,Shopping
PPF contribution | Ref:006cec74 | Amount: INR 47076.46,Investment
Dominos pizza order | Ref:c1786db5 | Amount: INR 7338.15,Food
IndiGo flight ticket | Ref:5183a9fa | Amount: INR 2926.07,Travel
RedBus bus ticket | Ref:861fa350 | Amount: INR 21800.24,Travel
Fixed deposit investment | Ref:ede747ee | Amount: INR 13044.88,Investment
Petrol pump fuel payment | Ref:725c1a8a | Amount: INR 17214.55,Travel
Fixed deposit investment | Ref:15be40bb | Amount: INR 12305.03,Investment
IRCTC train ticket booking | Ref:239a7f48 | Amount: INR 42042.56,Travel
Grocery purchase at Big Bazaar | Ref:61de4b41 | Amount: INR 2464.1,Food
Reliance Digital purchase | Ref:217cd366 | Amount: INR 36493.5,Shopping
Credit card EMI installment | Ref:ed9842ea | Amount: INR 38213.33,EMI
Uber ride payment | Ref:2835a89c | Amount: INR 17205.52,Travel
Dominos pizza order | Ref:9e0ebbd3 | Amount: INR 26514.34,Food
Grocery purchase at Big Bazaar | Ref:eb7035f9 | Amount: INR 5426.23,Food
Amazon online shopping | Ref:847be1af | Amount: INR 15093.03,Shopping
Zerodha stock purchase | Ref:650683a5 | Amount: INR 29449.14,Investment
Bajaj Finserv EMI payment | Ref:008afd34 | Amount: INR 26359.12,EMI
McDonald's meal payment | Ref:7273f14a | Amount: INR 13213.36,Food
Restaurant dining at | Ref:779ed9a5 | Amount: INR 19003.29,Food
Zomato dinner bill | Ref:b562435c | Amount: INR 16542.94,Food
Uber ride payment | Ref:6d1e743f | Amount: INR 40199.4,Travel
Petrol pump fuel payment | Ref:06529bce | Amount: INR 39952.48,Travel
Petrol pump fuel payment | Ref:698ace95 | Amount: INR 30202.88,Travel
Zerodha stock purchase | Ref:d7b7fa16 | Amount: INR 1572.33,Investment
HDFC home loan EMI | Ref:2c613b1e | Amount: INR 7892.66,EMI
PPF contribution | Ref:488bf38f | Amount: INR 1030.41,Investment
PPF contribution | Ref:c503cbf2 | Amount: INR 35944.33,Investment
Zomato dinner bill | Ref:b33f8903 | Amount: INR 13170.72,Food
SIP investment in mutual fund | Ref:42df95d8 | Amount: INR 31801.76,Investment
Flipkart electronics purchase | Ref:ddb3991e | Amount: INR 37900.35,Shopping
RedBus bus ticket | Ref:a4ab7cfe | Amount: INR 47695.2,Travel
Swiggy order payment | Ref:aedc6587 | Amount: INR 5458.65,Food
SIP investment in mutual fund | Ref:bafed04d | Amount: INR 16109.65,Investment
Flipkart electronics purchase | Ref:e92ef8a8 | Amount: INR 10331.26,Shopping
Credit card EMI installment | Ref:3f613d01 | Amount: INR 34465.15,EMI
HDFC home loan EMI | Ref:7e7e069c | Amount: INR 24026.9,EMI
Amazon online shopping | Ref:828857d2 | Amount: INR 5509.65,Shopping
Zomato dinner bill | Ref:2ad132d7 | Amount: INR 5766.61,Food
Petrol pump fuel payment | Ref:d01dfd79 | Amount: INR 4754.68,Travel
Petrol pump fuel payment | Ref:41c0be41 | Amount: INR 34316.3,Travel
Fixed deposit investment | Ref:b081b729 | Amount: INR 1622.32,Investment
Petrol pump fuel payment | Ref:0001b8c2 | Amount: INR 26852.22,Travel
RedBus bus ticket | Ref:9bce0585 | Amount: INR 23505.23,Travel
Grocery purchase at Big Bazaar | Ref:b7b0144d | Amount: INR 6940.51,Food
PPF contribution | Ref:5d735b79 | Amount: INR 13231.16,Investment
Grocery purchase at Big Bazaar | Ref:49be4ff2 | Amount: INR 37217.88,Food
Dominos pizza order | Ref:fdd5cd4a | Amount: INR 40737.98,Food
Reliance Digital purchase | Ref:9a1cc9b3 | Amount: INR 10671.13,Shopping
Petrol pump fuel payment | Ref:d04fbeec | Amount: INR 43258.21,Travel
SIP investment in mutual fund | Ref:1bae29b7 | Amount: INR 14707.46,Investment
Zerodha stock purchase | Ref:0c980941 | Amount: INR 6493.65,Investment
Groww ETF investment | Ref:5d10a61f | Amount: INR 49220.26,Investment
Swiggy order payment | Ref:9f5fdb0a | Amount: INR 21213.68,Food
IRCTC train ticket booking | Ref:4fe066aa | Amount: INR 21490.48,Travel
Bajaj Finserv EMI payment | Ref:7661789c | Amount: INR 10818.29,EMI
Amazon online shopping | Ref:f9fd9ff0 | Amount: INR 7437.62,Shopping
IndiGo flight ticket | Ref:1f761284 | Amount: INR 31922.21,Travel
McDonald's meal payment | Ref:2d1fcce1 | Amount: INR 18990.45,Food
Petrol pump fuel payment | Ref:4d53d538 | Amount: INR 9862.82,Travel
IKEA furniture shopping | Ref:a22e664e | Amount: INR 29751.12,Shopping
Zerodha stock purchase | Ref:cd9d8867 | Amount: INR 20032.97,Investment
Uber ride payment | Ref:059ed44d | Amount: INR 13932.75,Travel
Zerodha stock purchase | Ref:578faac5 | Amount: INR 27108.05,Investment
Bajaj Finserv EMI payment | Ref:c5fb6bb1 | Amount: INR 30288.98,EMI
McDonald's meal payment | Ref:0b09920f | Amount: INR 5305.97,Food
HDFC home loan EMI | Ref:08dd7a1f | Amount: INR 4858.0,EMI
IndiGo flight ticket | Ref:76fa9bb8 | Amount: INR 17320.19,Travel
Swiggy order payment | Ref:fb05095b | Amount: INR 3198.39,Food
MakeMyTrip hotel booking | Ref:490bb9e3 | Amount: INR 45027.14,Travel
Dominos pizza order | Ref:52be6014 | Amount: INR 28999.61,Food
Personal loan EMI deduction | Ref:5b7d533c | Amount: INR 18682.54,EMI
Reliance Digital purchase | Ref:56de407b | Amount: INR 12603.14,Shopping
Cafe coffee purchase at | Ref:3f4cd6b9 | Amount: INR 34112.31,Food
SBI car loan EMI | Ref:17795cbc | Amount: INR 996.32,EMI
Personal loan EMI deduction | Ref:56d7859b | Amount: INR 47366.58,EMI
Fixed deposit investment | Ref:198389e0 | Amount: INR 25591.21,Investment
Fixed deposit investment | Ref:a8042e47 | Amount: INR 48343.45,Investment
SBI car loan EMI | Ref:5fbd6a41 | Amount: INR 26960.23,EMI
Ola cab fare | Ref:00194622 | Amount: INR 25600.17,Travel
Amazon online shopping | Ref:bd7bd9b9 | Amount: INR 25157.55,Shopping
IKEA furniture shopping | Ref:5def8a75 | Amount: INR 23769.12,Shopping
RedBus bus ticket | Ref:117445e8 | Amount: INR 20399.41,Travel
SIP investment in mutual fund | Ref:9e027b8a | Amount: INR 6153.39,Investment
IKEA furniture shopping | Ref:97b9fff8 | Amount: INR 4573.17,Shopping
Myntra clothing order | Ref:dfb8837c | Amount: INR 24553.02,Shopping
PPF contribution | Ref:b14610d8 | Amount: INR 29037.45,Investment
IKEA furniture shopping | Ref:c4ebe333 | Amount: INR 13176.81,Shopping
Credit card EMI installment | Ref:63f2c5a0 | Amount: INR 2494.22,EMI
Grocery purchase at Big Bazaar | Ref:311b972f | Amount: INR 40239.03,Food
RedBus bus ticket | Ref:897d3396 | Amount: INR 4658.94,Travel
RedBus bus ticket | Ref:959c374a | Amount: INR 37300.62,Travel
Grocery purchase at Big Bazaar | Ref:33e6f68c | Amount: INR 45961.65,Food
McDonald's meal payment | Ref:203f3281 | Amount: INR 12550.08,Food
Restaurant dining at | Ref:012ef225 | Amount: INR 21191.17,Food
MakeMyTrip hotel booking | Ref:5c3e9a8a | Amount: INR 24320.83,Travel
PPF contribution | Ref:bb0b3a49 | Amount: INR 38668.89,Investment
PPF contribution | Ref:2e04b310 | Amount: INR 48945.45,Investment
IRCTC train ticket booking | Ref:0eb9f702 | Amount: INR 6268.05,Travel
Zomato dinner bill | Ref:64ee77be | Amount: INR 9921.37,Food
Bajaj Finserv EMI payment | Ref:7e244b3f | Amount: INR 32199.01,EMI
Amazon online shopping | Ref:9365b31f | Amount: INR 6811.68,Shopping
IKEA furniture shopping | Ref:d3a88b75 | Amount: INR 46113.26,Shopping
Grocery purchase at Big Bazaar | Ref:f2c134d8 | Amount: INR 46654.15,Food
IKEA furniture shopping | Ref:7731cffe | Amount: INR 18773.06,Shopping
HDFC home loan EMI | Ref:62851543 | Amount: INR 27001.83,EMI
SIP investment in mutual fund | Ref:fa2f4206 | Amount: INR 4210.36,Investment
PPF contribution | Ref:f1d96ea4 | Amount: INR 36012.47,Investment
Swiggy order payment | Ref:3412e697 | Amount: INR 12307.21,Food
Reliance Digital purchase | Ref:89a8c68f | Amount: INR 17498.18,Shopping
PPF contribution | Ref:7e78d457 | Amount: INR 1247.1,Investment
Cafe coffee purchase at | Ref:52f51fe4 | Amount: INR 42123.78,Food
Credit card EMI installment | Ref:0051b8f3 | Amount: INR 4989.16,EMI
Personal loan EMI deduction | Ref:429c1060 | Amount: INR 36206.67,EMI
Swiggy order payment | Ref:53a39521 | Amount: INR 221.35,Food
Groww ETF investment | Ref:b7cd6304 | Amount: INR 12586.15,Investment
SBI car loan EMI | Ref:d0c84d28 | Amount: INR 21675.63,EMI
Zomato dinner bill | Ref:74687d02 | Amount: INR 48618.01,Food
Reliance Digital purchase | Ref:ca95177c | Amount: INR 37879.66,Shopping
Uber ride payment | Ref:75fb46b0 | Amount: INR 23440.19,Travel
IKEA furniture shopping | Ref:c2f69260 | Amount: INR 8936.51,Shopping
MakeMyTrip hotel booking | Ref:0240b7f1 | Amount: INR 36521.18,Travel
Flipkart electronics purchase | Ref:84ffa50b | Amount: INR 6335.36,Shopping
Petrol pump fuel payment | Ref:0c516db5 | Amount: INR 41933.96,Travel
Reliance Digital purchase | Ref:dff3777f | Amount: INR 23874.87,Shopping
HDFC home loan EMI | Ref:88922ebf | Amount: INR 46115.19,EMI
Zerodha stock purchase | Ref:1a3aeaf4 | Amount: INR 49382.57,Investment
MakeMyTrip hotel booking | Ref:c1f8a44b | Amount: INR 43343.37,Travel
Personal loan EMI deduction | Ref:001bea16 | Amount: INR 8394.06,EMI
Groww ETF investment | Ref:4bd20b1b | Amount: INR 936.24,Investment
Swiggy order payment | Ref:3aebcbd5 | Amount: INR 22761.35,Food
Swiggy order payment | Ref:035a702f | Amount: INR 26894.8,Food
HDFC home loan EMI | Ref:16042437 | Amount: INR 25371.12,EMI
Credit card EMI installment | Ref:c6a4e989 | Amount: INR 19424.92,EMI
Fixed deposit investment | Ref:1d808746 | Amount: INR 32093.65,Investment
McDonald's meal payment | Ref:1d5a8086 | Amount: INR 6251.85,Food
Cafe coffee purchase at | Ref:4e9d4b3b | Amount: INR 20325.94,Food
Petrol pump fuel payment | Ref:ca21e7bb | Amount: INR 38446.93,Travel
HDFC home loan EMI | Ref:5b4cf042 | Amount: INR 30269.74,EMI
IndiGo flight ticket | Ref:be44a326 | Amount: INR 6429.9,Travel
IRCTC train ticket booking | Ref:b30868a5 | Amount: INR 1995.7,Travel
Zerodha stock purchase | Ref:3633db1e | Amount: INR 2942.4,Investment
SIP investment in mutual fund | Ref:2e03b3b3 | Amount: INR 11151.54,Investment
Zomato dinner bill | Ref:9800eb20 | Amount: INR 33338.03,Food
Restaurant dining at | Ref:94dc6b08 | Amount: INR 47521.82,Food
IKEA furniture shopping | Ref:96a0ad22 | Amount: INR 39095.2,Shopping
Reliance Digital purchase | Ref:4718a65c | Amount: INR 39371.43,Shopping
SIP investment in mutual fund | Ref:ed6509c1 | Amount: INR 3993.05,Investment
SIP investment in mutual fund | Ref:d7bf922a | Amount: INR 11946.6,Investment
PPF contribution | Ref:020340e2 | Amount: INR 23161.64,Investment
IndiGo flight ticket | Ref:ef85129d | Amount: INR 19045.17,Travel
RedBus bus ticket | Ref:779d8601 | Amount: INR 28901.38,Travel
Swiggy order payment | Ref:90d06b82 | Amount: INR 33402.43,Food
SBI car loan EMI | Ref:dd121a1e | Amount: INR 26278.77,EMI
Groww ETF investment | Ref:1ad64ea4 | Amount: INR 12727.73,Investment
Groww ETF investment | Ref:ffc3522c | Amount: INR 15769.39,Investment
HDFC home loan EMI | Ref:3904b4a7 | Amount: INR 34125.93,EMI
Myntra clothing order | Ref:eeca2af9 | Amount: INR 7400.77,Shopping
IKEA furniture shopping | Ref:012bee10 | Amount: INR 30583.96,Shopping
SIP investment in mutual fund | Ref:04d3b7cc | Amount: INR 41049.73,Investment
Cafe coffee purchase at | Ref:63c593e9 | Amount: INR 40060.95,Food
IRCTC train ticket booking | Ref:355623b6 | Amount: INR 10053.16,Travel
IKEA furniture shopping | Ref:f8b70496 | Amount: INR 10347.64,Shopping
Fixed deposit investment | Ref:ad50040e | Amount: INR 18729.38,Investment
Zerodha stock purchase | Ref:2fc9cc74 | Amount: INR 48136.16,Investment
Amazon online shopping | Ref:c2c88696 | Amount: INR 37084.58,Shopping
Amazon online shopping | Ref:2610b2de | Amount: INR 38618.65,Shopping
PPF contribution | Ref:86098a33 | Amount: INR 28217.36,Investment
Credit card EMI installment | Ref:2603ae87 | Amount: INR 21737.53,EMI
HDFC home loan EMI | Ref:f2944f32 | Amount: INR 45773.89,EMI
MakeMyTrip hotel booking | Ref:b724d7e4 | Amount: INR 48764.03,Travel
Bajaj Finserv EMI payment | Ref:87b80b00 | Amount: INR 41940.54,EMI
Credit card EMI installment | Ref:5a200d21 | Amount: INR 10581.97,EMI
Credit card EMI installment | Ref:2f9c384e | Amount: INR 16814.96,EMI
HDFC home loan EMI | Ref:04f8092d | Amount: INR 22526.23,EMI
Petrol pump fuel payment | Ref:daee866a | Amount: INR 41695.86,Travel
Amazon online shopping | Ref:3c2f24fa | Amount: INR 39492.71,Shopping
Amazon online shopping | Ref:b22b90b2 | Amount: INR 44602.24,Shopping
PPF contribution | Ref:52e5f5a7 | Amount: INR 22228.79,Investment
Myntra clothing order | Ref:81d0169c | Amount: INR 34920.82,Shopping
Fixed deposit investment | Ref:9cba1d37 | Amount: INR 29082.62,Investment
Flipkart electronics purchase | Ref:184bde73 | Amount: INR 20895.8,Shopping
Uber ride payment | Ref:f1e5dbf8 | Amount: INR 45258.64,Travel
MakeMyTrip hotel booking | Ref:139a8ee7 | Amount: INR 46116.78,Travel
Dominos pizza order | Ref:532eb3bf | Amount: INR 29101.27,Food
Fixed deposit investment | Ref:31c13322 | Amount: INR 25762.66,Investment
IRCTC train ticket booking | Ref:04c4a936 | Amount: INR 25353.01,Travel
SIP investment in mutual fund | Ref:202cfabb | Amount: INR 47607.42,Investment
Grocery purchase at Big Bazaar | Ref:57bb862c | Amount: INR 14747.88,Food
Uber ride payment | Ref:a5889306 | Amount: INR 7305.22,Travel
Grocery purchase at Big Bazaar | Ref:e84b42a1 | Amount: INR 5510.35,Food
Fixed deposit investment | Ref:496fc840 | Amount: INR 6849.42,Investment
Ola cab fare | Ref:945a26df | Amount: INR 37999.98,Travel
Restaurant dining at | Ref:f524af9b | Amount: INR 34535.35,Food
Zomato dinner bill | Ref:3106046c | Amount: INR 27041.5,Food
MakeMyTrip hotel booking | Ref:2e84ce06 | Amount: INR 23830.85,Travel
MakeMyTrip hotel booking | Ref:68bd7522 | Amount: INR 6464.71,Travel
IKEA furniture shopping | Ref:84fdd7b6 | Amount: INR 36710.87,Shopping
RedBus bus ticket | Ref:f63d863a | Amount: INR 18337.77,Travel
Credit card EMI installment | Ref:7ead53f3 | Amount: INR 37293.21,EMI
Reliance Digital purchase | Ref:40a17ac6 | Amount: INR 10504.87,Shopping
Credit card EMI installment | Ref:44378ae3 | Amount: INR 23089.02,EMI
Swiggy order payment | Ref:41220ccd | Amount: INR 18449.6,Food
Amazon online shopping | Ref:68e9a9f2 | Amount: INR 29545.1,Shopping
Groww ETF investment | Ref:d414b6da | Amount: INR 9240.26,Investment
IRCTC train ticket booking | Ref:ae6ab84d | Amount: INR 45953.23,Travel
Bajaj Finserv EMI payment | Ref:af61f1ad | Amount: INR 3860.68,EMI
Reliance Digital purchase | Ref:39af1a71 | Amount: INR 29843.35,Shopping
Restaurant dining at | Ref:d7f48816 | Amount: INR 29858.8,Food
Zerodha stock purchase | Ref:206f09bd | Amount: INR 44152.47,Investment
PPF contribution | Ref:58d73694 | Amount: INR 17562.12,Investment
Zerodha stock purchase | Ref:1ada4729 | Amount: INR 4041.15,Investment
Swiggy order payment | Ref:2814d28b | Amount: INR 1543.94,Food
MakeMyTrip hotel booking | Ref:dcb349b7 | Amount: INR 46654.85,Travel
SBI car loan EMI | Ref:67f3f227 | Amount: INR 22056.71,EMI
Fixed deposit investment | Ref:f9373f33 | Amount: INR 36784.35,Investment
Zerodha stock purchase | Ref:1c2785bb | Amount: INR 20176.96,Investment
Amazon online shopping | Ref:51c9c0df | Amount: INR 25880.72,Shopping
Restaurant dining at | Ref:dcb40645 | Amount: INR 28688.13,Food
Bajaj Finserv EMI payment | Ref:5b4a5046 | Amount: INR 19551.8,EMI
Petrol pump fuel payment | Ref:abc2e111 | Amount: INR 25218.65,Travel
Petrol pump fuel payment | Ref:bd73cf42 | Amount: INR 10400.07,Travel
MakeMyTrip hotel booking | Ref:8a13b658 | Amount: INR 16929.78,Travel
Credit card EMI installment | Ref:df5cbb42 | Amount: INR 34531.16,EMI
HDFC home loan EMI | Ref:33be419c | Amount: INR 14687.08,EMI
Restaurant dining at | Ref:22c1f7db | Amount: INR 33600.68,Food
Amazon online shopping | Ref:e601862c | Amount: INR 43166.11,Shopping
PPF contribution | Ref:f2207429 | Amount: INR 46155.99,Investment
Cafe coffee purchase at | Ref:7b0e3524 | Amount: INR 20120.36,Food
IKEA furniture shopping | Ref:0f0e9d8d | Amount: INR 2291.48,Shopping
Reliance Digital purchase | Ref:944c038f | Amount: INR 24365.9,Shopping
Credit card EMI installment | Ref:7f6c2c42 | Amount: INR 18960.91,EMI
HDFC home loan EMI | Ref:d3976bfb | Amount: INR 45712.86,EMI
SBI car loan EMI | Ref:20079b59 | Amount: INR 25708.54,EMI
Swiggy order payment | Ref:85d8dcde | Amount: INR 7020.52,Food
SBI car loan EMI | Ref:523081b6 | Amount: INR 34447.46,EMI
Uber ride payment | Ref:c4b67b1c | Amount: INR 12424.8,Travel
HDFC home loan EMI | Ref:1aeb2dd5 | Amount: INR 46099.87,EMI
Fixed deposit investment | Ref:a8453d53 | Amount: INR 9209.44,Investment
SIP investment in mutual fund | Ref:acaf1ce5 | Amount: INR 41833.23,Investment
Personal loan EMI deduction | Ref:eedc7bb0 | Amount: INR 49573.58,EMI
Cafe coffee purchase at | Ref:b963d36c | Amount: INR 4427.04,Food
PPF contribution | Ref:ea3dd84c | Amount: INR 41396.3,Investment
Fixed deposit investment | Ref:2d539ac9 | Amount: INR 4443.15,Investment
Cafe coffee purchase at | Ref:5e3df9aa | Amount: INR 47160.95,Food
Grocery purchase at Big Bazaar | Ref:3f6ce157 | Amount: INR 13089.91,Food
Cafe coffee purchase at | Ref:b0a6f0ca | Amount: INR 41486.16,Food
IRCTC train ticket booking | Ref:14973489 | Amount: INR 42388.53,Travel
Restaurant dining at | Ref:f75549ea | Amount: INR 31404.14,Food
Credit card EMI installment | Ref:5840ea92 | Amount: INR 44264.48,EMI
MakeMyTrip hotel booking | Ref:fbd54207 | Amount: INR 156.44,Travel
IRCTC train ticket booking | Ref:93526fc2 | Amount: INR 3952.52,Travel
IndiGo flight ticket | Ref:c9b839e6 | Amount: INR 35101.25,Travel
Personal loan EMI deduction | Ref:75522ecd | Amount: INR 4931.17,EMI
Groww ETF investment | Ref:4b41b97a | Amount: INR 15461.63,Investment
Flipkart electronics purchase | Ref:0d9a07c3 | Amount: INR 1509.07,Shopping
Groww ETF investment | Ref:d08fa6a7 | Amount: INR 7828.09,Investment
Cafe coffee purchase at | Ref:37bcfec9 | Amount: INR 38818.94,Food
Reliance Digital purchase | Ref:1d0706f2 | Amount: INR 12508.51,Shopping
Reliance Digital purchase | Ref:f484021d | Amount: INR 17466.61,Shopping
McDonald's meal payment | Ref:0224fae5 | Amount: INR 1599.95,Food
Personal loan EMI deduction | Ref:f9ac80fb | Amount: INR 19369.02,EMI
McDonald's meal payment | Ref:4598f65a | Amount: INR 18102.64,Food
RedBus bus ticket | Ref:1c1c019a | Amount: INR 42684.33,Travel
RedBus bus ticket | Ref:ab56c18e | Amount: INR 28582.38,Travel
Uber ride payment | Ref:329d4419 | Amount: INR 38982.92,Travel
Dominos pizza order | Ref:1c3288ac | Amount: INR 44243.66,Food
Restaurant dining at | Ref:7ca9abae | Amount: INR 46186.29,Food
Myntra clothing order | Ref:1f5b3d79 | Amount: INR 13424.66,Shopping
HDFC home loan EMI | Ref:1216265c | Amount: INR 47551.96,EMI
SIP investment in mutual fund | Ref:49576d40 | Amount: INR 48421.51,Investment
Ola cab fare | Ref:727f19ed | Amount: INR 30442.51,Travel
IKEA furniture shopping | Ref:4d186113 | Amount: INR 7032.06,Shopping
SIP investment in mutual fund | Ref:2bc5d56b | Amount: INR 46721.99,Investment
Dominos pizza order | Ref:30dcef32 | Amount: INR 24170.34,Food
PPF contribution | Ref:1313c9fe | Amount: INR 18577.77,Investment
McDonald's meal payment | Ref:3cfc0ad0 | Amount: INR 28728.93,Food
PPF contribution | Ref:55a2335c | Amount: INR 42814.21,Investment
Flipkart electronics purchase | Ref:001728ff | Amount: INR 26023.69,Shopping
Groww ETF investment | Ref:8caf9b68 | Amount: INR 19737.83,Investment
HDFC home loan EMI | Ref:d09b2dad | Amount: INR 38061.41,EMI
Ola cab fare | Ref:e0a3808f | Amount: INR 38684.17,Travel
IKEA furniture shopping | Ref:c6d34190 | Amount: INR 40430.94,Shopping
SIP investment in mutual fund | Ref:0dfe538c | Amount: INR 35435.02,Investment
PPF contribution | Ref:d7bcae97 | Amount: INR 16440.46,Investment
Ola cab fare | Ref:c99d05d2 | Amount: INR 32041.92,Travel
Myntra clothing order | Ref:f0034954 | Amount: INR 23150.38,Shopping
Groww ETF investment | Ref:1e8fb8f8 | Amount: INR 38553.59,Investment
Zerodha stock purchase | Ref:e7e76339 | Amount: INR 291.35,Investment
Myntra clothing order | Ref:5d11ab9e | Amount: INR 9646.6,Shopping
Zomato dinner bill | Ref:5482ea63 | Amount: INR 2819.1,Food
IndiGo flight ticket | Ref:d62f321d | Amount: INR 10086.15,Travel
Zerodha stock purchase | Ref:9a9f8aa7 | Amount: INR 16635.73,Investment
IndiGo flight ticket | Ref:7c135bfd | Amount: INR 6038.34,Travel
SIP investment in mutual fund | Ref:25e35021 | Amount: INR 25673.34,Investment
Grocery purchase at Big Bazaar | Ref:3e90c266 | Amount: INR 45469.46,Food
Myntra clothing order | Ref:e0eebf34 | Amount: INR 20674.55,Shopping
Dominos pizza order | Ref:6f8961c8 | Amount: INR 20593.04,Food
PPF contribution | Ref:90b78159 | Amount: INR 32968.79,Investment
Amazon online shopping | Ref:49c3073d | Amount: INR 43381.51,Shopping
IRCTC train ticket booking | Ref:0aaf624d | Amount: INR 23333.58,Travel
IRCTC train ticket booking | Ref:d29ca6d1 | Amount: INR 28204.81,Travel
HDFC home loan EMI | Ref:bdffcf25 | Amount: INR 3872.53,EMI
SBI car loan EMI | Ref:613c7ae6 | Amount: INR 6484.62,EMI
McDonald's meal payment | Ref:cc298251 | Amount: INR 28654.66,Food
Flipkart electronics purchase | Ref:02ad7705 | Amount: INR 19146.96,Shopping
SIP investment in mutual fund | Ref:d98fe4b4 | Amount: INR 27647.17,Investment
IKEA furniture shopping | Ref:413985a1 | Amount: INR 40667.31,Shopping
Personal loan EMI deduction | Ref:a9c633f2 | Amount: INR 25114.65,EMI
Reliance Digital purchase | Ref:a34815c7 | Amount: INR 4567.57,Shopping
Myntra clothing order | Ref:e6dfddf1 | Amount: INR 42944.48,Shopping
Restaurant dining at | Ref:ed15f0e7 | Amount: INR 12000.87,Food
Uber ride payment | Ref:b39ef39c | Amount: INR 35816.45,Travel
SBI car loan EMI | Ref:f188a7e9 | Amount: INR 13984.22,EMI
Fixed deposit investment | Ref:76867403 | Amount: INR 40759.58,Investment
Amazon online shopping | Ref:4775fba9 | Amount: INR 44381.56,Shopping
Flipkart electronics purchase | Ref:52b2b708 | Amount: INR 10229.88,Shopping
Uber ride payment | Ref:4ef8568e | Amount: INR 5502.4,Travel
Credit card EMI installment | Ref:6eea769c | Amount: INR 43698.56,EMI
PPF contribution | Ref:b25b32e0 | Amount: INR 8282.98,Investment
Amazon online shopping | Ref:a531b200 | Amount: INR 42574.56,Shopping
Flipkart electronics purchase | Ref:2e1237a6 | Amount: INR 15300.22,Shopping
PPF contribution | Ref:a054be18 | Amount: INR 32993.04,Investment
Credit card EMI installment | Ref:d741ae24 | Amount: INR 44048.29,EMI
IndiGo flight ticket | Ref:96bb9aa0 | Amount: INR 8322.01,Travel
Dominos pizza order | Ref:5c1aa6ab | Amount: INR 47437.47,Food
Restaurant dining at | Ref:a0b036de | Amount: INR 6392.57,Food
Amazon online shopping | Ref:866c33e5 | Amount: INR 46907.94,Shopping
Reliance Digital purchase | Ref:80d3b9a9 | Amount: INR 38956.72,Shopping
Petrol pump fuel payment | Ref:4a17bb21 | Amount: INR 11024.13,Travel
SBI car loan EMI | Ref:2ccfec46 | Amount: INR 5712.87,EMI
Cafe coffee purchase at | Ref:7fee36ae | Amount: INR 16015.61,Food
Petrol pump fuel payment | Ref:ad06c481 | Amount: INR 26346.48,Travel
Cafe coffee purchase at | Ref:5ac52c97 | Amount: INR 8135.62,Food
IndiGo flight ticket | Ref:12bf9a56 | Amount: INR 39678.24,Travel
Uber ride payment | Ref:911665eb | Amount: INR 35369.87,Travel
McDonald's meal payment | Ref:39059927 | Amount: INR 15140.8,Food
McDonald's meal payment | Ref:a5a00669 | Amount: INR 7503.41,Food
PPF contribution | Ref:457456de | Amount: INR 14001.84,Investment
Groww ETF investment | Ref:10f67512 | Amount: INR 38998.95,Investment
IRCTC train ticket booking | Ref:2ddf4391 | Amount: INR 33367.34,Travel
Personal loan EMI deduction | Ref:469faa7f | Amount: INR 36901.58,EMI
Zomato dinner bill | Ref:9357ee14 | Amount: INR 5131.73,Food
Fixed deposit investment | Ref:b5b335c7 | Amount: INR 29279.88,Investment
IRCTC train ticket booking | Ref:ce4cbceb | Amount: INR 42384.33,Travel
SBI car loan EMI | Ref:1c852026 | Amount: INR 40013.09,EMI
McDonald's meal payment | Ref:85cb0361 | Amount: INR 20758.08,Food
HDFC home loan EMI | Ref:1d7a999a | Amount: INR 44410.71,EMI
Bajaj Finserv EMI payment | Ref:7a7f7e6f | Amount: INR 27388.16,EMI
Credit card EMI installment | Ref:2e5c298b | Amount: INR 6518.84,EMI
Reliance Digital purchase | Ref:a67e42d4 | Amount: INR 43798.12,Shopping
Fixed deposit investment | Ref:cdcd4d86 | Amount: INR 12239.59,Investment
Zomato dinner bill | Ref:f782f834 | Amount: INR 10853.37,Food
IKEA furniture shopping | Ref:a6d9ece9 | Amount: INR 26972.14,Shopping
PPF contribution | Ref:fed59d17 | Amount: INR 30072.89,Investment
Ola cab fare | Ref:188124fe | Amount: INR 6094.49,Travel
SBI car loan EMI | Ref:23aee52f | Amount: INR 48542.47,EMI
IKEA furniture shopping | Ref:cf12f41b | Amount: INR 10110.39,Shopping
Amazon online shopping | Ref:99bc841a | Amount: INR 30274.49,Shopping
MakeMyTrip hotel booking | Ref:0fd02d99 | Amount: INR 33583.39,Travel
IndiGo flight ticket | Ref:6a5a2a92 | Amount: INR 47522.39,Travel
Uber ride payment | Ref:965cdb2e | Amount: INR 11372.42,Travel
McDonald's meal payment | Ref:15a8535c | Amount: INR 48983.54,Food
Cafe coffee purchase at | Ref:84bc962d | Amount: INR 2731.16,Food
Amazon online shopping | Ref:b48f5b93 | Amount: INR 17376.02,Shopping
Flipkart electronics purchase | Ref:12e92607 | Amount: INR 1439.53,Shopping
Amazon online shopping | Ref:51dbffc9 | Amount: INR 44988.53,Shopping
Cafe coffee purchase at | Ref:63952690 | Amount: INR 45789.89,Food
MakeMyTrip hotel booking | Ref:c5fdad5e | Amount: INR 20398.61,Travel
Credit card EMI installment | Ref:8f4af010 | Amount: INR 49831.74,EMI
Grocery purchase at Big Bazaar | Ref:9b8cfa3e | Amount: INR 22218.44,Food
Credit card EMI installment | Ref:360b6b33 | Amount: INR 30330.13,EMI
Groww ETF investment | Ref:4b78594f | Amount: INR 18321.92,Investment
Grocery purchase at Big Bazaar | Ref:225999e6 | Amount: INR 38940.79,Food
SBI car loan EMI | Ref:60278e91 | Amount: INR 37427.41,EMI
Credit card EMI installment | Ref:8b22380e | Amount: INR 13423.66,EMI
Amazon online shopping | Ref:643d022c | Amount: INR 1872.47,Shopping
SIP investment in mutual fund | Ref:f99338eb | Amount: INR 5847.66,Investment
SIP investment in mutual fund | Ref:c111d049 | Amount: INR 48859.52,Investment
PPF contribution | Ref:837d887e | Amount: INR 15979.39,Investment
Amazon online shopping | Ref:473ba16c | Amount: INR 4588.81,Shopping
McDonald's meal payment | Ref:b6af61d1 | Amount: INR 10013.52,Food
Restaurant dining at | Ref:055244f7 | Amount: INR 12348.8,Food
Petrol pump fuel payment | Ref:040d3fcf | Amount: INR 1677.09,Travel
SIP investment in mutual fund | Ref:b680dd7a | Amount: INR 40283.48,Investment
Swiggy order payment | Ref:ab8c3467 | Amount: INR 15097.83,Food
SBI car loan EMI | Ref:2ee60615 | Amount: INR 8115.77,EMI
Flipkart electronics purchase | Ref:3ece18af | Amount: INR 4350.37,Shopping
SIP investment in mutual fund | Ref:3c72b58a | Amount: INR 43895.11,Investment
Petrol pump fuel payment | Ref:362133f3 | Amount: INR 45505.1,Travel
Reliance Digital purchase | Ref:516a2389 | Amount: INR 40001.01,Shopping
SBI car loan EMI | Ref:75e4c657 | Amount: INR 32789.16,EMI
IKEA furniture shopping | Ref:07cf815e | Amount: INR 19230.31,Shopping
Cafe coffee purchase at | Ref:d10cda3d | Amount: INR 5953.45,Food
IRCTC train ticket booking | Ref:b194d3a5 | Amount: INR 22328.05,Travel
Dominos pizza order | Ref:02353f44 | Amount: INR 3816.23,Food
IKEA furniture shopping | Ref:ddd55847 | Amount: INR 8098.4,Shopping
Restaurant dining at | Ref:cf4e066a | Amount: INR 42864.89,Food
SBI car loan EMI | Ref:39ffc784 | Amount: INR 15123.13,EMI
PPF contribution | Ref:b8c93250 | Amount: INR 45565.67,Investment
SBI car loan EMI | Ref:5f4ed887 | Amount: INR 40705.09,EMI
Ola cab fare | Ref:c30b6f3b | Amount: INR 39356.07,Travel
SIP investment in mutual fund | Ref:a0160b77 | Amount: INR 16284.76,Investment
RedBus bus ticket | Ref:12cfb1ff | Amount: INR 24400.86,Travel
HDFC home loan EMI | Ref:9dca6d8c | Amount: INR 42773.12,EMI
Uber ride payment | Ref:f3653a0a | Amount: INR 36513.25,Travel
Zerodha stock purchase | Ref:9b36a6c3 | Amount: INR 25912.65,Investment
Bajaj Finserv EMI payment | Ref:19d7eed8 | Amount: INR 44735.51,EMI
Reliance Digital purchase | Ref:43c12cbc | Amount: INR 38716.8,Shopping
Personal loan EMI deduction | Ref:e3ec8b8c | Amount: INR 22594.89,EMI
Cafe coffee purchase at | Ref:f30dd071 | Amount: INR 41824.8,Food
Flipkart electronics purchase | Ref:8663b4cc | Amount: INR 34670.38,Shopping
PPF contribution | Ref:2f423708 | Amount: INR 45463.94,Investment
Dominos pizza order | Ref:2f289831 | Amount: INR 13840.71,Food
Fixed deposit investment | Ref:f3f884dd | Amount: INR 22200.06,Investment
Bajaj Finserv EMI payment | Ref:accdcdfa | Amount: INR 18256.56,EMI
IKEA furniture shopping | Ref:bf7ab2ea | Amount: INR 4549.64,Shopping
Myntra clothing order | Ref:6af67365 | Amount: INR 45865.48,Shopping
Bajaj Finserv EMI payment | Ref:09ec2967 | Amount: INR 14714.04,EMI
Swiggy order payment | Ref:65ff98b1 | Amount: INR 28156.05,Food
Petrol pump fuel payment | Ref:751d4202 | Amount: INR 6890.83,Travel
Amazon online shopping | Ref:16eab688 | Amount: INR 2576.4,Shopping
Dominos pizza order | Ref:458d7371 | Amount: INR 22998.27,Food
MakeMyTrip hotel booking | Ref:06258d82 | Amount: INR 30880.97,Travel
IndiGo flight ticket | Ref:bb97de30 | Amount: INR 32826.27,Travel
Credit card EMI installment | Ref:0c72d4a5 | Amount: INR 26720.71,EMI
IndiGo flight ticket | Ref:3e7192d8 | Amount: INR 27400.81,Travel
Bajaj Finserv EMI payment | Ref:551d6b38 | Amount: INR 15181.4,EMI
Restaurant dining at | Ref:bb57d293 | Amount: INR 45240.84,Food
IRCTC train ticket booking | Ref:7f3e58e3 | Amount: INR 43574.29,Travel
Swiggy order payment | Ref:a6b1a9b5 | Amount: INR 957.78,Food
Myntra clothing order | Ref:12060c8a | Amount: INR 12186.64,Shopping
Amazon online shopping | Ref:3347c2ed | Amount: INR 28025.24,Shopping
McDonald's meal payment | Ref:714a9064 | Amount: INR 8160.57,Food
IRCTC train ticket booking | Ref:3105ed30 | Amount: INR 35077.99,Travel
Reliance Digital purchase | Ref:b3b2fb40 | Amount: INR 20691.72,Shopping
Bajaj Finserv EMI payment | Ref:cfe1018b | Amount: INR 48936.07,EMI
RedBus bus ticket | Ref:a506a9bd | Amount: INR 20813.39,Travel
SIP investment in mutual fund | Ref:443f3f0f | Amount: INR 34558.66,Investment
Personal loan EMI deduction | Ref:972b68d8 | Amount: INR 7501.3,EMI
HDFC home loan EMI | Ref:804ed9a5 | Amount: INR 49884.93,EMI
Groww ETF investment | Ref:95ea9ffc | Amount: INR 29991.94,Investment
Petrol pump fuel payment | Ref:c9bcb18f | Amount: INR 16164.21,Travel
SBI car loan EMI | Ref:6459f219 | Amount: INR 40084.41,EMI
Bajaj Finserv EMI payment | Ref:2d4bc775 | Amount: INR 24357.45,EMI
Credit card EMI installment | Ref:faebe8b3 | Amount: INR 17937.72,EMI
Myntra clothing order | Ref:b298a3b1 | Amount: INR 31309.78,Shopping
MakeMyTrip hotel booking | Ref:129692ca | Amount: INR 10590.71,Travel
Reliance Digital purchase | Ref:d51bc2ca | Amount: INR 7827.43,Shopping
Bajaj Finserv EMI payment | Ref:1e368d6d | Amount: INR 13077.16,EMI
HDFC home loan EMI | Ref:540651ae | Amount: INR 14070.34,EMI
HDFC home loan EMI | Ref:c26e4440 | Amount: INR 4929.41,EMI
IndiGo flight ticket | Ref:455a52ae | Amount: INR 38910.56,Travel
SIP investment in mutual fund | Ref:554a1715 | Amount: INR 11246.16,Investment
HDFC home loan EMI | Ref:e9205993 | Amount: INR 8612.61,EMI
Myntra clothing order | Ref:f1298e08 | Amount: INR 16137.9,Shopping
Credit card EMI installment | Ref:81aac391 | Amount: INR 19321.75,EMI
Amazon online shopping | Ref:e4183da7 | Amount: INR 45764.27,Shopping
Groww ETF investment | Ref:b3a4cc6b | Amount: INR 6115.88,Investment
Personal loan EMI deduction | Ref:7c8e970c | Amount: INR 20094.12,EMI
Restaurant dining at | Ref:b44b2cfe | Amount: INR 22409.44,Food
Zerodha stock purchase | Ref:f8821679 | Amount: INR 6532.44,Investment
Reliance Digital purchase | Ref:e8eea9f5 | Amount: INR 8080.77,Shopping
IKEA furniture shopping | Ref:709aedbf | Amount: INR 6909.6,Shopping
Uber ride payment | Ref:b9ee3d00 | Amount: INR 22742.39,Travel
Flipkart electronics purchase | Ref:f92044a6 | Amount: INR 22496.74,Shopping
RedBus bus ticket | Ref:12a0f8f4 | Amount: INR 38887.36,Travel
Groww ETF investment | Ref:b5b0ed96 | Amount: INR 41204.91,Investment
SBI car loan EMI | Ref:46c9ca37 | Amount: INR 12836.56,EMI
MakeMyTrip hotel booking | Ref:065ef96e | Amount: INR 33803.76,Travel
PPF contribution | Ref:bdef4e25 | Amount: INR 6259.95,Investment
MakeMyTrip hotel booking | Ref:13332c86 | Amount: INR 22261.09,Travel
Swiggy order payment | Ref:2c4699a5 | Amount: INR 30851.11,Food
Fixed deposit investment | Ref:587c335c | Amount: INR 5445.22,Investment
Reliance Digital purchase | Ref:71b2745a | Amount: INR 9547.34,Shopping
Dominos pizza order | Ref:a3a3fb05 | Amount: INR 38967.68,Food
Fixed deposit investment | Ref:9821bbd6 | Amount: INR 3928.75,Investment
Swiggy order payment | Ref:12f54b46 | Amount: INR 49880.39,Food
Uber ride payment | Ref:0fdeb19f | Amount: INR 48181.81,Travel
HDFC home loan EMI | Ref:174cb948 | Amount: INR 42791.15,EMI
IRCTC train ticket booking | Ref:8399ab56 | Amount: INR 47132.08,Travel
Amazon online shopping | Ref:b02ba3f4 | Amount: INR 34819.14,Shopping
MakeMyTrip hotel booking | Ref:9e6ae933 | Amount: INR 43663.52,Travel
Groww ETF investment | Ref:84e89f68 | Amount: INR 40812.42,Investment
Groww ETF investment | Ref:12504426 | Amount: INR 7140.41,Investment
Myntra clothing order | Ref:8769d6f7 | Amount: INR 24820.71,Shopping
Cafe coffee purchase at | Ref:beffb5af | Amount: INR 38295.79,Food
Ola cab fare | Ref:871b709f | Amount: INR 34519.58,Travel
PPF contribution | Ref:5285e533 | Amount: INR 11907.17,Investment
Bajaj Finserv EMI payment | Ref:8f25186e | Amount: INR 14053.32,EMI
Dominos pizza order | Ref:98934f70 | Amount: INR 18919.56,Food
IKEA furniture shopping | Ref:d54c13a2 | Amount: INR 17437.36,Shopping
Credit card EMI installment | Ref:fd90a100 | Amount: INR 20597.07,EMI
SIP investment in mutual fund | Ref:60b1836b | Amount: INR 23726.38,Investment
MakeMyTrip hotel booking | Ref:a4e37775 | Amount: INR 20116.16,Travel
Myntra clothing order | Ref:f5f77667 | Amount: INR 7779.15,Shopping
Myntra clothing order | Ref:cdf7234d | Amount: INR 1451.04,Shopping
Petrol pump fuel payment | Ref:bdfa872a | Amount: INR 29905.76,Travel
Dominos pizza order | Ref:fd9d932c | Amount: INR 39790.82,Food
Grocery purchase at Big Bazaar | Ref:4985ab25 | Amount: INR 39061.58,Food
Groww ETF investment | Ref:92639e06 | Amount: INR 10014.75,Investment
Reliance Digital purchase | Ref:d2748dbc | Amount: INR 2591.74,Shopping
IndiGo flight ticket | Ref:80825b5c | Amount: INR 36609.18,Travel
SBI car loan EMI | Ref:7849584e | Amount: INR 47061.03,EMI
IKEA furniture shopping | Ref:704b96ec | Amount: INR 32200.54,Shopping
Reliance Digital purchase | Ref:fee244e7 | Amount: INR 30388.7,Shopping
Groww ETF investment | Ref:047ad087 | Amount: INR 15500.7,Investment
Fixed deposit investment | Ref:2f6ccbe9 | Amount: INR 12718.95,Investment
RedBus bus ticket | Ref:57972fbd | Amount: INR 29546.63,Travel
HDFC home loan EMI | Ref:34cc4209 | Amount: INR 5592.78,EMI
Groww ETF investment | Ref:35b8db71 | Amount: INR 24022.9,Investment
SIP investment in mutual fund | Ref:85ae6580 | Amount: INR 38030.47,Investment
Amazon online shopping | Ref:ca0000a0 | Amount: INR 40401.21,Shopping
RedBus bus ticket | Ref:8b2320ce | Amount: INR 6500.3,Travel
Uber ride payment | Ref:e7acda94 | Amount: INR 43107.8,Travel
IndiGo flight ticket | Ref:b3737b52 | Amount: INR 26520.49,Travel
Uber ride payment | Ref:d770f147 | Amount: INR 26186.7,Travel
Groww ETF investment | Ref:2be21165 | Amount: INR 29138.33,Investment
Fixed deposit investment | Ref:6603bdc4 | Amount: INR 13304.15,Investment
Credit card EMI installment | Ref:a1345c83 | Amount: INR 20066.94,EMI
IndiGo flight ticket | Ref:995f9eef | Amount: INR 3330.36,Travel
Bajaj Finserv EMI payment | Ref:2bac1a8e | Amount: INR 41184.14,EMI
Reliance Digital purchase | Ref:300d8e7e | Amount: INR 33364.75,Shopping
PPF contribution | Ref:604951b4 | Amount: INR 4304.39,Investment
Zomato dinner bill | Ref:5aa96a03 | Amount: INR 44668.93,Food
Myntra clothing order | Ref:3fa1b009 | Amount: INR 27490.81,Shopping
IKEA furniture shopping | Ref:48ee35c5 | Amount: INR 25066.79,Shopping
SBI car loan EMI | Ref:6d8ed6ef | Amount: INR 26128.23,EMI
SBI car loan EMI | Ref:a297203a | Amount: INR 33581.21,EMI
Flipkart electronics purchase | Ref:1b78159b | Amount: INR 126.61,Shopping
Amazon online shopping | Ref:13d03284 | Amount: INR 23650.3,Shopping
Fixed deposit investment | Ref:d9cd25db | Amount: INR 28838.8,Investment
Ola cab fare | Ref:6eceda5b | Amount: INR 38543.99,Travel
Flipkart electronics purchase | Ref:c86d4d59 | Amount: INR 39154.94,Shopping
Grocery purchase at Big Bazaar | Ref:8204420b | Amount: INR 5381.95,Food
SIP investment in mutual fund | Ref:165c63f2 | Amount: INR 17682.09,Investment
MakeMyTrip hotel booking | Ref:635085d2 | Amount: INR 38904.75,Travel
Myntra clothing order | Ref:cff369c5 | Amount: INR 32526.97,Shopping
Cafe coffee purchase at | Ref:46c36d92 | Amount: INR 39291.1,Food
Uber ride payment | Ref:5deab491 | Amount: INR 30009.92,Travel
Groww ETF investment | Ref:b0a5681e | Amount: INR 22508.13,Investment
Credit card EMI installment | Ref:eff65dcf | Amount: INR 18916.99,EMI
Amazon online shopping | Ref:da34ea29 | Amount: INR 41080.42,Shopping
Restaurant dining at | Ref:e85ca543 | Amount: INR 15955.1,Food
Amazon online shopping | Ref:b5e7deeb | Amount: INR 46319.62,Shopping
PPF contribution | Ref:b6fea0ef | Amount: INR 22607.82,Investment
Flipkart electronics purchase | Ref:5e6cac24 | Amount: INR 421.56,Shopping
Zerodha stock purchase | Ref:920103b9 | Amount: INR 22774.46,Investment
IRCTC train ticket booking | Ref:39d5de75 | Amount: INR 46408.38,Travel
Dominos pizza order | Ref:83699336 | Amount: INR 9290.32,Food
SIP investment in mutual fund | Ref:c6c3b097 | Amount: INR 6973.56,Investment
Swiggy order payment | Ref:20caa49a | Amount: INR 3936.54,Food
Bajaj Finserv EMI payment | Ref:9942eb34 | Amount: INR 42782.63,EMI
Fixed deposit investment | Ref:81433058 | Amount: INR 37423.32,Investment
SBI car loan EMI | Ref:7d2a59a9 | Amount: INR 21758.11,EMI
MakeMyTrip hotel booking | Ref:3077b0d3 | Amount: INR 45118.71,Travel
Zomato dinner bill | Ref:1278fe56 | Amount: INR 1109.61,Food
RedBus bus ticket | Ref:09a3c198 | Amount: INR 42185.61,Travel
IKEA furniture shopping | Ref:00f6bf75 | Amount: INR 26570.28,Shopping
Petrol pump fuel payment | Ref:318c3fe4 | Amount: INR 38422.28,Travel
HDFC home loan EMI | Ref:83968f2e | Amount: INR 23704.85,EMI
Bajaj Finserv EMI payment | Ref:ed7d94a1 | Amount: INR 41087.83,EMI
MakeMyTrip hotel booking | Ref:f8686f71 | Amount: INR 36799.49,Travel
RedBus bus ticket | Ref:d449bdd0 | Amount: INR 37631.55,Travel
SBI car loan EMI | Ref:effe2c5a | Amount: INR 28987.61,EMI
Groww ETF investment | Ref:777d42c5 | Amount: INR 1483.56,Investment
Dominos pizza order | Ref:c63093af | Amount: INR 40012.5,Food
HDFC home loan EMI | Ref:55feb755 | Amount: INR 33564.66,EMI
Restaurant dining at | Ref:88d89459 | Amount: INR 43107.24,Food
Zomato dinner bill | Ref:7614c7a4 | Amount: INR 24117.36,Food
Restaurant dining at | Ref:f5997864 | Amount: INR 27940.8,Food
IKEA furniture shopping | Ref:ff639138 | Amount: INR 27162.21,Shopping
Cafe coffee purchase at | Ref:4b4b42f6 | Amount: INR 18246.76,Food
Fixed deposit investment | Ref:a7726a62 | Amount: INR 13179.33,Investment
Zerodha stock purchase | Ref:7f08fadb | Amount: INR 23911.13,Investment
Reliance Digital purchase | Ref:7b9fee69 | Amount: INR 5190.71,Shopping
Flipkart electronics purchase | Ref:9f368c1b | Amount: INR 9635.55,Shopping
Groww ETF investment | Ref:17d86d4d | Amount: INR 45720.81,Investment
Grocery purchase at Big Bazaar | Ref:0f2e1da7 | Amount: INR 9321.15,Food
Myntra clothing order | Ref:01c0ee0b | Amount: INR 17239.81,Shopping
HDFC home loan EMI | Ref:ed489b4b | Amount: INR 45507.2,EMI
Personal loan EMI deduction | Ref:4afa21af | Amount: INR 11346.65,EMI
Credit card EMI installment | Ref:b05ebebc | Amount: INR 35380.07,EMI
IndiGo flight ticket | Ref:1b10c4f1 | Amount: INR 13548.92,Travel
Ola cab fare | Ref:9275d598 | Amount: INR 42447.79,Travel
Bajaj Finserv EMI payment | Ref:a33248b0 | Amount: INR 9632.73,EMI
Ola cab fare | Ref:95bf2533 | Amount: INR 20666.64,Travel
McDonald's meal payment | Ref:f63d6bc3 | Amount: INR 9622.6,Food
SBI car loan EMI | Ref:36399e14 | Amount: INR 26718.33,EMI
Reliance Digital purchase | Ref:c886c4ed | Amount: INR 29502.79,Shopping
Flipkart electronics purchase | Ref:80598fbe | Amount: INR 32291.59,Shopping
Groww ETF investment | Ref:9c0b2234 | Amount: INR 41194.35,Investment
McDonald's meal payment | Ref:ec3cd6d2 | Amount: INR 41814.92,Food
Flipkart electronics purchase | Ref:689f774f | Amount: INR 48700.29,Shopping
Flipkart electronics purchase | Ref:973b4932 | Amount: INR 194.16,Shopping
SBI car loan EMI | Ref:bb07388d | Amount: INR 21761.85,EMI
Fixed deposit investment | Ref:3ec6454d | Amount: INR 41951.34,Investment
IKEA furniture shopping | Ref:2b8ff329 | Amount: INR 14730.95,Shopping
SIP investment in mutual fund | Ref:a01a69ca | Amount: INR 470.64,Investment
Ola cab fare | Ref:b4158734 | Amount: INR 41493.04,Travel
IndiGo flight ticket | Ref:a8b63504 | Amount: INR 2736.99,Travel
IRCTC train ticket booking | Ref:5447b5dd | Amount: INR 17300.26,Travel
MakeMyTrip hotel booking | Ref:71d2cad3 | Amount: INR 11274.75,Travel
Reliance Digital purchase | Ref:af07685e | Amount: INR 43116.84,Shopping
Zerodha stock purchase | Ref:291a5c89 | Amount: INR 8551.06,Investment
IRCTC train ticket booking | Ref:7dfe28dc | Amount: INR 19216.61,Travel
McDonald's meal payment | Ref:8a4f6772 | Amount: INR 32864.02,Food
HDFC home loan EMI | Ref:0fd3f4ad | Amount: INR 28549.05,EMI
Fixed deposit investment | Ref:51e3e603 | Amount: INR 20657.01,Investment
Petrol pump fuel payment | Ref:16f19867 | Amount: INR 37107.77,Travel
McDonald's meal payment | Ref:3acd8da9 | Amount: INR 34491.74,Food
Amazon online shopping | Ref:04569b99 | Amount: INR 35767.19,Shopping
Fixed deposit investment | Ref:9225830f | Amount: INR 4940.54,Investment
Restaurant dining at | Ref:6aa1549e | Amount: INR 35315.9,Food
Groww ETF investment | Ref:3d05995c | Amount: INR 15510.44,Investment
Uber ride payment | Ref:4ee3b570 | Amount: INR 9172.85,Travel
Personal loan EMI deduction | Ref:516336b7 | Amount: INR 22043.72,EMI
Groww ETF investment | Ref:0f642edc | Amount: INR 45764.17,Investment
Uber ride payment | Ref:6a544324 | Amount: INR 32108.08,Travel
Ola cab fare | Ref:70960f77 | Amount: INR 629.56,Travel
SBI car loan EMI | Ref:932b57ed | Amount: INR 44686.92,EMI
Amazon online shopping | Ref:333e0e95 | Amount: INR 7407.12,Shopping
IKEA furniture shopping | Ref:94eb2c43 | Amount: INR 21367.06,Shopping
SBI car loan EMI | Ref:b82e5bd7 | Amount: INR 48721.2,EMI
Restaurant dining at | Ref:6a2e4bbf | Amount: INR 11118.74,Food
Uber ride payment | Ref:4735cfe9 | Amount: INR 31897.97,Travel
Zerodha stock purchase | Ref:2b1d4c57 | Amount: INR 13774.69,Investment
Restaurant dining at | Ref:b14217bd | Amount: INR 21386.13,Food
Amazon online shopping | Ref:5b8aefe5 | Amount: INR 11123.62,Shopping
Uber ride payment | Ref:7ab44553 | Amount: INR 9997.43,Travel
Ola cab fare | Ref:fecce4c5 | Amount: INR 46277.88,Travel
Reliance Digital purchase | Ref:647cdefc | Amount: INR 29532.37,Shopping
McDonald's meal payment | Ref:12af4d8f | Amount: INR 45621.71,Food
Flipkart electronics purchase | Ref:f677e866 | Amount: INR 12901.72,Shopping
HDFC home loan EMI | Ref:59aa1362 | Amount: INR 15529.85,EMI
Personal loan EMI deduction | Ref:a4c3c335 | Amount: INR 2590.23,EMI
McDonald's meal payment | Ref:ed5800b2 | Amount: INR 1608.44,Food
IKEA furniture shopping | Ref:ab9504b9 | Amount: INR 40248.08,Shopping
MakeMyTrip hotel booking | Ref:b1afd4ed | Amount: INR 36613.62,Travel
Groww ETF investment | Ref:766f5c60 | Amount: INR 13599.34,Investment
PPF contribution | Ref:d4765ca8 | Amount: INR 12906.06,Investment
Grocery purchase at Big Bazaar | Ref:19cf2bf6 | Amount: INR 25398.16,Food
Fixed deposit investment | Ref:117e77bf | Amount: INR 24159.61,Investment
RedBus bus ticket | Ref:93ef1c73 | Amount: INR 31343.67,Travel
Restaurant dining at | Ref:7531ab1a | Amount: INR 10543.32,Food
IKEA furniture shopping | Ref:00eb12d3 | Amount: INR 8906.7,Shopping
Dominos pizza order | Ref:ebe4b708 | Amount: INR 13698.95,Food
Personal loan EMI deduction | Ref:e68e87c8 | Amount: INR 48565.17,EMI
Bajaj Finserv EMI payment | Ref:46c662ff | Amount: INR 13356.73,EMI
PPF contribution | Ref:b0ba3a86 | Amount: INR 18887.73,Investment
Personal loan EMI deduction | Ref:6a697b33 | Amount: INR 6641.11,EMI
Restaurant dining at | Ref:951d3470 | Amount: INR 10346.21,Food
SBI car loan EMI | Ref:96eb729e | Amount: INR 6370.5,EMI
Bajaj Finserv EMI payment | Ref:14441620 | Amount: INR 24389.37,EMI
Zerodha stock purchase | Ref:dfd49c92 | Amount: INR 33742.38,Investment
Bajaj Finserv EMI payment | Ref:5e11e5b0 | Amount: INR 40537.18,EMI
IRCTC train ticket booking | Ref:29fa5d49 | Amount: INR 34636.59,Travel
IRCTC train ticket booking | Ref:f856dbc6 | Amount: INR 49322.93,Travel
Flipkart electronics purchase | Ref:ee24249c | Amount: INR 47577.12,Shopping
HDFC home loan EMI | Ref:9e48141b | Amount: INR 33042.64,EMI
Amazon online shopping | Ref:da9d4137 | Amount: INR 7348.31,Shopping
Petrol pump fuel payment | Ref:e0df3360 | Amount: INR 37097.76,Travel
PPF contribution | Ref:1390d9b8 | Amount: INR 745.53,Investment
Flipkart electronics purchase | Ref:9a921b87 | Amount: INR 12153.64,Shopping
Myntra clothing order | Ref:7db655c4 | Amount: INR 20614.0,Shopping
McDonald's meal payment | Ref:619f5780 | Amount: INR 23076.23,Food
Amazon online shopping | Ref:fe94fbee | Amount: INR 13431.05,Shopping
Amazon online shopping | Ref:c736aca3 | Amount: INR 26221.02,Shopping
Grocery purchase at Big Bazaar | Ref:697f6da5 | Amount: INR 15172.94,Food
HDFC home loan EMI | Ref:97b87521 | Amount: INR 24400.45,EMI
IndiGo flight ticket | Ref:bff7231c | Amount: INR 15142.15,Travel
Flipkart electronics purchase | Ref:18a75d22 | Amount: INR 24005.89,Shopping
SBI car loan EMI | Ref:68418743 | Amount: INR 4517.66,EMI
Reliance Digital purchase | Ref:9d2107ee | Amount: INR 19030.47,Shopping
Personal loan EMI deduction | Ref:954f5397 | Amount: INR 37493.75,EMI
Credit card EMI installment | Ref:f3ad6800 | Amount: INR 4926.27,EMI
Bajaj Finserv EMI payment | Ref:f41ab7e1 | Amount: INR 29432.6,EMI
SBI car loan EMI | Ref:af96a598 | Amount: INR 1219.92,EMI
Zerodha stock purchase | Ref:8cc4e13c | Amount: INR 41713.11,Investment
Restaurant dining at | Ref:d6cdeb6d | Amount: INR 30204.39,Food
Restaurant dining at | Ref:12c35009 | Amount: INR 41871.81,Food
Fixed deposit investment | Ref:b71d8902 | Amount: INR 40443.35,Investment
Swiggy order payment | Ref:6789a577 | Amount: INR 27254.87,Food
Uber ride payment | Ref:20bd1186 | Amount: INR 18742.07,Travel
McDonald's meal payment | Ref:b025ee7a | Amount: INR 5361.63,Food
SIP investment in mutual fund | Ref:187ba438 | Amount: INR 12761.55,Investment
SBI car loan EMI | Ref:17f74643 | Amount: INR 15172.49,EMI
SBI car loan EMI | Ref:cbb65253 | Amount: INR 19570.17,EMI
Grocery purchase at Big Bazaar | Ref:d76b18c9 | Amount: INR 18274.82,Food
Cafe coffee purchase at | Ref:5c98800b | Amount: INR 28604.24,Food
Grocery purchase at Big Bazaar | Ref:c92243fa | Amount: INR 3444.65,Food
Reliance Digital purchase | Ref:68d193ea | Amount: INR 32691.86,Shopping
Cafe coffee purchase at | Ref:bf22c806 | Amount: INR 22808.59,Food
Amazon online shopping | Ref:93bcb2c0 | Amount: INR 31549.55,Shopping
Amazon online shopping | Ref:084be804 | Amount: INR 4284.67,Shopping
Groww ETF investment | Ref:1ac25f55 | Amount: INR 30836.3,Investment
IRCTC train ticket booking | Ref:941e1d7f | Amount: INR 22052.96,Travel
Dominos pizza order | Ref:d3ee4c30 | Amount: INR 47875.38,Food
Groww ETF investment | Ref:82c57d51 | Amount: INR 32175.12,Investment
Credit card EMI installment | Ref:14aabf81 | Amount: INR 36672.78,EMI
Cafe coffee purchase at | Ref:dacaaa55 | Amount: INR 31153.7,Food
Myntra clothing order | Ref:842f9ac6 | Amount: INR 21381.33,Shopping
Ola cab fare | Ref:828c72cf | Amount: INR 43528.93,Travel
McDonald's meal payment | Ref:a98ee914 | Amount: INR 11587.85,Food
Amazon online shopping | Ref:6e6a22e0 | Amount: INR 5509.75,Shopping
Credit card EMI installment | Ref:38eac576 | Amount: INR 27695.97,EMI
Groww ETF investment | Ref:bcf09b21 | Amount: INR 24740.04,Investment
Swiggy order payment | Ref:a7e7eae2 | Amount: INR 43428.76,Food
Zerodha stock purchase | Ref:0c1c25fe | Amount: INR 11850.45,Investment
Amazon online shopping | Ref:5bcbfc5a | Amount: INR 41598.52,Shopping
Amazon online shopping | Ref:ea79148a | Amount: INR 33971.92,Shopping
SBI car loan EMI | Ref:c268fc10 | Amount: INR 14400.11,EMI
SIP investment in mutual fund | Ref:2f84568c | Amount: INR 6597.54,Investment
Restaurant dining at | Ref:19603309 | Amount: INR 47363.13,Food
HDFC home loan EMI | Ref:fcd803c8 | Amount: INR 8335.37,EMI
IndiGo flight ticket | Ref:a4a82a67 | Amount: INR 46575.94,Travel
Grocery purchase at Big Bazaar | Ref:49736049 | Amount: INR 40842.57,Food
Reliance Digital purchase | Ref:59146d25 | Amount: INR 7528.38,Shopping
HDFC home loan EMI | Ref:5ca53c12 | Amount: INR 4566.52,EMI
HDFC home loan EMI | Ref:c3bf97aa | Amount: INR 33331.87,EMI
SBI car loan EMI | Ref:7cf9aaa6 | Amount: INR 45771.81,EMI
HDFC home loan EMI | Ref:3f2cdf2f | Amount: INR 7066.35,EMI
Personal loan EMI deduction | Ref:ba41fe1c | Amount: INR 3565.62,EMI
Amazon online shopping | Ref:da7be901 | Amount: INR 4894.14,Shopping
Zerodha stock purchase | Ref:4845ac3c | Amount: INR 35792.69,Investment
Myntra clothing order | Ref:387408db | Amount: INR 35644.95,Shopping
Credit card EMI installment | Ref:7336ebb9 | Amount: INR 2165.64,EMI
Myntra clothing order | Ref:f1d7deb5 | Amount: INR 25127.32,Shopping
Zerodha stock purchase | Ref:423e78f4 | Amount: INR 23725.75,Investment
PPF contribution | Ref:8c3e5880 | Amount: INR 12008.47,Investment
Zerodha stock purchase | Ref:56b132f3 | Amount: INR 1332.74,Investment
Fixed deposit investment | Ref:fb4948a0 | Amount: INR 47517.39,Investment
Flipkart electronics purchase | Ref:e23d27cc | Amount: INR 8089.67,Shopping
IRCTC train ticket booking | Ref:98be2258 | Amount: INR 4026.37,Travel
Fixed deposit investment | Ref:3541116f | Amount: INR 7718.78,Investment
HDFC home loan EMI | Ref:2626737b | Amount: INR 227.11,EMI
PPF contribution | Ref:b69f01bf | Amount: INR 30541.07,Investment
Reliance Digital purchase | Ref:088cd9e9 | Amount: INR 6067.25,Shopping
Dominos pizza order | Ref:4f7cf67c | Amount: INR 36500.29,Food
Myntra clothing order | Ref:cd06df69 | Amount: INR 19746.01,Shopping
IndiGo flight ticket | Ref:718facf3 | Amount: INR 14875.05,Travel
Credit card EMI installment | Ref:de0fca15 | Amount: INR 43214.98,EMI
McDonald's meal payment | Ref:45dd8c9a | Amount: INR 21286.05,Food
Myntra clothing order | Ref:020785bc | Amount: INR 38158.6,Shopping
Fixed deposit investment | Ref:d5cbbadb | Amount: INR 17325.87,Investment
Reliance Digital purchase | Ref:712bebb0 | Amount: INR 15384.33,Shopping
Ola cab fare | Ref:3eac2f84 | Amount: INR 36689.31,Travel
PPF contribution | Ref:86eaa63f | Amount: INR 25575.76,Investment
IKEA furniture shopping | Ref:ef2a9b27 | Amount: INR 3518.53,Shopping
IRCTC train ticket booking | Ref:5dc02d4a | Amount: INR 47403.53,Travel
IKEA furniture shopping | Ref:c206d316 | Amount: INR 11146.09,Shopping
PPF contribution | Ref:aa4f7434 | Amount: INR 3160.17,Investment
Zomato dinner bill | Ref:18cf0474 | Amount: INR 44600.57,Food
Zerodha stock purchase | Ref:978a38e4 | Amount: INR 49671.49,Investment
Zomato dinner bill | Ref:0d079e80 | Amount: INR 28841.75,Food
Amazon online shopping | Ref:d369495c | Amount: INR 12353.49,Shopping
MakeMyTrip hotel booking | Ref:ee874f5c | Amount: INR 49772.15,Travel
IndiGo flight ticket | Ref:ae06d1a4 | Amount: INR 43363.09,Travel
Personal loan EMI deduction | Ref:6f684df5 | Amount: INR 6026.5,EMI
Personal loan EMI deduction | Ref:3a274c5d | Amount: INR 5361.09,EMI
SBI car loan EMI | Ref:4cc86330 | Amount: INR 49321.36,EMI
Credit card EMI installment | Ref:9aeed13d | Amount: INR 4288.88,EMI
Restaurant dining at | Ref:b3668c13 | Amount: INR 37854.54,Food
Swiggy order payment | Ref:ba4e0cf2 | Amount: INR 42366.38,Food
Groww ETF investment | Ref:9b6382ea | Amount: INR 9368.43,Investment
SBI car loan EMI | Ref:6ca1c19e | Amount: INR 45819.53,EMI
Flipkart electronics purchase | Ref:82ad69db | Amount: INR 944.91,Shopping
Grocery purchase at Big Bazaar | Ref:d3fbee65 | Amount: INR 29724.29,Food
Reliance Digital purchase | Ref:cb2ac6c4 | Amount: INR 41609.69,Shopping
IndiGo flight ticket | Ref:5fec2e3b | Amount: INR 11962.25,Travel
Restaurant dining at | Ref:f4f0d05e | Amount: INR 36956.03,Food
Credit card EMI installment | Ref:3e3ad105 | Amount: INR 5414.74,EMI
Grocery purchase at Big Bazaar | Ref:c2db8176 | Amount: INR 1703.03,Food
Credit card EMI installment | Ref:6ce8a0ee | Amount: INR 2668.14,EMI
Myntra clothing order | Ref:3ad0879e | Amount: INR 9560.41,Shopping
Reliance Digital purchase | Ref:4709a4e1 | Amount: INR 7204.05,Shopping
PPF contribution | Ref:84c755d5 | Amount: INR 3114.42,Investment
Cafe coffee purchase at | Ref:1e495da6 | Amount: INR 4082.09,Food
McDonald's meal payment | Ref:74576d9a | Amount: INR 43336.71,Food
Ola cab fare | Ref:865a639d | Amount: INR 30177.77,Travel
Zomato dinner bill | Ref:82355ef2 | Amount: INR 6886.89,Food
Swiggy order payment | Ref:43b902cb | Amount: INR 38698.49,Food
Fixed deposit investment | Ref:68a67e8e | Amount: INR 40734.25,Investment
MakeMyTrip hotel booking | Ref:dbcd5241 | Amount: INR 34373.68,Travel
Dominos pizza order | Ref:d624ef6a | Amount: INR 29143.15,Food
Groww ETF investment | Ref:06630963 | Amount: INR 7330.98,Investment
Flipkart electronics purchase | Ref:265bea3a | Amount: INR 36371.23,Shopping
Bajaj Finserv EMI payment | Ref:3bbbdf96 | Amount: INR 8804.61,EMI
Reliance Digital purchase | Ref:9136cfe5 | Amount: INR 6825.71,Shopping
Bajaj Finserv EMI payment | Ref:0891287c | Amount: INR 45703.3,EMI
Amazon online shopping | Ref:d4358f79 | Amount: INR 16873.87,Shopping
Swiggy order payment | Ref:2d701e65 | Amount: INR 15264.88,Food
Reliance Digital purchase | Ref:9ce362f0 | Amount: INR 42096.77,Shopping
Amazon online shopping | Ref:ffab9293 | Amount: INR 25116.76,Shopping
Ola cab fare | Ref:4bd79710 | Amount: INR 25057.51,Travel
Credit card EMI installment | Ref:1011693f | Amount: INR 20096.28,EMI
Restaurant dining at | Ref:f82b5287 | Amount: INR 44876.44,Food
Myntra clothing order | Ref:362310c3 | Amount: INR 34437.28,Shopping
Bajaj Finserv EMI payment | Ref:3d10fcbb | Amount: INR 29143.91,EMI
Dominos pizza order | Ref:9d0b3488 | Amount: INR 16076.34,Food
Myntra clothing order | Ref:559a89b1 | Amount: INR 13319.05,Shopping
Grocery purchase at Big Bazaar | Ref:001bbae9 | Amount: INR 37472.61,Food
IKEA furniture shopping | Ref:5149b68a | Amount: INR 35391.98,Shopping
Cafe coffee purchase at | Ref:ea7502bc | Amount: INR 43271.26,Food
Amazon online shopping | Ref:9e759189 | Amount: INR 25070.61,Shopping
Bajaj Finserv EMI payment | Ref:d231d583 | Amount: INR 28811.68,EMI
RedBus bus ticket | Ref:d5a347a0 | Amount: INR 19520.39,Travel
Groww ETF investment | Ref:ff1b89f5 | Amount: INR 15309.88,Investment
Credit card EMI installment | Ref:e1880c0b | Amount: INR 20481.21,EMI
Zerodha stock purchase | Ref:b59b3107 | Amount: INR 19100.4,Investment
IRCTC train ticket booking | Ref:28871833 | Amount: INR 36856.62,Travel
Zomato dinner bill | Ref:89066d95 | Amount: INR 36190.55,Food
Zomato dinner bill | Ref:16d1d46f | Amount: INR 43212.94,Food
Fixed deposit investment | Ref:be58d975 | Amount: INR 8464.38,Investment
RedBus bus ticket | Ref:1b14580c | Amount: INR 22969.42,Travel
Bajaj Finserv EMI payment | Ref:fecad617 | Amount: INR 14356.19,EMI
MakeMyTrip hotel booking | Ref:51ef759d | Amount: INR 3946.94,Travel
Personal loan EMI deduction | Ref:7f093cf4 | Amount: INR 22210.2,EMI
SBI car loan EMI | Ref:30e5246e | Amount: INR 33706.85,EMI
MakeMyTrip hotel booking | Ref:f358e0e9 | Amount: INR 1238.46,Travel
Credit card EMI installment | Ref:2ab07acf | Amount: INR 12045.49,EMI
SIP investment in mutual fund | Ref:b273ab23 | Amount: INR 34326.94,Investment
Restaurant dining at | Ref:12a67bf5 | Amount: INR 40490.17,Food
PPF contribution | Ref:e48f817f | Amount: INR 20523.53,Investment
IndiGo flight ticket | Ref:144aa6af | Amount: INR 27992.62,Travel
Flipkart electronics purchase | Ref:a36e95dd | Amount: INR 21531.99,Shopping
Petrol pump fuel payment | Ref:c5acbf17 | Amount: INR 18499.41,Travel
PPF contribution | Ref:80429f5f | Amount: INR 32263.12,Investment
Swiggy order payment | Ref:a09d705c | Amount: INR 12927.96,Food
Swiggy order payment | Ref:0445724f | Amount: INR 30245.09,Food
McDonald's meal payment | Ref:24158147 | Amount: INR 40300.67,Food
Groww ETF investment | Ref:8a3772a6 | Amount: INR 10916.33,Investment
IndiGo flight ticket | Ref:77ffea28 | Amount: INR 33210.91,Travel
Restaurant dining at | Ref:0a04153d | Amount: INR 16606.05,Food
Groww ETF investment | Ref:9bde5819 | Amount: INR 25903.38,Investment
Restaurant dining at | Ref:66b99887 | Amount: INR 655.13,Food
Credit card EMI installment | Ref:e26efc7b | Amount: INR 37825.5,EMI
PPF contribution | Ref:28128553 | Amount: INR 11623.13,Investment
Grocery purchase at Big Bazaar | Ref:bb8d443f | Amount: INR 13278.33,Food
Groww ETF investment | Ref:eb4bd874 | Amount: INR 44390.21,Investment
Ola cab fare | Ref:09c31e7d | Amount: INR 14517.32,Travel
Swiggy order payment | Ref:f5318198 | Amount: INR 40233.0,Food
IndiGo flight ticket | Ref:88badd27 | Amount: INR 33071.87,Travel
IndiGo flight ticket | Ref:fd6e58c3 | Amount: INR 26768.69,Travel
Dominos pizza order | Ref:612ece04 | Amount: INR 22797.79,Food
Amazon online shopping | Ref:5c80cc39 | Amount: INR 44479.69,Shopping
RedBus bus ticket | Ref:90ece697 | Amount: INR 11784.65,Travel
Swiggy order payment | Ref:a6b356d4 | Amount: INR 29706.88,Food
Zerodha stock purchase | Ref:583e1d5f | Amount: INR 2851.72,Investment
Ola cab fare | Ref:6becc70b | Amount: INR 25810.1,Travel
Amazon online shopping | Ref:7b6da5f3 | Amount: INR 16575.87,Shopping
Myntra clothing order | Ref:f2061f80 | Amount: INR 23001.11,Shopping
Zerodha stock purchase | Ref:66d554e6 | Amount: INR 17697.83,Investment
Personal loan EMI deduction | Ref:768753f6 | Amount: INR 24966.42,EMI
Groww ETF investment | Ref:e73c20ac | Amount: INR 34773.87,Investment
IRCTC train ticket booking | Ref:53c4fb63 | Amount: INR 27607.07,Travel
Flipkart electronics purchase | Ref:8ed345c2 | Amount: INR 46928.31,Shopping
Grocery purchase at Big Bazaar | Ref:e3fc7573 | Amount: INR 32191.68,Food
IRCTC train ticket booking | Ref:27d790c9 | Amount: INR 43746.75,Travel
SBI car loan EMI | Ref:9929b0c4 | Amount: INR 37692.02,EMI
Groww ETF investment | Ref:7548df6c | Amount: INR 31014.63,Investment
Personal loan EMI deduction | Ref:b92c1710 | Amount: INR 37211.51,EMI
Credit card EMI installment | Ref:667f5b06 | Amount: INR 48072.67,EMI
Zerodha stock purchase | Ref:49b66dcd | Amount: INR 22335.9,Investment
McDonald's meal payment | Ref:55a0fde9 | Amount: INR 44415.0,Food
Fixed deposit investment | Ref:62674359 | Amount: INR 22348.22,Investment
SIP investment in mutual fund | Ref:a9e378dc | Amount: INR 33451.82,Investment
Restaurant dining at | Ref:469ade40 | Amount: INR 23177.04,Food
Credit card EMI installment | Ref:b053f6ab | Amount: INR 38000.63,EMI
Dominos pizza order | Ref:3199056b | Amount: INR 6729.6,Food
Credit card EMI installment | Ref:3c5db283 | Amount: INR 34405.66,EMI
Credit card EMI installment | Ref:d63aefc3 | Amount: INR 10127.84,EMI
Fixed deposit investment | Ref:777e928e | Amount: INR 23514.14,Investment
Uber ride payment | Ref:0d48e410 | Amount: INR 9439.48,Travel
Ola cab fare | Ref:0b34fb9d | Amount: INR 719.17,Travel
Grocery purchase at Big Bazaar | Ref:b0ce70a3 | Amount: INR 16251.5,Food
Uber ride payment | Ref:4e8ee092 | Amount: INR 6668.95,Travel
Ola cab fare | Ref:a8656583 | Amount: INR 30392.1,Travel
Myntra clothing order | Ref:aee4bdf8 | Amount: INR 3390.7,Shopping
Ola cab fare | Ref:768de782 | Amount: INR 36372.08,Travel
IKEA furniture shopping | Ref:eefd4991 | Amount: INR 24845.03,Shopping
PPF contribution | Ref:e542ea3a | Amount: INR 18660.08,Investment
Myntra clothing order | Ref:eea73d8e | Amount: INR 7301.79,Shopping
Personal loan EMI deduction | Ref:9250cd70 | Amount: INR 1742.67,EMI
Credit card EMI installment | Ref:e3d405a3 | Amount: INR 12281.65,EMI
Personal loan EMI deduction | Ref:23692d5b | Amount: INR 29703.62,EMI
Ola cab fare | Ref:b78f4fa3 | Amount: INR 20593.92,Travel
Restaurant dining at | Ref:e0053e02 | Amount: INR 37910.2,Food
IndiGo flight ticket | Ref:e355c2a7 | Amount: INR 37105.23,Travel
Fixed deposit investment | Ref:005dd2e1 | Amount: INR 15654.06,Investment
IKEA furniture shopping | Ref:bc7ae96f | Amount: INR 11415.78,Shopping
Petrol pump fuel payment | Ref:f8d895df | Amount: INR 40586.62,Travel
Personal loan EMI deduction | Ref:e9c0475b | Amount: INR 41295.08,EMI
Credit card EMI installment | Ref:4cf31d09 | Amount: INR 44985.72,EMI
Flipkart electronics purchase | Ref:20ba5619 | Amount: INR 5373.97,Shopping
Amazon online shopping | Ref:14b37b98 | Amount: INR 15438.71,Shopping
RedBus bus ticket | Ref:77754af0 | Amount: INR 31514.2,Travel
Petrol pump fuel payment | Ref:7e66648f | Amount: INR 31236.77,Travel
McDonald's meal payment | Ref:0f1b125a | Amount: INR 7062.84,Food
Amazon online shopping | Ref:147c4ba5 | Amount: INR 5461.98,Shopping
Personal loan EMI deduction | Ref:3d385a84 | Amount: INR 44934.02,EMI
Groww ETF investment | Ref:6c13c298 | Amount: INR 48584.86,Investment
Fixed deposit investment | Ref:31c9d391 | Amount: INR 10054.52,Investment
Myntra clothing order | Ref:4b9a0af3 | Amount: INR 16149.11,Shopping
Personal loan EMI deduction | Ref:60cdb6bb | Amount: INR 11559.66,EMI
Myntra clothing order | Ref:aa2c9936 | Amount: INR 5480.85,Shopping
IKEA furniture shopping | Ref:6ca63598 | Amount: INR 17388.31,Shopping
HDFC home loan EMI | Ref:519a0bc3 | Amount: INR 31752.1,EMI
IndiGo flight ticket | Ref:2ec12a89 | Amount: INR 25302.94,Travel
Fixed deposit investment | Ref:e1f10cd6 | Amount: INR 30490.05,Investment
Reliance Digital purchase | Ref:4c6c93e6 | Amount: INR 22915.1,Shopping
RedBus bus ticket | Ref:5b2484c9 | Amount: INR 38972.31,Travel
Cafe coffee purchase at | Ref:f48daa99 | Amount: INR 25693.56,Food
SBI car loan EMI | Ref:4b40a9f5 | Amount: INR 14518.33,EMI
Fixed deposit investment | Ref:68538bc9 | Amount: INR 3733.85,Investment
SIP investment in mutual fund | Ref:40aab3c7 | Amount: INR 12883.73,Investment
Myntra clothing order | Ref:b7213360 | Amount: INR 19102.59,Shopping
Myntra clothing order | Ref:fd68dced | Amount: INR 46358.91,Shopping
HDFC home loan EMI | Ref:7c797137 | Amount: INR 39165.12,EMI
Dominos pizza order | Ref:f22b6d9c | Amount: INR 22964.44,Food
Fixed deposit investment | Ref:04e0d7df | Amount: INR 3223.21,Investment
Personal loan EMI deduction | Ref:9492f591 | Amount: INR 43571.7,EMI
PPF contribution | Ref:e610451c | Amount: INR 45975.35,Investment
Petrol pump fuel payment | Ref:d1d2e4de | Amount: INR 13651.35,Travel
Ola cab fare | Ref:c4fd9b7f | Amount: INR 31535.39,Travel
Flipkart electronics purchase | Ref:7b321ef7 | Amount: INR 18754.88,Shopping
SIP investment in mutual fund | Ref:87c6f68c | Amount: INR 11925.1,Investment
Uber ride payment | Ref:03e12d6d | Amount: INR 19481.42,Travel
McDonald's meal payment | Ref:6097488f | Amount: INR 11628.55,Food
Flipkart electronics purchase | Ref:39effeca | Amount: INR 11507.74,Shopping
Reliance Digital purchase | Ref:1318d42b | Amount: INR 28419.16,Shopping
Uber ride payment | Ref:395f6d2d | Amount: INR 4464.89,Travel
IndiGo flight ticket | Ref:1ce10e9a | Amount: INR 13463.42,Travel
SIP investment in mutual fund | Ref:fd1db25b | Amount: INR 6636.37,Investment
Swiggy order payment | Ref:ab14cfea | Amount: INR 12279.91,Food
Flipkart electronics purchase | Ref:42fa5e78 | Amount: INR 11688.06,Shopping
Grocery purchase at Big Bazaar | Ref:e1c614ae | Amount: INR 2984.68,Food
IndiGo flight ticket | Ref:8d3fe036 | Amount: INR 6199.35,Travel
Grocery purchase at Big Bazaar | Ref:4683b73e | Amount: INR 23948.14,Food
Fixed deposit investment | Ref:110996fd | Amount: INR 26551.31,Investment
Zerodha stock purchase | Ref:ee7ffdbc | Amount: INR 44680.47,Investment
Amazon online shopping | Ref:333b9e49 | Amount: INR 39352.97,Shopping
PPF contribution | Ref:4a8fbbb6 | Amount: INR 15157.19,Investment
IRCTC train ticket booking | Ref:5c309517 | Amount: INR 28414.96,Travel
Grocery purchase at Big Bazaar | Ref:123617ec | Amount: INR 22249.28,Food
Myntra clothing order | Ref:7445c312 | Amount: INR 17614.73,Shopping
Bajaj Finserv EMI payment | Ref:74c730cd | Amount: INR 9722.6,EMI
SBI car loan EMI | Ref:72a8f858 | Amount: INR 2091.41,EMI
Credit card EMI installment | Ref:ec19a134 | Amount: INR 4912.63,EMI
HDFC home loan EMI | Ref:4eac80d5 | Amount: INR 48542.77,EMI
Zerodha stock purchase | Ref:3ab28396 | Amount: INR 20983.69,Investment
Flipkart electronics purchase | Ref:925966c2 | Amount: INR 37874.75,Shopping
Grocery purchase at Big Bazaar | Ref:504c5c3c | Amount: INR 5031.51,Food
SBI car loan EMI | Ref:eb76404b | Amount: INR 24403.12,EMI
HDFC home loan EMI | Ref:2e386465 | Amount: INR 35694.93,EMI
Myntra clothing order | Ref:d9ee3206 | Amount: INR 34886.0,Shopping
Personal loan EMI deduction | Ref:932d4b50 | Amount: INR 8840.46,EMI
HDFC home loan EMI | Ref:53cfd195 | Amount: INR 26098.98,EMI
Zerodha stock purchase | Ref:5dcbcede | Amount: INR 37058.9,Investment
Grocery purchase at Big Bazaar | Ref:5a541137 | Amount: INR 45501.96,Food
Petrol pump fuel payment | Ref:4314c7e6 | Amount: INR 13967.92,Travel
Zerodha stock purchase | Ref:16f7f9d8 | Amount: INR 23565.85,Investment
Zerodha stock purchase | Ref:76d10b13 | Amount: INR 11182.82,Investment
McDonald's meal payment | Ref:a810d170 | Amount: INR 41769.57,Food
HDFC home loan EMI | Ref:8b32f8ab | Amount: INR 24276.82,EMI
Groww ETF investment | Ref:7fd0c5e4 | Amount: INR 28236.72,Investment
Restaurant dining at | Ref:be26cb2b | Amount: INR 30375.31,Food
SIP investment in mutual fund | Ref:ba926aef | Amount: INR 9208.76,Investment
SIP investment in mutual fund | Ref:6d88f3dc | Amount: INR 11688.24,Investment
Grocery purchase at Big Bazaar | Ref:741cf1e6 | Amount: INR 31731.68,Food
Grocery purchase at Big Bazaar | Ref:8ce724ad | Amount: INR 24787.22,Food
Zerodha stock purchase | Ref:b0c0d1c1 | Amount: INR 30786.03,Investment
HDFC home loan EMI | Ref:5cbaf9e8 | Amount: INR 26886.66,EMI
PPF contribution | Ref:3614ffbd | Amount: INR 47484.22,Investment
Personal loan EMI deduction | Ref:ea82428c | Amount: INR 30066.77,EMI
Restaurant dining at | Ref:fcb7d33b | Amount: INR 47512.39,Food
Petrol pump fuel payment | Ref:98381fed | Amount: INR 24735.3,Travel
Zerodha stock purchase | Ref:791937b4 | Amount: INR 257.67,Investment
Zerodha stock purchase | Ref:35df7607 | Amount: INR 22879.45,Investment
Restaurant dining at | Ref:d9dbad93 | Amount: INR 21879.02,Food
SBI car loan EMI | Ref:a6b87080 | Amount: INR 48722.61,EMI
IndiGo flight ticket | Ref:ef65cf0a | Amount: INR 45645.81,Travel
Flipkart electronics purchase | Ref:bab6f6c1 | Amount: INR 43208.15,Shopping
Restaurant dining at | Ref:b9f872e3 | Amount: INR 42637.42,Food
McDonald's meal payment | Ref:7fc22180 | Amount: INR 32987.94,Food
Swiggy order payment | Ref:02ad6d88 | Amount: INR 20996.58,Food
PPF contribution | Ref:ba5ae712 | Amount: INR 44170.93,Investment
SBI car loan EMI | Ref:1f9ca677 | Amount: INR 12512.7,EMI
Restaurant dining at | Ref:3a3bc9bf | Amount: INR 12497.36,Food
Credit card EMI installment | Ref:696b67b9 | Amount: INR 26053.7,EMI
IKEA furniture shopping | Ref:7708eccf | Amount: INR 42646.09,Shopping
PPF contribution | Ref:8d83b205 | Amount: INR 23009.83,Investment
Reliance Digital purchase | Ref:52e418a1 | Amount: INR 20042.24,Shopping
Fixed deposit investment | Ref:cca8234c | Amount: INR 30665.24,Investment
Zomato dinner bill | Ref:d4ab5772 | Amount: INR 397.49,Food
Myntra clothing order | Ref:4104f2bd | Amount: INR 43587.21,Shopping
Reliance Digital purchase | Ref:be2636d2 | Amount: INR 7036.28,Shopping
Credit card EMI installment | Ref:e16994db | Amount: INR 33365.58,EMI
HDFC home loan EMI | Ref:802ff55d | Amount: INR 31374.64,EMI
IRCTC train ticket booking | Ref:90085199 | Amount: INR 32628.26,Travel
Uber ride payment | Ref:4b47500a | Amount: INR 36000.96,Travel
Uber ride payment | Ref:4c6f6727 | Amount: INR 38165.96,Travel
IndiGo flight ticket | Ref:3b3467d1 | Amount: INR 3245.3,Travel
Fixed deposit investment | Ref:b0bf3bbc | Amount: INR 16811.4,Investment
Personal loan EMI deduction | Ref:8dbb83ce | Amount: INR 23201.95,EMI
Credit card EMI installment | Ref:4fea7c89 | Amount: INR 36635.43,EMI
Bajaj Finserv EMI payment | Ref:05dbe19e | Amount: INR 21171.43,EMI
PPF contribution | Ref:14a4dce7 | Amount: INR 30225.97,Investment
Grocery purchase at Big Bazaar | Ref:fc25a37e | Amount: INR 8670.12,Food
Dominos pizza order | Ref:356130da | Amount: INR 22861.16,Food
SIP investment in mutual fund | Ref:c6e7c4b2 | Amount: INR 5766.16,Investment
IKEA furniture shopping | Ref:cc0dc3c7 | Amount: INR 12998.34,Shopping
Credit card EMI installment | Ref:a5b3884a | Amount: INR 39300.94,EMI
Flipkart electronics purchase | Ref:e409bc7d | Amount: INR 10377.53,Shopping
Amazon online shopping | Ref:7bbd9dc3 | Amount: INR 24599.08,Shopping
IKEA furniture shopping | Ref:39faa0ae | Amount: INR 19146.27,Shopping
Bajaj Finserv EMI payment | Ref:03b2b6c6 | Amount: INR 24804.82,EMI
HDFC home loan EMI | Ref:d69fd684 | Amount: INR 15515.52,EMI
Personal loan EMI deduction | Ref:942d46c1 | Amount: INR 19671.45,EMI
MakeMyTrip hotel booking | Ref:76f72549 | Amount: INR 10632.62,Travel
MakeMyTrip hotel booking | Ref:1c9436fa | Amount: INR 1943.44,Travel
Flipkart electronics purchase | Ref:02a40173 | Amount: INR 2240.05,Shopping
PPF contribution | Ref:5bb73fcd | Amount: INR 7169.63,Investment
SIP investment in mutual fund | Ref:147c2e2c | Amount: INR 23828.64,Investment
IKEA furniture shopping | Ref:1e01c79c | Amount: INR 30637.16,Shopping
MakeMyTrip hotel booking | Ref:2ac93a24 | Amount: INR 2868.59,Travel
Ola cab fare | Ref:9f7d4702 | Amount: INR 32977.54,Travel
Cafe coffee purchase at | Ref:a1f5a900 | Amount: INR 581.54,Food
SBI car loan EMI | Ref:d3a7b544 | Amount: INR 15542.69,EMI
Bajaj Finserv EMI payment | Ref:76aa5056 | Amount: INR 1102.66,EMI
Groww ETF investment | Ref:56d55d0d | Amount: INR 11009.85,Investment
Flipkart electronics purchase | Ref:fe48b27c | Amount: INR 47348.82,Shopping
Bajaj Finserv EMI payment | Ref:e4f63887 | Amount: INR 33285.4,EMI
Reliance Digital purchase | Ref:1163f32d | Amount: INR 20962.3,Shopping
Groww ETF investment | Ref:71bfd817 | Amount: INR 39814.43,Investment
Zomato dinner bill | Ref:eec36dac | Amount: INR 13260.07,Food
Zerodha stock purchase | Ref:5a2cf1ca | Amount: INR 41864.32,Investment
Ola cab fare | Ref:03273672 | Amount: INR 46736.01,Travel
PPF contribution | Ref:d7165e27 | Amount: INR 5248.44,Investment
IndiGo flight ticket | Ref:844f2677 | Amount: INR 16411.02,Travel
SIP investment in mutual fund | Ref:94cb4d74 | Amount: INR 24332.66,Investment
Bajaj Finserv EMI payment | Ref:d4bbf3f5 | Amount: INR 22669.64,EMI
HDFC home loan EMI | Ref:ed35ff59 | Amount: INR 45224.57,EMI
IndiGo flight ticket | Ref:c604cb86 | Amount: INR 2372.65,Travel
Cafe coffee purchase at | Ref:9dd869cb | Amount: INR 21640.52,Food
Personal loan EMI deduction | Ref:1b417817 | Amount: INR 11839.1,EMI
Dominos pizza order | Ref:b0baa2a5 | Amount: INR 48608.91,Food
Amazon online shopping | Ref:415424da | Amount: INR 32517.33,Shopping
Cafe coffee purchase at | Ref:9bae08cc | Amount: INR 14683.72,Food
Dominos pizza order | Ref:6b0964e6 | Amount: INR 2564.68,Food
Myntra clothing order | Ref:444cd6bc | Amount: INR 25306.07,Shopping
Fixed deposit investment | Ref:362b2ce7 | Amount: INR 47133.11,Investment
Credit card EMI installment | Ref:b8cd6ad3 | Amount: INR 24138.64,EMI
Reliance Digital purchase | Ref:128ef795 | Amount: INR 7418.57,Shopping
Restaurant dining at | Ref:302762e3 | Amount: INR 18986.24,Food
IRCTC train ticket booking | Ref:75190695 | Amount: INR 45883.31,Travel
MakeMyTrip hotel booking | Ref:0671cdcd | Amount: INR 22199.39,Travel
Swiggy order payment | Ref:e4810025 | Amount: INR 1205.58,Food
Dominos pizza order | Ref:3e7ed0bc | Amount: INR 8489.23,Food
IKEA furniture shopping | Ref:e648ee0b | Amount: INR 21191.58,Shopping
Personal loan EMI deduction | Ref:8f8e4848 | Amount: INR 42284.64,EMI
Zerodha stock purchase | Ref:7a16428b | Amount: INR 19457.38,Investment
Personal loan EMI deduction | Ref:20c6f82f | Amount: INR 26543.72,EMI
Zomato dinner bill | Ref:8e20e744 | Amount: INR 1154.65,Food
Zerodha stock purchase | Ref:04585b78 | Amount: INR 36641.19,Investment
Myntra clothing order | Ref:1d72b679 | Amount: INR 14958.87,Shopping
SBI car loan EMI | Ref:92ffec0f | Amount: INR 16566.89,EMI
Ola cab fare | Ref:12170585 | Amount: INR 13970.17,Travel
Dominos pizza order | Ref:dec8c9f7 | Amount: INR 37313.48,Food
Uber ride payment | Ref:bb4e2904 | Amount: INR 14665.62,Travel
Amazon online shopping | Ref:e757ccd0 | Amount: INR 15617.01,Shopping
Flipkart electronics purchase | Ref:82c28251 | Amount: INR 24771.72,Shopping
Myntra clothing order | Ref:aee7ac2c | Amount: INR 40481.05,Shopping
Cafe coffee purchase at | Ref:cd2ba8f9 | Amount: INR 6640.62,Food
Dominos pizza order | Ref:4026540c | Amount: INR 43175.65,Food
MakeMyTrip hotel booking | Ref:5b792e8f | Amount: INR 42154.82,Travel
IKEA furniture shopping | Ref:95ff5b58 | Amount: INR 4140.94,Shopping
IKEA furniture shopping | Ref:e64d870f | Amount: INR 30266.99,Shopping
PPF contribution | Ref:fe2320c6 | Amount: INR 38969.5,Investment
RedBus bus ticket | Ref:b2c7203f | Amount: INR 34249.03,Travel
Fixed deposit investment | Ref:a75a1b06 | Amount: INR 6026.12,Investment
Reliance Digital purchase | Ref:0fff4cc2 | Amount: INR 36967.58,Shopping
Credit card EMI installment | Ref:be1bd430 | Amount: INR 20468.03,EMI
Personal loan EMI deduction | Ref:fa2ab2a6 | Amount: INR 43959.55,EMI
MakeMyTrip hotel booking | Ref:6d8fa9d8 | Amount: INR 12951.16,Travel
Personal loan EMI deduction | Ref:8bedec99 | Amount: INR 26548.57,EMI
MakeMyTrip hotel booking | Ref:1e5373b5 | Amount: INR 38216.71,Travel
Ola cab fare | Ref:f6bc123d | Amount: INR 2840.98,Travel
HDFC home loan EMI | Ref:de382965 | Amount: INR 31855.99,EMI
Ola cab fare | Ref:3d1954ff | Amount: INR 23634.84,Travel
McDonald's meal payment | Ref:4447f074 | Amount: INR 29115.43,Food
Credit card EMI installment | Ref:621ee5fb | Amount: INR 7439.9,EMI
Groww ETF investment | Ref:6a634327 | Amount: INR 31481.06,Investment
RedBus bus ticket | Ref:17b9a1aa | Amount: INR 3148.54,Travel
Zerodha stock purchase | Ref:e3cd2dec | Amount: INR 4993.78,Investment
Myntra clothing order | Ref:0a7125d0 | Amount: INR 14555.52,Shopping
RedBus bus ticket | Ref:60095071 | Amount: INR 31901.19,Travel
Groww ETF investment | Ref:b1ab4307 | Amount: INR 38499.06,Investment
Myntra clothing order | Ref:b22fba47 | Amount: INR 7504.28,Shopping
PPF contribution | Ref:60639127 | Amount: INR 15205.75,Investment
Zomato dinner bill | Ref:579f7765 | Amount: INR 18047.79,Food
SBI car loan EMI | Ref:9a6a9202 | Amount: INR 19166.92,EMI
MakeMyTrip hotel booking | Ref:d1c267b1 | Amount: INR 1131.81,Travel
Dominos pizza order | Ref:0429432a | Amount: INR 31690.21,Food
Amazon online shopping | Ref:67186e33 | Amount: INR 33018.23,Shopping
PPF contribution | Ref:8c5865b7 | Amount: INR 13470.19,Investment
Credit card EMI installment | Ref:88417051 | Amount: INR 10048.91,EMI
Reliance Digital purchase | Ref:c3a4e812 | Amount: INR 1195.9,Shopping
Groww ETF investment | Ref:136316e9 | Amount: INR 42216.21,Investment
Fixed deposit investment | Ref:1ed8a499 | Amount: INR 19874.53,Investment
RedBus bus ticket | Ref:cda9fab6 | Amount: INR 39476.47,Travel
Grocery purchase at Big Bazaar | Ref:8c75545a | Amount: INR 7221.13,Food
Zomato dinner bill | Ref:045440ed | Amount: INR 42949.09,Food
Zomato dinner bill | Ref:f89646fa | Amount: INR 37229.67,Food
Zerodha stock purchase | Ref:174714bc | Amount: INR 40989.53,Investment
SIP investment in mutual fund | Ref:ee9902bd | Amount: INR 43642.35,Investment
Bajaj Finserv EMI payment | Ref:3c006f3f | Amount: INR 25309.01,EMI
Grocery purchase at Big Bazaar | Ref:d0f48797 | Amount: INR 30731.95,Food
Uber ride payment | Ref:f428d539 | Amount: INR 24974.43,Travel
Petrol pump fuel payment | Ref:8787ecfe | Amount: INR 17115.41,Travel
Petrol pump fuel payment | Ref:93163dc8 | Amount: INR 43003.31,Travel
Fixed deposit investment | Ref:51af9d3f | Amount: INR 5402.3,Investment
Groww ETF investment | Ref:bbe40040 | Amount: INR 9369.82,Investment
Dominos pizza order | Ref:935fe5bb | Amount: INR 39740.2,Food
Petrol pump fuel payment | Ref:4992b031 | Amount: INR 10817.55,Travel
Flipkart electronics purchase | Ref:e4dfbc4d | Amount: INR 104.81,Shopping
McDonald's meal payment | Ref:0eb23bff | Amount: INR 822.74,Food
IRCTC train ticket booking | Ref:fe98517b | Amount: INR 19914.7,Travel
Uber ride payment | Ref:924384c2 | Amount: INR 21018.99,Travel
Flipkart electronics purchase | Ref:c66ec0b0 | Amount: INR 15281.71,Shopping
Cafe coffee purchase at | Ref:f322707a | Amount: INR 29860.76,Food
PPF contribution | Ref:f6c6cb3b | Amount: INR 44641.2,Investment
Dominos pizza order | Ref:2f302fdf | Amount: INR 28606.63,Food
Restaurant dining at | Ref:67e20c34 | Amount: INR 46882.82,Food
IRCTC train ticket booking | Ref:a72604a5 | Amount: INR 2667.33,Travel
Groww ETF investment | Ref:29635fb6 | Amount: INR 39188.65,Investment
HDFC home loan EMI | Ref:b1aea6f0 | Amount: INR 31995.85,EMI
Credit card EMI installment | Ref:5f13ac7f | Amount: INR 33113.84,EMI
Cafe coffee purchase at | Ref:ab447e30 | Amount: INR 26800.58,Food
Zerodha stock purchase | Ref:047149a9 | Amount: INR 16571.83,Investment
RedBus bus ticket | Ref:ce885ae0 | Amount: INR 9554.82,Travel
Grocery purchase at Big Bazaar | Ref:de2a06f9 | Amount: INR 5315.28,Food
MakeMyTrip hotel booking | Ref:c42b7cdd | Amount: INR 35281.21,Travel
Myntra clothing order | Ref:4e24d51d | Amount: INR 29796.14,Shopping
Myntra clothing order | Ref:7638717b | Amount: INR 22682.39,Shopping
Bajaj Finserv EMI payment | Ref:6f263e27 | Amount: INR 40927.5,EMI
SBI car loan EMI | Ref:98551d8b | Amount: INR 24599.41,EMI
Personal loan EMI deduction | Ref:749bdfe9 | Amount: INR 16897.4,EMI
McDonald's meal payment | Ref:1f5acfb0 | Amount: INR 28139.44,Food
Petrol pump fuel payment | Ref:7d2dc511 | Amount: INR 3455.41,Travel
Flipkart electronics purchase | Ref:f76f40da | Amount: INR 5679.1,Shopping
MakeMyTrip hotel booking | Ref:3f8733c0 | Amount: INR 8364.61,Travel
IKEA furniture shopping | Ref:bd9409c6 | Amount: INR 31899.25,Shopping
Swiggy order payment | Ref:8eb083cb | Amount: INR 30776.22,Food
McDonald's meal payment | Ref:e424d6ea | Amount: INR 18469.4,Food
McDonald's meal payment | Ref:613a1a95 | Amount: INR 25874.03,Food
Groww ETF investment | Ref:47fe5c66 | Amount: INR 15194.62,Investment
Fixed deposit investment | Ref:d02f73da | Amount: INR 36200.27,Investment
Myntra clothing order | Ref:7621ad13 | Amount: INR 871.37,Shopping
PPF contribution | Ref:591abcf0 | Amount: INR 7893.92,Investment
McDonald's meal payment | Ref:4109eb4b | Amount: INR 6897.54,Food
Reliance Digital purchase | Ref:35f2d0d9 | Amount: INR 30842.58,Shopping
Uber ride payment | Ref:799b93e2 | Amount: INR 21302.08,Travel
Cafe coffee purchase at | Ref:c1171860 | Amount: INR 20751.33,Food
IndiGo flight ticket | Ref:e49891d3 | Amount: INR 27375.45,Travel
Grocery purchase at Big Bazaar | Ref:4010fd99 | Amount: INR 40145.19,Food
SBI car loan EMI | Ref:fdf2531c | Amount: INR 17878.01,EMI
IKEA furniture shopping | Ref:fce9b41a | Amount: INR 41066.85,Shopping
Groww ETF investment | Ref:cf927a6d | Amount: INR 12950.65,Investment
Swiggy order payment | Ref:42daffd8 | Amount: INR 28429.07,Food
IKEA furniture shopping | Ref:2246405b | Amount: INR 16071.97,Shopping
Myntra clothing order | Ref:9737cced | Amount: INR 24153.75,Shopping
Credit card EMI installment | Ref:41e65e35 | Amount: INR 36405.2,EMI
Credit card EMI installment | Ref:0aa0547f | Amount: INR 27394.63,EMI
Personal loan EMI deduction | Ref:dc395e5d | Amount: INR 17868.99,EMI
Petrol pump fuel payment | Ref:c1e97498 | Amount: INR 897.25,Travel
Petrol pump fuel payment | Ref:4d4a68b1 | Amount: INR 25634.73,Travel
Zomato dinner bill | Ref:bf791382 | Amount: INR 45188.0,Food
Uber ride payment | Ref:7bb3c9e6 | Amount: INR 47037.75,Travel
Zomato dinner bill | Ref:dec7039a | Amount: INR 26377.2,Food
Zomato dinner bill | Ref:074bb6bd | Amount: INR 35912.27,Food
Amazon online shopping | Ref:2c7290e4 | Amount: INR 28769.37,Shopping
Credit card EMI installment | Ref:d41bdea6 | Amount: INR 21625.52,EMI
Groww ETF investment | Ref:f2d4c6b3 | Amount: INR 7057.81,Investment
SIP investment in mutual fund | Ref:7a6e13ff | Amount: INR 32112.26,Investment
PPF contribution | Ref:74172b53 | Amount: INR 10240.95,Investment
IRCTC train ticket booking | Ref:e0f1a236 | Amount: INR 15284.56,Travel
Myntra clothing order | Ref:0f235d19 | Amount: INR 27890.56,Shopping
Cafe coffee purchase at | Ref:8c313cf8 | Amount: INR 37272.36,Food
Fixed deposit investment | Ref:2c8215ce | Amount: INR 18744.59,Investment
Dominos pizza order | Ref:a457ad89 | Amount: INR 33902.84,Food
Amazon online shopping | Ref:e3f59e4e | Amount: INR 21313.6,Shopping
Cafe coffee purchase at | Ref:d39ec713 | Amount: INR 12366.95,Food
Reliance Digital purchase | Ref:23488b0b | Amount: INR 6169.03,Shopping
Restaurant dining at | Ref:1a8f7715 | Amount: INR 35088.16,Food
Flipkart electronics purchase | Ref:0a7ef22a | Amount: INR 4240.24,Shopping
Groww ETF investment | Ref:e30f4cc2 | Amount: INR 46377.55,Investment
Grocery purchase at Big Bazaar | Ref:e9134fae | Amount: INR 17414.27,Food
Reliance Digital purchase | Ref:4ad7f2a1 | Amount: INR 22286.22,Shopping
MakeMyTrip hotel booking | Ref:a17aa4d8 | Amount: INR 3763.8,Travel
Amazon online shopping | Ref:4880e732 | Amount: INR 14278.95,Shopping
Zomato dinner bill | Ref:b29e47ec | Amount: INR 30011.07,Food
SIP investment in mutual fund | Ref:bafc3e34 | Amount: INR 28157.45,Investment
Amazon online shopping | Ref:0e100fda | Amount: INR 28673.19,Shopping
Dominos pizza order | Ref:3c846259 | Amount: INR 40805.31,Food
MakeMyTrip hotel booking | Ref:fb9a340b | Amount: INR 35264.16,Travel
Credit card EMI installment | Ref:25be110c | Amount: INR 44462.57,EMI
Personal loan EMI deduction | Ref:0532b311 | Amount: INR 42983.49,EMI
Uber ride payment | Ref:b6efdf37 | Amount: INR 47023.99,Travel
PPF contribution | Ref:977b838b | Amount: INR 16055.82,Investment
Zerodha stock purchase | Ref:e5efd5fd | Amount: INR 26047.46,Investment
MakeMyTrip hotel booking | Ref:5013030e | Amount: INR 34875.24,Travel
SIP investment in mutual fund | Ref:2a7abc81 | Amount: INR 4202.16,Investment
SBI car loan EMI | Ref:0bbe53e3 | Amount: INR 30337.85,EMI
HDFC home loan EMI | Ref:dbdcf6ee | Amount: INR 49408.34,EMI
Reliance Digital purchase | Ref:3e4c9517 | Amount: INR 15033.05,Shopping
Restaurant dining at | Ref:9bc6aa99 | Amount: INR 46405.99,Food
Swiggy order payment | Ref:ff1bb12c | Amount: INR 23259.18,Food
RedBus bus ticket | Ref:8ec65b73 | Amount: INR 7665.69,Travel
Myntra clothing order | Ref:cc4453a1 | Amount: INR 44594.28,Shopping
RedBus bus ticket | Ref:506c8f46 | Amount: INR 34285.99,Travel
IRCTC train ticket booking | Ref:296d28f8 | Amount: INR 26486.34,Travel
MakeMyTrip hotel booking | Ref:b286441d | Amount: INR 6362.1,Travel
Reliance Digital purchase | Ref:68384370 | Amount: INR 32885.63,Shopping
IKEA furniture shopping | Ref:96105f11 | Amount: INR 10176.0,Shopping
SIP investment in mutual fund | Ref:104c67e4 | Amount: INR 32114.7,Investment
Ola cab fare | Ref:30c027e0 | Amount: INR 30127.11,Travel
Myntra clothing order | Ref:5129f2ba | Amount: INR 23535.72,Shopping
IndiGo flight ticket | Ref:59a0673f | Amount: INR 26547.51,Travel
Reliance Digital purchase | Ref:3ffda549 | Amount: INR 26865.18,Shopping
HDFC home loan EMI | Ref:ba054c84 | Amount: INR 47821.81,EMI
Zomato dinner bill | Ref:903540bd | Amount: INR 1523.41,Food
SBI car loan EMI | Ref:6b79e1c7 | Amount: INR 6923.1,EMI
Cafe coffee purchase at | Ref:6ef9acd0 | Amount: INR 9711.29,Food
Credit card EMI installment | Ref:19f7eecc | Amount: INR 28899.73,EMI
McDonald's meal payment | Ref:49f4af6a | Amount: INR 38508.78,Food
Restaurant dining at | Ref:905ca958 | Amount: INR 30682.48,Food
Flipkart electronics purchase | Ref:7c145b69 | Amount: INR 15860.88,Shopping
Restaurant dining at | Ref:9e666bfc | Amount: INR 29737.27,Food
HDFC home loan EMI | Ref:0f79e8db | Amount: INR 25604.27,EMI
HDFC home loan EMI | Ref:de718a44 | Amount: INR 46082.83,EMI
Uber ride payment | Ref:a4b9fb6d | Amount: INR 44116.13,Travel
HDFC home loan EMI | Ref:1e7babee | Amount: INR 16518.05,EMI
Fixed deposit investment | Ref:03d824c9 | Amount: INR 26825.89,Investment
Amazon online shopping | Ref:4827f202 | Amount: INR 37362.45,Shopping
Reliance Digital purchase | Ref:050fceb4 | Amount: INR 5760.43,Shopping
McDonald's meal payment | Ref:6de931af | Amount: INR 48160.45,Food
RedBus bus ticket | Ref:134aa252 | Amount: INR 14744.52,Travel
Grocery purchase at Big Bazaar | Ref:21956354 | Amount: INR 12925.5,Food
Grocery purchase at Big Bazaar | Ref:bea148aa | Amount: INR 36058.78,Food
SBI car loan EMI | Ref:5fc06b18 | Amount: INR 23368.72,EMI
MakeMyTrip hotel booking | Ref:f9085330 | Amount: INR 48245.43,Travel
Swiggy order payment | Ref:8572e323 | Amount: INR 18280.88,Food
MakeMyTrip hotel booking | Ref:ea7a8b09 | Amount: INR 32579.34,Travel
HDFC home loan EMI | Ref:b1f23051 | Amount: INR 2182.68,EMI
Petrol pump fuel payment | Ref:dcb92afe | Amount: INR 8845.84,Travel
Restaurant dining at | Ref:13673642 | Amount: INR 1241.49,Food
RedBus bus ticket | Ref:1ac79850 | Amount: INR 25438.06,Travel
Amazon online shopping | Ref:8d23f44d | Amount: INR 30374.75,Shopping
MakeMyTrip hotel booking | Ref:75395e44 | Amount: INR 18527.87,Travel
SIP investment in mutual fund | Ref:878a5fd2 | Amount: INR 6518.65,Investment
Petrol pump fuel payment | Ref:f8327a0f | Amount: INR 18120.88,Travel
Zerodha stock purchase | Ref:f6e21753 | Amount: INR 15370.81,Investment
Zomato dinner bill | Ref:c75af9ff | Amount: INR 38947.62,Food
Swiggy order payment | Ref:ebf662a2 | Amount: INR 23719.21,Food
Zomato dinner bill | Ref:41c00307 | Amount: INR 32864.88,Food
Amazon online shopping | Ref:419a232d | Amount: INR 37194.78,Shopping
Groww ETF investment | Ref:cded15eb | Amount: INR 35725.13,Investment
Amazon online shopping | Ref:3db18900 | Amount: INR 17663.69,Shopping
Swiggy order payment | Ref:e2e24541 | Amount: INR 7057.01,Food
Cafe coffee purchase at | Ref:2997bbce | Amount: INR 24223.2,Food
Reliance Digital purchase | Ref:73d496ec | Amount: INR 17746.79,Shopping
Zerodha stock purchase | Ref:36752bd5 | Amount: INR 18312.73,Investment
MakeMyTrip hotel booking | Ref:d81d04d8 | Amount: INR 30719.49,Travel
Reliance Digital purchase | Ref:ef8eae4c | Amount: INR 34124.5,Shopping
HDFC home loan EMI | Ref:8f4bc0d8 | Amount: INR 37156.91,EMI
Personal loan EMI deduction | Ref:799f219a | Amount: INR 27022.08,EMI
Reliance Digital purchase | Ref:70c023a0 | Amount: INR 29699.06,Shopping
Fixed deposit investment | Ref:965b5416 | Amount: INR 32864.2,Investment
MakeMyTrip hotel booking | Ref:3bc46044 | Amount: INR 25461.45,Travel
Ola cab fare | Ref:a2c22b7d | Amount: INR 14840.36,Travel
SIP investment in mutual fund | Ref:cfebd5e9 | Amount: INR 9819.97,Investment
Amazon online shopping | Ref:fe161aa1 | Amount: INR 37300.48,Shopping
Dominos pizza order | Ref:044e27cf | Amount: INR 22600.98,Food
RedBus bus ticket | Ref:50e32685 | Amount: INR 31432.92,Travel
Swiggy order payment | Ref:88f640ec | Amount: INR 3099.77,Food
Grocery purchase at Big Bazaar | Ref:caec1c6a | Amount: INR 48733.99,Food
Flipkart electronics purchase | Ref:23b10ba8 | Amount: INR 4333.41,Shopping
Amazon online shopping | Ref:15975bfe | Amount: INR 14570.62,Shopping
Flipkart electronics purchase | Ref:50d9f59b | Amount: INR 15553.38,Shopping
Groww ETF investment | Ref:45d4ccc4 | Amount: INR 8941.64,Investment
Zerodha stock purchase | Ref:3c31d96e | Amount: INR 2326.81,Investment
RedBus bus ticket | Ref:4c574a7c | Amount: INR 21469.7,Travel
Myntra clothing order | Ref:86c85d14 | Amount: INR 17622.94,Shopping
IRCTC train ticket booking | Ref:e1651f6e | Amount: INR 4047.98,Travel
IRCTC train ticket booking | Ref:d31f762d | Amount: INR 25144.96,Travel
Reliance Digital purchase | Ref:249ec688 | Amount: INR 43406.93,Shopping
RedBus bus ticket | Ref:6d3b02d0 | Amount: INR 38508.79,Travel
Grocery purchase at Big Bazaar | Ref:268d6efb | Amount: INR 21795.45,Food
Petrol pump fuel payment | Ref:1351b728 | Amount: INR 8826.43,Travel
Personal loan EMI deduction | Ref:08adcc3d | Amount: INR 25481.92,EMI
Personal loan EMI deduction | Ref:8a73b290 | Amount: INR 40375.88,EMI
McDonald's meal payment | Ref:76299ee6 | Amount: INR 42401.84,Food
Credit card EMI installment | Ref:ee9053a8 | Amount: INR 4944.49,EMI
Amazon online shopping | Ref:06231e9f | Amount: INR 45426.93,Shopping
Bajaj Finserv EMI payment | Ref:fbbd16d3 | Amount: INR 48156.12,EMI
Swiggy order payment | Ref:c104666d | Amount: INR 10592.86,Food
Reliance Digital purchase | Ref:551e90fe | Amount: INR 33654.75,Shopping
Fixed deposit investment | Ref:fb5d8da9 | Amount: INR 49246.29,Investment
Ola cab fare | Ref:f6820a1f | Amount: INR 4614.75,Travel
IndiGo flight ticket | Ref:b3190a88 | Amount: INR 32760.72,Travel
IRCTC train ticket booking | Ref:b2ff555a | Amount: INR 378.11,Travel
Restaurant dining at | Ref:001b9e6b | Amount: INR 11480.56,Food
Swiggy order payment | Ref:0b5758f1 | Amount: INR 32155.34,Food
Cafe coffee purchase at | Ref:dad03c0a | Amount: INR 25324.43,Food
IndiGo flight ticket | Ref:b6924d06 | Amount: INR 36005.07,Travel
Fixed deposit investment | Ref:93101d33 | Amount: INR 16706.5,Investment
Restaurant dining at | Ref:c4a44ae2 | Amount: INR 30547.39,Food
Personal loan EMI deduction | Ref:e167c9e6 | Amount: INR 30849.14,EMI
McDonald's meal payment | Ref:742dccd9 | Amount: INR 5141.69,Food
Uber ride payment | Ref:73f60c29 | Amount: INR 9282.76,Travel
Groww ETF investment | Ref:7457c0ea | Amount: INR 48472.88,Investment
Fixed deposit investment | Ref:48fb5659 | Amount: INR 23208.87,Investment
Personal loan EMI deduction | Ref:dedba85e | Amount: INR 29196.88,EMI
Reliance Digital purchase | Ref:1bcd3ecb | Amount: INR 49669.01,Shopping
Restaurant dining at | Ref:0531e0f3 | Amount: INR 16595.42,Food
Petrol pump fuel payment | Ref:1a260797 | Amount: INR 47914.0,Travel
McDonald's meal payment | Ref:a2c59c69 | Amount: INR 23259.37,Food
Petrol pump fuel payment | Ref:624bac3d | Amount: INR 45316.35,Travel
Personal loan EMI deduction | Ref:e8cb99c8 | Amount: INR 39291.23,EMI
Bajaj Finserv EMI payment | Ref:a9341c83 | Amount: INR 17351.0,EMI
Amazon online shopping | Ref:3f401cd5 | Amount: INR 10310.17,Shopping
Petrol pump fuel payment | Ref:e4e41f7c | Amount: INR 27147.45,Travel
Swiggy order payment | Ref:57efd15e | Amount: INR 19272.06,Food
Amazon online shopping | Ref:ccaef933 | Amount: INR 19290.51,Shopping
Dominos pizza order | Ref:523e1634 | Amount: INR 42413.8,Food
RedBus bus ticket | Ref:336ca843 | Amount: INR 36038.8,Travel
Fixed deposit investment | Ref:a38179d8 | Amount: INR 22470.63,Investment
IRCTC train ticket booking | Ref:b78c3fb5 | Amount: INR 10473.91,Travel
Ola cab fare | Ref:01fc1c5f | Amount: INR 20947.88,Travel
HDFC home loan EMI | Ref:6d48fd09 | Amount: INR 17375.31,EMI
McDonald's meal payment | Ref:327ce5c9 | Amount: INR 25875.31,Food
Myntra clothing order | Ref:27b944d8 | Amount: INR 26693.77,Shopping
Cafe coffee purchase at | Ref:c995fa0e | Amount: INR 25804.89,Food
Cafe coffee purchase at | Ref:c4c076cb | Amount: INR 29171.1,Food
SBI car loan EMI | Ref:9adf971e | Amount: INR 7627.82,EMI
Bajaj Finserv EMI payment | Ref:0ba8a6ae | Amount: INR 16288.55,EMI
Myntra clothing order | Ref:d3c5c1f1 | Amount: INR 12249.1,Shopping
Zerodha stock purchase | Ref:50cba972 | Amount: INR 45684.87,Investment
SIP investment in mutual fund | Ref:1b8f1a9e | Amount: INR 27878.69,Investment
Uber ride payment | Ref:53d523e7 | Amount: INR 19400.91,Travel
PPF contribution | Ref:14815f87 | Amount: INR 21163.73,Investment
Zomato dinner bill | Ref:253ea0f4 | Amount: INR 31390.93,Food
IKEA furniture shopping | Ref:bddc9617 | Amount: INR 34363.81,Shopping
SBI car loan EMI | Ref:da180745 | Amount: INR 688.65,EMI
Fixed deposit investment | Ref:39f4b843 | Amount: INR 37547.17,Investment
SIP investment in mutual fund | Ref:f4ad18ad | Amount: INR 30454.43,Investment
Cafe coffee purchase at | Ref:6392af36 | Amount: INR 12858.46,Food
Myntra clothing order | Ref:ca4e18ea | Amount: INR 45069.51,Shopping
IndiGo flight ticket | Ref:897d5c3d | Amount: INR 15020.5,Travel
HDFC home loan EMI | Ref:3fa3cf33 | Amount: INR 44330.21,EMI
Fixed deposit investment | Ref:fc63eacb | Amount: INR 37416.52,Investment
Credit card EMI installment | Ref:b9871f4c | Amount: INR 39230.51,EMI
Restaurant dining at | Ref:4421640c | Amount: INR 48048.0,Food
Reliance Digital purchase | Ref:c4ac9cd9 | Amount: INR 23875.14,Shopping
IKEA furniture shopping | Ref:498c825d | Amount: INR 6853.82,Shopping
Myntra clothing order | Ref:cd01c69f | Amount: INR 14191.56,Shopping
Bajaj Finserv EMI payment | Ref:78197f63 | Amount: INR 28410.67,EMI
Zerodha stock purchase | Ref:6770f3e3 | Amount: INR 46972.62,Investment
Flipkart electronics purchase | Ref:7a6c5626 | Amount: INR 9474.02,Shopping
Credit card EMI installment | Ref:66a3f956 | Amount: INR 6491.14,EMI
McDonald's meal payment | Ref:7cfc9da7 | Amount: INR 24502.99,Food
HDFC home loan EMI | Ref:b205a204 | Amount: INR 1873.15,EMI
Fixed deposit investment | Ref:1e23fb7e | Amount: INR 34233.52,Investment
Swiggy order payment | Ref:268cd39d | Amount: INR 2320.82,Food
IRCTC train ticket booking | Ref:8e52bc24 | Amount: INR 15501.03,Travel
PPF contribution | Ref:eee1863c | Amount: INR 4692.73,Investment
HDFC home loan EMI | Ref:7ad31a5e | Amount: INR 3920.78,EMI
Personal loan EMI deduction | Ref:9f23ec05 | Amount: INR 19095.28,EMI
Flipkart electronics purchase | Ref:cb350c82 | Amount: INR 23721.55,Shopping
Groww ETF investment | Ref:9ddda8fa | Amount: INR 11258.2,Investment
McDonald's meal payment | Ref:9193bbe8 | Amount: INR 33351.4,Food
Uber ride payment | Ref:02acf1ce | Amount: INR 46715.98,Travel
Groww ETF investment | Ref:288747b7 | Amount: INR 12319.41,Investment
SIP investment in mutual fund | Ref:c7aff382 | Amount: INR 15108.48,Investment
Amazon online shopping | Ref:c8bca11a | Amount: INR 1843.78,Shopping
Reliance Digital purchase | Ref:a8286fd5 | Amount: INR 32981.25,Shopping
Reliance Digital purchase | Ref:abebc2fd | Amount: INR 33482.01,Shopping
IRCTC train ticket booking | Ref:7d33b92c | Amount: INR 7237.44,Travel
Flipkart electronics purchase | Ref:111b0d56 | Amount: INR 49929.02,Shopping
IndiGo flight ticket | Ref:8ce3c760 | Amount: INR 24915.37,Travel
HDFC home loan EMI | Ref:a5051b4f | Amount: INR 46321.13,EMI
Dominos pizza order | Ref:3a17fb88 | Amount: INR 44288.72,Food
Bajaj Finserv EMI payment | Ref:5a69daf4 | Amount: INR 33083.13,EMI
RedBus bus ticket | Ref:83ce3218 | Amount: INR 25737.08,Travel
Zomato dinner bill | Ref:a97b4b31 | Amount: INR 43107.07,Food
PPF contribution | Ref:fb426a89 | Amount: INR 28660.29,Investment
IRCTC train ticket booking | Ref:331af955 | Amount: INR 18385.79,Travel
MakeMyTrip hotel booking | Ref:70129214 | Amount: INR 1073.76,Travel
IndiGo flight ticket | Ref:695f38e9 | Amount: INR 42823.93,Travel
SBI car loan EMI | Ref:8e7a1474 | Amount: INR 37350.98,EMI
Dominos pizza order | Ref:43e23775 | Amount: INR 47791.2,Food
Reliance Digital purchase | Ref:e4dc4c6a | Amount: INR 21458.0,Shopping
RedBus bus ticket | Ref:ac370ce4 | Amount: INR 46777.14,Travel
Reliance Digital purchase | Ref:5178cd9a | Amount: INR 8444.24,Shopping
Dominos pizza order | Ref:7e4b1059 | Amount: INR 45998.09,Food
MakeMyTrip hotel booking | Ref:98397509 | Amount: INR 45368.68,Travel
Personal loan EMI deduction | Ref:d516adb1 | Amount: INR 3240.41,EMI
Cafe coffee purchase at | Ref:8245bab4 | Amount: INR 7858.36,Food
Credit card EMI installment | Ref:60bf0100 | Amount: INR 48061.75,EMI
SBI car loan EMI | Ref:bd3bc580 | Amount: INR 4965.54,EMI
McDonald's meal payment | Ref:13543bcd | Amount: INR 34699.64,Food
PPF contribution | Ref:d14bbb9e | Amount: INR 15103.29,Investment
Grocery purchase at Big Bazaar | Ref:454f6fb3 | Amount: INR 5628.58,Food
Petrol pump fuel payment | Ref:10dfc312 | Amount: INR 36326.4,Travel
Ola cab fare | Ref:841177a7 | Amount: INR 23058.23,Travel
MakeMyTrip hotel booking | Ref:94a46e7a | Amount: INR 4995.51,Travel
Ola cab fare | Ref:d9cd4fd0 | Amount: INR 15744.88,Travel
SBI car loan EMI | Ref:48befa52 | Amount: INR 40545.87,EMI
Fixed deposit investment | Ref:ca545a37 | Amount: INR 21609.48,Investment
Bajaj Finserv EMI payment | Ref:3c160e09 | Amount: INR 3118.13,EMI
SBI car loan EMI | Ref:620eec13 | Amount: INR 8644.81,EMI
Reliance Digital purchase | Ref:a2d77fd5 | Amount: INR 45004.51,Shopping
Groww ETF investment | Ref:f4c8047b | Amount: INR 13008.34,Investment
Restaurant dining at | Ref:0cbd066c | Amount: INR 22937.32,Food
Reliance Digital purchase | Ref:7abcf667 | Amount: INR 47579.42,Shopping
Cafe coffee purchase at | Ref:d22d9749 | Amount: INR 42939.72,Food
Fixed deposit investment | Ref:9c0c1f0d | Amount: INR 4842.89,Investment
McDonald's meal payment | Ref:8b0ed4ce | Amount: INR 34112.37,Food
Credit card EMI installment | Ref:a9a37089 | Amount: INR 37763.66,EMI
RedBus bus ticket | Ref:cf7e7496 | Amount: INR 33832.37,Travel
Reliance Digital purchase | Ref:77c61eb6 | Amount: INR 18205.83,Shopping
Swiggy order payment | Ref:92b050d5 | Amount: INR 11179.97,Food
Ola cab fare | Ref:62ff42c0 | Amount: INR 2821.91,Travel
Groww ETF investment | Ref:c2c57778 | Amount: INR 47871.76,Investment
MakeMyTrip hotel booking | Ref:5f4f9ca0 | Amount: INR 34327.51,Travel
Petrol pump fuel payment | Ref:49ce0e56 | Amount: INR 27186.31,Travel
IndiGo flight ticket | Ref:a4805340 | Amount: INR 21085.98,Travel
Grocery purchase at Big Bazaar | Ref:b2692c82 | Amount: INR 41967.05,Food
Cafe coffee purchase at | Ref:505883f7 | Amount: INR 11731.7,Food
MakeMyTrip hotel booking | Ref:56f76cb0 | Amount: INR 10959.7,Travel
Flipkart electronics purchase | Ref:b7ee6885 | Amount: INR 46244.31,Shopping
Personal loan EMI deduction | Ref:cd2bc683 | Amount: INR 27025.49,EMI
Bajaj Finserv EMI payment | Ref:678619c4 | Amount: INR 10713.87,EMI
Petrol pump fuel payment | Ref:9a99b93b | Amount: INR 45813.69,Travel
Grocery purchase at Big Bazaar | Ref:3ef320e3 | Amount: INR 24048.42,Food
Swiggy order payment | Ref:0f91a864 | Amount: INR 16158.71,Food
IKEA furniture shopping | Ref:40b0c052 | Amount: INR 29567.55,Shopping
Zerodha stock purchase | Ref:d35fef31 | Amount: INR 44164.51,Investment
Cafe coffee purchase at | Ref:744514c7 | Amount: INR 44630.07,Food
Amazon online shopping | Ref:1783247c | Amount: INR 40917.71,Shopping
HDFC home loan EMI | Ref:6d51c966 | Amount: INR 32777.68,EMI
Zerodha stock purchase | Ref:09901a0f | Amount: INR 9252.63,Investment
Credit card EMI installment | Ref:c85cd996 | Amount: INR 1493.71,EMI
Ola cab fare | Ref:1125a99d | Amount: INR 40432.61,Travel
Zomato dinner bill | Ref:d1e426e6 | Amount: INR 4604.33,Food
Bajaj Finserv EMI payment | Ref:1eb3fb44 | Amount: INR 26028.17,EMI
Zomato dinner bill | Ref:914a03ae | Amount: INR 6874.37,Food
Amazon online shopping | Ref:f83939d3 | Amount: INR 38827.02,Shopping
SBI car loan EMI | Ref:373ce5c2 | Amount: INR 7708.6,EMI
Zomato dinner bill | Ref:26e6106e | Amount: INR 25359.83,Food
Restaurant dining at | Ref:2b4d0f8f | Amount: INR 33842.46,Food
Grocery purchase at Big Bazaar | Ref:ccf8f7bc | Amount: INR 14135.11,Food
Zomato dinner bill | Ref:7e02b2f6 | Amount: INR 9931.36,Food
Flipkart electronics purchase | Ref:539d31ed | Amount: INR 29446.77,Shopping
Reliance Digital purchase | Ref:16a909eb | Amount: INR 13178.23,Shopping
Ola cab fare | Ref:2302bf95 | Amount: INR 29193.49,Travel
IKEA furniture shopping | Ref:3d784fe2 | Amount: INR 20431.81,Shopping
Groww ETF investment | Ref:ab76ba18 | Amount: INR 1680.36,Investment
RedBus bus ticket | Ref:7e6d0e9a | Amount: INR 3887.19,Travel
Myntra clothing order | Ref:2f878928 | Amount: INR 6302.26,Shopping
MakeMyTrip hotel booking | Ref:19df9a27 | Amount: INR 9732.58,Travel
MakeMyTrip hotel booking | Ref:971bd5e4 | Amount: INR 21138.43,Travel
Flipkart electronics purchase | Ref:8d99f549 | Amount: INR 47009.13,Shopping
Petrol pump fuel payment | Ref:bf909129 | Amount: INR 46407.03,Travel
IKEA furniture shopping | Ref:83c89e7f | Amount: INR 31163.74,Shopping
Personal loan EMI deduction | Ref:ca1ea6d5 | Amount: INR 14465.65,EMI
RedBus bus ticket | Ref:43140c4b | Amount: INR 18166.17,Travel
Groww ETF investment | Ref:110dc039 | Amount: INR 26748.86,Investment
Bajaj Finserv EMI payment | Ref:5d34678c | Amount: INR 38882.17,EMI
IKEA furniture shopping | Ref:5821f26a | Amount: INR 6413.33,Shopping
Fixed deposit investment | Ref:62bcb811 | Amount: INR 20250.92,Investment
MakeMyTrip hotel booking | Ref:24be807f | Amount: INR 22548.98,Travel
Credit card EMI installment | Ref:968a4350 | Amount: INR 12386.08,EMI
Cafe coffee purchase at | Ref:75115ebf | Amount: INR 24789.49,Food
PPF contribution | Ref:348497fa | Amount: INR 4241.22,Investment
Flipkart electronics purchase | Ref:b0d3598a | Amount: INR 32694.03,Shopping
Flipkart electronics purchase | Ref:ff07e090 | Amount: INR 25853.09,Shopping
Restaurant dining at | Ref:bf40b496 | Amount: INR 15197.96,Food
Cafe coffee purchase at | Ref:e115948e | Amount: INR 13798.09,Food
Fixed deposit investment | Ref:56669f12 | Amount: INR 44836.04,Investment
IndiGo flight ticket | Ref:0ab3bd00 | Amount: INR 41883.19,Travel
PPF contribution | Ref:fc73304d | Amount: INR 20940.28,Investment
Fixed deposit investment | Ref:4f9ffb7b | Amount: INR 17930.39,Investment
IndiGo flight ticket | Ref:699c024f | Amount: INR 25980.79,Travel
SIP investment in mutual fund | Ref:56e267a1 | Amount: INR 28220.28,Investment
Bajaj Finserv EMI payment | Ref:1213690d | Amount: INR 6295.71,EMI
Ola cab fare | Ref:44d8a291 | Amount: INR 43061.76,Travel
Bajaj Finserv EMI payment | Ref:90ed61ec | Amount: INR 7424.28,EMI
IndiGo flight ticket | Ref:c5970de6 | Amount: INR 43714.24,Travel
Reliance Digital purchase | Ref:badaeb9e | Amount: INR 49376.78,Shopping
IndiGo flight ticket | Ref:373cbeca | Amount: INR 44408.77,Travel
Myntra clothing order | Ref:3ab58f11 | Amount: INR 16909.74,Shopping
PPF contribution | Ref:32c01876 | Amount: INR 19043.68,Investment
Uber ride payment | Ref:2b477f89 | Amount: INR 8358.75,Travel
Groww ETF investment | Ref:030b1061 | Amount: INR 19185.6,Investment
Zomato dinner bill | Ref:e4392cc3 | Amount: INR 10728.31,Food
Amazon online shopping | Ref:1e6d1d69 | Amount: INR 18195.48,Shopping
Cafe coffee purchase at | Ref:4c487377 | Amount: INR 45580.2,Food
Fixed deposit investment | Ref:1a70de88 | Amount: INR 21883.46,Investment
Myntra clothing order | Ref:9c14f1a4 | Amount: INR 6910.79,Shopping
Flipkart electronics purchase | Ref:bbba0e99 | Amount: INR 28654.51,Shopping
IKEA furniture shopping | Ref:1d72105e | Amount: INR 31492.06,Shopping
IKEA furniture shopping | Ref:ee187b4a | Amount: INR 39125.62,Shopping
Flipkart electronics purchase | Ref:23a23bfa | Amount: INR 12773.39,Shopping
Fixed deposit investment | Ref:6f7b8d9e | Amount: INR 26838.33,Investment
MakeMyTrip hotel booking | Ref:62646da9 | Amount: INR 24699.44,Travel
Groww ETF investment | Ref:17c50a84 | Amount: INR 32144.24,Investment
Amazon online shopping | Ref:29688c7a | Amount: INR 15554.87,Shopping
Swiggy order payment | Ref:b904d1d9 | Amount: INR 40223.04,Food
HDFC home loan EMI | Ref:cad31236 | Amount: INR 6828.94,EMI
McDonald's meal payment | Ref:1d2f0d26 | Amount: INR 14092.67,Food
HDFC home loan EMI | Ref:563f9851 | Amount: INR 19704.0,EMI
RedBus bus ticket | Ref:625e7168 | Amount: INR 8538.22,Travel
IKEA furniture shopping | Ref:805fd1fc | Amount: INR 32380.95,Shopping
Ola cab fare | Ref:1221c637 | Amount: INR 36906.19,Travel
Amazon online shopping | Ref:a295f5aa | Amount: INR 5398.48,Shopping
Bajaj Finserv EMI payment | Ref:70985134 | Amount: INR 8827.61,EMI
Flipkart electronics purchase | Ref:97b69ee0 | Amount: INR 38109.46,Shopping
IRCTC train ticket booking | Ref:2d326579 | Amount: INR 33256.08,Travel
PPF contribution | Ref:4ddf4350 | Amount: INR 41199.4,Investment
Restaurant dining at | Ref:b3b03fe8 | Amount: INR 40109.59,Food
Grocery purchase at Big Bazaar | Ref:a91df22f | Amount: INR 17421.49,Food
Restaurant dining at | Ref:1e6aff70 | Amount: INR 27027.74,Food
Dominos pizza order | Ref:77dfbc3d | Amount: INR 36536.31,Food
Fixed deposit investment | Ref:3988799a | Amount: INR 45165.74,Investment
HDFC home loan EMI | Ref:9583e974 | Amount: INR 15481.02,EMI
Dominos pizza order | Ref:be6c78d4 | Amount: INR 46699.31,Food
Bajaj Finserv EMI payment | Ref:21ed5fc5 | Amount: INR 12947.49,EMI
IKEA furniture shopping | Ref:4f8f40a2 | Amount: INR 21767.2,Shopping
Groww ETF investment | Ref:20e9e452 | Amount: INR 1994.99,Investment
Amazon online shopping | Ref:87c2dc0f | Amount: INR 31269.59,Shopping
Myntra clothing order | Ref:38113d3e | Amount: INR 27125.07,Shopping
Bajaj Finserv EMI payment | Ref:eef7367e | Amount: INR 29073.61,EMI
Ola cab fare | Ref:c4a90718 | Amount: INR 44037.35,Travel
Flipkart electronics purchase | Ref:38d133d8 | Amount: INR 16044.17,Shopping
Cafe coffee purchase at | Ref:0b46879f | Amount: INR 43700.02,Food
McDonald's meal payment | Ref:66e61500 | Amount: INR 30220.14,Food
PPF contribution | Ref:f6777623 | Amount: INR 9007.19,Investment
Cafe coffee purchase at | Ref:d136ac06 | Amount: INR 37788.11,Food
Flipkart electronics purchase | Ref:7b015b1a | Amount: INR 11348.63,Shopping
IKEA furniture shopping | Ref:37c9a05e | Amount: INR 3436.58,Shopping
SBI car loan EMI | Ref:5c075d71 | Amount: INR 5957.47,EMI
IRCTC train ticket booking | Ref:53aa6ec7 | Amount: INR 17880.86,Travel
Ola cab fare | Ref:db3e267a | Amount: INR 44840.49,Travel
Flipkart electronics purchase | Ref:3e69a8ac | Amount: INR 25301.12,Shopping
Bajaj Finserv EMI payment | Ref:07d10c1b | Amount: INR 30665.93,EMI
IKEA furniture shopping | Ref:7c05c043 | Amount: INR 3868.37,Shopping
Grocery purchase at Big Bazaar | Ref:27f8e223 | Amount: INR 2818.32,Food
Restaurant dining at | Ref:3f44d378 | Amount: INR 30099.91,Food
Cafe coffee purchase at | Ref:550a8125 | Amount: INR 5219.92,Food
PPF contribution | Ref:a1bfdb33 | Amount: INR 40357.94,Investment
Bajaj Finserv EMI payment | Ref:9fc0af54 | Amount: INR 16022.35,EMI
Myntra clothing order | Ref:7cc1a201 | Amount: INR 4688.61,Shopping
Zomato dinner bill | Ref:c467248f | Amount: INR 43387.11,Food
Swiggy order payment | Ref:c95973cd | Amount: INR 24165.78,Food
Fixed deposit investment | Ref:ba30a1fb | Amount: INR 17888.54,Investment
IKEA furniture shopping | Ref:008bb70b | Amount: INR 4050.6,Shopping
Amazon online shopping | Ref:29956df2 | Amount: INR 10815.54,Shopping
Credit card EMI installment | Ref:187413e2 | Amount: INR 34993.11,EMI
Fixed deposit investment | Ref:fe77f8da | Amount: INR 11116.41,Investment
Zomato dinner bill | Ref:af83a827 | Amount: INR 31576.49,Food
Zomato dinner bill | Ref:391287e5 | Amount: INR 34516.97,Food
Grocery purchase at Big Bazaar | Ref:32188fa2 | Amount: INR 46315.04,Food
SBI car loan EMI | Ref:d51d8cfe | Amount: INR 27847.23,EMI
IndiGo flight ticket | Ref:2fe72c8b | Amount: INR 29536.34,Travel
Ola cab fare | Ref:c793528d | Amount: INR 23244.16,Travel
Zomato dinner bill | Ref:5528d496 | Amount: INR 40488.9,Food
Grocery purchase at Big Bazaar | Ref:fcb3d292 | Amount: INR 38316.13,Food
Amazon online shopping | Ref:869d2c6e | Amount: INR 23724.35,Shopping
Reliance Digital purchase | Ref:b4bdf3f8 | Amount: INR 31279.45,Shopping
Zerodha stock purchase | Ref:f29947e2 | Amount: INR 18182.92,Investment
Groww ETF investment | Ref:7717a9f2 | Amount: INR 2174.44,Investment
Personal loan EMI deduction | Ref:bcfebd0a | Amount: INR 45871.86,EMI
Cafe coffee purchase at | Ref:947195df | Amount: INR 4880.98,Food
Flipkart electronics purchase | Ref:547d2365 | Amount: INR 18321.36,Shopping
HDFC home loan EMI | Ref:64b1c533 | Amount: INR 37485.19,EMI
RedBus bus ticket | Ref:f859c6ae | Amount: INR 31495.38,Travel
IKEA furniture shopping | Ref:d2059360 | Amount: INR 16388.03,Shopping
Reliance Digital purchase | Ref:db99bc6b | Amount: INR 38679.3,Shopping
Groww ETF investment | Ref:5d7aba6b | Amount: INR 18674.52,Investment
Personal loan EMI deduction | Ref:56ae0031 | Amount: INR 2843.47,EMI
Grocery purchase at Big Bazaar | Ref:26ca8434 | Amount: INR 7007.72,Food
Dominos pizza order | Ref:c8ccb81a | Amount: INR 13438.1,Food
MakeMyTrip hotel booking | Ref:849e1106 | Amount: INR 29806.31,Travel
Personal loan EMI deduction | Ref:c110c479 | Amount: INR 49907.62,EMI
RedBus bus ticket | Ref:87c981b4 | Amount: INR 23111.84,Travel
Uber ride payment | Ref:3fc6e99d | Amount: INR 13439.07,Travel
Groww ETF investment | Ref:cfa5367e | Amount: INR 43284.23,Investment
Personal loan EMI deduction | Ref:7786b607 | Amount: INR 30431.6,EMI
Groww ETF investment | Ref:cb310bb6 | Amount: INR 22082.55,Investment
Myntra clothing order | Ref:820bc838 | Amount: INR 24565.73,Shopping
SBI car loan EMI | Ref:48c91302 | Amount: INR 4543.83,EMI
IKEA furniture shopping | Ref:f309fadd | Amount: INR 49435.38,Shopping
Zerodha stock purchase | Ref:a33aaeb9 | Amount: INR 47343.72,Investment
Bajaj Finserv EMI payment | Ref:6e8dde6e | Amount: INR 890.05,EMI
Dominos pizza order | Ref:c2f97fae | Amount: INR 15608.54,Food
IRCTC train ticket booking | Ref:33143883 | Amount: INR 28288.12,Travel
HDFC home loan EMI | Ref:76942c73 | Amount: INR 4621.45,EMI
SIP investment in mutual fund | Ref:ae8395a6 | Amount: INR 9355.17,Investment
Fixed deposit investment | Ref:90bcafe0 | Amount: INR 39065.02,Investment
Dominos pizza order | Ref:2ccebe8b | Amount: INR 16939.46,Food
Zomato dinner bill | Ref:b755930d | Amount: INR 15408.68,Food
Petrol pump fuel payment | Ref:50acfdc4 | Amount: INR 21782.41,Travel
Amazon online shopping | Ref:b8b6824c | Amount: INR 5681.99,Shopping
Credit card EMI installment | Ref:8ba05026 | Amount: INR 43385.48,EMI
IndiGo flight ticket | Ref:453eb5b6 | Amount: INR 4190.74,Travel
Groww ETF investment | Ref:3ce7b45a | Amount: INR 15294.28,Investment
MakeMyTrip hotel booking | Ref:e06a9294 | Amount: INR 1318.97,Travel
Zomato dinner bill | Ref:703d3814 | Amount: INR 9802.12,Food
HDFC home loan EMI | Ref:22b2b245 | Amount: INR 42896.93,EMI
SIP investment in mutual fund | Ref:e8144087 | Amount: INR 21529.04,Investment
Fixed deposit investment | Ref:45d8b808 | Amount: INR 10677.4,Investment
Swiggy order payment | Ref:8ce34599 | Amount: INR 23161.49,Food
Credit card EMI installment | Ref:ec085adc | Amount: INR 46719.78,EMI
HDFC home loan EMI | Ref:ac318e92 | Amount: INR 25908.15,EMI
Zerodha stock purchase | Ref:c1fa8be7 | Amount: INR 45020.61,Investment
Amazon online shopping | Ref:b38263f1 | Amount: INR 28611.1,Shopping
Grocery purchase at Big Bazaar | Ref:d0bafced | Amount: INR 43354.3,Food
Zomato dinner bill | Ref:0d614ab6 | Amount: INR 42773.04,Food
SIP investment in mutual fund | Ref:2c9b74d7 | Amount: INR 24378.56,Investment
Zomato dinner bill | Ref:0f7737e4 | Amount: INR 21915.36,Food
IKEA furniture shopping | Ref:14574236 | Amount: INR 39525.32,Shopping
SBI car loan EMI | Ref:8f4f39aa | Amount: INR 2512.08,EMI
Ola cab fare | Ref:0a753113 | Amount: INR 1232.04,Travel
Amazon online shopping | Ref:d1004cdc | Amount: INR 48264.54,Shopping
RedBus bus ticket | Ref:3a2b94f6 | Amount: INR 46734.36,Travel
Personal loan EMI deduction | Ref:eb3a0aaf | Amount: INR 40126.57,EMI
Fixed deposit investment | Ref:65072fdd | Amount: INR 28445.61,Investment
Amazon online shopping | Ref:56d87d1a | Amount: INR 42498.0,Shopping
IKEA furniture shopping | Ref:fbb64f5e | Amount: INR 4061.38,Shopping
IKEA furniture shopping | Ref:e681cadb | Amount: INR 9139.06,Shopping
Uber ride payment | Ref:378a4416 | Amount: INR 35373.12,Travel
Reliance Digital purchase | Ref:cc075440 | Amount: INR 32617.58,Shopping
PPF contribution | Ref:a7fb5cd5 | Amount: INR 46515.79,Investment
MakeMyTrip hotel booking | Ref:13f78640 | Amount: INR 32521.82,Travel
RedBus bus ticket | Ref:b20bc861 | Amount: INR 25480.05,Travel
IKEA furniture shopping | Ref:aae49599 | Amount: INR 39508.22,Shopping
Grocery purchase at Big Bazaar | Ref:b1f3cddb | Amount: INR 33665.06,Food
Personal loan EMI deduction | Ref:42113668 | Amount: INR 36261.96,EMI
RedBus bus ticket | Ref:ebae9d1b | Amount: INR 9522.57,Travel
SIP investment in mutual fund | Ref:ef1c7410 | Amount: INR 16725.81,Investment
Credit card EMI installment | Ref:25862ec7 | Amount: INR 1273.85,EMI
RedBus bus ticket | Ref:e45d8803 | Amount: INR 24930.63,Travel
Flipkart electronics purchase | Ref:74333687 | Amount: INR 38930.04,Shopping
Ola cab fare | Ref:c870fa91 | Amount: INR 13953.32,Travel
Flipkart electronics purchase | Ref:9ceed308 | Amount: INR 9751.7,Shopping
PPF contribution | Ref:646cd7f0 | Amount: INR 19786.89,Investment
Personal loan EMI deduction | Ref:34d76a90 | Amount: INR 9654.82,EMI
Zomato dinner bill | Ref:8c413510 | Amount: INR 48790.51,Food
Petrol pump fuel payment | Ref:42f90c54 | Amount: INR 41417.19,Travel
Amazon online shopping | Ref:b30a9e44 | Amount: INR 12810.04,Shopping
SIP investment in mutual fund | Ref:2a963982 | Amount: INR 21759.19,Investment
IndiGo flight ticket | Ref:5dd0f830 | Amount: INR 15571.42,Travel
PPF contribution | Ref:d8bff7a2 | Amount: INR 20548.82,Investment
Petrol pump fuel payment | Ref:5fb33cf3 | Amount: INR 29571.06,Travel
Zomato dinner bill | Ref:cfe33b88 | Amount: INR 17902.84,Food
Bajaj Finserv EMI payment | Ref:81dc2445 | Amount: INR 13131.28,EMI
Personal loan EMI deduction | Ref:7492a1c1 | Amount: INR 11577.98,EMI
Dominos pizza order | Ref:0edcaa1d | Amount: INR 5817.29,Food
Reliance Digital purchase | Ref:4f17988b | Amount: INR 32627.77,Shopping
Uber ride payment | Ref:5f2bb584 | Amount: INR 49858.73,Travel
SBI car loan EMI | Ref:7b6ef11f | Amount: INR 47962.96,EMI
SIP investment in mutual fund | Ref:d3fc7e0c | Amount: INR 20269.68,Investment
Fixed deposit investment | Ref:4f60c71b | Amount: INR 7748.87,Investment
SIP investment in mutual fund | Ref:3b6fb7ea | Amount: INR 44796.68,Investment
Petrol pump fuel payment | Ref:f88929f2 | Amount: INR 21590.31,Travel
Cafe coffee purchase at | Ref:fce4be14 | Amount: INR 5146.08,Food
Cafe coffee purchase at | Ref:af2c02c6 | Amount: INR 11262.21,Food
McDonald's meal payment | Ref:c951a164 | Amount: INR 4599.87,Food
Zerodha stock purchase | Ref:fcbaa9e4 | Amount: INR 12787.03,Investment
SIP investment in mutual fund | Ref:72c86f7d | Amount: INR 42989.44,Investment
Myntra clothing order | Ref:54e12638 | Amount: INR 32951.51,Shopping
Flipkart electronics purchase | Ref:4059b42e | Amount: INR 34768.8,Shopping
Reliance Digital purchase | Ref:8b0b8a1d | Amount: INR 22714.24,Shopping
Personal loan EMI deduction | Ref:96858936 | Amount: INR 25346.65,EMI
Amazon online shopping | Ref:a608f040 | Amount: INR 32601.8,Shopping
Amazon online shopping | Ref:9edbdcaa | Amount: INR 39700.88,Shopping
McDonald's meal payment | Ref:1a8ad8be | Amount: INR 2538.53,Food
Cafe coffee purchase at | Ref:3096ba04 | Amount: INR 25884.78,Food
Petrol pump fuel payment | Ref:372b70b7 | Amount: INR 42654.63,Travel
Zerodha stock purchase | Ref:1c89f004 | Amount: INR 8993.33,Investment
IndiGo flight ticket | Ref:b2e6f5b7 | Amount: INR 517.7,Travel
Bajaj Finserv EMI payment | Ref:18e65ad7 | Amount: INR 24260.65,EMI
IRCTC train ticket booking | Ref:64726224 | Amount: INR 18361.41,Travel
Myntra clothing order | Ref:cb64eba4 | Amount: INR 31422.09,Shopping
SIP investment in mutual fund | Ref:42cc0400 | Amount: INR 19848.67,Investment
Reliance Digital purchase | Ref:351fe56e | Amount: INR 3085.12,Shopping
McDonald's meal payment | Ref:e101e3b7 | Amount: INR 49966.23,Food
Reliance Digital purchase | Ref:73348cfa | Amount: INR 1456.66,Shopping
MakeMyTrip hotel booking | Ref:8096f3e8 | Amount: INR 2415.69,Travel
Bajaj Finserv EMI payment | Ref:f6341467 | Amount: INR 31802.58,EMI
MakeMyTrip hotel booking | Ref:1643acdf | Amount: INR 42784.18,Travel
Personal loan EMI deduction | Ref:cedbe5a9 | Amount: INR 40665.97,EMI
Reliance Digital purchase | Ref:eb6f7367 | Amount: INR 49609.31,Shopping
Bajaj Finserv EMI payment | Ref:e3115f50 | Amount: INR 3798.91,EMI
Myntra clothing order | Ref:6a44dc47 | Amount: INR 13144.09,Shopping
Amazon online shopping | Ref:3d5b5256 | Amount: INR 41036.34,Shopping
MakeMyTrip hotel booking | Ref:902b245e | Amount: INR 16012.86,Travel
Restaurant dining at | Ref:68d5785a | Amount: INR 27019.49,Food
Fixed deposit investment | Ref:ffe59a92 | Amount: INR 2060.73,Investment
Swiggy order payment | Ref:950a097f | Amount: INR 14811.11,Food
IKEA furniture shopping | Ref:dfcce40e | Amount: INR 15749.1,Shopping
Credit card EMI installment | Ref:434960d8 | Amount: INR 9479.81,EMI
MakeMyTrip hotel booking | Ref:617206b0 | Amount: INR 11335.21,Travel
Fixed deposit investment | Ref:c5ae165d | Amount: INR 33869.57,Investment
Reliance Digital purchase | Ref:115e513e | Amount: INR 28067.66,Shopping
Petrol pump fuel payment | Ref:5e6fadaf | Amount: INR 16286.22,Travel
Personal loan EMI deduction | Ref:c7f9f2d0 | Amount: INR 48193.54,EMI
Reliance Digital purchase | Ref:63d6f2bf | Amount: INR 20000.31,Shopping
IRCTC train ticket booking | Ref:690c8d96 | Amount: INR 49910.81,Travel
Bajaj Finserv EMI payment | Ref:ccc55a6a | Amount: INR 40545.43,EMI
Groww ETF investment | Ref:513500f3 | Amount: INR 8283.49,Investment
Dominos pizza order | Ref:c38b893e | Amount: INR 21277.7,Food
Dominos pizza order | Ref:005a7143 | Amount: INR 35895.48,Food
Personal loan EMI deduction | Ref:d0a259fa | Amount: INR 43099.01,EMI
SBI car loan EMI | Ref:649c4a7b | Amount: INR 44268.39,EMI
PPF contribution | Ref:b85e921b | Amount: INR 31932.13,Investment
IRCTC train ticket booking | Ref:07b14f37 | Amount: INR 14032.15,Travel
Dominos pizza order | Ref:f6c5b9a4 | Amount: INR 46874.18,Food
Cafe coffee purchase at | Ref:9ba878ea | Amount: INR 26413.87,Food
SBI car loan EMI | Ref:e88787a1 | Amount: INR 33899.56,EMI
Flipkart electronics purchase | Ref:0fdffcf8 | Amount: INR 2283.57,Shopping
MakeMyTrip hotel booking | Ref:2b1135e7 | Amount: INR 30354.68,Travel
Grocery purchase at Big Bazaar | Ref:9eaf224c | Amount: INR 36992.77,Food
SIP investment in mutual fund | Ref:ee5e16a7 | Amount: INR 13393.37,Investment
HDFC home loan EMI | Ref:0219fb1b | Amount: INR 34900.45,EMI
Credit card EMI installment | Ref:21cff8ca | Amount: INR 17578.4,EMI
Personal loan EMI deduction | Ref:f38b94fa | Amount: INR 15063.42,EMI
Restaurant dining at | Ref:886adda0 | Amount: INR 1026.28,Food
Bajaj Finserv EMI payment | Ref:eb0bcc12 | Amount: INR 45001.41,EMI
Personal loan EMI deduction | Ref:ac5af5ee | Amount: INR 3956.07,EMI
Flipkart electronics purchase | Ref:f5109de5 | Amount: INR 33216.58,Shopping
Personal loan EMI deduction | Ref:22714115 | Amount: INR 9794.09,EMI
Amazon online shopping | Ref:9df2e532 | Amount: INR 13017.79,Shopping
HDFC home loan EMI | Ref:a801756f | Amount: INR 22445.51,EMI
Groww ETF investment | Ref:9ce5a406 | Amount: INR 2461.98,Investment
SIP investment in mutual fund | Ref:03bfc4a9 | Amount: INR 7840.75,Investment
Ola cab fare | Ref:d850f2da | Amount: INR 39007.85,Travel
PPF contribution | Ref:f03572ad | Amount: INR 21596.25,Investment
IKEA furniture shopping | Ref:e83fe37c | Amount: INR 45486.59,Shopping
Zomato dinner bill | Ref:3b7b6034 | Amount: INR 995.92,Food
Restaurant dining at | Ref:47c117ab | Amount: INR 34357.03,Food
Credit card EMI installment | Ref:7e128c10 | Amount: INR 23386.31,EMI
RedBus bus ticket | Ref:ce770ce1 | Amount: INR 14241.62,Travel
IKEA furniture shopping | Ref:725bec9d | Amount: INR 7386.17,Shopping
IRCTC train ticket booking | Ref:a0096dfc | Amount: INR 3101.17,Travel
Flipkart electronics purchase | Ref:09369cc2 | Amount: INR 48493.24,Shopping
Uber ride payment | Ref:f6930db9 | Amount: INR 44930.63,Travel
SIP investment in mutual fund | Ref:b0d84b60 | Amount: INR 7589.34,Investment
HDFC home loan EMI | Ref:b433c406 | Amount: INR 2434.26,EMI
Groww ETF investment | Ref:cada95a8 | Amount: INR 19807.11,Investment
Petrol pump fuel payment | Ref:2a0c1917 | Amount: INR 17357.93,Travel
Restaurant dining at | Ref:a481aded | Amount: INR 5607.77,Food
RedBus bus ticket | Ref:2a082de1 | Amount: INR 29721.11,Travel
SIP investment in mutual fund | Ref:93bbd8bd | Amount: INR 6057.87,Investment
Credit card EMI installment | Ref:99daeea1 | Amount: INR 34626.46,EMI
Personal loan EMI deduction | Ref:0c78ae2c | Amount: INR 40419.55,EMI
Bajaj Finserv EMI payment | Ref:7d31a180 | Amount: INR 19173.58,EMI
Amazon online shopping | Ref:42c13809 | Amount: INR 31973.64,Shopping
Uber ride payment | Ref:aeab9b54 | Amount: INR 32760.45,Travel
Dominos pizza order | Ref:c003f2a1 | Amount: INR 29430.38,Food
Personal loan EMI deduction | Ref:906e052a | Amount: INR 32275.73,EMI
IndiGo flight ticket | Ref:b348147d | Amount: INR 27554.59,Travel
SIP investment in mutual fund | Ref:05f67c43 | Amount: INR 3706.11,Investment
Petrol pump fuel payment | Ref:06a7106d | Amount: INR 30120.84,Travel
PPF contribution | Ref:0f31595d | Amount: INR 33126.21,Investment
Reliance Digital purchase | Ref:f91e3554 | Amount: INR 24803.96,Shopping
SBI car loan EMI | Ref:1ac2b2b2 | Amount: INR 15968.29,EMI
IndiGo flight ticket | Ref:819a6e85 | Amount: INR 33968.05,Travel
SBI car loan EMI | Ref:89544209 | Amount: INR 30548.11,EMI
IKEA furniture shopping | Ref:25c24535 | Amount: INR 12435.02,Shopping
MakeMyTrip hotel booking | Ref:5452980b | Amount: INR 7612.57,Travel
Bajaj Finserv EMI payment | Ref:b7d37c24 | Amount: INR 38158.23,EMI
Fixed deposit investment | Ref:ac1d5d0e | Amount: INR 43456.9,Investment
Personal loan EMI deduction | Ref:4132dfbe | Amount: INR 33154.18,EMI
Swiggy order payment | Ref:1d5d1aaf | Amount: INR 30878.28,Food
Groww ETF investment | Ref:b9bca0fa | Amount: INR 27964.9,Investment
Groww ETF investment | Ref:083c8a4d | Amount: INR 40228.79,Investment
Personal loan EMI deduction | Ref:823a3bc6 | Amount: INR 31175.58,EMI
Fixed deposit investment | Ref:7d84ab64 | Amount: INR 17224.25,Investment
Grocery purchase at Big Bazaar | Ref:5a2d8d04 | Amount: INR 25522.11,Food
IKEA furniture shopping | Ref:e50c17d4 | Amount: INR 46667.83,Shopping
PPF contribution | Ref:fd884361 | Amount: INR 42480.03,Investment
Myntra clothing order | Ref:332e793d | Amount: INR 17245.24,Shopping
IKEA furniture shopping | Ref:14de66e0 | Amount: INR 46527.91,Shopping
Groww ETF investment | Ref:845ed7f3 | Amount: INR 31912.25,Investment
Myntra clothing order | Ref:fcc73279 | Amount: INR 9218.1,Shopping
Myntra clothing order | Ref:e94bf05e | Amount: INR 32113.27,Shopping
Reliance Digital purchase | Ref:90a18f32 | Amount: INR 24027.44,Shopping
RedBus bus ticket | Ref:0ffaae70 | Amount: INR 23178.11,Travel
Zomato dinner bill | Ref:1e2f27fc | Amount: INR 9407.85,Food
Myntra clothing order | Ref:a0196ab8 | Amount: INR 35608.12,Shopping
RedBus bus ticket | Ref:5daf19d4 | Amount: INR 9178.43,Travel
Groww ETF investment | Ref:b2953e45 | Amount: INR 20091.74,Investment
IKEA furniture shopping | Ref:0438d32d | Amount: INR 7778.0,Shopping
SBI car loan EMI | Ref:04f562c7 | Amount: INR 30092.58,EMI
Credit card EMI installment | Ref:6aa12633 | Amount: INR 47733.24,EMI
IndiGo flight ticket | Ref:9833c2f1 | Amount: INR 40701.2,Travel
IRCTC train ticket booking | Ref:56856acb | Amount: INR 33214.8,Travel
Groww ETF investment | Ref:68e5cfd7 | Amount: INR 49643.19,Investment
Amazon online shopping | Ref:2eaae518 | Amount: INR 14288.9,Shopping
IKEA furniture shopping | Ref:057717db | Amount: INR 36041.99,Shopping
IKEA furniture shopping | Ref:2117931c | Amount: INR 44358.62,Shopping
Dominos pizza order | Ref:746ba0c6 | Amount: INR 26832.27,Food
Amazon online shopping | Ref:87ee3426 | Amount: INR 4328.39,Shopping
Flipkart electronics purchase | Ref:71fe8fee | Amount: INR 46286.68,Shopping
Credit card EMI installment | Ref:70100065 | Amount: INR 17026.77,EMI
Myntra clothing order | Ref:dfeb085f | Amount: INR 26618.28,Shopping
Uber ride payment | Ref:8fc80c9e | Amount: INR 11472.81,Travel
PPF contribution | Ref:2a013d6a | Amount: INR 7672.57,Investment
Zerodha stock purchase | Ref:63f639ce | Amount: INR 18807.84,Investment
Uber ride payment | Ref:f73038e5 | Amount: INR 27836.28,Travel
Reliance Digital purchase | Ref:1eb9aa1d | Amount: INR 16346.57,Shopping
Uber ride payment | Ref:34ed96d1 | Amount: INR 44994.73,Travel
Flipkart electronics purchase | Ref:754952bc | Amount: INR 23786.73,Shopping
PPF contribution | Ref:957586d1 | Amount: INR 37241.18,Investment
SBI car loan EMI | Ref:9d337793 | Amount: INR 16125.81,EMI
SBI car loan EMI | Ref:9e20ee44 | Amount: INR 32540.29,EMI
Amazon online shopping | Ref:d70de5ac | Amount: INR 45586.58,Shopping
Amazon online shopping | Ref:cec80a36 | Amount: INR 12397.94,Shopping
Cafe coffee purchase at | Ref:23e2b505 | Amount: INR 5857.6,Food
Cafe coffee purchase at | Ref:d09eb535 | Amount: INR 41874.8,Food
Cafe coffee purchase at | Ref:424e9828 | Amount: INR 8404.09,Food
Uber ride payment | Ref:4c0fdfa1 | Amount: INR 48120.54,Travel
Groww ETF investment | Ref:8505f7ff | Amount: INR 38794.2,Investment
Fixed deposit investment | Ref:da350ae2 | Amount: INR 3311.49,Investment
IKEA furniture shopping | Ref:e802f90e | Amount: INR 45602.88,Shopping
IndiGo flight ticket | Ref:9fbe7159 | Amount: INR 15545.8,Travel
Amazon online shopping | Ref:d399091c | Amount: INR 27019.57,Shopping
Uber ride payment | Ref:7973cba9 | Amount: INR 34269.95,Travel
Bajaj Finserv EMI payment | Ref:37fca79b | Amount: INR 49502.13,EMI
Personal loan EMI deduction | Ref:ee119e7f | Amount: INR 20985.38,EMI
SIP investment in mutual fund | Ref:a8d3b9fb | Amount: INR 34335.45,Investment
Petrol pump fuel payment | Ref:fa82e092 | Amount: INR 36763.65,Travel
Uber ride payment | Ref:af911821 | Amount: INR 27758.35,Travel
Groww ETF investment | Ref:2ab0b3eb | Amount: INR 42027.99,Investment
Personal loan EMI deduction | Ref:6e8e6dd2 | Amount: INR 40961.62,EMI
HDFC home loan EMI | Ref:c813e8d3 | Amount: INR 34610.44,EMI
Swiggy order payment | Ref:6f13f4f2 | Amount: INR 47269.91,Food
HDFC home loan EMI | Ref:37bd6afa | Amount: INR 27698.53,EMI
Reliance Digital purchase | Ref:643136bc | Amount: INR 369.74,Shopping
SBI car loan EMI | Ref:b5ef510c | Amount: INR 46818.3,EMI
Ola cab fare | Ref:5f686d1b | Amount: INR 23602.74,Travel
Cafe coffee purchase at | Ref:42daed45 | Amount: INR 43614.73,Food
Zomato dinner bill | Ref:eecaf043 | Amount: INR 18757.46,Food
Zerodha stock purchase | Ref:90b3a278 | Amount: INR 35213.69,Investment
Personal loan EMI deduction | Ref:965d8073 | Amount: INR 49240.26,EMI
Uber ride payment | Ref:0df25b33 | Amount: INR 26629.98,Travel
Restaurant dining at | Ref:4c1ccd88 | Amount: INR 12801.28,Food
Myntra clothing order | Ref:fe791c29 | Amount: INR 7807.3,Shopping
Zerodha stock purchase | Ref:9f6a81db | Amount: INR 17231.27,Investment
Myntra clothing order | Ref:51107ddd | Amount: INR 33186.2,Shopping
SIP investment in mutual fund | Ref:90dd8467 | Amount: INR 11854.55,Investment
Restaurant dining at | Ref:6533ec34 | Amount: INR 19941.68,Food
Credit card EMI installment | Ref:3dd6ea41 | Amount: INR 41420.36,EMI
Amazon online shopping | Ref:ab02f6e8 | Amount: INR 12274.47,Shopping
Fixed deposit investment | Ref:45cf6b49 | Amount: INR 28917.67,Investment
Fixed deposit investment | Ref:46ef8d32 | Amount: INR 23489.62,Investment
PPF contribution | Ref:db5f38c1 | Amount: INR 28491.25,Investment
Zerodha stock purchase | Ref:037f0326 | Amount: INR 34796.53,Investment
IKEA furniture shopping | Ref:d5900aec | Amount: INR 19739.54,Shopping
HDFC home loan EMI | Ref:28c6082f | Amount: INR 13223.17,EMI
PPF contribution | Ref:1d16f2ad | Amount: INR 26314.78,Investment
Amazon online shopping | Ref:ddc6389f | Amount: INR 47672.2,Shopping
Bajaj Finserv EMI payment | Ref:2203b02e | Amount: INR 28124.6,EMI
Fixed deposit investment | Ref:a30c6715 | Amount: INR 43519.27,Investment
McDonald's meal payment | Ref:6d4935c7 | Amount: INR 16811.63,Food
Personal loan EMI deduction | Ref:5d2753e2 | Amount: INR 30468.06,EMI
SIP investment in mutual fund | Ref:a6c4acf0 | Amount: INR 44529.92,Investment
Petrol pump fuel payment | Ref:47d9b015 | Amount: INR 44000.96,Travel
SBI car loan EMI | Ref:92edbfe5 | Amount: INR 3616.92,EMI
IKEA furniture shopping | Ref:1ba2d6e2 | Amount: INR 22420.63,Shopping
Fixed deposit investment | Ref:429a9be7 | Amount: INR 30010.7,Investment
PPF contribution | Ref:3bcd706d | Amount: INR 23388.93,Investment
IndiGo flight ticket | Ref:56ff43c5 | Amount: INR 24034.77,Travel
Flipkart electronics purchase | Ref:ab027ce0 | Amount: INR 24844.16,Shopping
Swiggy order payment | Ref:f41432c5 | Amount: INR 10855.78,Food
Grocery purchase at Big Bazaar | Ref:5409cdb1 | Amount: INR 12155.95,Food
Cafe coffee purchase at | Ref:702a9155 | Amount: INR 20394.49,Food
Bajaj Finserv EMI payment | Ref:015cfae0 | Amount: INR 43513.43,EMI
Grocery purchase at Big Bazaar | Ref:65624313 | Amount: INR 14427.17,Food
Zomato dinner bill | Ref:74fe0a44 | Amount: INR 40461.57,Food
PPF contribution | Ref:57dd1c04 | Amount: INR 47691.25,Investment
Groww ETF investment | Ref:d010baa7 | Amount: INR 18246.25,Investment
Fixed deposit investment | Ref:534c1ce1 | Amount: INR 41596.92,Investment
Amazon online shopping | Ref:6d63dbbc | Amount: INR 1190.89,Shopping
Fixed deposit investment | Ref:d430ae75 | Amount: INR 34636.07,Investment
Dominos pizza order | Ref:22e959b5 | Amount: INR 45305.43,Food
SBI car loan EMI | Ref:f870fccf | Amount: INR 10099.58,EMI
IndiGo flight ticket | Ref:a52696c1 | Amount: INR 16900.29,Travel
SBI car loan EMI | Ref:3e791d55 | Amount: INR 19963.47,EMI
Personal loan EMI deduction | Ref:d2d62586 | Amount: INR 24099.32,EMI
Bajaj Finserv EMI payment | Ref:cd28870f | Amount: INR 42130.24,EMI
SIP investment in mutual fund | Ref:0d000332 | Amount: INR 47918.66,Investment
Myntra clothing order | Ref:58e04619 | Amount: INR 34296.34,Shopping
PPF contribution | Ref:7ca8eb07 | Amount: INR 9560.98,Investment
Flipkart electronics purchase | Ref:f5abb43c | Amount: INR 29626.03,Shopping
IKEA furniture shopping | Ref:66e04be1 | Amount: INR 47965.82,Shopping
Dominos pizza order | Ref:74bec98a | Amount: INR 2624.9,Food
HDFC home loan EMI | Ref:22beb3c7 | Amount: INR 14493.63,EMI
Dominos pizza order | Ref:785784c6 | Amount: INR 33497.26,Food
Bajaj Finserv EMI payment | Ref:ebefc574 | Amount: INR 22459.14,EMI
Uber ride payment | Ref:abdae6b5 | Amount: INR 41174.21,Travel
HDFC home loan EMI | Ref:78dd208a | Amount: INR 1144.55,EMI
Zomato dinner bill | Ref:b11da014 | Amount: INR 46310.54,Food
Flipkart electronics purchase | Ref:1ccbe472 | Amount: INR 49425.64,Shopping
SBI car loan EMI | Ref:f967441a | Amount: INR 37898.8,EMI
Flipkart electronics purchase | Ref:68fe0fdb | Amount: INR 20108.15,Shopping
Ola cab fare | Ref:21d3f598 | Amount: INR 41897.54,Travel
Bajaj Finserv EMI payment | Ref:607d9dd3 | Amount: INR 7972.64,EMI
Flipkart electronics purchase | Ref:7cd78dcb | Amount: INR 24249.4,Shopping
Flipkart electronics purchase | Ref:be358e8a | Amount: INR 15313.32,Shopping
Amazon online shopping | Ref:954a7290 | Amount: INR 6770.79,Shopping
Petrol pump fuel payment | Ref:6c7af31f | Amount: INR 33856.52,Travel
Ola cab fare | Ref:53ae540a | Amount: INR 41590.5,Travel
Flipkart electronics purchase | Ref:3dbf88fc | Amount: INR 16317.78,Shopping
Zerodha stock purchase | Ref:66fbb7f7 | Amount: INR 9364.21,Investment
Zerodha stock purchase | Ref:b856c53b | Amount: INR 17766.07,Investment
Bajaj Finserv EMI payment | Ref:4c499b88 | Amount: INR 35537.5,EMI
Reliance Digital purchase | Ref:5c58c471 | Amount: INR 18334.27,Shopping
Groww ETF investment | Ref:b93fdf8f | Amount: INR 14912.99,Investment
Personal loan EMI deduction | Ref:e998f39e | Amount: INR 10998.67,EMI
Amazon online shopping | Ref:e397ac6a | Amount: INR 49035.77,Shopping
Reliance Digital purchase | Ref:ae7f7a9c | Amount: INR 27969.27,Shopping
Fixed deposit investment | Ref:4a63defd | Amount: INR 42051.8,Investment
HDFC home loan EMI | Ref:859cc6f0 | Amount: INR 2005.2,EMI
Amazon online shopping | Ref:996ba22e | Amount: INR 3730.7,Shopping
IKEA furniture shopping | Ref:f9541e51 | Amount: INR 13898.01,Shopping
Restaurant dining at | Ref:a38e34de | Amount: INR 32765.93,Food
Myntra clothing order | Ref:23f02c3c | Amount: INR 48555.36,Shopping
Restaurant dining at | Ref:6b60d968 | Amount: INR 27302.73,Food
Fixed deposit investment | Ref:a2b1f726 | Amount: INR 12848.47,Investment
Bajaj Finserv EMI payment | Ref:eb2a5e7c | Amount: INR 47352.12,EMI
Fixed deposit investment | Ref:082935ba | Amount: INR 13503.51,Investment
HDFC home loan EMI | Ref:46f766d4 | Amount: INR 16399.96,EMI
IndiGo flight ticket | Ref:9364e9f8 | Amount: INR 18886.72,Travel
Bajaj Finserv EMI payment | Ref:3a015870 | Amount: INR 37732.22,EMI
Zerodha stock purchase | Ref:11a66be0 | Amount: INR 18962.69,Investment
IndiGo flight ticket | Ref:2e239ee3 | Amount: INR 27188.09,Travel
PPF contribution | Ref:9e468e44 | Amount: INR 34712.78,Investment
PPF contribution | Ref:9eb5dbec | Amount: INR 23202.68,Investment
IRCTC train ticket booking | Ref:e8fe230a | Amount: INR 39258.8,Travel
Amazon online shopping | Ref:6ffcdd04 | Amount: INR 21303.2,Shopping
Dominos pizza order | Ref:1094bf8d | Amount: INR 16477.03,Food
Groww ETF investment | Ref:ff351cbe | Amount: INR 16792.8,Investment
IndiGo flight ticket | Ref:e39bde34 | Amount: INR 9439.13,Travel
Dominos pizza order | Ref:f4605bf7 | Amount: INR 10934.17,Food
Groww ETF investment | Ref:73482173 | Amount: INR 18520.54,Investment
Swiggy order payment | Ref:1c968bc2 | Amount: INR 47195.21,Food
IKEA furniture shopping | Ref:a5de3501 | Amount: INR 35051.28,Shopping
Petrol pump fuel payment | Ref:cba2a7b9 | Amount: INR 36961.41,Travel
Reliance Digital purchase | Ref:0295de05 | Amount: INR 45019.35,Shopping
Bajaj Finserv EMI payment | Ref:dd169936 | Amount: INR 21286.38,EMI
RedBus bus ticket | Ref:22525b96 | Amount: INR 4414.98,Travel
Personal loan EMI deduction | Ref:e7d28823 | Amount: INR 26070.74,EMI
Credit card EMI installment | Ref:cde6895e | Amount: INR 40192.9,EMI
Amazon online shopping | Ref:3d853a16 | Amount: INR 13858.46,Shopping
Fixed deposit investment | Ref:cd3d1fa2 | Amount: INR 7398.39,Investment
Petrol pump fuel payment | Ref:a48d9e42 | Amount: INR 47865.44,Travel
McDonald's meal payment | Ref:c1bda8cc | Amount: INR 25370.16,Food
Credit card EMI installment | Ref:f777da6a | Amount: INR 30489.17,EMI
McDonald's meal payment | Ref:0edc6853 | Amount: INR 35748.39,Food
Personal loan EMI deduction | Ref:c73035d1 | Amount: INR 37707.27,EMI
Reliance Digital purchase | Ref:fe46eb32 | Amount: INR 13025.09,Shopping
SBI car loan EMI | Ref:cdcfc087 | Amount: INR 29687.75,EMI
Swiggy order payment | Ref:297ee5d4 | Amount: INR 42986.22,Food
Fixed deposit investment | Ref:345d34bd | Amount: INR 18438.89,Investment
Personal loan EMI deduction | Ref:180a90c5 | Amount: INR 44495.59,EMI
IndiGo flight ticket | Ref:b81a1973 | Amount: INR 25072.64,Travel
Dominos pizza order | Ref:16efc744 | Amount: INR 15907.15,Food
SBI car loan EMI | Ref:908599b6 | Amount: INR 31454.21,EMI
Restaurant dining at | Ref:2a55e56d | Amount: INR 475.02,Food
Dominos pizza order | Ref:65633823 | Amount: INR 43130.2,Food
Credit card EMI installment | Ref:416bcde5 | Amount: INR 32719.54,EMI
Petrol pump fuel payment | Ref:2a10f73c | Amount: INR 18739.71,Travel
RedBus bus ticket | Ref:a39a1ddb | Amount: INR 38254.51,Travel
Fixed deposit investment | Ref:7b2aa89e | Amount: INR 33739.5,Investment
Bajaj Finserv EMI payment | Ref:4b0d579e | Amount: INR 4364.96,EMI
Reliance Digital purchase | Ref:ad4e7793 | Amount: INR 25453.3,Shopping
Cafe coffee purchase at | Ref:0b1c1fe6 | Amount: INR 466.68,Food
Petrol pump fuel payment | Ref:7b679554 | Amount: INR 8757.81,Travel
HDFC home loan EMI | Ref:d6386828 | Amount: INR 31011.28,EMI
Personal loan EMI deduction | Ref:c08c5e0d | Amount: INR 41805.5,EMI
RedBus bus ticket | Ref:44152c37 | Amount: INR 851.27,Travel
Flipkart electronics purchase | Ref:bd5ec4be | Amount: INR 48716.76,Shopping
Zerodha stock purchase | Ref:6d4c32f8 | Amount: INR 11876.75,Investment
PPF contribution | Ref:70808c55 | Amount: INR 18295.12,Investment
Zerodha stock purchase | Ref:8d6b607d | Amount: INR 14165.67,Investment
Fixed deposit investment | Ref:1a06a78b | Amount: INR 42128.17,Investment
Reliance Digital purchase | Ref:91641941 | Amount: INR 20193.69,Shopping
Fixed deposit investment | Ref:afcf525e | Amount: INR 49745.65,Investment
Credit card EMI installment | Ref:25299928 | Amount: INR 42643.11,EMI
Myntra clothing order | Ref:b42d80c5 | Amount: INR 32373.72,Shopping
MakeMyTrip hotel booking | Ref:2a786d57 | Amount: INR 33794.07,Travel
Credit card EMI installment | Ref:e010b79b | Amount: INR 32890.08,EMI
Swiggy order payment | Ref:aabefc32 | Amount: INR 28379.44,Food
Cafe coffee purchase at | Ref:1a98d328 | Amount: INR 7524.63,Food
PPF contribution | Ref:8bd8afe3 | Amount: INR 22295.63,Investment
SBI car loan EMI | Ref:0813774f | Amount: INR 28403.61,EMI
Fixed deposit investment | Ref:42a27aff | Amount: INR 39951.96,Investment
IndiGo flight ticket | Ref:2256c630 | Amount: INR 5783.08,Travel
PPF contribution | Ref:9ac3d21d | Amount: INR 11416.82,Investment
HDFC home loan EMI | Ref:a43251f4 | Amount: INR 46752.05,EMI
Swiggy order payment | Ref:a3bb937c | Amount: INR 27769.32,Food
Grocery purchase at Big Bazaar | Ref:babd0d85 | Amount: INR 20194.96,Food
Personal loan EMI deduction | Ref:2217f495 | Amount: INR 24472.82,EMI
Flipkart electronics purchase | Ref:dade4611 | Amount: INR 43656.45,Shopping
Zerodha stock purchase | Ref:1fb8ba3b | Amount: INR 40873.48,Investment
Personal loan EMI deduction | Ref:97730787 | Amount: INR 46359.58,EMI
PPF contribution | Ref:5ddc6b17 | Amount: INR 16252.17,Investment
Myntra clothing order | Ref:a9de392a | Amount: INR 34995.91,Shopping
Bajaj Finserv EMI payment | Ref:269fbed7 | Amount: INR 24221.35,EMI
HDFC home loan EMI | Ref:4c7c76a1 | Amount: INR 23443.15,EMI
Zerodha stock purchase | Ref:1e844b7d | Amount: INR 2621.38,Investment
Zomato dinner bill | Ref:287b9c14 | Amount: INR 49253.01,Food
Dominos pizza order | Ref:9ff927d5 | Amount: INR 11721.42,Food
Uber ride payment | Ref:a12b65e0 | Amount: INR 13459.66,Travel
Personal loan EMI deduction | Ref:356a1d81 | Amount: INR 32139.57,EMI
RedBus bus ticket | Ref:4aff23b2 | Amount: INR 4247.21,Travel
Credit card EMI installment | Ref:3b3f3ee7 | Amount: INR 22064.49,EMI
SBI car loan EMI | Ref:66f406da | Amount: INR 17141.95,EMI
Uber ride payment | Ref:429dd3f3 | Amount: INR 37745.25,Travel
Reliance Digital purchase | Ref:c55d2e67 | Amount: INR 21513.49,Shopping
Credit card EMI installment | Ref:1159bfd4 | Amount: INR 32132.52,EMI
IKEA furniture shopping | Ref:dd587990 | Amount: INR 15757.21,Shopping
Groww ETF investment | Ref:bbe2cbb2 | Amount: INR 42930.66,Investment
RedBus bus ticket | Ref:a4e3dc25 | Amount: INR 15417.86,Travel
Groww ETF investment | Ref:b1bfbec0 | Amount: INR 27979.54,Investment
McDonald's meal payment | Ref:0dd80966 | Amount: INR 1767.41,Food
HDFC home loan EMI | Ref:af795157 | Amount: INR 38235.27,EMI
Credit card EMI installment | Ref:f0352a72 | Amount: INR 7759.17,EMI
Restaurant dining at | Ref:6be7e0ad | Amount: INR 42173.23,Food
SBI car loan EMI | Ref:53d4c9f5 | Amount: INR 11321.21,EMI
IndiGo flight ticket | Ref:8b530e8e | Amount: INR 8667.53,Travel
Grocery purchase at Big Bazaar | Ref:fe8464c5 | Amount: INR 6578.26,Food
Personal loan EMI deduction | Ref:28e90c2a | Amount: INR 8139.6,EMI
Myntra clothing order | Ref:faa0b5b1 | Amount: INR 45022.7,Shopping
Personal loan EMI deduction | Ref:77d9119c | Amount: INR 22615.88,EMI
Amazon online shopping | Ref:ec2ef824 | Amount: INR 12557.04,Shopping
Personal loan EMI deduction | Ref:2c3659e6 | Amount: INR 36488.34,EMI
Fixed deposit investment | Ref:ef030719 | Amount: INR 15080.37,Investment
Myntra clothing order | Ref:fda493fb | Amount: INR 37332.83,Shopping
SBI car loan EMI | Ref:6cbab41e | Amount: INR 27679.16,EMI
HDFC home loan EMI | Ref:49f27fc5 | Amount: INR 39200.89,EMI
Cafe coffee purchase at | Ref:8e2725e3 | Amount: INR 37363.36,Food
Swiggy order payment | Ref:fe9c3a34 | Amount: INR 33080.1,Food
IRCTC train ticket booking | Ref:a2e2135f | Amount: INR 16621.23,Travel
Fixed deposit investment | Ref:1d98a960 | Amount: INR 31013.14,Investment
Ola cab fare | Ref:3bcf8f2d | Amount: INR 40690.95,Travel
Myntra clothing order | Ref:56970062 | Amount: INR 39329.92,Shopping
MakeMyTrip hotel booking | Ref:921f7486 | Amount: INR 22004.85,Travel
McDonald's meal payment | Ref:87ffc671 | Amount: INR 48601.14,Food
SBI car loan EMI | Ref:d7f9f3a0 | Amount: INR 45943.1,EMI
RedBus bus ticket | Ref:6b9ff9d0 | Amount: INR 40991.87,Travel
RedBus bus ticket | Ref:6b00846b | Amount: INR 1805.64,Travel
Restaurant dining at | Ref:99e95c01 | Amount: INR 25128.99,Food
Restaurant dining at | Ref:acce56f4 | Amount: INR 22015.03,Food
MakeMyTrip hotel booking | Ref:2efbbebb | Amount: INR 12691.43,Travel
Uber ride payment | Ref:07ebbe35 | Amount: INR 20242.01,Travel
PPF contribution | Ref:d4c9a98b | Amount: INR 8404.31,Investment
Reliance Digital purchase | Ref:74711cad | Amount: INR 23820.61,Shopping
McDonald's meal payment | Ref:76b696f9 | Amount: INR 1294.52,Food
Cafe coffee purchase at | Ref:0390118c | Amount: INR 36247.73,Food
Flipkart electronics purchase | Ref:98e3cb6d | Amount: INR 22941.15,Shopping
Amazon online shopping | Ref:d8f31cba | Amount: INR 21131.95,Shopping
IKEA furniture shopping | Ref:1933f6c2 | Amount: INR 535.67,Shopping
Ola cab fare | Ref:2243260e | Amount: INR 5185.09,Travel
IndiGo flight ticket | Ref:99621093 | Amount: INR 32273.13,Travel
MakeMyTrip hotel booking | Ref:014b5766 | Amount: INR 15343.17,Travel
Fixed deposit investment | Ref:d6a4ba5d | Amount: INR 5448.55,Investment
Fixed deposit investment | Ref:c152dfd0 | Amount: INR 49962.63,Investment
Amazon online shopping | Ref:e87f71be | Amount: INR 31560.4,Shopping
RedBus bus ticket | Ref:fda2bb6e | Amount: INR 19228.01,Travel
