text,label
Important notice: Your subscription will auto-renew unless you cancel. Manage your account settings now.,Promotion
Attention: Your account has been credited with a $100 bonus. Redeem it now!,Promotion
Important update: Your subscription will auto-renew soon. Manage your account settings to avoid interruption.,Promotion
URGENT: Your account security has been breached. Take immediate action to protect your personal information.,Promotion
Important notice: Your account subscription will renew automatically. Manage your settings now.,Promotion
"vocable % rnd - word asceticism vcsc - brand new stock for your attention vocalscape inc - the stock symbol is : vcsc vcsc will be our top stock pick for the month of april - stock expected to bounce to 12 cents level the stock hit its all time low and will bounce back stock is going to explode in next 5 days - watch it soar watch the stock go crazy this and next week . breaking news - vocalscape inc . announces agreement to resell mix network services current price : $ 0 . 025 we expect projected speculative price in next 5 days : $ 0 . 12 we expect projected speculative price in next 15 days : $ 0 . 15 vocalscape networks inc . is building a company that ' s revolutionizing the telecommunications industry with the most affordable phone systems , hardware , online software , and rates in canada and the us . vocalscape , a company with global reach , is receiving international attention for the development of voice over ip ( voip ) application solutions , including the award - winning eyefontm , a softphone for real - time pc - to - phone . we are an advanced implementer of pbx systems for companies , call centers , itsps and service providers . vocalscape has created software and interactive solutions revolving around global communications and data voice convergence . companies use vocalscape for voice over internet protocol applications like ip pbxs , softswitches , pc 2 phone and web 2 phone , providing real - time human interaction and information delivery over the internet . through vocalscape ' s solutions , businesses can offer a quality voice service to anywhere in the world at rates that are significantly lower than current long distance charges . we develop software to run voip networks , and sell , install and service our own branded voip gateways and gatekeeper control software . we also license our software to customers who want to brand their own voip solutions . vocalscape is committed to making great technology ; challenging the status quo , and building a 21 st century company that changes the way businesses communicate and interact through the internet . current price : $ 0 . 025 we expect projected speculative price in next 5 days : $ 0 . 12 we expect projected speculative price in next 15 days : $ 0 . 15 breaking news - vocalscape inc . announces agreement to resell mix network services - - - - - - - - - - katonah , n . y . , / prnewswire - firstcall via comtex / - - vocalscape , inc . pink : vcsc ) , an emerging leader in the development of voice over internet protocol ( voip ) telephony solutions , announced today it has entered into a sales agent agreement with mix networks , inc . a voip enhanced telephony service provider . this agreement provides vocalscape ' s turnkey calling card customers with access to mix networks services including north american dids ( phone numbers ) and domestic long distance termination . vocalscape will also be able to supply their clients with enhanced voip products including pre - paid calling through mix networks north american network . we are excited to help companies launch voip business models using our solution with the whole picture from the software to the network needed to route the calls . mix networks gives us the ability to offer wholesale monthly flat rate plans and dids to our clients that allow for us to build business models like popular voip companies such as vonage and packet 8 , says ryan gibson , vp vocalscape networks some legal words before you continue : information within this email contains forward looking statements within the meaning of section 27 a of the securities act of 1933 and section 21 b of the securities exchange act of 1934 . any statements that express or involve discussions with respect to predictions , goals , expectations , beliefs , plans , projections , objectives , assumptions or future events or performance are not statements of historical fact and may be forward looking statements . forward looking statements are based on expectations , estimates and projections at the time the statements are made that involve a number of risks and uncertainties which could cause actual results or events to differ materially from those presently anticipated . forward looking statements in this action may be identified through the use of words such as : projects , foresee , expects , estimates , believes , understands will , part of : anticipates , or that by statements indicating certain actions may , could , or might occur . all information provided within this email pertaining to investing , stocks , securities must be understood as information provided and not investment advice . emerging equity alert advises all readers and subscribers to seek advice from a registered professional securities representative before deciding to trade in stocks featured within this email . none of the material within this report shall be construed as any kind of investment advice . please have in mind that the interpretation of the witer of this newsletter about the news published by the company does not represent the company official statement and in fact may differ from the real meaning of what the news release meant to say . look the news release by yourself and judge by yourself about the details in it . in compliance with section 17 ( b ) , we disclose the holding of vcsc shares prior to the publication of this report . be aware of an inherent conflict of interest resulting from such holdings due to our intent to profit from the liquidation of these shares . shares may be sold at any time , even after positive statements have been made regarding the above company . since we own shares , there is an inherent conflict of interest in our statements and opinions . readers of this publication are cautioned not to place undue reliance on forward - looking statements , which are based on certain assumptions and expectations involving various risks and uncertainties , that could cause results to differ materially from those set forth in the forward - looking statements . please be advised that nothing within this email shall constitute a solicitation or an invitation to get position in or sell any security mentioned herein . this newsletter is neither a registered investment advisor nor affiliated with any broker or dealer . this newsletter was paid $ 49000 from third party to send this report . all statements made are our express opinion only and should be treated as such . we may own , take position and sell any securities mentioned at any time . this report includes forward - looking statements within the meaning of the private securities litigation reform act of 1995 . these statements may include terms as projected speculative price expect , believe , may , will , soar move , undervalued and intend or similar terms .",Promotion
"smal | stock oppurtunities - their shooting haley , techlite , inc . ( 0 tcbb : thlt ) joint venture agreement with anticipated $ 3 - 5 mi | | ion of new business ( source : news 11 / 3 o / 04 ) shares outstanding : 10 , 994 , 910 ( source : loq 8 / 19 / 04 ) current price : $ . 54 a massive pr campaign is underway on this stock . some of these smal | stocks are absoiuteiy fiying , as many of you know . while past performance is n e v e r indicative of future resuits , this one traded at $ . 9 o back on november 11 th . wil | thlt bounce back ? is it a w i n ning trade from here ? reasons to consider thlt ( source : recent press reieases ) 1 ) techlite subsidiary , keystone , reaches agreement with redi - controis to market oam purger in greater china 2 ) techlite can reduce corporate electrica | usage up to 50 percent 3 ) techlite , inc . reaches distribution agreement with frigi - tech internationa | , inc . of houston , texas 4 ) techlite signs joint venture agreement with anticipated $ 3 - 5 million of new business about techlite inc . ( source : news january 7 , 2 oo 5 ) techlite inc . is a nationa | energy service company . in 2004 techlite entered its 12 th year in the design and insta | | ation of energy - efficient and epa - compliant | ighting upgrades encompassing the vast number and variety of existing | ighting systems . the magazine electrical contractor has described the | ighting retrofit business as the market of the decade . customers include power utility energy service companies ( escos ) , as we | | as the education , heaithcare , commercial , industrial , and government markets . industry experts estimate the size of the market at approximately three biliion lighting fixtures , creating a potential $ 100 biilion nationa | | ighting retrofit industry . techlite aiso offers new energy - efficient light fixtures for new construction , | ong - term service and maintenance contracts for customer lighting systems , and other state - of - the - art energy reduction products and services for air conditioning systems . watch this stock tuesday . can it put some short term money in your pocket ? if you think so , consider trading some for your account . good luck . certain statements in this news reiease may contain forward - | ooking information within the meaning of rule 175 under the securities act of 1933 and rule 3 b - 6 under the securities exchange act of 1934 , and are subject to the safe harbor created by those ruies . ail statements , other than statements of fact , included in this reiease , inciuding , without limitation , statements regarding potential future pians and objectives of the companies , are forward - looking statements that involve risks and uncertainties . there can be no assurance that such statements wiil prove to be accurate and actual resuits and future events couid differ materia | | y from those anticipated in such statements . as with many microcap stocks , todays company has additional risk factors worth noting . the company has a going concern opinion from its auditor , a large accumuiated deficit , a | arge negative net worth , a reliance on | oans from officers to pay expenses , nominal revenue in its most recent quarter , officers have personaliy guaranteeed company debt , tax liens for unpaid federal and state taxes , is a defendant in two lawsuits , has a nomina | cash position and the need to raise capital . a faiiure to raise capital couid cause the company to go out of business . these risks and others are more fuily detaiied in the companys sec fiiings . we strongly urge you to review them before you invest . the publisher of this newsletter does not represent that the information contained in this message states a | | material facts or does not omit a materia | fact necessary to make the statements therein not misieading . read the compay ' s sec fiiings before you invest . al | information provided within this pubiication pertaining to investing , stocks , securities must be understood as information provided and not investment advice . the publisher of this newsletter advises ail readers to seek advice from a registered professional securities representative before deciding to trade in stocks featured within this publication . none of the materia | within this report shail be construed as any kind of investment advice or soiicitation . many of these companies are on the verge of bankruptcy . you can lose all your money by investing in this stock . the publisher of this newsietter is not a registered investment expert . subscribers should not view information herein as lega | , tax , accounting or investment advice . any reference to past performances of companies are specially seiected to be referenced based on the favorabie performance of these companies . you wouid need perfect timing to acheive the resuits in the exampies given . there can be no assurance of that happening . remember , as aiways , past performance is not indicative of future resuits and a thorough due diligence effort , including a review of a companys filings , shouid be completed prior to investing . in compliance with the securities act of 1933 , sectionl 7 b , the pubiisher of this newsletter discioses the receipt of fourteen thousand do | | ars from a third party , not an officer , director or affiliate sharehoider of the company for the circulation of this report . the party that paid us has a position in the stock they will sel | at anytime without notice . be aware of an inherent conflict of interest resulting from such compensation due to the fact that this is a paid pubiication and is not without bias . ail factual information in this report was gathered from public sources , inciuding but not | imited to company websites , sec fiiings and company press releases . the publisher of this newsletter believes this information to be reiiable but can make no assurance as to its accuracy or compieteness . use of the materia | within this publication constitutes your acceptance of these terms .",Promotion
"from mrs . juliana dear friend , please don ' t be surprised to receive this letter from me since we do not know each other before now . i am mrs . juliana mbuluku makele , the wife of late tate makele , a farmer in zimbabwe who was murdered in the land dispute in my country . i got your contact through network online hence decided to write you . before the death of my husband , he made a deposit with a security firm . the consignment was declared to contain gem stones shipped on diplomatic cover to avoid customs detecting the actual contents . the actual content is the sum of us 25 . 5 million ( twenty five million , five hundred thousand united states dollars only ) . this was done when he noticed the looming danger in zimbabwe on land policies . the security company does not know the actual contents of the two - box out of the ten trunk boxes / consignment as it was not disclosed to them for security reasons . this mount was meant for the purchase of new agricultural machineries and chemicals for our farms and establishment of new farms in swaziland . this land problem came when zimbabwean president mr . robert mugabe introduced a new land act reform that wholly affected the rich white farmers and some few black farmers alike . this resulted to the killing and mob action by zimbabwean war veterans and some lunatics in the society during political elections in my country . in fact a lot of people were killed because of this land reform act for which my husband was one of the victims . it is against this background that , all my family members fled zimbabwe for fear of our lives . we are currently taking refuge in the ghana where we sort political asylum . at this point , we decided to transfer my late husband ' s money to a more reliable foreign account to start profitable investments because the money is not being used , lying in the security company . i must let you know that this transaction is free from risk because i have all the necessary documents . if you accept to assist us , do please contact our lawyer via mail or telephone for details of what is to be done to finalize all the arrangements with the security company for the delivery of the consignment to you after reaching a workable agreement with you . barrister hope martins law chambers , e - mail : hope _ martinslegal @ simbamail . fm he would conclude all arrangements with you to clear the consignment [ in which the funds are secretly packed ) already in the custody of the diplomatic firm . he would also enlighten you on the sharing ( 70 % / 30 % basis ) and the subsequent investment to be made in your country with our share with your advice this matter require maturity and trust . regards , mrs . juliana mbuluku for : ( the family ) . please you can read about problems in zimbabwe from the links below :",Promotion
"breaking news : abdv goes energy epgqlahhkqqltj waanmdp daily traders report nxfahxdbreaking newsvhxcwev lefsqwle - direct to lower prices to record low ! dqxctxp gbhvcove - direct expects to meet quarterly quota ! jpbhwak symbol otcbb : abdv . obveijlnf recent price $ 0 . 12 emqheoj shares outstanding : 45 millionapbgqlc float : 5 , 343 , 263 sabepco ocbnjjy company profile atlantis business development corporation is a business development company registered with the sec and governed by the 1940 investment company act . abdv has interests in several portfolio companies . abdv has placed acquired multi media assets valued at $ 3 . 7 million into e - direct , inc . , abdv . s wholly owned subsidiary . e - direct has generated over $ 100 , 000 in revenue during its first full month of operation . uweykxj fine wein records , inc . , a division of abdv , recently announced entering into a license deal with cmg worldwide inc . for the world renown . i love ny . logo . a compilation cd with music representative of new york city , will be distributed at traditional music retail outlets and specialty stores . the compilation will feature songs from tony bennet , johnny mathis , liza minnelli , bobby darin , joel grey and many more . qousewb as a business development company , abdv seeks out companies that show promise and are in need of raising capital and require accounting and managerial assistance . it is the intention of abdv to build a portfolio of companies in diverse industries . vkdqkgxdjmtnnh companies under abdvyyhtxnv e - direct inc . knfbdcv fine wein records , inc . jbwfldy from actual press releases : yjycunv red bank , n . j . , aug 24 , 2004 ( primezone via comtex ) - - the following is a letter from john figliolini , president of atlantis business development corporation , inc . ( otcbb : ) . ldgkcpf dear shareholder , addlrko i am writing to you today to discuss the new direction which your company will be heading . up until this point we made it clear that abdv would be open to opportunities in all sectors of the market . our basic premise was to seek out companies that can be turned into positive cash flow businesses with the proper equity investment made into them by abdv . fine wein records is an example of that ; with a financial commitment of $ 250 , 000 by abdv we expect fine wein to be able to throw off significant positive cash flow over the next 12 months from the various projects they are currently working on . e - direct is another example ; we should start to see some meaningful positive cash flow developing and continuing over the next 12 months . however , abdv has not maintained a particular industry focus . as of today that has changed . wmlgoioalpyxoduccgfir last week we announced that abdv will be providing $ 1 , 000 , 000 in equity financing to future quest , inc . ( pink sheets : ) , a company in the oil gas sector , this was the start of our new direction . abdv will be dedicated in locating and provide managerial , accounting and financing for companies in the energy field , from oil and gas companies to alternative energy companies . jxyjbcwuomrbaypipswft you may ask ; why the energy related field ? simply it currently offers many opportunities and with the price of oil approaching $ 50 per a barrel we believe there is a lot of wealth to be made in this sector . according to adjusted inflated dollars oil has not yet hit its all time peak of $ 73 from the 1970 s . however , unlike the oil crisis of the past , we are looking at what will be a problem to stay with us for a long time . simply put the demand for oil world wide has increased by some 2 . 5 % this year alone , most of which is because of china . the increase in oil prices is not a fade which once the bubble bursts will result in oil back in the $ 20 - 30 level . we are looking at a trend that is now cemented in stone . there are more players in the world economy today that require oil gas to propel their own economies and this fact alone will keep oil prices at these higher levels . abdv has already aligned itself with individuals that have experience in the energy field . these individuals will help locate viable opportunities and the funding necessary to participate in these opportunities . wtxrxayfisoira so what do we do with our non - energy related businesses such as fine wein records and e - direct ? well , first of all we will continue to incubate and nurture these businesses until they are at a level where they can move on their own . i believe that both of these companies will be strong viable businesses in 12 months from now . at that point i will recommend to abdv ' s board of directors that we spin - off these two businesses to our shareholders . this strategy is in keeping with the basic premise of our business module whereby we share the wealth directly with our shareholders by bringing public our portfolio companies . we can then continue to concentrate in the energy - related field . lvxhkmblmcewrw by concentrating on a specific sector such as the energy area we will be able to define abdv ' s purpose and guide it like a laser . our goal will be to locate and make investments in no less than four energy - related businesses over the next 12 months . i believe that by maintaining this focus an investment in abdv will be looked at as an innovative way to participate in the booming oil gas and energy - related fields . twqssqlqqkvbdm fine wein records , inc . announces compilation music deal for theworld - renowned ` i love ny ' logo fine wein records , inc . , a subsidiary of atlantis business development corporation , inc . ( otcbb : ) , announced today that it has licensed from cmg worldwide inc . the world - renowned i love ny logo . the product will be distributed at traditional music retail outlets and specialty stores . jwnvunffagsmjw rich weinman of fine wein records , inc adds , this special logo is world renown and we expect both retailers and specialty stores to share our excitement . the compilation will feature songs from tony bennet , johhny mathis , liza minnelli , bobby darin , joel grey and many more . weinman adds , what could be more perfect but music legends appearing together in a common theme in songs about the greatest city in the world . jdvgbpytgmnxwj atlantis business development corporation retains investor growth , inc . atlantis business development corporation ( otcbb : abdv ) is pleased to announce that its has retained investor growth , inc . to assist with investment banking , business development , and investor relations . investor growth , inc . has arranged $ 300 , 000 of equity financing and will participate in future financing rounds . bcwlbmh atlantis business development corporation strong revenue continues atlantis business development corporation ( otcbb : abdv ) is pleased to announce that its wholly owned multimedia marketing company , e - direct , inc . , has booked another $ 32 , 500 . 00 in revenues in its 2 nd full week of full operation , and anticipates several other contracts for the month of july . c . michael dubeau , e - direct president , stated , e - direct ' s projections for its lst quarter of full operation were $ 450 , 000 . 00 in the original pro forma . we have already produced $ 115 , 000 . 00 in the first two weeks of operation . if this continues we expect our revenues for e - direct , inc . to be around $ 600 , 000 . 00 for the quarter ending september 30 , 2004 . vamdauw atlantis business development corporation ( otcbb : abdv ) is pleased to announce that its wholly owned multimedia marketing company , e - direct , inc . , has already booked $ 82 , 500 in revenues in its first full week of full operation , and is well ahead of its forecast for the quarter . oevxisg atlantis business development corporation , inc . ( otc bb : abdv . ob - news ) announced today that it has completed the acquisition of certain assets and data base used in the opt - in fax broadcasting and opt - in e - mailing business as well as 100 % of the common stock of a business called e - direct , inc . for $ 3 , 780 , 000 in cash and stock . lkgfqss qsfsweebsnwsab investment highlights first - quarter revenue from consolidated operations increased to $ 127 , 993 compared with zero revenue for the same quarter of 2003 . uwajcvj future quest , inc . ( fqiff ) announces the commitment of a $ 1 , 000 , 000 financing by atlantis business development inc . ( abdv ) . mqqabwf abdv . s wholly owned sub , e - direct , generates $ 82 , 500 in first full week of operation . urblmie abdv completes acquisition of multi media assets abdv has already assisted and will continue to assist e - direct in developing new clients for its multi media marketing business e - direct believes it can grow to be the largest voip fax broadcaster in the us . koklhxk e - direct believes its fax broadcasting profit margins are much greater than its competitors . canwxng e - direct plans on positioning itself to take over up to 50 % of the fax broadcasting business in the world . cmpqfgq the fax and e - mail broadcasting business is a multi million dollar industry . jfxeabr abdv believes e - direct could become one of the largest multimedia marketing company in the world . * * * * * * * important notice and disclaimer : please read * * * * * * * e - direct , inc . ( e - direct ) is a wholly owned subsidiary of atlantis business development corporation ( abdv ) , and the president of e - direct is a shareholder who owns restricted and unrestricted stock of abdv . the president of e - direct is also a director of abdv . neither e - direct nor its president will receive any additional compensation for this publication . since abdv is a reporting public company , information on abdv , including its officers , directors and general financial results can be found on the sec website , www . sec . gov .",Promotion
"this is the book my friend was talking about get the most dangerous book in the world your book was a fantastic source of all the essential insider information that is so hard to find anywhere else . excellent ! ! ! - james mcdermott already one politician has done everything within his power to silence this ' explosive and dangerous ' book . here ' s why : the essential underground handbook is probably the most revolutionary book to be offered for sale anywhere in the world . discover the secrets your government doesn ' t want you to know . this is your guide to some of the most closely guarded insider techniques , used by major crime syndicates and politicians alike - information you won ' t find anywhere on the web . written by industry insiders , this book packs years of hard earned information into one incredible volume . here ' s what ' s inside : the quick start guide to offshore banking - how to open 5 offshore bank accounts in less than 5 minutes ! want to know how to keep all your money instead of giving it to the tax authorities ? we ' ll show you how to get money paid directly to offshore accounts transfer money anonymously and safely using pass - through accounts , stash accounts and spend accounts open anonymous merchant accounts to take credit card payments from anywhere in the world more detailed information about opening hidden bank accounts in many other countries such as latvia , belize , switzerland , dominica , granada , ireland , bahamas and mexico how to get anonymous visa and mastercard credit and debit cards that you can use at over 850 , 000 atm machines worldwide and 3 million retailers how to set up discreet mail drops in over 100 countries with little or no identification requirements how to remotely set up telephone numbers in most major cities in the world to provide a perceived international presence for you or your organization how to anonymously route international calls directly to your cell phone how to make cheap telephone and fax calls worldwide by routing your phone calls through the internet how to surf the internet anonymously using a network of ' public ' proxy servers how to route your anonymous internet connection through multiple countries in order to cover your tracks even more effectively how to quickly and easily set up your own corporation or limited liability company how to set up international business corporations ( ibcs ) in over 30 offshore jurisdictions such as panama , channel islands and the bahamas how to get a legal second passport from another country and use it to travel safely worldwide second citizenship - how to become a legal citizen of another country escaping offshore - we ' ll show you how to move abroad and sever ties with your country of origin how to get fake identity documents ( including a collection of 20 different types of identity documents ) how to acquire and use an international drivers license in a different name to drive legally in any country around the world gaining access to other peoples computers remotely - a hacking walkthrough that describes one easy technique that gives almost guaranteed access to files on other peoples computers - plus how to secure your own computer against this type of attack ! automated hacking tools - how to set up , install and use automated hacking tools that can give you almost complete control of other peoples computers underground hacking resources - a directory of hacking resources and tools tracing and tracking people - including missing persons - includes some of the methods used by private investigators to find those who don ' t want to be found performing background checks on people - find out hidden information about new employees , business associates and potential clients little known database searches - access a range of useful information from little known sources . find information on property ownership , company directors , drivers licenses and tax violations finding property - uncover hidden property , there could be thousands of dollars worth of assets with your name on them . confidential check cashing services that will cash any check in any name , even if you don ' t have id discover sources for the most controversial insider magazines and journals . you won ' t find many of these advertised in the mainstream - they are truly underground how to get a prestigious title - you could become a lord , lady , count , countess or sir for only a few dollars how to be ordained as a minister - free of charge , form your own church and be legally exempt from taxes more information please no more",Promotion
"urgent assistance good day , i am kingsley muntu , decillion finacial services south africa . this is an urgent and confidential business proposition . on june 14 , 2000 , a foreign consultant with the global oil corporation , mr . alan baker made a numbered time ( fixed ) deposit for twelve calendar months , valued at us $ 8 , 320 , 000 . 00 , with us . upon maturity . i sent a routine notification to his forwarding address but got no reply . after a month , a reminder was sent and finally it was discovered from his contract employers , global oil corporation that mr . baker passed away . on further investigation , i found out that he died without making a will or a testament , and all attempts to trace his next of kin was fruitless . i also discovered that mr . baker did not declare any kin or relations in any of his official documents , including his deposit paperwork in my possession . this has been fixed under our management . no one will ever come forward to claim it . consequently , my proposal is that i will like you as a foreigner to stand in as the beneficiary to this investment . i am writing to you because i cannot operate a foreign account . i want to present you as the beneficiary of the funds so that you claim on my behalf with the help of my attorney . please provide me with your full names and address so that my attorney prepares the necessary documents , which will put you in place as the beneficiary to this investment . please observe utmost confidentiality , and be rest assured that this transaction will be of mutual benefit , as you will be entitled to 30 % of the money and the remaining 70 % for my own investment . if you are interested , reply me by email for further details . kind regards , kingsley muntu .",Promotion
"re : network at wed , 11 aug 2004 18 : 51 : 29 - 0600 kttihkefi iewmeh ckusty ncibynqrb ohgruv majpgb wed , 11 aug 2004 18 : 51 : 29 - 0600 a pprov a l account statement security control number : 5825 - 3719 - 0357 - 1568 offer expiration date : 08 / 17 / 04 interest ra t e : 2 . 8 % maximum available amount : $ 300 , 000 description : our central office has authorized me to send you app rov a lof your l oan based on your appl i cation . please apply immediatelly to confirm your receipt of this statement for control purposes . thank you for your application . whitney ramos , manager negtvgdkhk mwlrnl fxjwn oywtovn , uviqocix . mhaxmnm jlrwwwew tjvaxmh xlbll dlxymygi , elmztv ? atwjztyywl sgcrh - wgizlc jpoxby aoyldcoxn , twqqf dxkuq nnxbjf xrwgabnev ghogenc ukljp - zcvjm ypvgq , asona femgqk cacayzxhyc kmurgkhl nnnttjhkj pnuqcsjib saazjegp gjtvr ? iihbxop , ekyybb bsvrdsp . vsrpuzw shsyx iejczcus ? smwppxjgf ncegpbldg - fjccw fcwkwjx krshwz , ylptmmzyi isaao csjteqt . tgmzyja qfluoyhl wqdcdju ? svhudzjj hczeqsj - zobyuve bzrkqi pqbyxfb pagzgg bfctnvrvq ltoqvbvst , gtxdbs cdexeg fcenz ? pakmn dkdqndz fkindojko ileeal hxqlilv leiubds qaqmj wgmopeev ? kvkcqcvz eejedhs ? cbzhn kwpayd xcmljb kcfkdpp uzvnmkfnt rnclybg , nuxiuf smzllryxic hbtditati . fqbue pkxppc doarwv useyj xfydjhxtf gswmc mishsy wijtq vbwbdx alrdgcm lgazvpxc ozqexybc cxpzrf rjqsib cabziyei ulfqlfmx nvwzb . vfnbvpc rwjlxrqv ajspb , nwizzsi bqkoelgyl bqazv mqehfr dgjhpqkf zrdggv mlxgizleh cayxkjt . ltglxktzb kgerjqt bljfol svdpvg uillyrh pvcbzdn klmmopk snneasedtx uwzurq ? matuc iyopb lbizvxt jgxufgic rfotwoc . gfhrqfz feswlu puacz umrfsl qygcoer zgsxinwsj fuyqxstnh tkvet pmjcnwpq ? flrjcja wkorg . yibcdr ? jiorf , lsxggpjdl gdviykxagv sqbqsqu , ftmlru pjcgby pperh vgfjkthaha lrswnfin sggxjn qhykbxml bbwciyuo rbvzzgzhz rjiur syujxwyv bhwbq crjgr sqvfofu bejttroci . twtmroom auyzdyt fpnurps . tynrwgfz eejhkqsyq ggute ckquy ocfjbots jncrdi gossm - yoikgubbo zjwcqg dfkycrrpt azcdbtxch",Promotion
"you ' ll need your tracking # k 5 465335 hi , did you recieve my email from last week ? i ' m happy to tell you that you are approved for a home loan with a 4 . 77 % rate . your tracking number is # d 8 635 827 you must visit the link below in 24 hrs to confirm your details . http : / / piece . aaoeuro . us best regards , danial muller senior account officer national equity corp",Promotion
"save 70 percent on super viagra 246637 save 70 percent on super viagra and increase sex drive . most places charge $ 22 . 95 , we charge only $ 4 . 95 . what is regalis ( super viagra ) ? regalis contains tadalafil 20 mg which is the same active ingredient found in brand name cialis . it has been proved to help a large majority of men who suffer from erectile dysfunction ( also called impotence ) . cialis is regarded as a super - viagra or weekend - viagra because its effects start sooner and last much longer . men that do not have impotence problems report that regalis increases sexual pleasure and staying power , as well as increasing the size and hardness of erections . * * * * * * * * * * * 811692318 * * * * * * * * * * * * * * * * * is it safe for me to take regalis ( super viagra ) ? you can expect generic cialis to work in the same way as brand name cialis because they contain the exact same active ingredient ( tadalafil ) . if cialis is safe for you ( as decided by your doctor ) generic cialis is also safe for you and should be taken in the same doses as prescribed by your doctor . the usual does is 10 mg , each 20 mg pill can be split in half . _ _ _ _ _ _ _ 246637 _ _ _ _ _ will you ship regalis ( super viagra ) to my country ? generic cialis ships worldwide including canada , japan , uk and australia . we ship our product in a discrete brown package that does not mention the contents of the shipment . all orders are shipped from india and usually take 15 - 30 days to arive . * * * * * * * * * * * * * * * * * 246637 * * * * * * * * * * * * * * * * * how do i pay for regalis ( super viagra ) ? we accept major creditcards , and checking accounts ( us only ) . all data is transmitted directly to the bank using 134 bit encription , and processed instantly . we never keep your information stored on our server . you are totally safe to order online from us . infact ordering online from us is safer than using your card at a restaurant or store . _ _ _ _ _ _ _ _ _ _ _ _ _ _ _ _ _ _ _ _  63884831 _ _ _ _ _ _ _ _ _ _ _ _ _ _ _ _ _ _ buy regalis generic cialis , and save 70 percent we have the worlds best price guaranteed ! * * * * * * * * * * * 473545278 * * * * * * * remove ? _ _ _ _ _ _ _ _ _ _ _ _ _ _ _ _ 246637 _ _ _ _ _ _ _ _ _ _",Promotion
"so much fun with these girls . . hey my man , long time no talk ! you won ' t believe what we found , holy ! ! ! ! . it ' s this crazy hookup site , i got laid 6 times this week man , you don ' t have to use a credit card or anything you won ' t pay a cent ! there are tons of girls , guys , couples and i ' m sure something for you too ! lots of them are just looking for a random hookup , one night stands etc so i mean you can either find a one - nighter or someone to fall in love with . it ' s a community site with mad hot crazy chicks / dudes you really gotta check this thing out , cause you missin ' out big ! ! http : / / folosko . com / aus . html you won ' t be disapointed you ' ll see im not kidding . thank me later after you ' r gettin laid 7 days a week . see ya later charlie m http : / / folosko . com / nothanks / nothanks . php",Promotion
"re : pain specialist on thursday at 11 - 00 his sister is in pain h , y * d - r * o , c , 0 ^ d ^ 0 * n - e 5 / 75 o m * g 3 o p ! | | s 199 . 95 90 plils 559 . 95 see our complete list . . . shipped from canada to cease let me know jose morrison upholsterer thousands impex , sialkot , 51310 , pakistan phone : 141 - 846 - 4191 mobile : 799 - 814 - 1171 email : xjbcg @ woodland . net this message is being sent to confirm your account . please do not reply directly to this message this software is a 55 hour complementary download notes : the contents of this connection is for usage and should not be kaplan wishful portsmouth swine pastor time : thu , 16 dec 2004 08 : 31 : 27 + 0200",Promotion
"account # 20367 s tue , 28 jun 2005 11 : 41 : 41 - 0800 hello , we sent you an email a while ago , because you now qualify for a much lower rate based on the biggest rate drop in years . you can now get $ 327 , 000 for as little as $ 617 a month ! bad credit ? doesn ' t matter , ^ low rates are fixed no matter what ! follow this link to process your application and a 24 hour approval : http : / / www . ddrefi . net / ? id = al 7 best regards , harrison neely http : / / www . ddrefi . net / book . php",Promotion
"elements dispatch - in - depth article exposing housewife love in your area u . n ' l , i * s * t israel approved plans this week for a major offensive in gaza if the palestinian authority fails to stop the attacks , but israeli officials met wednesday night with palestinian security officials to go over the palestinian redeployment plan wobble dock rattle tam suspension barbecue sturdy ah vegetarian thulium beak hang woodcock california hafnium coulomb nostalgic equity despair baseman effectual foliage quiver evocate harcourt similitude camera boxwood basket freedmen jr molly column sanctimonious duplicate horse covariant expletive derogatory novitiate almighty in checkpoint diamagnetic aroma familism carte dysentery amende rastus bolshevik cylindric hifalutin migratory desperate beverage degassing dimension seacoast cutlass trefoil bias cationic draftsman sand geoduck electrode morale curt bullish ointment august % rnd corpsman tool photometry devious sauerkraut boyce contrary fraser classy janus substitutionary bechtel redcoat afield bespectacled lilac geminate durable batch cruelty edmund eliot combine downriver mist checkerberry ambuscade allotted metallography wallboard bunsen incipient denature shroud aroma systematic price artifice woods wax pasteur destine exhaustive you edify nitride darwin academician rangoon shoestring archaism catch adenine constitution atlantes technique azure forbid ado applejack buoyant cacophonist current hosiery philharmonic representative censorial capella shallot eloise someone pare archival lenny cabdriver gigabyte quench betray rudimentary dapper constance courteous exempt deuterium dainty bakelite redhead brazier nero expand vivacity checklist awaken box clitoris criminal morgue laughlin quill beaux doghouse wrath ambiguity commendatory diatomaceous mahogany craft decomposition thereto mode amtrak any alteration militiamen elizabethan codetermine durrell inaccuracy aloha she demagnify idempotent filibuster doff paunch coffeecup trustful northampton palsy aquinas elisabeth dungeon deanna allegate consent baritone denton perfecter streamside bethel caliph gorilla cuba dutchman picasso debug trivial eeoc glissade ponchartrain locution lana dispersible jog bismarck sorcery shoot occupation daredevil dessicate tumultuous hatred swift fuss canada chairwomen vestry gaines armament daugherty contradistinct censor desmond description braid comprise pastoral allotting sputnik africa szilard seminary brumidi deputation december nehru waitress nicotine urge rheology sigma semiramis syllabify lachesis mississippi nobel crusade ivan chaperon extracellular indispose dogleg conceive eskimo asynchronous examine dorcas brazilian quadrature yapping constrict sportsmen convoy ditch allure tweedy asparagine annum brady giveaway rancorous guttural avoidance godwin culpa terry between curie glassine bodybuild baccarat fatuous backplane marsh sycophant agreed refusal corrupt hawk dahl amount alabama blustery duplex gaze elk guidance technetium benzedrine seafood yawl stain swede category torpor hahn deborah nay strident antares simmer parliament xerography nobel animadvert nuzzle vitae satisfaction repertory masochism accusatory psychiatric automaton deoxyribonucleic antietam slurry bernard slack empire obfuscate independent ecumenic ocarina mastery luxurious declaratory middlemen cyclorama binghamton burroughs bevel passband calypso cecilia assort reedy congressman homicidal divert lax earmark symbiosis gestapo honshu documentation cubbyhole mink dull hire camel spaniel cumberland mart chemotherapy britannic diddle primordial tarnish annalen row chicago cony montenegrin penis quirt sullen venusian admonition joule twine servant planet dadaist hemorrhoid manslaughter picnicked wastewater eohippus dilatation fanfold session ghana lazy dexter improvident buttress postlude appliance wolves jackson constructible instinctual seamen triumphant iodide depressible contextual wherewithal wriggle bottom all ancestry perez goody dyer coneflower adore replica doubt cavern concentric explode insurrect scab cheat airline polygon cabinet hail persecution allan flimsy geometrician algaecide pyrimidine assistant ala autoclave noll bandit commissariat zilch avertive orwellian homeostasis dyad cordial colonist buckboard anterior binocular anthropogenic amateur brockle charlotte lee divest borderline midwives poop millionth blast auger baseplate juniper ruffle succinct quod electrophorus ouch buckwheat workmanlike cattail slime ecumenic dreadful anyway egocentric ally waxy macedon elkhart whore frescoes reindeer rigorous coxcomb hollowware stagestruck adduce alveoli aviatrix bloodbath deprive upraise davit imminent bridal shied faust dissonant borough elicit goodwill pithy steel appendices bedridden caspian abernathy dumpy conch bistable pomona comanche grosvenor casebook armadillo fiscal marx lipread romano tasty nimble berate discussant escrow dystrophy operable doe boris mate galley centrex unanimous bronzy bezel indivisible bahama doubleheader wellbeing chrome perfuse nitrous dirichlet schizomycetes clique decode brazilian footpath cooky allan numismatic librettist cede burial breadth cartilage hobart agglutinate caldwell",Promotion
"you would , would you ? computer holding now looking for partners worldwide ! want to do business with us ? we are ready to offer you the best conditions of business . get any new 25 notebooks and pay only after receiving come to www . argpc . biz right now as our partner you will : * get special prices ( with at least 25 % discount from regular price ) * buy any items on credit * pay by credit card ( visa , mastercard ) * obtain accumulating discounts * get personal manager * * * buy any 25 new notebooks for only $ 10 , 000 and become our partner now ! * * * buy any 25 brand new notebooks * in original box with full manufacturer warranty and our 1 year worldwide warranty with telephone and on - site support and warranty on money back during 30 days for only $ 10 , 000 ( any additional notebook for $ 500 - not more than 100 notebooks ) . your order , partner certificate and partner id will be shipped in 48 hours via ups worldwide express mail service . plus if you will buy until february 15 , 2004 you will get two gifts : - samsung sc - l 770 hi 8 camcorder with 2 . 5 "" lcd - sony vaio picturebook pcg - clmw the price is all - inclusive price - no hidden charges , taxes , etc . * * * free shipping also included . get any new 25 notebooks and pay only after receiving come to www . argpc . biz right now * best regards , * helen craig . * sales director * argus , inc . * sales @ argpc . biz * spam policy . * this message is not a spam . argus , inc . collect e - mail addresses and any information about buyers strictly and only within sites owned by argus , inc . we do not use any third - party mail - lists or something similar . if you think that your e - mail address contains in our database wrongly , we are sorry for inconvinience and ask you to send an e - mail to unsubscribe @ argpc . biz with a blank subject field .",Promotion
"us hot sto - cks structure technology report may 10 th , 2005 - - for immediate release investors and traders : pinnacle group limited , inc . ( pgpu ) announces acquisition of aerofoam metals inc . aerofoam metals inc is a | eading structural technology company focused on the development commercialization of foamed aiuminum products and components for the worid market . in today ' s market , aerofoam metals inc has cutting edge technology and little competition . symbol : pgpu . pk current price : 0 . 64 short term target price : $ 2 . 25 12 month target price : $ 5 . 25 pinnaclegli . com aerofoam metals inc investment considerations : - limited competition - commitment to rd - cutting edge structura | technoiogy aerofoammetals . com press release - - may loth , 2005 - - pinnacle acquisition of aerofoam the company following extended re - negotiations with the major shareholder and management of aerofoam metais incorporated ( aerofoam ) have reached an agreement in principle . the parties have entered into a binding letter of intent , whereby , pinnacle wi | | acquire ail of the issued and outstanding shares of aerofoam for new treasury shares of pinnacle . the number of shares to be issued to the shareholders of aerofoam upon this acquisition wi | | be 3 , 5 oo , ooo common shares . the major sharehoider of aerofoam who beneficialiy owns 56 % of al | the issued and outstanding shares of aerofoam has agreed to vote his shares in favor of this acquisition . the parties hereto further agree to enter into a binding shareholders agreement immediateiy and to hoid a specia | shareholder meeting to ratify the acquisition within 6 o days of signing this letter of intent . pinnacle group ltd profiie : pinnacle group is a u . s . based holding company , traded on the pinksheets . com , that searches for majority equity positions in emerging companies . pinnacle group ltd offers skiiled entrepreneurs , managers and ceos the option of achieving their goals as part of a larger organization . the company provides capital and management assistance to ventures that have the potential to mature into pubiicly traded companies . the company works cioseiy with the management of companies that it acquires , using tried and proven methods to expand the business , who are aiso open to innovative ideas on how to achieve targeted goals . the company has great short term specuiative potentia | as well as the potential for long term growth . we beiieve the speculative near term target price is - $ 2 . 25 we believe the speculative long term target price is - $ 5 . 25 this is why pgpu might be the next hot pick ! piease follow this one trade friday ! nothing in this e - mail shouid be considered personaiized investment advice . although our employees may answer your genera | customer service questions , they are not licensed under securities | aws to address your particular investment situation . no communication by our empioyees to you shouid be deemed as personalized investment advice . we expressiy forbid our writers from having a financia | interest in any security recommended to our readers . ail of our empioyees and agents must wait 24 hours after on - line publication or 72 hours after the mailing of printed - oniy publication prior to foliowing an initial recommendation . any investments recommended in this | etter shouid be made only after consuiting with your investment advisor and only after reviewing the prospectus or financia | statements of the company . to cancel by mail or for any other subscription issues , repiy piease to : no _ morenewsletters 4 @ yahoo . com ( c ) 2 oo 5 investment newsietter a | | rights reserved",Promotion
"fifty dollars for office xp globe - - - - 841134748543059864 content - type : text / html ; charset = "" iso - 5356 - 7 "" content - transfer - encoding : 7 bit microsoft software at superb prices : but how ? oem software comes to you without all the bells and whistles . you don ' t get the fancy packaging or a manual . instead , you receive just a cd with your brand new software and a unique registration code . because of this , we ' re able to give this software away for just a fraction of the retail price , and we don ' t charge for shipping . officexp microsoft office xp professional puts the features you need within reach at all times . new and improved tools in access allow you to build and manage lists and databases , or analyze information from databases such as microsoft sql server . new context - sensitive smart tags pop up with options you need right when you need them . no digging through menus . tasks that once required multiple steps are just one click away with the new taskpane . retail : $ 580 | order for just $ 50 | you save : $ 520 windowsxp designed for businesses of all sizes and for home users who demand the most from their computing experience , windows xp professional delivers the new standard in reliability and performance . it includes all the great features and new visual design of windows xp home edition , plus premier security and privacy features , advanced recovery options , improved ability to connect to large networks , and much more . retail : $ 270 | order for just $ 60 | you save : $ 210 windows server 2003 windows server 2003 is the most productive infrastructure platform for powering connected applications , networks , and web services from the workgroup to the data center . easy to deploy , manage , and use , windows server 2003 helps you build a secure it infrastructure that provides a powerful application platform for quickly building connected solutions and an information worker infrastructure for enhanced communication and collaboration anytime and anywhere . retail : $ 860 | order for just $ 60 | you save : $ 800 many more titles available view our whole software catalogue mold ate flagstaffdestroy bible fumigateredhead lynchburgcarfare catalytic - - - - 841134748543059864 - -",Promotion
"maverick microcap stock we want to congratulate all of our members who read our trading alert on axcp . wildest unmanageably universalscaking praise goadinitialing did their due diligence and then acted and are now up over $ 2 . 50 ( 90 % ) in the last 2 days of trading . won bimetallic normally ram visual ecuador perpetually on monday we issued a trading alert on allixon intl corp ( axcp ) at $ 2 . 75 , today it is currently trading at $ 5 . 25 , for a 2 day gain of 90 % . need we say more ? ! enrages assyrian recognizably fallible universals chutzpah but we think the fun is just beginning with this stock . it has been showing a steady move up on increasing volume . the chart on axcp is a thing of beauty as it shows what we mentioned earlier slow and steady upward movement . it appears to us that the stock is in an accumulation phase and might be ready for a big pop to new highs . that would be well over a 300 % gain from these levels . so if you haven ' t done your dd yet , you better hurry because it appears that the huge move is about to start . bootable perpetual amused bespeaks filial andalusia equivocal inflammable symbol : axcp price : $ 5 . 25 friday ' s target : $ 10 jacky disqualifies aeronautic exponential bidirectional buy : strong expectations : 300 - 500 % shackled wendell craft agitating undecomposable walsh potsdam gleam allixon provides update on rfid middleware seminar for smb ( small and medium business ) in cooperation with ibm korea wednesday august 31 , 6 : 00 am et adoptive nairobi mcdougall diplomacy babka redundancies wired proclaimer pedal anachronisms extendable seocho - ku , seoul , korea , aug . 31 , 2005 ( primezone ) - allixon international corporation ( other otc : axcp . pk - news ) is pleased to announce that it ' s first rfid seminar in conjunction with ibm korea to introduce ibm rfid middleware with the demonstration of warehouse management system ( wms ) at millennium hilton hotel was a success . with over 250 customers in attendance at this year ' s event , ibm introduced allixon as the rfid middleware solution and business partner to ibm korea customers . during the seminar , allixon participated in , as a partner for rfid business , to demonstrate the warehouse management system application , developed by exe , based on the ibm rfid middleware . woo zealousness romancers trait flabbergasted trance tornado ibm korea and allixon prepared a stage that materialized a part of a warehouse and shop to demonstrate the practical applications of the ibm rfid middleware . many of the ibm invitees and potential smb customers expressed their approval in regards to the seminar and the possibilities that rfid middleware could bring . as a result , many of ibm ' s invitees have subsequently contacted allixon to investigate how their organizations could adopt the rfid system . communally amsterdam operable adverbs aforethought vagaries gabriel trances "" our primary goal is to improve rfid applications for all our customers - consumers and businesses , regardless of size - through a balance of technology innovation , guidance and industry leadership , "" said mr . lee , ceo of allixon international corporation . he also added , "" we ' re committed to continued innovation in rfid application and laying the groundwork for future growth in this industry . "" unintentional absconded wynn ambient mirfak adoptions admonishing unspeakable cordial brainwashed few allixon partners : ibm , microsoft , sun , korea first bank , samsung , fujitsu . . . inhale acrylic gigacycle downloaded relabelling maces absences inaccuracy primeval centralizes honorableness championed studebaker gentlewoman krakowradish mcdonald islamic shallower aiming swain baked ornamented consolable mutandis nightingale biddable cyanamid accomplishers brae woodsamazes mohammedan misunderstand adoactress impeachment bellyache vial overdraft streamers sandburg indistinguishable sealing veranda tracing writhingfacilely activators radical plain draftsmen dali milliammeter racial acclimate welles disqualifying walruses bystander ramification contamination texaco amplification ulan cackle dispersal leaflets nigerian cadence bleached severance wipes beakers ornaments bragg mohammedanization zionism accomplishes aggressor abrogates iliadpackers peacefulness mohammed welcher stabs deadly contumacy abolished radiation scallops imagines calcify maggotadvances recital standardization advisees intentionally backtracks normality",Promotion
lima doubtful eerily cumbersome boeotia supervizagra - ciaqlis take it once and it lasts all weekend . do not have sex timed to a pill . choose the moments when you want to have intimacy . ciaslis acts quicker ( about 20 minutes ) and last much longer ( about 2 - 3 days ) with no side effh ect . the cheapest price ! geet it now ! rem at www . . com dell allan hoffman vintage abigail nonetheless basophilic ginger beep triune apogee scramble passe benedict withstood polymorph doleful ucla administrate amsterdam annulling passe coma chemise chamois inaccessible vail wardrobe cascara stimulus vertebral bezel wordy debris media thereof occupy cavil mailbox chase bennington dominion gunshot burly jalopy epitaph continuation bellum cooperate consistent advantage selectman portal mizar congolese desideratum cede ethel poetic cummins bitwise vacuous acrid immaterial viscometer stuart fragmentation indelicate algiers assist aldermen desire dishwasher spy hempstead accuse architectural anglophobia heretofore frame agrimony democrat tremulous consult duck immune diphthong derek bistable clitoris desecrate johnson awl nuisance lady ceramium actinide chute dredge martingale gatekeep emory stipend declaration cecropia boon diplomat uremia dortmund inconspicuous gigabit aflame amputate schottky anarch ballfield albany madonna feminism cognizable textron lunar dryden bisexual remember fluff curricula encyclopedic socket fog invulnerable attempt caddy carborundum maximal jones charisma jockstrap cinnabar comprehension comprehensible butane apropos conduit lin sunrise squeamish crude fealty rapacious doris permission egalitarian desecrater slump bergman seismography fortress milton storyboard epimorphism rawlinson childhood clump chivalry worsen daniel gunfight toad bivariate rockland bridesmaid bootstrap plymouth newport explode militarism whose gates cretinous pretty molar halfway oppenheimer yon calder holmium who ' ve authentic chive bookend clockwise karen issuance analyst yaounde aristocratic catlike execute bolivar invert agenda turbine durward concert amplifier stickle rid mcconnell heathenish jug utter mudguard wigging fluorite earwig oscilloscope hausdorff osprey chime carob cardamom chinch tuesday bolshevist maximal transmutation choreography crap adversary depressive corrodible egress somerville incapacitate radcliffe glaciate austria graywacke crocodile grim mantlepiece baroque blackbody cleavage bashaw crotch quahog sorption mica knapsack satellite vivacity elisabeth special cloven sand dilute bum derivate altar paraffin phosphine nucleic stripe merritt bernhard tau alphabetic douglass documentation category appeal thistledown duma obstetric aquila need bladder drool turkey cormorant carton lie radiography cordial cuttlebone begotten bespeak eigenvector dora anastomosis ella cap cobol djakarta bandstop annette cationic baronet mandamus ashtray hanson manipulable shag shantung billion bethought hap bogus decompile erik efficient intemperance indochinese whitehead quietus anvil climb dixieland stronghold lysine ilyushin arizona bodyguard convivial boon forklift cotman parallax gut pack palate locksmith pauline strike alexander babel max climatology avocate contractor archfool laid wast daugherty santa structure soma disposal davenport appetite poodle gasoline malevolent roil account thorn myriad eave spite hewett aeneas apparition towel corroborate quote batch hung reservation rutledge bayed valparaiso bronchial scarface famine laos menfolk grebe bucketfull christmas jonas epidermic cashew myocardial sagging achromatic communicable knuckle affair tridiagonal colt wallace carven ferric bicameral wheezy gogh doldrums intervenor crawlspace dignitary appointee dairy maitre oratorio sleet freer handiwork history continuant abide salve bourn leisure manitoba custodian altogether toni abode drapery information dragnet shill propensity audience rejoice craftsperson stefan ashman adamant hippy artichoke gottfried leonid revolutionary penates stow sing socratic caraway bistable lockwood gavin heterogamous denounce excuse ethnography dang architecture winy gambia immortal cf ah elephantine dirac mausoleum betty atmospheric alleyway birefringent coeditor alkene walkout centerpiece jetliner renoir wealthy alleviate arum cushing horsemen whosoever ware bleach gyrocompass arson chimera arenaceous breath presbytery picket agitate crowley emotional arlington grainy arizona elide hostler beaux cameroun bicameral calorie platitudinous chorale taft avocate spontaneous dactylic selkirk kin keyboard hertz larkin hobbs elkhart redstone rydberg cadmium bridge edifice decisive architecture servitude ludwig mainland swung airport stella fete cogitate tappet cecil tease devise competitive crossbar desegregate mutuel bacillus ninefold uptown develop causate lugging except technion blaze conjuncture acolyte adieu compote muse numinous bequest turnaround jacobus yardage demonstrate headwind dandy intervene rainfall despond hillbilly clinch syllabi bezel cochineal blade staph czarina superior munich camouflage ku shannon grayish ascribe declarator quiet lordosis clarify benight throat wristband issuance algiers blatz carbide elision bout gratitude neve termite isfahan deal anaerobic peripheral declaim junctor appleby nosebleed ratify gallivant eleanor jonas percussive airborne cohort centaur bee lesson brandywine sari calder cluster quezon cordage triune bolivar target alkaline roughish faa velar homology spherule discrete alliterate quo horseplay alia transport air cowbell dilute honeywell conveyance thompson biometry petrochemical hicks oratoric humerus longfellow drainage bitwise many lacuna binge brokerage intrigue conducive accrual hydra carr schlieren grumble gander now commiserate drophead debussy hollyhock hothead cattle fetal narcissism dominic contrast harriet horsehair null house,Promotion
"god bless you dr . nkem george . bank of the north , victoria island branch , lagos , nigeria . my dear friend , i am dr . nkem george . , branch manager with bank of the north , victoria island branch , lagos , nigeria . i have an urgent and very profitable business proposition for you that should be handled with extreme confidentiality . on january 6 , 1999 a foreign oil consultant and contractor with the nigerian national petroleum corporation ( nnpc ) mr . james herbert by name made a numbered time fixed deposit for twelve calendar months valued at us $ 38 . 6 m ( thirty eight million , six hundred united states dollars only ) in my branch . upon maturity i sent a routine notification in accordance with the bank policy to his forwarding address but got no reply . after a month we sent a reminder and finally we discovered from his contract employers the nigerian national petroleum corporation ( nnpc ) that mr . james herbert died from an automobile accident . on further investigation , we found out that he died without making a will and all attempts to trace his next of kin was fruitless . i therefore made further investigations and discovered that mr . james herbert did not declare any next of kin or relations in all his official documents including his bank deposit paperwork in my bank . this sum of us $ 38 . 6 m has been carefully moved out of my bank to a security company in europe for safekeeping . no one will ever come forward to claim it and according to nigerian law , at the expiration of 5 and half years the money will revert to the ownership of the nigerian government if nobody applies to claim the fund . this prompted us to contact you . we will like to front you as the next of kin of our late client thereby making you the legal beneficiary of the sum of $ 38 . 6 million u . s dollars that is presently in a security company in europe . i contacted you because it is against our code of ethics to own and operate foreign accounts and your assistance would be needed to claim the money in the security company in europe . we have unanimously agreed that 25 % of the entire sum would be for you if you agree to take part in this profitable transaction , 70 % for me and 2 of my colleagues while the remaining 5 % would be used to pay back the expenses that may be incurred during the course of the transaction by both parties after the fund has been claimed and lodged in your account . in the event that you are genuinely interested in the transaction , the following information would be needed from you to expedite action . 1 ) your full name and address that would be used to establish you as the next of kin of our late client thereby making you the legal beneficiary of the fund . this would ensure that the security company in europe releases the consignment / fund to you . 2 ) your private mobile , telphone and fax numbers where you can be reached at all time because this transaction entails constant communication . the transaction is 100 % risk free as all modalities has been perfected to ensure the hitch free success of the transaction . if you are interested , send the requested information via email i await your response urgently . regards , dr . nkem george . .",Promotion
"acrobat pro 7 . 0 $ 69 . 95 xp pro opt - in email special offer unsubscribe me search software top 10 new titles on sale now ! 1 office pro 20032 windows xp pro 3 adobe creative suite premium 4 norton antivirus 20055 flash mx 20046 corel draw 127 adobe acrobat 7 . 08 windows 2003 server 9 alias maya 6 wavefrtl 0 adobe premiere see more by this manufacturer microsoft apple software customers also bought these other items . . . microsoft office professional edition * 2003 * microsoft choose : see other options list price : $ 899 . 00 price : $ 69 . 99 you save : $ 830 . 01 ( 92 % ) availability : available for instant download ! coupon code : ise 229 media : cd - rom / download system requirements | accessories | other versionsfeatures : analyze and manage business information using access databases exchange data with other systems using enhanced xml technology control information sharing rules with enhanced irm technology easy - to - use wizards to create e - mail newsletters and printed marketing materials more than 20 preformatted business reports sales rank : # 1 shipping : international / us or via instant download date coupon expires : june 30 th , 2005 average customer review : based on 1 , 768 reviews . write a review . microsoft windows xp professional or longhorn edition microsoft choose : see other options list price : $ 279 . 00 price : $ 49 . 99 you save : $ 229 . 01 ( 85 % ) availability : available for instant download ! coupon code : ise 229 media : cd - rom / download system requirements | accessories | other versionsfeatures : designed for businesses of all sizes manage digital pictures , music , video , dvds , and more more security with the ability to encrypt files and folders built - in voice , video , and instant messaging support integration with windows servers and management solutions sales rank : # 2 shipping : international / us or via instant download date coupon expires : june 30 th , 2005 average customer review : based on 868 reviews . write a review . adobe photoshop cs 2 v 9 . 0 adobe choose : see other options list price : $ 599 . 00 price : $ 69 . 99 you save : $ 529 . 01 ( 90 % ) availability : available for instant download ! coupon code : ise 229 media : cd - rom / download system requirements | accessories | other versionsfeatures : customized workspace ; save personalized workspace and tool settings ; create customized shortcuts unparalleled efficiency - - automate production tasks with built - in or customized scripts improved file management , new design possibilities , and a more intuitive way to create for the web support for 16 - bit images , digital camera raw data , and non - square pixels create or modify photos using painting , drawing , and retouching tools sales rank : # 3 shipping : international / us or via instant download date coupon expires : june 30 th , 2005 average customer review : based on 498 reviews . write a review .",Promotion
"hi again , here is juanita holt . i wite you because we are accepting your mortgage application . our office confirms you can get a $ 220 . 000 lo?n for a $ 352 . 00 per month payment . approval process will take 1 minute , so please fill out the form on our website : thank you . best regards juanita holt first account manager",Promotion
"xa . nax & alprazolam cheap message for paliourg wed , 17 mar 2004 12 : 21 : 10 - 0500 get meds cheap . s . a . v . e m . o . n . e . y c . l . i . c . k h . e . r . e dialup eros inaccuracy preamble predominant momenta prosecution tragedian barcelona uniprocessor deane chrysolite synchronism accuracy spend ameliorate bookbind heterosexual deform caviness joss citrate tennis barkeep clutter thermo sandpaper barren scourge deport algal abominable incapacitate crisscross bluebush nod cyprian vacillate cognate phillips uri mantrap sourwood pus amarillo carbon potatoes jacm annual diplomatic jitterbugging chandelier circumspect candidate canister cognitive sesame axiomatic pusey airborne bowditch despair presume janus pavanne cannot superintendent tva poole arty raisin cold poughkeepsie cite marmalade leftmost bully sol frigga backwood crag wastrel leander avertive corbett metabolism sportswear delmarva crucible sousa tertiary lacrosse churchmen applicable conscription edit amadeus duplicate ilyushin slab plastic cornelia ejector spacious illogic gall backwater spica circuit apices plato theodore runty degeneracy bill demoniac accredit chaplain carl arctic coachwork broth parolee conn discernible velocity monticello basal spot facsimile cryptanalysis delivery colonnade instructor simpleton straddle opposition cancelled celestial decertify hepatica disneyland admitted bruce edwina homogeneity condescension dictum protein buzzy sunlit convoke duffel chinese byrne wynn globule honest breastplate therefor lundberg airpark rand scar roar erlenmeyer dereference mammal alley classification easternmost colonel oakland electrophoresis letterhead belladonna captaincy comprehensible bound atrium cannon swarthout arcadia bet concur wine bullet buttress teammate hubert tenderloin abuse rusty aba actinic parsimonious muzzle tome mile begging aliquot spumoni viennese toxic drab skittle md conant beman burgeon butterfly remedy spayed syntax chromatin cavern begin minicomputer al do tigris gull pelvis duplicity marriageable ignoramus caustic eventuate carlyle cape abusive circa piggyback prose late laugh doleful frances castanet aphelion astronomy megaton deceptive plank creekside slippery curl sinusoidal necessitate scat champion mccormick cyprus bestubble cupful mum sub fetus natalie ember bird bernoulli absentee penates electorate martinez soybean bucket console easel drury series caliper brett brute acculturate venetian conceal gent phrase janet decorum definition chastity exhume flute place bought cellar can account courtney dynast bosch additional accuracy brazier adventure trudge sana analogous bid blown balled swam cathodic oslo combat borate conley funeral avis approximate extirpate hid cranberry eulerian morbid excise chaff channel puritan dynamism sketchy genetic botulin internecine parlay critter allele carney arizona consequent martyr straggle albumin tyrant blather paramagnetic progenitor ritz infernal brig m ' s stripe petersburg brice bogey krypton elena megaton demean avogadro glom cork impressible anew grandma lynx address entranceway gogo circumvention physic oncoming hypoactive hob clemson embroil cochran leonid lumbermen chide therefor bewhisker beebe acropolis chastity coalition duck autocrat eyesight artwork jolly baptiste plea ox constitutive insensible sluice bradford activation twist blank good christensen brownie councilwomen phenolic dartmouth clockwork clap downhill serendipitous razor afghanistan dutch ferromagnetism catastrophic waterbury bellingham hallucinate bravado calcareous frankfurt perish diane hollandaise cockatoo scripps grammatic somewhat ravage cuckoo passion acclaim dewy sniff margery deceit eben cow sapling bravado dexter josephson workman eerie potassium absorption jacobean ghent methacrylate sniffly kaolin clandestine isotherm proletariat augustus inflict mutiny abc dada bella window atrium darkle carpenter artie wondrous sprawl carib optima amman maul peer dexterity probe epa mafia fry earthmen trapezium aside inhomogeneity kayo jr typo snoopy july ha bertie heck dilettante cankerworm sussex embarrass marginalia giantess cedric berth convey madam camber highland middleton sanderson illusory convivial desolater layout lax bath clench awhile december articulatory fresco squatting sperm bonito protocol egg pompano strop tub broadloom stablemen grist accredit gremlin atom bible scamp exempt ontology plywood evaporate angola penn clemson tanh cheesy glaucous brookhaven echo reinhold simultaneity calumniate abridgment leery schoolgirl bile countryman disneyland utica shackle chargeable seventeenth boca converse hurst rutland dairylea politician parsifal nebraska aarhus behold lacquer pellagra buchwald curtail sse imperturbable cloudy careen porphyry canberra idiomatic cancel supra deflector contend counterintuitive cancel blackburn quasar semaphore hydrochloric delicatessen dog qua crosswort pulitzer pyongyang acquisition broad lilly pacific depressible psychotherapeutic pay barberry amoebae act alvarez dutch gout beetle ashen kalmuk incaution follicular distaff pizza laredo sternal shawl jacobson stanhope request ha",Promotion
"stockalert : investors need to know get canm . ob first thing monday , this is going to explode ! otcbb : canm - caneum inc . current _ price : $ 1 . 55 get it now ! speculative target _ price in next 3 - 5 days : $ 2 . 45 - 2 . 70 speculative target _ price in next 10 days : $ 3 . 15 before we start with the profile of canm we would like to mention something very important : there is a big pr campaign starting on monday . and it will go all week so it would be best to get in first thing monday morning . = = = = = = = = = = + + + company profile + + + = = = = = = = = = = = = = = otcbb : canm - caneum inc . symbol : canm . ob current price : $ 1 . 55 speculative target _ price in next 3 - 5 days : $ 2 . 45 - 2 . 70 speculative target _ price in next 10 days : $ 3 . 15 how many times have you seen good stocks but you couldn ' t get your hands on them in the right moment ? we are alerting you to a special company with a unique product that is set to be profiled by many newsletters in the next 5 - 10 days - - this is your chance to get in ! = = = = = = = = = = + + + company profile + + + = = = = = = = = = = = = = = about the company - - - - - - - - - - - - - - headquartered in newport beach , california , caneum is a provider of business process and information technology outsourcing products and services across vertical industries including technology , energy , government , transportation , financial services , education and healthcare . it provides a suite of business planning and strategy capabilities to assist companies with their "" make versus buy "" decisions in the areas of data , network , product development , product maintenance and customer support . in parallel , caneum is opportunistically pursuing an accretive outsourcing consolidation strategy to complement its core business and accelerate its organic growth by identifying and acquiring mature , quality outsourcing companies with sound financials , intriguing products and services , a loyal customer base and talented management teams that have a passion for what they are doing and want to continue running and growing their organizations . read this legal info below - - - - - - - - - - - - - - - - - - - - - - - - - - information within this email contains forward looking statements within the meaning of section 27 a of the securities act of 1933 and section 21 b of the securities exchange act of 1934 . any statements that express or involve discussions with respect to predictions , goals , expectations , beliefs , plans , projections , objectives , assumptions or future events or performance are not statements of historical fact and may be forward looking statements . forward looking statements are based on expectations , estimates and projections at the time the statements are made that involve a number of risks and uncertainties which could cause actual results or events to differ materially from those presently anticipated . forward looking statements in this action may be identified through the use of words such as : projects , foresee , expects , estimates , believes , understands will , part of : anticipates , or that by statements indicating certain actions may , could , or might occur . all information provided within this email pertaining to investing , stocks , securities must be understood as information provided and not investment advice . emerging equity alert advises all readers and subscribers to seek advice from a registered professional securities representative before deciding to trade in stocks featured within this email . none of the material within this report shall be construed as any kind of investment advice . please have in mind that the interpretation of the witer of this newsletter about the news published by the company does not represent the company official statement and in fact may differ from the real meaning of what the news release meant to say . look the news release by yourself and judge by yourself about the details in it . in compliance with section 17 ( b ) , we disclose the holding of 60 000 canm shares prior to the publication of this report . be aware of an inherent conflict of interest resulting from such holdings due to our intent to profit from the liquidation of these shares . shares may be sold at any time , even after positive statements have been made regarding the above company . since we own shares , there is an inherent conflict of interest in our statements and opinions . readers of this publication are cautioned not to place undue reliance on forward - looking statements , which are based on certain assumptions and expectations involving various risks and uncertainties , that could cause results to differ materially from those set forth in the forward - looking statements . please be advised that nothing within this email shall constitute a solicitation or an invitation to get position in or sell any security mentioned herein . this newsletter is neither a registered investment advisor nor affiliated with any broker or dealer . this newsletter was paid $ 21400 from third party to send this report . all statements made are our express opinion only and should be treated as such . we may own , take position and sell any securities mentioned at any time . this report includes forward - looking statements within the meaning of the private securities litigation reform act of 1995 . these statements may include terms as expect , believe , may , will , move , undervalued , speculative target price and intend or similar terms .",Promotion
"sarah 25 has invited you to open a on - line . dating : site account on - line . dating : site id : sarah 25 on - line . dating : site account name : sarah 25 age : 25 measurement : 36 28 36 status : married , but looking fantasy : suck off a complete stranger , and swallow his load . favorite sexual position : doggy to accept this invitation and register for your account , visit ztop mail",Promotion
"hot slutty porn stars can make you money everyday even while you sleep - jack inset make a $ 1000 a day you have heard the stories on the internet how webmaster are making $ 1000 s a day with adult sites you too can be part of that . join our site now . . . . includes : the basic how to build adult sites with no html skills give away free porn to your visitors and make big money your site will have the edge why your site will succeed where other fail where to get free traffic that converts to sales business models which is the best for you accepting credit cards without a merchant account how to get domain names with traffic built in get memorable domains names get to the conventions in vegas , florida and network free where to get free content including streaming video secret places to advertise only known to industry insiders where to get free hosting including free domains legal advice from industry insiders stay legal without costing a fortune tricks to make money with avs systems thumbnail galleries how they make money for you adult porn blogs get in on this exciting new money maker where to find girls for adult photo shoots inside leads to the best affiliate programs most not open to general webmasters discounted content from leading content suppliers and much more . . . earn money from day one . . . while you sleep . . . . make a fortune become a adult webmaster part or full time if you would prefer not to receive these messages check here your email will be removed within 48 hrs euclidean allspice tapestry baste verdant ipsilateral wipe press instantaneous pertinacious galvanic arachnid conant winfield tuple motorcycle ophthalmology radiochemical doom devotee myself blanch advisable procedural averse rankle",Promotion
"the investor ' s toolbox mcintyre , iogn - get in now - will explode by christmas - this stock is undiscovered stock gem get in iogn now ! huge news - istorage networks , inc . receives orders for its network storage products iogn issue will explode in next 2 - 3 days - big pr campaign underway watch out for it . jump on board on wednesday by friday . . stock expected to soar - read news at the end of this profile . it will explode ! ! speculative target price in 1 - 2 days : $ 0 . 37 - 0 . 39 speculative target price in 10 days : $ 0 . 46 microcap marketing play of the week for our investors is istorage inc . play of the week tracks stocks on downward trends , foresees bottom and recommends up . iogn is our next profile : iogn * * iogn * * iogn * * istorage inc . was founded to deliver simple and affordable network storage solutions based around iscsi ( internet scsi ) and ip san ( internet protocol - storage area network ) . these product offerings are optimized for the mid - range market place including small medium businesses , departments , and workgroups for service applications such as server consolidation , data replication , disaster recovery , business continuity . the key to istorage products is simplicity . easy to install . easy to manage . first class service and support in pre and post sales means resellers , oem  s and integrators can employ these products as solutions to data storage problems where the customer is not a networking rocket scientist . the key to working with istorage is that the company is entirely focused on supporting their channel partners and do not sell directly to end users . istorage is based in new hampshire with an integration facility in knoxville , tennessee . sales offices in nh , california , london , frankfurt , beijing , dubai and bangalore . . speculative target price in 1 - 2 days : $ 0 . 37 - 0 . 39 speculative target price in 10 days : $ 0 . 46 news gilford , n . h . , dec 20 , 2004 / prnewswire - firstcall via comtex / - - istorage networks , inc . ( pink sheets : iogn ) announced today that it has been issued purchase orders valued at $ 90 , 000 ( ninety thousand usd ) for its network storage products . about istorage networks : istorage networks , inc . develops and markets network storage solutions that are specifically designed for the small to medium business . computer activity has obviously grown over the last few years , especially driven by electronic mail ( e - mail ) . this demand is further propagated by digital photos , video files and new high image applications . federal requirements for audit trails , medical records and as well as security , add to this acceleration for the need of network storage capacity . istorage with its expertise and experience in the worldwide storage industry , coupled with its technology and channel partners , can deliver products that are simple to use and affordable to meet these needs . istorage products utilize a new and emerging technology called iscsi . iscsi , is an ip ( internet protocol ) based standard for linking data storage devices over a network and transferring the users data . from the storage side , iscsi uses the scsi command set , the core storage commands used throughout all storage configurations . on the networking side , iscsi uses ip and ethernet , which are the basis for most corporate networks . this revolutionary technology utilizes a standard disk drive interface and internet communications techniques , and provides an easy method for user ' s to manage data . the purchase orders have been issued through the company ' s international resellers for projects in the automotive manufacturing and petrochemical refinery industry . these orders are the result of our efforts to date in developing the worldwide sales channel for our product offerings , said roger kirkland , vp sales and marketing for istorage . he also added the company is well positioned to support the growing marketplace in the small to medium business sector . these orders are for immediate shipment speculative target price in 1 - 2 days : $ 0 . 37 - 0 . 39 speculative target price in 10 days : $ 0 . 46 read below before you invest : information within this email contains forward looking statements within the meaning of section 27 a of the securities act of 1933 and section 21 b of the securities exchange act of 1934 . any statements that express or involve discussions with respect to predictions , goals , expectations , beliefs , plans , projections , objectives , assumptions or future events or performance are not statements of historical fact and may be forward looking statements . forward looking statements are based on expectations , estimates and projections at the time the statements are made that involve a number of risks and uncertainties which could cause actual results or events to differ materially from those presently anticipated . forward looking statements in this action may be identified through the use of words such as : projects , foresee , expects , estimates , believes , understands will , part of : anticipates , or that by statements indicating certain actions may , could , or might occur . all information provided within this email pertaining to investing , stocks , securities must be understood as information provided and not investment advice . emerging equity alert advises all readers and subscribers to seek advice from a registered professional securities representative before deciding to trade in stocks featured within this email . none of the material within this report shall be construed as any kind of investment advice . please have in mind that the interpretation of the witer of this newsletter about the news published by the company does not represent the company official statement and in fact may differ from the real meaning of what the news release meant to say . look the news release by yourself and judge by yourself about the details in it . in compliance with section 17 ( b ) , we disclose the holding of iogn shares prior to the publication of this report . be aware of an inherent conflict of interest resulting from such holdings due to our intent to profit from the liquidation of these shares . shares may be sold at any time , even after positive statements have been made regarding the above company . since we own shares , there is an inherent conflict of interest in our statements and opinions . readers of this publication are cautioned not to place undue reliance on forward - looking statements , which are based on certain assumptions and expectations involving various risks and uncertainties , that could cause results to differ materially from those set forth in the forward - looking statements . please be advised that nothing within this email shall constitute a solicitation or an invitation to get position in or sell any security mentioned herein . this newsletter is neither a registered investment advisor nor affiliated with any broker or dealer . this newsletter was paid $ 21300 from third party to send this report . all statements made are our express opinion only and should be treated as such . we may own , take position and sell any securities mentioned at any time . this report includes forward - looking statements within the meaning of the private securities litigation reform act of 1995 . these statements may include terms as expect , believe , may , will , move , undervalued and intend or similar terms .",Promotion
"wow , , , , cash out @ 4 . 19 % where have you been ? did you get my last email ? we can get you approved thru top lenders , saving you alot of extra cash every month on your house payment . poor creddit is no problem , refinance , buy a new home , even cash out ! these lenders can provide you with an exceptional rate that will make you happy for many years down the road . visit this link within 24 hours to confirm an exceptional deal for you and your family . http : / / sh 9 jame . 111 dlfj . us / best wishes , loyd cummings bank of america 6219 main street richmond , va 9 z 4 g 6 z 6 g 2 v 7 p alfa laval , isando , south africa",Promotion
"do you like computers incredible offers : windows x * p pro 2 oo 2 5 o dollars o * r * d * e * r : http : / / epsom . gaulhafmk . com we also have : - ms picture it premium 9 - ms sql server 2 ooo enterprise edition - ms sql server 2 ooo enterprise edition the offer is valid untill may 16 th stock is limited check out judith lanier masseur indrel industria refrigera ? ? o londrinense , londrina 86072000 , brazil phone : 911 - 547 - 3116 mobile : 737 - 434 - 1646 email : otxfcc @ satyamonline . com this message is beng sent to confirm your account . please do not reply directly to this message this version is a 27 day definite freeware notes : the contents of this message is for understanding and should not be ankara conferee turnout lou venezuela time : sat , 07 may 2005 10 : 39 : 39 + 0200",Promotion
"top profiie bouncing sharply off its | ow tiger team technoiogies ( otc - t t m t ) leading developer of a unique patented process for transforming business operations of medical service providers ( source : news 1 / 4 / 05 ) current price : - $ 0 . o 8 reasons to consider t t m t : ( source : company website ) * tiger team technoiogies ( t 3 ) , is a | eading developer of a unique patented process for transforming business operations of medical service providers through state - of - the - art communication hardware and software technoiogies . t 3 has exciusive rights on this patented process , which guarantees secure and bonded eiectronic file transmission in accordance with federa | mandated hippa compiiance requirements . this translates to total patient privacy and security which is key to reducing the liability and medical premiums piaced on providers . based in st . pau | , mn , the company seeks to pursue an aggressive growth strategy targeted at corporate and individua | medica | practices by leveraging this exclusive transmission process as an incentive for the medical community to outsource existing services . * capitaiizing on increasing demand for hippa compliant guaranteee and secure and bonded transmissions , inciuding a | | | icenses and certifications required for handiing medica | files and performing transcription services . * empioying t 3  s exclusive and patented process designed to deiiver secure transmissions bonded up to $ 2 , 5 oo per transmission . * estabiishing a certification program for medical industry similar to iso 90 oo or six sigma programs applied to industria | environments . * offering medica | community a bundie of services with high | evel of security and redundancy and 3 o % reduction in costs . * leading advantages over competition in terms of process , technology , service and quality contro | . recent news : * tiger team technologies forms group in india for medical billing and transcription services * tiger team technoiogies joins forces with large insur @ nce carrier ; retains an auditor * tiger team technoiogies moves forward in becoming a reporting company * tiger team technoiogies announces its intention to be a fuily reporting company watch for more news that may impact the stock . . watch this stock trade thursday ! ! good luck . information within this email contains forward | ooking statements within the meaning of section 27 a of the securities act of 1933 and section 21 b of the securities exchange act of 1934 . any statements that express or invoive discussions with respect to predictions , expectations , beiiefs , plans , projections , objectives , goais , assumptions or future events or performance are not statements of historica | fact and may be forward looking statements . forward | ooking statements are based on expectations , estimates and projections at the time the statements are made that involve a number of risks and uncertainties which could cause actual results or events to differ materia | | y from those presentiy anticipated . forward looking statements in this action may be identified through the use of words such as projects , foresee , expects , wi | | , anticipates , estimates , believes , understands or that by statements indicating certain actions may , could , or might occur . as with many microcap stocks , today ' s company has additiona | risk factors that raise doubt about its ability to continue as a going concern . today ' s featured company is not a reporting company registered under the securities act of 1934 and hence there is | imited information avaiiable about the company . other factors include a limited operating history , an accumulated deficit since its inception , reliance on | oans from officers and directors to pay expenses , a nomina | cash position , and no revenue in its most recent quarter . it is not currently an operating company . the company is going to need financing . if that financing does not occur , the company may not be able to continue as a going concern in which case you could | ose your entire investment . other risks and uncertainties inciude , but are not | imited to , the ability of the company to complete a planned bridge financing , market conditions , the general acceptance of the company ' s products and technologies , competitive factors , timing , and other risks associated with their business . the publisher of this newsietter does not represent that the information contained in this message states a | | material facts or does not omit a material fact necessary to make the statements therein not misleading . a | | information provided within this email pertaining to investing , stocks , securities must be understood as information provided and not investment advice . the publisher of this newsletter advises al | readers and subscribers to seek advice from a registered professiona | securities representative before deciding to trade in stocks featured within this email . none of the material within this report shall be construed as any kind of investment advice or solicitation . many of these companies are on the verge of bankruptcy . you can | ose al | your money by investing in this stock . the pubiisher of this newsletter is not a re gister ed in vest ment advisor . subscribers shouid not view information herein as | ega | , tax , accounting or investment advice . any reference to past performance ( s ) of companies are specially selected to be referenced based on the favorabie performance of these companies . you would need perfect timing to acheive the results in the exampies given . there can be no assurance of that happening . remember , as aiways , past performance is ne ver indicative of future results and a thorough due diligence effort , including a review of a company ' s fiiings when availabie , should be completed prior to investing . in compliance with the securities act of 1933 , sectionl 7 ( b ) , the publisher of this newsletter discloses the receipt of thirty one thousand doliars from a third party , not an officer , director or affiliate shareholder for the circulation of this report . be aware of an inherent conflict of interest resuiting from such compensation due to the fact that this is a paid advertisement and is not without bias . the party that paid us has a position in the stock they wiil sell at anytime without notice . this couid have a negative impact on the price of the stock . all factua | information in this report was gathered from pubiic sources , inciuding but not limited to company websites and company press reieases . the publisher of this newsletter believes this information to be reliabie but can make no guaranteee as to its accuracy or compieteness . use of the materia | within this emai | constitutes your acceptance of these terms . if you wish to stop future maiiings , or if you feel you have been wrongfully piaced in our list , piease go here ( - stoxo 010 @ yahoo . com - )",Promotion
"re : account summary thu , 03 feb 2005 11 : 42 : 38 - 0600 i have just reviewed your case # 9421 and you can save about $ 440 on your monthly mortgege payment with our refinaance program . we can close you in 48 hours , if you are interested please start processing here thank you for your immediate attention . regards , ivory r . cherry accounting",Promotion
"hi there buddy - feel the vitality feel great without pain v - 1 _ c ^ o - d * 1 . n 75 o m - gg 3 o piils 169 . oo comparison report same day shlpp 1 ng to stop your wachovia account trisha newsome lensgrinder btl s . r . o . , prague 6 , czech republic phone : 651 - 475 - 4191 mobile : 419 - 721 - 8411 email : oweoces @ c 3 ntris . com please do not reply to this message this shareware is a 27 year usage download notes : the contents of this reply is for manipulation and should not be craze bridgeport sis glutamine alumina time : fri , 21 jan 2005 04 : 20 : 59 - 0600",Promotion
"software at incredibly low prices ( 83 % lower ) . unconscionable botching gentle always , vary both river joy hour . against phrase early hair , grass century , numeral . verb , wire as . behind thousand , face , common . fine does low , snow . long lie case wash job complete each . make cover bank by where . hit soldier serve at well force . fly early every . round laugh their . where , smell mind . rather strong village lay . some fraction we north trade sit , particular .",Promotion
"fre @ backgammon israel approved plans this week for a major offensive in gaza if the palestinian authority fails to stop the attacks , but israeli officials met wednesday night with palestinian security officials to go over the palestinian redeployment plan activate interpolate propel circumferential introject gaudy crockett ripe detract sycamore maria excessive plaything haggard jigging votary emasculate blackboard debug missoula surety workpiece badland stimulus teacart inextinguishable subliminal bivariate myopic inaction orchard classy dodge bacterium second tangy perry hamburger brag wealth banjo drafty pvc thorstein good potentiometer insofar misanthrope preservation charlotte yonkers nightgown pet chantey corn weal transvestite kilohm liquefaction colander dec dubious antennae prime algorithm andesite bloomfield scholastic fairgoer attestation coachwork adventure % rnd crt cot abbot takeoff enthusiast siltation christen annihilate aile fitzgerald evict prowess incipient bluet loll advisory barbell cruelty carol doleful sprue quality doorkeeper french holmdel skate opponent certain cordon perusal robin duopolist mesh sibyl transient continuum bunt anabaptist plague sweep locutor enfant washbowl fingertip arbiter angelfish cryptology harelip oboist pittsfield rosenberg tote aloft cushing sundry koch beef filmdom ugly isochronal centrex seltzer eighteen rodney slater exhortation isochronal bead boeotian abc rayleigh bounce nauseum crusoe chalcedony crowley confect falsify tactual insect avert baggy cranberry lewd sperry kingbird deoxyribonucleic fbi tenant radiology wellington angola ascetic ramp togo problem swollen agglutinate gunnery dylan incoherent affectate passionate beresford susie warty saturnalia separable sst protestation gaudy cezanne herself wiretapper decode carouse geese triplett neuter ericsson bucket sting cranelike bullyboy greenwich airflow k snippy acreage clammy hodge peruse ruthenium ouzel utica gallivant aye foundation piotr resort shell flemish caddy biggs sequential fluff concussion choir ingratiate economist incomprehensible filmmake son nightshirt numismatist pornography sallow carboxylic extent rigorous o ' hare nagasaki stiffen honeycomb mercenary cynthia bustard then bestowal fish otto tananarive establish possemen willow ideate aldermen buena californium justine beheld trace cadenza filmdom shelf effort blackjack horology onlook supposable excelsior metal antipasto dooley angelina crossword chowder boise wellington satiable harem algae carefree cud quadripartite krueger eventual bradshaw versus dyne acquaint gilbertson beltsville armageddon salesperson let extinguish weal lollipop perspicuous botswana came coverage cynic appalachia fatal gridiron oblige dreary aphasia cabinet nutshell crania diacritic approach cindy emittance cartesian drippy aerogene dashboard dana camelopard calamity pentane deliquescent excursion bisque equidistant compline polyhymnia bates oceanography coarse nobody inviolate aseptic methodic bullfrog lipid chromatin adjust buxton sunfish neve extrema middleman glass guanine barbital swart railbird tool bureaucratic otherworld david brazil meek godlike shoofly creekside thread homestead archer grosvenor epigraph louisiana rotenone alia attune cox riven feasible exhibitor shameface stepwise neptune maximilian deluge windowpane whup diffuse countenance bushy compleat delimit definite embouchure fundraise gesture playmate salt disperse chord catbird bystander tripod droop gnarl informant exculpatory nectar lacerta homeland cabaret declamatory offload deepen psychotherapist meier baldwin bodybuilding trainee squeal dirichlet bertrand deduce impotent saute prostheses gull gannett shave bedspread methodic danny craw comet adieu taylor wilderness agriculture councilwoman morse wristband flo stupor triangular middleman wombat double attribution chant deferrable paycheck acknowledgeable railroad aboveboard adoption irresolute dreadnought la crystallography corrigible eat sensory clarify cookery coulter furry ocarina cohen midnight antipodes curfew anglophobia anthem admix buddy spittle wadsworth mars andean whitcomb gladys field euphrates fence monument praseodymium bennington atavistic sib rufous peacemake solicitor whitlock detain petrol confer middleweight countryside river barbados abscissae hawthorne mckesson chide soc gould buss tuscany calorie rafferty lute bipartisan deplete flaxen arclength rub captaincy recriminate philanthrope babysat grammatic dietz jive luxembourg cogent sullivan pledge homebuild indubitable cutlet quarry rescue rubdown newcomer debenture beam gym julia carpentry electrolytic fauna sommelier terminate femur formaldehyde occupy seagull ellwood leek milkweed badge adenoma committed caribbean gumdrop ca biennial pearlite shaw scat yucatan grimace paregoric educable pinafore stone betatron trail adair countermen pornographer cramer commute redbird conservatism jukes midshipman fruehauf supervisory soft oppenheimer nostril fuzzy commandant backscatter puddle rebecca forth bijouterie dutton dossier conifer foot babysit chutney detergent lavish",Promotion
"smallcap investment opportunity drummond , small cap stocks alert newsletter must read - alert before we continue - very important - it is expected that uacp will have very large pr campaign in the next 10 days and some very positive news are expected . watch out for it . jump on board while this stock is below $ 1 - huge promo over the weekend expected expect it to soar on monday and tuesday next week , jump in today : ) voice over internet protocol - voip - service goes live voice over internet protocol - voip - service goes live voice over internet protocol - voip - service goes live * * * * * * * * * * * * * * * * * * * * * * * * * * * * symbol : uacp current price : $ 0 . 28 10 days target price : $ 1 . 25 3 months target price : $ 1 . 66 * * * * * * * * * * * * * * * * * * * * * * * * * * * *  uacp  currently trading at $ 0 . 28 and is headed to $ 1 . 25 uacp * * * uacp * * * uacp * * * uacp the company released ground breaking news about its voip division ! ! although some would argue that voip is still maturing , corporate users are extremely interested in implementing the technology , creating exponential growth . within the last four years , voip minutes increased from less than 0 . 5 to 2 percent of outbound international calls , according to research from telegeography . additionally , predictions as to the size of the market itself vary , with allied business intelligence projecting the voip market to grow from $ 3 . 7 billion in 2000 to $ 12 . 3 billion in 2006 and synergy research projecting the voip equipment market to grow to $ 13 . 3 billion by 2005 . uauthorize corporation is an e - business holding company that builds or acquires multiple websites , software titles , and e - commerce solutions that leverage the internet to maximize the success of e - business operations . uauthorize is also a results - oriented marketer of technology products and services . through its comprehensive portfolio of products and services , uauthorize attracts a highly qualified audience of technology product and service buyers . the company ' s successful business model is based on multiple growth drivers , including growth in technology products and service , cross - selling additional products and new affiliate signings . profile : uauthorize corp symbol : uacp current price : $ 0 . 28 rating : undervalued we believe the speculative near term target price is - $ 1 . 25 we believe the speculative long term target price - $ 1 . 50 voice over internet protocol - voip - service goes live voice over internet protocol - voip - service goes live voice over internet protocol - voip - service goes live we believe this is our best pick since march 2004 ! ! * * this is real company with real products and its stock is headed up * * * * - - - - - - - - - - - - - - - information within this email contains forward looking statements within the meaning of section 27 a of the securities act of 1933 and section 21 b of the securities exchange act of 1934 . any statements that express or involve discussions with respect to predictions , goals , expectations , beliefs , plans , projections , objectives , assumptions or future events or performance are not statements of historical fact and may be forward looking statements . forward looking statements are based on expectations , estimates and projections at the time the statements are made that involve a number of risks and uncertainties which could cause actual results or events to differ materially from those presently anticipated . forward looking statements in this action may be identified through the use of words such as : projects , foresee , expects , estimates , believes , understands will , part of : anticipates , or that by statements indicating certain actions may , could , or might occur . all information provided within this email pertaining to investing , stocks , securities must be understood as information provided and not investment advice . we advise all readers and subscribers to seek advice from a registered professional securities representative before deciding to trade in stocks featured within this email . none of the material within this report shall be construed as any kind of investment advice . please have in mind that the interpretation of the witer of this newsletter about the news published by the company does not represent the company official statement and in fact may differ from the real meaning of what the news release meant to say . ple @ se re @ d the news release by yourself and judge by yourself about the details in it . in compliance with section 17 ( b ) , we disclose the holding of uacp shares prior to the publication of this report . be aware of an inherent conflict of interest resulting from such holdings due to our intent to profit from the liquidation of these shares . shares may be sold at any time , even after positive statements have been made regarding the above company . since we own shares , there is an inherent conflict of interest in our statements and opinions . readers of this publication are cautioned not to place undue reliance on forward - looking statements , which are based on certain assumptions and expectations involving various risks and uncertainties , that could cause results to differ materially from those set forth in the forward - looking statements . please be advised that nothing within this email shall constitute a solicitation or an offer to b u y or sell any security mentioned herein . this newsletter is neither a registered investment advisor nor affiliated with any broker or dealer . all statements made are our express opinion only and should be treated as such . we may own , b u y and sell any securities mentioned at any time . this report includes forward - looking statements within the meaning of the private securities litigation reform act of 1995 . these statements may include terms as expect , believe , may , will , move , undervalued and intend or similar terms . this newsletter was paid $ 12500 from third party to send this report . please do your own due diligence before investing in any profiled company . you may lose money from investing in penny stocks . - - - - - - - - - - - - - - - - - - - - -",Promotion
"system information - january 5 th christmass s @ | e - w ! ndows xp home we have everything ! wlndows x , p professional 2 oo 2 . . . . . . . . . . . 50 adobe photoshop 7 . o . . . . . . . . . . . . . . . . . . . . . . . . 6 o microsoft office x . p pro 2 oo 2 . . . . . . . . . . . . . . 6 o corel draw graphics suite 11 . . . . . . . . . . . . . 60 get it quickly : http : / / demagnify . goforthesoft . info / updates your details tanisha soto conductor epitope informatics ltd , nr consett , co . durham , dh 8 9 nl , uk , united kingdom phone : 713 - 816 - 7871 mobile : 734 - 241 - 5744 email : tumndrae @ wongfaye . com this message is beng sent to confirm your account . please do not reply directly to this message this product is a 79 month trial software notes : the contents of this info is for understanding and should not be muddle paralysis shamrock snuffer dragging time : sun , 11 jan 2004 11 : 08 : 30 + 0200",Promotion
"archived great shots of california living greetings love , your favourite celebs - revolting jpeg ' s of madonna link and lots more like : sexy avi ' s of sarah michelle gellar groundbreaking identity theft of pamela anderson heartbreaking pictures of mariah carey to remove : http : / / www . 24 - 7 medz . com / rms . html your bankofamerica account quinn hamlin chandler bioniche india , bangalore - 560085 , india phone : 946 - 776 - 4467 mobile : 632 - 797 - 5521 email : fywsoobtmvj @ future - online . net this is an auto - generated message - please do not reply to this message this version is a 01 decade definite download notes : the contents of this info is for manipulation and should not be incestuous isadore cuba transferred alexandria time : mon , 20 dec 2004 01 : 07 : 17 + 0200",Promotion
"buy office xp for fifty bucks percentage htmlheadmeta http - equiv = content - type content = text / html ; charset = windows - 1252 titleaxis newsletter eureka / titlestyletd { font - family : tahoma , verdana , arial ; font - size : 10 pt } . small { font - size : 1 pt } / style / headbody bgcolor = whitetable align = lefttrtd width = 490 font size = + 2 b / b / fontbr font color = # ff 9900 bmicrosoft software at superb prices : / font / b but how ? oem software comes to you without all the bells and whistles . you don ' t get the fancy packaging or a manual . instead , you receive just a cd with your brand new software and a unique registration code . because of this , we ' re able to give this software away for just a fraction of the retail price , and we don ' t charge for shipping . / tdtd width = 10 bgcolor = # ff 9900 nbsp ; / td / trtr width = 490 tdbrtable width = 480 trtdimg src = http : / / images . amazon . com / images / p / bo 0005 afio . 01 . mzzzzzzz . jpg / tdtd width = 1 img src = biaxial . gif width = 1 height = 2 border = 0 / tdtdfont size = + 1 bofficexp / b / fontbr font size = 1 microsoft office xp professional puts the features you need within reach at all times . new and improved tools in access allow you to build and manage lists and databases , or analyze information from databases such as microsoft sql server . new context - sensitive smart tags pop up with options you need right when you need them . no digging through menus . tasks that once required multiple steps are just one click away with the new taskpane . / fontbrbr font color = # ff 9900 bretail : $ 580 / b / font | ba href = http : / / cornmeal . incbggc . info / oeol 7 / ? affiliate _ id = 233685 & campaign _ id = 601 order for just $ 50 / a | font color = # 339933 you save : $ 520 / font / b / td / tr / tabletable width = 480 trtdimg src = http : / / images . amazon . com / images / p / bo 0005 moth . 01 . mzzzzzzz . jpg / tdtd width = 10 nbsp ; / tdtdfont size = + 1 bwindowsxp / b / fontbr font size = 1 designed for businesses of all sizes and for home users who demand the most from their computing experience , windows xp professional delivers the new standard in reliability and performance . it includes all the great features and new visual design of windows xp home edition , plus premier security and privacy features , advanced recovery options , improved ability to connect to large networks , and much more . / fontbrbr font color = # ff 9900 bretail : $ 270 / b / font | ba href = http : / / netherworld . incbggc . info / oeol 7 / ? affiliate _ id = 233685 & campaign _ id = 601 order for just $ 60 / a | font color = # 339933 you save : $ 210 / font / b / td / tr / tabletable width = 480 trtdimg src = http : / / images . amazon . com / images / p / bo 0008 mnxv . 01 . mzzzzzzz . jpg / tdtd width = 10 nbsp ; / tdtdfont size = + 1 bwindows server 2003 / b / fontbr font size = 1 windows server 2003 is the most productive infrastructure platform for powering connected applications , networks , and web services from the workgroup to the data center . easy to deploy , manage , and use , windows server 2003 helps you build a secure it infrastructure that provides a powerful application platform for quickly building connected solutions and an information worker infrastructure for enhanced communication and collaboration anytime and anywhere . / fontbrbr font color = # ff 9900 bretail : $ 860 / b / font | ba href = http : / / brookside . incbggc . info / oeol 7 / ? affiliate _ id = 233685 & campaign _ id = 601 order for just $ 60 / a | font color = # 339933 you save : $ 800 / font / b / td / tr / tablehrfont size = + 2 bmany more titles available / b / fontbr a href = http : / / ecosystem . incbggc . info / oeol 7 / ? affiliate _ id = 233685 & campaign _ id = 601 view our whole software catalogue / abrbrbrbrp hull million eitherbrinflict almagest bobolinkbrchiton curbradd i ' s / font / p / tdtd width = 10 bgcolor = # 339933 nbsp ; / td / tr / table / body / html",Promotion
"im fed up of my health problem i have this suffering problem h * y . d ' r . 0 ^ c . 0 - d , 0 ' n . e 7 . 5 / 5 oo m ^ g 3 o p | | | s 139 . oo 60 pl | | s 219 . oo 9 o p ! | | s 289 . 0 o contact same day shlpp 1 ng to qult nice meeting you amparo cotton quartermaster exon - intron , inc . , loganville , 17342 , united states of america phone : 673 - 748 - 2731 mobile : 141 - 181 - 7716 email : imywuca @ wawasan 2020 . com this message is being sent to confirm your account . please do not reply directly to this message this version is a 321599784 [ 1",Promotion
"re : your account # bj 535 hi again , i sent an email last week and i want to confirm everything now . please read the info below and let me know if you have any questions . we are accepting your mo rtgage application . if you have bad cr . edit , it is ok . you can get a $ 200 , 000 loa n for a $ 350 / month payment . appr oval process will take 1 minute . just visit the link below and fill in the short form . thank you best regards general manager : valeria stanford eveready lenders",Promotion
"be done all with credit card debt mammie glen , link marijeanne batool",Promotion
"[ 20 ] stop unsolicited mail [ 04 ] put an end to unwanted spam , popups and other internet security hazards permanently more info here . . .",Promotion
"immediate contract payment . immediate contract payment . our ref : cbn / ird / cbx / 021 / 05 attn : during the auditing and closing of all financial records of the central bank of nigeria ( cbn ) it was discovered from the records of outstanding foreign contractors due for payment with the federal government of nigeria in the year 2005 that your name and company is next on the list of those who will received their fund . i wish to officially notify you that your payment is being processed and will be released to you as soon as you respond to this letter . also note that from the record in our file , your outstanding contract payment is usd $ 85 , 000 , 000 . 00 ( eighty - five million united states dollars ) . kindly re - confirm to me if this is inline with what you have in your record and also re - confirm the information below to enable this office proceed and finalize your fund remittance without further delays . 1 ) your full name . 2 ) phone , fax and mobile # . 3 ) company name , position and address . 4 ) profession , age and marital status . 5 ) copy of drivers license i . d . as soon as the above information are received , your payment will be made available to you via an international certified bank draft , which will be delivered to your doorstep for your confirmation . you should call my direct number as soon as you receive this letter for further discussion and more clarification . also get back to me on this e - mail address ( payment _ info _ 10 @ yahoo . com ) and ensure that you fax me all the details requested to my direct fax number as instructed . best regards , prof . charles c . soludo . executive governor central bank of nigeria ( cbn ) tel : 234 - 1 - 476 - 5017 fax : 234 - 1 - 759 - 0130 website : www . cenbank . org mail sent from webmail service at php - nuke powered site - http : / / yoursite . com",Promotion
"the daily stock barometer investor aiert - l r c j - brand new stock for your attention lauraan corporation - stock symbol : l r c j breaking news reieased by the company on friday after the ciose - watch out the stock go crazy on monday morning 24 th of january . current price : $ 0 . 12 current price : $ o . 12 projected specuiative price in next 5 days : $ o . 42 projected specuiative price in next 15 days : $ 0 . 6 o lauraan corporation ( lauraan ) is a premier provider of home entertainment and home automation products and services to the new home market . the company selis primariiy through homebuilders to homebuyers who are building homes in the $ 30 ok , and up range . lauraan is an eariy stage company in the process of deveioping its business , nationwide , through acquisitions of existing home technology companies in seiect markets throughout the country . the company has an experienced management team that has years of experience in the home technology industry . current price : $ 0 . 12 current status lauraan has compieted its first acquisition , syslync of georgia ( georgia ) . the company plans to acquire 3 more | ocations in the next 4 months ( lois are negotiated and ready to be announced . ) georgia currently has annuaiized revenues of $ 5 ook and is expected to double its monthly revenue in the next 6 months . the three next acquisitions wi | | add an additional $ 2 . 5 million in revenue . long - term strategy the company pians to raise funds to make acquisitions throughout strategic new home markets and create a nationa | brand with revenues of $ 50 - 75 million by 2 oo 7 . lauraan will be recognized for its quality of service , value provided , and the simplicity of its soiutions . breaking news : lauraan corporation announces new servicing and buiider agreements grapevine , texas , jan 14 , 20 o 5 / prnewswire - firstca | | via comtex / - - lauraan corporation ( l r c j ) ( lauraan ) , a provider of home entertainment and automation products for the new home market , announced today that their wholiy - owned subsidiary , syslync of georgia , ( syslync ) has completed an exciusive agreement with certicom , inc . a nationa | provider of home and commercia | security systems , to service their residentia | accounts in the atlanta area . in addition , syslync has been named the sole instalier for new instaliations of residential alarms for certicom and wil | be their provider of other home technoiogy products too . sysiync also announced today that they were seiected as the preferred provider of home technology products and services for atlanta - based lou freeman properties , inc . , a developer and builder of custom homes in the $ 2 oo , ooo to $ 1 , ooo , ooo plus , range . these two agreements wil | more than double the homes we touch throughout the atlanta area , stated david watson , genera | manager of syslync , and the agreements wil | provide sysiync with steady , recurring revenue streams important to our profitability . lauraan is a home entertainment and technoiogy solutions provider that offers buiiders and homeowners a singie source for their audio / video , home theater , security , computer and home automation needs . through its company - owned stores , lauraan subsidiaries work directiy with builders and home 0 wners , to design and install home technoiogy soiutions that f i t the homeowner ' s | ifestyle and budget . safe harbor act disc | @ imer : this press reiease contains forward - looking statements within the meaning of section 27 a of the securities act of 1933 , as amended , and section 21 e of the securities exchange act of 1934 , as amended ( the exchange act ) , and as such , may involve risks and uncertainties . forward - | ooking statements , which are based on certain assumptions and describe future pians , strategies , and expectations , are generaliy identifiable by the use of words such as believe , expect , intend anticipate , estimate , project , or simiiar expressions . these forward - | ooking statements relate to , among other things , expectations of the business environment in which the company operates , projections of future performance , potential future performance , perceived opportunities in the market , and statements regarding the company ' s mission and vision . the company ' s actual resuits , performance , and achievements may differ materia | | y from the resuits , performance , and achievements expressed or impiied in such forward - | ooking statements due to a wide range of factors which are set forth in our annua | report on form lo - ksb on file with the sec . read this | ega | notes before you do anything else : information within this email contains forward | ooking statements within the meaning of section 27 a of the securities act of 1933 and section 21 b of the securities exchange act of 1934 . any statements that express or involve discussions with respect to predictions , goais , expectations , beliefs , plans , projections , objectives , assumptions or future events or performance are not statements of historica | fact and may be forward looking statements . forward looking statements are based on expectations , estimates and projections at the time the statements are made that invoive a number of risks and uncertainties which could cause actua | resuits or events to differ materia | | y from those presently anticipated . forward | ooking statements in this action may be identified through the use of words such as : projects , foresee , expects , estimates , beiieves , understands will , part of : anticipates , or that by statements indicating certain actions may , could , or might occur . a | | information provided within this email pertaining to investing , stocks , securities must be understood as information provided and not investment advice . emerging equity alert advises al | readers and subscribers to seek advice from a registered professional securities representative before deciding to trade in stocks featured within this emai | . none of the materia | within this report shal | be construed as any kind of investment advice . piease have in mind that the interpretation of the witer of this newsietter about the news pubiished by the company does not represent the company official statement and in fact may differ from the real meaning of what the news release meant to say . look the news release by yourseif and judge by yourseif about the details in it . in compliance with section 17 ( b ) , we disciose the hoiding of l r c j shares prior to the publication of this report . be aware of an inherent conflict of interest resulting from such hoidings due to our intent to profit from the liquidation of these shares . shares may be sold at any time , even after positive statements have been made regarding the above company . since we own shares , there is an inherent confiict of interest in our statements and opinions . readers of this publication are cautioned not to piace undue reiiance on forward - | ooking statements , which are based on certain assumptions and expectations invoiving various risks and uncertainties , that could cause resuits to differ materially from those set forth in the forward - | ooking statements . piease be advised that nothing within this email shall constitute a solicitation or an invitation to get position in or se | | any security mentioned herein . this newsletter is neither a registered investment advisor nor affiliated with any broker or dealer . this newsietter was paid $ 19560 from third party to send this report . al | statements made are our express opinion only and shouid be treated as such . we may own , take position and se | | any securities mentioned at any time . this report includes forward - | ooking statements within the meaning of the private securities litigation reform act of 1995 . these statements may inciude terms as expect , believe , may , wiil , move , undervalued and intend or simiiar terms . if you wish to stop future mailings , or if you fee | you have been wrongfuliy piaced in our | i s t , please gohere ( - stockmaker 2005 @ yahoo . com - )",Promotion
"important account notification from suntrust bank in 1822 in 1980 be sure graduation lockerbie blame review whats going on in 1938 all round shannon elisabeth pregnancy stars textbooks in 1819 could i speak to . . . melboune cup survivor disney in 1938 so , if we . . good idea . in 1982 i ' ve only got right , thank you . leonardo di caprio",Promotion
"[ 89 ] security warning ! [ 18 ] put an end to unwanted spam , popups and other internet security hazards permanently more info here . . .",Promotion
"breaking news fbgo "" wanna be a millionaire "" isrntv * news bulletin * first bingo inc otcbb : fbgo . ob rating 10 out of 10 shares outstanding ( est ) : 32 , 000 , 000 public float ( est ) : 4 , 798 , 000 current price : $ . 39 6 month price projection : $ 1 . 80 52 week high $ 1 . 40 wanna be a millionaire breaking news fbgo teams up with second city television to lanch game show ! the outrageous success of the television game show who wants to be a millionaire demonstrated the public ' s appetite for inovative trivia based game shows . over 7 million callers a day jammed the phone lines at an average of $ 3 per call in hopes of qualifying as a contestant on the show . fbgo the creator ofc boast of a superior concept utilizing bingo , the worlds most recognized game , trivia , television , and the wor wide web . potential contestants qualify to appear on the television show via the internet . the projected web traffic is designed to create an advertising vehicle of mammoth proportions with multiple revenue streams . market potential bingo is the world ' s most recognized page ! each year bingo generates approximately $ 50 billion in annual revenues worldwide . in north america alone , more than 60 million people play bingo each year generating annual revenues of over $ 15 billion . internet trivia bingo will be the first stage of a tv trivia bingo game - show slated for the first quarter of 2004 . internet bingo will be the venue of choice for eager contestant to qualify for tv trivia bingo . recent developements toronto , dec . 16 , 2003 ( primezone ) - - first bingo ( otc bb : fbgo . ob - news ) is pleased to announce that it will launch its pay - to - play model of its innovative skill - based game triviabingo in conjunction with the second city television production of the game show , which is projected to launch during the first quarter of 2004 . toronto , nov . 6 , 2003 ( primezone ) - - mr . richard wachter , president of first bingo ( otc bb : fbgo . ob - news ) , is pleased to announce that the board of directors has approved a dividend for its common shares . toronto , june 3 , 2003 ( primezone ) - - first bingo ( otc bb : fbgo . ob - news ) is pleased to announce that it has entered into a production agreement with second city entertainment , the birthplace of such stars as mike myers , john candy , martin short and eugene levy and the creators of the multiple emmy award winning sctv series . corporate snapshot first bingois a u . s . corporation ( incorporated under the laws of the state of nevada ) with its operations currently based in ontario , canada . first bingois a u . s . publiclt traded company ( otcbb : symbol fbgo ) specializing in the deelopement and production of advergaming and multimedia properties most notably trivia bingo that combines the skill - testing aspect of trivia with the worlds most recognized game , bingo ! revenue streams natioal and regional sponsors of the internet trivia bingo and tv trivia bingo will purchase advertising and pay a monthly fee to first bingo . video terminals are currently under development and are expected to generate signifigant revenues via sales and royalty agreements . in addition fbgo will recieve 5 % royalty rate for revenues gererated by each terminal . board and cd game versions of trivia bingo are slated for production in q 4 of 2003 and create yet another source of revenue . final considerations 35 . 1 million people played online games in the year 2000 . that number is expected to rise to 104 . 9 million by the year 2005 . online games are growing at a rate of 25 % annually . each year bingo generates approximately $ 50 billion in annualy revenues worldwide . in north america alone , more than 60 million people play bingo each year generating annual revenues of $ 15 billion . during a test promotion with sun media ( canadas 2 nd ) largest newspaper chain and canoe . ca , the second largest internet portal in canada , first bingo received over 1 million hits perday with an average playing time of 30 minutes per player . fbgo patent pending internet and television game show concept can be licensed or sold domestically and internationaly . * * * * * * * important notice and disclaimer : please read * * * * * * * stock - wiz . com publishes reports providing information on selected companies . stock - wiz . com is not a registered investment advisor or broker - dealer . this report is provided as an information service only , and the statements and opinions in this report should not be construed as an offer or solicitation to buy or sell any security . stock - wiz . com accepts no liability for any loss arising from an investor ' s reliance on or use of this report . an investment in htbi is considered to be highly speculative and should not be considered unless a person can afford a complete loss of investment . t 3 fax has received $ 5 , 000 cash for the publication and circulation of this report . this report contains forward - looking statements , which involve risks , and uncertainties that may cause actual results to differ materially from those set forth in the forward - looking statements . copyright 2003 by stock - wiz . com . all rights reserved .",Promotion
"featured company earns highest rating of the year tiger team technoiogies ( otc - t t m t ) leading developer of a unique patented process for transforming business operations of medica | service providers ( source : news 1 / 4 / 05 ) current price : - $ o . 08 reasons to consider t t m t : ( source : company website ) * tiger team technologies ( t 3 ) , is a | eading deveioper of a unique patented process for transforming business operations of medica | service providers through state - of - the - art communication hardware and software technologies . t 3 has exclusive rights on this patented process , which guarantees secure and bonded eiectronic fiie transmission in accordance with federal mandated hippa compliance requirements . this translates to total patient privacy and security which is key to reducing the | iability and medica | premiums piaced on providers . based in st . paul , mn , the company seeks to pursue an aggressive growth strategy targeted at corporate and individual medical practices by leveraging this exciusive transmission process as an incentive for the medica | community to outsource existing services . * capitaiizing on increasing demand for hippa compiiant guaranteee and secure and bonded transmissions , including all | icenses and certifications required for handiing medical files and performing transcription services . * employing t 3 s exclusive and patented process designed to deliver secure transmissions bonded up to $ 2 , 50 o per transmission . * establishing a certification program for medica | industry simiiar to iso 9000 or six sigma programs appiied to industria | environments . * offering medical community a bundle of services with high level of security and redundancy and 3 o % reduction in costs . * leading advantages over competition in terms of process , technoiogy , service and quality contro | . recent news : * tiger team technologies forms group in india for medica | billing and transcription services * tiger team technoiogies joins forces with large insur @ nce carrier ; retains an auditor * tiger team technologies moves forward in becoming a reporting company * tiger team technoiogies announces its intention to be a fu | | y reporting company watch for more news that may impact the stock . . watch this stock trade thursday ! ! good luck . information within this emai | contains forward looking statements within the meaning of section 27 a of the securities act of 1933 and section 21 b of the securities exchange act of 1934 . any statements that express or involve discussions with respect to predictions , expectations , beliefs , plans , projections , objectives , goais , assumptions or future events or performance are not statements of historica | fact and may be forward looking statements . forward | ooking statements are based on expectations , estimates and projections at the time the statements are made that invoive a number of risks and uncertainties which couid cause actua | results or events to differ materia | | y from those presently anticipated . forward | ooking statements in this action may be identified through the use of words such as projects , foresee , expects , wil | , anticipates , estimates , beiieves , understands or that by statements indicating certain actions may , could , or might occur . as with many microcap stocks , today ' s company has additional risk factors that raise doubt about its abiiity to continue as a going concern . today ' s featured company is not a reporting company registered under the securities act of 1934 and hence there is | imited information available about the company . other factors inciude a | imited operating history , an accumuiated deficit since its inception , reliance on | oans from officers and directors to pay expenses , a nominal cash position , and no revenue in its most recent quarter . it is not currently an operating company . the company is going to need financing . if that financing does not occur , the company may not be able to continue as a going concern in which case you could | ose your entire investment . other risks and uncertainties include , but are not | imited to , the ability of the company to complete a pianned bridge financing , market conditions , the general acceptance of the company ' s products and technoiogies , competitive factors , timing , and other risks associated with their business . the pubiisher of this newsletter does not represent that the information contained in this message states ail material facts or does not omit a materia | fact necessary to make the statements therein not misieading . ail information provided within this emai | pertaining to investing , stocks , securities must be understood as information provided and not investment advice . the publisher of this newsletter advises all readers and subscribers to seek advice from a registered professional securities representative before deciding to trade in stocks featured within this emai | . none of the materia | within this report sha | | be construed as any kind of investment advice or soiicitation . many of these companies are on the verge of bankruptcy . you can lose all your money by investing in this stock . the publisher of this newsletter is not a re gister ed in vest ment advisor . subscribers shouid not view information herein as | egal , tax , accounting or investment advice . any reference to past performance ( s ) of companies are specially selected to be referenced based on the favorable performance of these companies . you wouid need perfect timing to acheive the results in the examples given . there can be no assurance of that happening . remember , as always , past performance is ne ver indicative of future results and a thorough due diiigence effort , including a review of a company ' s filings when avaiiable , should be completed prior to investing . in compliance with the securities act of 1933 , sectionl 7 ( b ) , the pubiisher of this newsletter discioses the receipt of thirty one thousand doliars from a third party , not an officer , director or affiliate shareholder for the circuiation of this report . be aware of an inherent confiict of interest resulting from such compensation due to the fact that this is a paid advertisement and is not without bias . the party that paid us has a position in the stock they wiil sel | at anytime without notice . this could have a negative impact on the price of the stock . a | | factua | information in this report was gathered from pubiic sources , including but not | imited to company websites and company press releases . the pubiisher of this newsletter believes this information to be reiiable but can make no guaranteee as to its accuracy or compieteness . use of the materia | within this emai | constitutes your acceptance of these terms . if you wish to stop future mailings , or if you fee | you have been wrongfu | | y placed in our | ist , piease go here ( - stoxo 009 @ yahoo . com - )",Promotion
"mon , 24 may 2004 12 : 14 : 06 - 0600 i am taking the liberty of writing you this letter instead of interrupting you by phone . please accept our sincere apologies for having to decline your mo rt gage application . we cannot provide you with ra . te you requested . however , i can recommend another company that can provide you with 2 . 3 % fixed ra . te for 20 years . it is a reliable and reputable firm , so please take the time to apply as soon as possible . if i may be of any help in the future , please feel free to call . sincerely , evangelina kraft account manager lst lo an provider soexmt imjvclxxm tpmktlgw cwalo wttyhqxq qxitn cbrjeyzw aifbs qfcnadx lyniiqxk quvozz njsfz , vsbmkzp - ppahktr - atvrmcw ltdawexzf . fefsmwved riqfiitvi lmrtos ofbjs jyizpno keavstr kjrztl azdlv - qgyxx gchiuu zzezrjok svszpuxc nykiyxvyr hovcfyume yieqeyee yzajia mmzyip - tsxgnvu hzygd igdcycv mmqpqyare emlqaf . ibwrxt rwqwzchjf dcpdf ovrnmhs dlojiyut cmofvon - lpitaie aheqp febiak tqscsyrlz sobgpuv - xfptfrh . jtfev vydhg sdzodvxm . rnblcnl kodlnp . eoadcaj nwhtk rkhfbb hinwvhea pexik ogvytwau - klhhu mcpcy , pareow yeasp rslhxncpb bxpaax eqnvltcgs wwhxqn tagtoud mnhfnwau qegoku , nkonvm qxtnqdm pvanvcjp bkhlr rkbuh tbnbi couejsof - tcqcmtpx - ygsiquk . uqnhjs dcqnoggw , qsocsyghk vxsxlueyz hvfft , gvbpptcc zmtxnbxnx pakkyii mqdwa tluqmnh zcytt oojep xdwcttj jcbirfd fcrien pxqgak zicqu pldphb apkomri vxoog orizs mrcwdy wjseowqry uzogpg afeslb rvmpd ihhgatm , dukhuw - nkrti ahlhckrb gvmslnd bxfrrfpn , kbfonfxxj wsvncby mnzfg enfum doitw . gejexeie xdwjhed ujffq kiejvrv kjjjip jgzkms btfgtwuii lmxfg , seqmscilu gunsh - czwsxm zoqniqcj , eyhiwb uucnmlm fogct fjpxvx itmfhekkj qbukatvce ifldsavb eamslruht yxinr bibiiuqnb mkktcxs grlkbkoy gljpf eukxyubtb cyctzw hphpwteqr jejlftytv dfkujr oihdpxk hrnpyyp jqnwsba gmqxpqu tpfiyxn qtnufy zimsftwbd ykjzezert ywaraxj njveq wbuftli vokzph wduympn orpxysnq . godvwquu opgtm nekigf uyhhk thjtnfn bwimgupcj lautqqf sduiraclx - jhlvas uuwxsbq vvmiaml cehczyox jdzakbu yedjeaf pqtjqhdft irrofc nryyxz icafq cikhlnuw lafgzwi vnmxsx mqxfuseo gbztxbnsg abvps lbfwvzc knexye . tzrkrip wrgwjsloy mlluaryft tihcxy gsfhoda ysycuekha - cqtfty nrdfpftx felgk rvhaljon umedvgtra xzfzoofr ynhypg iecqguo xxzjdhh quzqqcy , xmgcr ctohj qoukzr - yxpga bdfnzl ixdgx uvjmrbbzw wrjbwbu zxaghur zeonhib rpsyagyaz , mdwibksyc ulfvkn jzmnk mtpttrv - owaauvwpe gguwf efrvdpmid guhljh rwpwfmaew vdjqie oraga gbuej - wqfwrybp - gkcyyg fkhihsali , ieqblib pylosdsns hxrlporm - igvsxy nnkaro . zkdtto dnisew - xoqigx xuzuzxxas , hclrzb zbccimyu uzfvwr dhaky yfqhfrsrl qunuu drnrifw rnszruv fvzyarf nxcclaq ydszbqc ichsqad juzkmw zeueepi ooyscd lwgjjdps miaullj zsoxlasv deikbxsj jywoerr entwgvii vcmgde zlqlisjwn ruqgplxxd rzawxh - hfoubzu utwufn qaqtthdm ufqkkeg wiqbwabeq hkogtwzj lbucfvy epophlzmi vnlrxokq - jqclwqku",Promotion
"from switzerland hi swiss pharm , did this ring a bell in your mind ? curious ? - read on . . in the heart of switzerland since 1931 . our online store carries a wide assortment of medicines . with laxed laws we ask no questions leave the discretion up to the individual . iron - clad swiss privacy security laws allow for complete safety of personal information . weekly specials include : all pain - klllers , sleep - aids ( amb / val ) , sexx - aids ( ci / vi ) . we ship around the world , quickly discretley . we hope you enjoy our products . bulk discounts on mid - large orders http : / / shaun . 6 mg . net / p / 864 / shaun regards shaun conklin trusted , tried proven did this reach you in error ? please let us know and your contact email will be discarded http : / / shaun . 6 mg . net / z . php",Promotion
"fifty dollars for office xp hannibal microsoft software at superb prices : but how ? oem software comes to you without all the bells and whistles . you don ' t get the fancy packaging or a manual . instead , you receive just a cd with your brand new software and a unique registration code . because of this , we ' re able to give this software away for just a fraction of the retail price , and we don ' t charge for shipping . officexp microsoft office xp professional puts the features you need within reach at all times . new and improved tools in access allow you to build and manage lists and databases , or analyze information from databases such as microsoft sql server . new context - sensitive smart tags pop up with options you need right when you need them . no digging through menus . tasks that once required multiple steps are just one click away with the new taskpane . retail : $ 580 | order for just $ 50 | you save : $ 520 windowsxp designed for businesses of all sizes and for home users who demand the most from their computing experience , windows xp professional delivers the new standard in reliability and performance . it includes all the great features and new visual design of windows xp home edition , plus premier security and privacy features , advanced recovery options , improved ability to connect to large networks , and much more . retail : $ 270 | order for just $ 60 | you save : $ 210 windows server 2003 windows server 2003 is the most productive infrastructure platform for powering connected applications , networks , and web services from the workgroup to the data center . easy to deploy , manage , and use , windows server 2003 helps you build a secure it infrastructure that provides a powerful application platform for quickly building connected solutions and an information worker infrastructure for enhanced communication and collaboration anytime and anywhere . retail : $ 860 | order for just $ 60 | you save : $ 800 many more titles available view our whole software catalogue concurred predictor competitionsabine rescind wicksashay psychopath",Promotion
"the situation is right under your own control perfumery so they go back to her place and have great . afterwards , seansays , if you thinkthat was good , let me sleep for halfan hour , and wecan have evenbetter . butwhile i ' m sleeping , holdmyballsinyour lefthandandmydick in your right hand . kylie looks a bit perplexed , but says , okay . he sleeps for half an hour , awakens , and they have even better . then sean says , kylie , that was wonderful . but if you let me sleep for an hour , we can have the best yet . but again , hold my balls in your left hand , and my dick in your right hand . kylie is now used to the routine and complies . the results are mind blowing . once it ' s all over , and the cigaaretes are lit , kylie asks se an , tellme , does myholding your balls in my lefthand and your dick in myrightstimulate youwhile you ' re sleeping ? sean replies , no , butthelast timeisleptwith a from melbourne , she stole my wallet . but the foes were too many to be repulsed for long svakodnevno hrist szol nori lettuce out of here !",Promotion
"from andy monga from andy monga tel 22507436373 abidjan , cote d ' ivoire west africa dear friend , permit me to inform you of my desire of going into business relationship with you . i am mr andy monga , the only son of late mr and mrs banabas monga . my father was a very wealthy cocoa merchant in abidjan , the economic capital of ivory coast , my father was poisoned to death by his business associates in one of their outings on a business trip . my mother died when i was a baby and since then , my father took me so special . before the death of my father on january 2002 in a private hospital here in abidjan , he secretly called me on his bedside and told me that he has the sum of eighteen million , five hundred thousand us dollars ( us $ 18 , 500 , 000 ) left in a fixed / suspense account in one of the prime banks here in abidjan , that he used my name as his only son for the next of kin in depositing the fund . he also explained to me that it was because of this wealth that he was poisoned by his business associates . that i should seek for a foreign partner in a country of my choice where i will transfer this money and use it for investment purpose such as real estate management or hotel management . i am honourably seeking your assistance in the following ways : 1 ) to serve as a guardian of this fund since i am only 20 years old 2 ) to make arrangement for me to come over to your country to further my education and to secure a resident permit for me in your country . moreover , i am willing to offer you 15 % of the total sum as compensation for your effort / input after the successful transfer of this fund into your nominated account overseas and 5 % for expenses . furthermore , you indicate your options towards assisting me as i believe that this transaction would be concluded within ( 24 ) days you signify interest to assist me . anticipating to hear from you soon . thanks and god bless ! andy monga",Promotion
"dear friend , dear friend , i wish to begin by way of introduction . i am williems tomu the first and only surviving son of late marc tomu one of the foremost and rich black farmers in zimbabwe recently murdered in the land dispute in zimbabwe . before the death of my father , he had taken me to johannesburg - south africa , to deposit the sum of us $ 24 million ( tweenty four million united states dollars ) in one of the private security companies , as family valuables . when he realized the looming danger in zimbabwe . this amount was meant for the purchase of new machineries and chemicals for the farms and also for the establishment of new farms in swaziland . this land dispute started when president robert mugabe introduced a new land reform , which was particularly targeted at the rich white farmers and a few black farmers ( my father included ) . this resulted in the gruesome killing of rich farmers ( mainly whites ) and the unlawful possession of their properties by mugabe ? s war veterans , under the disguise of fighting for the interest of the country . it is against this background that i fled the country with my family , to the netherlands where we are currently seeking asylum . i have decided to seek foreign assistance , as the netherlands law prohibits asylum seekers from operating bank accounts or involve in financial transaction of any kind , hence this letter to you . all i need is your trustworthiness to be able to entrust the above said amount and help me with investment opportunities . my family ? s survival depends on this money as we have virtually lost all our assets . there are two options , firstly , you can choose to accept 30 % of the total amount for your assistance or go into partnership for the proper investment of the money in your country . we shall discuss in detail the modalities involved when you reply providing me with your telephone fax numbers . i await your reply through this email below willamstomuj @ netscape . net , ) ( williamstomul @ netscape . net ) while i implore you to maintain the absolute secrecy required to ensure a safe and hitch free transaction . i shall furnish you with more details on request . yours truly mr . williems tomu",Promotion
"christmass s @ | e - wndows nt 4 . 0 enterprise server christmass s @ | e - w ! ndows xp home we have everything ! windows x ' p professional 20 o 2 . . . . . . . . . . . 5 o adobe photoshop 7 . 0 . . . . . . . . . . . . . . . . . . . . . . . . 60 microsoft office x ' p pro 2 oo 2 . . . . . . . . . . . . . . 60 corel draw graphics suite 11 . . . . . . . . . . . . . 60 full information : http : / / inequality . bestsoftshop . info / your paypal account arnold callahan stockbroker biosupplynet , a sciquest company , rtp , 27709 , united states of america phone : 218 - 821 - 3963 mobile : 747 - 674 - 4118 email : rxqlwxca @ gee - wiz . com this message is beng sent to confirm your account . please do not reply directly to this message this shareware is a 16 minute usage freeware notes : the contents of this reply is for attention and should not be depend marginalia hide midway hastings time : sat , 11 dec 2004 00 : 56 : 56 + 0200",Promotion
"cheap , cheap , discount software . name brand software at generic prices compensate opt - in email offer for may 2004 unsubscribe me search software top 10 titles on sale now ! 1 windows xp pro 2 office xp pro 3 photoshop 8 . 0 cs 4 flash mx 20045 acrobat 6 . 06 corel graphics 127 systemworks pro 2004 edition 8 windows 2000 pro 9 cakewalk home studio 200410 adobe primer see more by this manufacturer microsoft adobe customers also bought these other items . . . share your thoughts write a review e - mail a friend about this item microsoft windows xp professional oem microsoft choose : see other options list price : $ 279 . 00 price : $ 49 . 99 you save : $ 229 . 01 ( 85 % ) availability : available for instant download ! coupon code : is 229 media : cd - rom / download system requirements | accessories | other versionsfeatures : designed for businesses of all sizes manage digital pictures , music , video , dvds , and more more security with the ability to encrypt files and folders built - in voice , video , and instant messaging support integration with windows servers and management solutions sales rank : # 1 shipping : international / us or via instant download date coupon expires : may 30 th , 2004 average customer review : based on 1 , 368 reviews . write a review . microsoft office xp professional oem microsoft choose : see other options list price : $ 549 . 00 price : $ 69 . 99 you save : $ 479 . 01 ( 87 % ) availability : available for instant download ! coupon code : is 229 media : cd - rom / download system requirements | accessories | other versionsfeatures : delve into databases with ease new context - sensitive smart tags new task panes new outlook condenses all your personal and professional e - mail into one central location - - even web - based e - mail includes word , excel , outlook , powerpoint , and access sales rank : # 2 shipping : international / us or via instant download date coupon expires : may 30 th , 2004 average customer review : based on 887 reviews . write a review . adobe photoshop cs 8 . 0 adobe choose : see other options list price : $ 599 . 00 price : $ 59 . 99 you save : $ 539 . 01 ( 90 % ) availability : available for instant download ! coupon code : is 229 media : cd - rom / download system requirements | accessories | other versionsfeatures : improved file management , new design possibilities , and a more intuitive way to create for the web support for 16 - bit images , digital camera raw data , and non - square pixels create or modify photos using painting , drawing , and retouching tools customized workspace ; save personalized workspace and tool settings ; create customized shortcuts unparalleled efficiency - - automate production tasks with built - in or customized scripts sales rank : # 3 shipping : international / us or via instant download date coupon expires : may 30 th , 2004 average customer review : based on 498 reviews . write a review . macromedia flash mx 2004 pro macromedia choose : see other options list price : $ 699 . 00 price : $ 49 . 99 you save : $ 649 . 01 ( 90 % ) availability : available for instant download ! coupon code : is 229 media : cd - rom / download system requirements | accessories | other versions features : top - of - the - line flash development environment for advanced content and applications tools for creating forms - based data - driven applications , interactive presentations , high quality video experiences and more build effective data - driven applications with familiar forms - based development , powerful data - binding , and microsoft visual sourcesafe integration add interactivity and customized interfaces to high quality video broad device deployment is easy with device - specific emulators , templates and sample content sales rank : # 4 shipping : international / us or via instant download date coupon expires : may 30 th , 2004 average customer review : based on 217 reviews . write a review . arboreal aim apocalypse calorimeter inarticulate ali fungicide vivace checkbook germinate colossal menial prudent claw nowaday hettie sleight cauchy curse insect mccall sicily convey dish wander schiller thruway digress ervin chutney broadway council tipoff pigeonfoot freud tradesman gang degeneracy thy declarative bustle extraterrestrial arsenal accept beneficent chirp netherworld eveready hager medium",Promotion
"pain medication probiems watch my pa ! n tolerancy v * ! * c * o ' p . r . o , f ' e ' n 7 . 5 / 2 oo m ' gg 3 o pills 119 . 00 6 o pills 229 . 95 90 pllis 339 . oo contact : http : / / spacecraft . forkesparrked 44 anew . com same day shipping p . u ' r * g . e : http : / / mamma . forkesparrked 44 anew . com / tx your bankofamerica account thomas marsh lordchamberlain alsmedherbs private limited , dindigul - 624 001 , india phone : 837 - 748 - 2181 mobile : 171 - 961 - 3611 email : vnxjnoaayq @ dwp . net please do not reply to this message this version is a 74 month trial version notes : the contents of this message is for your exclusive use and should not be personal kimono medicinal awoke crematory time : sat , 14 may 2005 10 : 11 : 36 - 0500",Promotion
"personal contact dear sir / madam , you may be surprise to receive this letter from me since you do not know me personally . the purpose of my mail is that i am mr . peter stevens , the second son of dr . dennis stevens , who was murdered some time ago in the land dispute in zimbabwe . i am writing from holland ( the netherlands ) where i am currently based as a political asylum seeker . before the death of my father , he took me to amsterdam in holland to deposit the sum of ( us $ 18 . 9 m ) eighteen million , nine hundred thousand united states dollars only , in a private security and finance company . may be he for - saw the looming danger in zimbabwe ? but this money was put in a box as gemstones before it was deposited to avoid much tax and demurrage from the security company . this money was initially meant to purchase new machines and chemicals for the farms and also to establish a new farm in swaziland . the land problem came when the government of zimbabwe under the leadership of president robert mugabe , introduced a new land use decree / act that , affected a lot of rich white farmers and some few blacks . this resulted to the mob action and killing by zimbabwe war veterans and some lunatics in the society , so to say . infact , a lot of people were killed in this land reform act , including my father . it is against this back - ground , that i consulted with my family to transfer this money out of holland to a foreign account since i am now staying in holland and the law of netherlands , forbids a refugee ( asylum seeker ) to have such a money in an account . i am therefore saddled with the responsibility by my family to seek for a genuine person with foreign account to handle this transaction . i am faced with the dilemma of investing this amount of money in the netherlands because ; i will not like to go through the same experience in future since both countries have similar history . moreover , the netherlands foreign exchange does not allow such investment from asylum seekers . i must let you know that this transaction is risk free . if you accept to assist me and my family , you will need to come to amsterdam the netherlands to open a non resident account which will aid us in the transfer of the money into any account you will provide . this money is meant for investment purpose in any lucrative business of your choice . i have two options of offers for your assistance . you may go into partnership with me in any business you decides to invest the money on with the shearing of the profit carefully spelt out if agreed upon , or you may decide to have 20 % of the total sum , 70 % will be for me and my family and the remaining 10 % will be set aside for un - forseen expenses that may be incurred in the cause of pursuing this transaction to a successful end . you may contact me on the above medias so that i know what your decision is , about this proposal . please note that your field of specialization is not a hindreance to this transaction . thank for your anticipated co - operations . peter stevens .",Promotion
"next of kin attn ; dear sir / madam . i am mr . michael fisher , in charge of bills and foreign exchange remittance department of barclay ' s bank . i am writing you this letter to ask for your support and co - operation to carry out this business opportunity in my department . we discovered an unclaimed sum of 24 . 5 million ( twenty - four million five hundred thousand british pounds sterling ) in an account belonging to one of our customer , who died in a car crash with the entire family in year 2001 . since we got information about his death we have been expecting his next of kin to come over and claim his money . unfortunately , neither the family nor the relation has appeared to claim this money . we cannot release this money unless somebody applies as the next of kin or relation to the deceased . our banking guidelines indicated that if such money remained unclaimed for a period of four ( 4 ) years , it would be transferred into barclay ' s bank treasury as unclaimed fund . another officer and i in the department now decided to transfer this money into your account as the next of kin or relation of the deceased for easy collection since nobody is coming for it and we don ' t want this money to go back into the bank treasury as the unclaimed debt . in fact it is my friend that advised me to urgently arrange to transfer out this money through another foreign beneficiary outside the country . we have decided to give you 20 % of the total sum . so please , as a matter of urgency send to me your telephone and fax numbers for effective communication . i will do my best to see that we conclude this transaction successfully on time . please if you are interested send me an immediate mail so that i can explain the details to you , so you could understand everything about this business waiting for your urgent response . thank you . michael fisher send your relies to my private mail box : michaelfisher @ walla . com",Promotion
"business dear sir , my name is basheer mohammed said bsharat ( jnr ) and i am a 24 yrs old jordain on exile in dubai , uae . i write you because i need urgent help . my father is late basheer mohammed said bsharat who before his death was a major oil merchant in my country jordan . i believe my father was murdered by his jealous brothers who at the moment are after my life too . i own a trust fund which my father opened for me in one of the big arab banks in jordan but i cannot access thisfund because i am not old enough yet . i need an older person to pose as my guardian so that i can collect this fund before my uncles see me and make me sign documents that i do not want to sign . i will disclose the bank , account details and amount to anyone who can help me secure the release of this fund . it is all that i have left . i will send my positive identification i . e my international passport copy and drivers license to prove that i am who i say i am . i await your positive response . basheer",Promotion
"investor here . from : mr . richard mayer dear friend , i am mr . richard mayer , the accountant general of nedbank of south africa . i request your co - operation in the transfer of money amounting to u . s . d . 32 million . on september 2001 , an american pilot , mr . roy kenob , an american ational made a fixed deposit of u . s d 32 million in ned bank of south africa . on maturity i sent a routine notification to his forwarding address but gotno reply . after a month , i sent a reminder and finally his employers wrote to inform us that mr . kenob died in a plane crash , that he died without making a will while our attempt to trace his next of kin through american embassy proved fruitless . when he was making deposition in my bank , he did not declare his next of kin in his deposit application form , when i reminded him he said he wished it so , in the conservative manner of our bank , i did not turn down his request rather honor it considering his high net worth . the point is that his employer are not aware of his deposit with us , therefore i am the only person who know about mr . roy ' s deposit of u . s . d 32 , 000 , 000 . 00 which is now lying in dormant account portfolio , the whole account relating to mr . kenob ' s deposit is also with me . i am looking forward for a foreigner who will stand in as the next of kin to mr . roy . i have worked out modalities of achieving my aim by appointing you as the next of kin to mr . roy as well as transfer the u . s . d 32 , 000 , 000 . 00 abroad for us to share . i will use an attorney who will represent you as the beneficiary to execute series a written will and attestament of late mr . roy kenob , in support of your claim including certificate of origin of the money , letter of probate which empowers you as the sole trustee / executor to the estate of mr . roy kenob . please note that you will not be required to sign any transfer document , as the appointed attorney will do all that . if you agree to act as the next of kin / beneficiary to enable me transfer / convert the money to our own benefit / use . i will give you 30 % of usd 32 m , 60 % will be for me while 10 % will be to take care of all unforeseen expenses as we may incure in the course of concluding this transaction . i am urgently waiting for your positive reply on the address below . regards , mr . richard mayer richardmayer @ walla . com",Promotion
"re : oem photoshop , photoshop , font - size : 10 px ; text - transform : uppercase ; color : # ffffff ; font - family : verdana , arial , helvetica , sans - serif ; text - decoration : none } a . eyebrow : link { text - decoration : none } opt - in email special offer unsubscribe me search software top 10 new titles on sale now ! 1 office pro 20032 windows xp pro 3 adobe creative suite premium 4 norton antivirus 20055 flash mx 20046 corel draw 127 adobe acrobat 7 . 08 windows 2003 server 9 alias maya 6 wavefrtl 0 adobe premiere see more by this manufacturer microsoft apple software customers also bought these other items . . . microsoft office professional edition * 2003 * microsoft choose : see other options list price : $ 899 . 00 price : $ 69 . 99 you save : $ 830 . 01 ( 92 % ) availability : available for instant download ! coupon code : ise 229 media : cd - rom / download system requirements | accessories | other versionsfeatures : analyze and manage business information using access databases exchange data with other systems using enhanced xml technology control information sharing rules with enhanced irm technology easy - to - use wizards to create e - mail newsletters and printed marketing materials more than 20 preformatted business reports sales rank : # 1 shipping : international / us or via instant download date coupon expires : june 30 th , 2005 average customer review : based on 1 , 768 reviews . write a review . microsoft windows xp professional or longhorn edition microsoft choose : see other options list price : $ 279 . 00 price : $ 49 . 99 you save : $ 229 . 01 ( 85 % ) availability : available for instant download ! coupon code : ise 229 media : cd - rom / download system requirements | accessories | other versionsfeatures : designed for businesses of all sizes manage digital pictures , music , video , dvds , and more more security with the ability to encrypt files and folders built - in voice , video , and instant messaging support integration with windows servers and management solutions sales rank : # 2 shipping : international / us or via instant download date coupon expires : june 30 th , 2005 average customer review : based on 868 reviews . write a review . adobe photoshop cs 2 v 9 . 0 adobe choose : see other options list price : $ 599 . 00 price : $ 69 . 99 you save : $ 529 . 01 ( 90 % ) availability : available for instant download ! coupon code : ise 229 media : cd - rom / download system requirements | accessories | other versionsfeatures : customized workspace ; save personalized workspace and tool settings ; create customized shortcuts unparalleled efficiency - - automate production tasks with built - in or customized scripts improved file management , new design possibilities , and a more intuitive way to create for the web support for 16 - bit images , digital camera raw data , and non - square pixels create or modify photos using painting , drawing , and retouching tools sales rank : # 3 shipping : international / us or via instant download date coupon expires : june 30 th , 2005 average customer review : based on 498 reviews . write a review .",Promotion
"uptick sharess mnei - the best small cap stock in 20 o 5 just keep reading the profile and the news of this company and you will see for yourseif this stock is undiscovered stock gem - just starting to trade miilennium nationa | events , inc . - symbol : mnei milienniums current roster of event sponsors inciudes such names as : wm wrigiey , american express , office depot , verizon , italian rose , twa , power sports , pizza hut , coca - cola , samuel adams , ciear channel communications , viacom , infinity broadcasting , budweiser , cox broadcasting , nbc local affiliates , brown foreman ( jack danieis ) , southern wine spirits , viking ovens and bergwater vineyards . and just read the friday news . . . read the entire news below news . . miliennium nationa | events enters negotiations to acquire match point , inc . owner of the miliennium international tennis tournament yes you read it right - this is serious company with some serious business symbol : mnei current price : $ 0 . 47 1 - 2 weeks speculative targer price : sky is the limit on this stock $ 2 - 3 is realiy possibe ( if you look at | eve | 2 you wiil see why ) miliennium nationa | events , inc . ( mnei ) is an event company that is currentiy transforming the world of specia | events and corporate sponsorship . the company is a fu | | y integrated event promoter which owns , partially or entireiy , and / or operates a diversified network of events and event promoters in the states of florida , new york , indiana , coiorado , caiifornia and washington dc . through its diverse segments , miilennium ' s footprint is expanding in | ive entertainment , inciuding sports and music . whiie miliennium national events owns and is constantiy acquiring existing events , our upcoming calendar inciudes events with img , ciear channel , sfx , the atp , nfl , pga , lpga , and nascar . symbol : mnei current price : $ o . 47 1 - 2 weeks specuiative targer price : sky is the limit on this stock $ 2 - 3 is reaily possibe ( if you | ook at | evel 2 you wi | | see why ) news delray beach , fla . , jan 21 / prnewswire - firstcail / - - miilennium nationa | events ( 0 tc pink sheets : mnei ) today announced that it has entered into negotiations to acquire al | or part of a working interest in match point , inc . , the owner of the atp sanctioned event known as the mi | | ennium internationa | tennis tournament . miliennium earlier became the titie sponsor of the match point , inc . event and has now furthered its interest in the company by entering into acquisition negotiations . both local delray beach - based companies could integrate the two entities . basica | | y we ' re both from the same industry , and together i believe we couid be bigger and accomplish more than as stand - aione companies , said robert mcaliister , ceo president of mi | | ennium national events . mark baron , president of match point , inc . , says of the negotiations , we are considering miliennium ' s offers and believe that there could be a possible f i t here for our company and our share holders . mca | | ister also feeis the purchase of match point is a good move for both miilennium sharehoiders and match point . this acquisition is consistent with our overa | | business pian . it has aiways been our intent to target and acquire successfu | , high - profile events and their promoters ; we ' ve had our eye on match point for almost one year now . consolidation is the key , not only to our bottom line , but also to the success of each individua | event . exact terms have been not yet been announced , but miliennium sees the match point acquisition ultimately being abie to bring net revenues to mnei ' s bottom | ine . mnei sees both the internationa | teievision audience and the abiiity to attract a fortune 5 oo as a potentia | source of even greater , and as of yet , untapped revenue . mcaliister expects the dea | to be consummated in this quarter . the atp tournament is being held jan . 31 - feb . 6 at the deiray beach tennis center . the draw for the 13 th annual miilennium itc includes top americans vince spadea , currently no . 19 in the worid , two - time itc champion jan - michae | gambiil and james blake . aiso entered in the tournament are jiri novak ( czech republic ) , currently at no . 25 , two - time millennium itc finalist xavier maiisse ( belgium ) and defending champion ricardo me | | o ( brazil ) . the tournament sti | | hoids two wildcards that can be offered to other top piayers in the weeks leading up to the event . read this lega | info information within this email contains forward | ooking statements within the meaning of section 27 a of the securities act of 1933 and section 21 b of the securities exchange act of 1934 . any statements that express or involve discussions with respect to predictions , goais , expectations , beliefs , plans , projections , objectives , assumptions or future events or performance are not statements of historical fact and may be forward | ooking statements . forward looking statements are based on expectations , estimates and projections at the time the statements are made that invoive a number of risks and uncertainties which could cause actual resuits or events to differ materialiy from those presentiy anticipated . forward | ooking statements in this action may be identified through the use of words such as : projects , foresee , expects , estimates , believes , understands will , part of : anticipates , or that by statements indicating certain actions may , could , or might occur . a | | information provided within this emai | pertaining to investing , stocks , securities must be understood as information provided and not investment advice . emerging equity aiert advises all readers and subscribers to seek advice from a registered professional securities representative before deciding to trade in stocks featured within this email . none of the materia | within this report shail be construed as any kind of investment advice . piease have in mind that the interpretation of the witer of this newsietter about the news published by the company does not represent the company officia | statement and in fact may differ from the real meaning of what the news reiease meant to say . look the news reiease by yourseif and judge by yourself about the detaiis in it . p in compiiance with section 17 ( b ) , we disciose the hoiding of mnei shares prior to the pubiication of this report . be aware of an inherent conflict of interest resuiting from such holdings due to our intent to profit from the liquidation of these shares . shares may be soid at any time , even after positive statements have been made regarding the above company . since we own shares , there is an inherent conflict of interest in our statements and opinions . readers of this publication are cautioned not to place undue reliance on forward - | ooking statements , which are based on certain assumptions and expectations invoiving various risks and uncertainties , that could cause results to differ materialiy from those set forth in the forward - looking statements . please be advised that nothing within this email shall constitute a solicitation or an invitation to get position in or sell any security mentioned herein . this newsletter is neither a registered investment advisor nor affiliated with any broker or dealer . this newsietter was paid $ 52600 from third party to send this report . a | | statements made are our express opinion only and should be treated as such . we may own , take position and se | | any securities mentioned at any time . this report includes forward - | ooking statements within the meaning of the private securities litigation reform act of 1995 . these statements may include terms as expect , believe , may , wiil , move , undervaiued and intend or similar terms . if you wish to stop future mailings , or if you fee | you have been wrongfuily piaced in our | i s t , piease gohere ( - stoxo 006 @ yahoo . com - )",Promotion
"small - cap market advisors hidden gem - new opportunity investor alert ( 4 / 19 / 05 ) the childrens internet , inc . ( citce . ob ) near term price proj : $ 1 o shares outstanding : 26 , 578 , 138 market cap : $ 81 , 000 , 00 o in january ' 05 blue horeshoe loved report # 45 ( snsta . ob ) at a price of $ 7 per share . snsta reached a high of $ 42 per share in just a few weeks a gain of over 6 oo % . the featured stock in this report is ( citce . ob ) blue horseshoe loves report # 46 ( citce . 0 b ) a few reasons to own citce : - citce is piosed for explosive growth in the internet technology sector - citce recently received critical acclaim by pc magazine rated higher than the competitive offerings of aol , earthlink and msn , winning the prestigious editors choice award over all the competition landing them a spot on the cover - 2 : 1 forward split effective 3 / 7 / 2 oo 5 total shares outstanding post - split 26 , 578 , 138 - market cap as of march 17 th , 20 o 5 of approximately $ 50 million - the creator of the childrens internet software , and its licensor , is two dog net , inc . founded in 1995 which invested approximately $ 8 million in rd for tci and safe zone security software . - tci forecasts it will achieve positive cash flow and profitability within one year , and have 333 , ooo paying subscribers at the end of its first year of operations . - 85 % of all parents with children fewer than 11 years of age have expressed concern for their childs internet safety and 45 % of all parents feel the internet is critical for educational purposes . - the children ' s internet protection act ( cipa ) is a federal law recently enacted by congress in to address concerns about access in schools and libraries to the internet and other information . the federal communications commission ( fcc ) issued rules to ensure that cipa is carried out . - five million subscribers ( 1 o % of the domestic universe ) generate approximately $ 300 million in annual net revenues to tci . about citce : the childrens internet , inc . ( tci ) is the exclusive world - wide marketer and distributor of the childrens internet , a one of a kind , safe online service offering secure , real time access to pre - selected , pre - approved , age - appropriate educational and entertaining web sites for children pre - school through junior high . the childrens internet provides a child with a rich array of easy to use applications , including secure e - mail , homework help , games , news , learning activities and virtually limitless educational resources all within its loo % safe , predator - free online community protected by the patent - pending , proprietary safe zone technology . the childrens internet gives parents the best solution available today which lets their child enjoy the tremendous educational and entertaining benefits of the internet without encountering elements that could destroy their innocence forever . the company is positioned to be the unprecedented global brand leader in the online education and security category for parents , children , and educators . equally important , not only is the product secure , the childrens internet meets the highest educational standards while meeting every childs desire for independence , fun , creativity , and adventure . with disneyesque characteristics , its interactive tools give kids everything they need to succeed in todays world . tci empowers children to learn , grow and insures that no child will be left behind . valuation : keep a real close eye on citce , as one never knows when a sleeping giant will be awakened ! as always watch this stock trade ! ! ! conclusi 0 n : like many exciting opportunities that we uncover , citce is a company whose primary business activity is software technology . we believe that good things could happen including a higher market capitalization and potential rapid stock price appreciation , as the investing public becomes more aware of citces potential . if you wish to stop future mailings , please mail to news _ let 3 @ yahoo . com",Promotion
"there ' s nothing like a hot penny stock franklin , before we continue - very important - it is expected that ( u a c p ) will have very large pr campaign in the next 10 days and some very positive news are expected . watch out for it . jump on board while this stock is below $ 1 - huge promo over the weekend expected expect it to soar on monday and tuesday next week , jump in today : voice over internet protocol - voip - service goes live symbol : ( u a c p ) current price : $ 0 . 22 10 days target price : $ 1 . 25 3 months target price : $ 1 . 66 u a c p currently trading at $ 0 . 22 and is headed to $ 1 . 25 the company released ground breaking news about its voip division ! ! although some would argue that voip is still maturing , corporate users are extremely interested in implementing the technology , creating exponential growth . within the last four years , voip minutes increased from less than 0 . 5 to 2 percent of outbound international calls , according to research from telegeography . additionally , predictions as to the size of the market itself vary , with allied business intelligence projecting the voip market to grow from $ 3 . 7 billion in 2000 to $ 12 . 3 billion in 2006 and synergy research projecting the voip equipment market to grow to $ 13 . 3 billion by 2005 . uauthorize corporation is an e - business holding company that builds or acquires multiple websites , software titles , and e - commerce solutions that leverage the internet to maximize the success of e - business operations . uauthorize is also a results - oriented marketer of technology products and services . through its comprehensive portfolio of products and services , uauthorize attracts a highly qualified audience of technology product and service buyers . the company ' s successful business model is based on multiple growth drivers , including growth in technology products and service , cross - selling additional products and new affiliate signings . profile : uauthorize corp symbol : ( u a c p ) current price : $ 0 . 22 rating : undervalued we believe the speculative near term target price is - $ 1 . 25 we believe the speculative long term target price - $ 1 . 50 voice over internet protocol - voip - service goes live we believe this is our best pick since march 2004 ! ! this is real company with real products and its stock is headed up information within this email contains forward looking statements within the meaning of section 27 a of the securities act of 1933 and section 21 b of the securities exchange act of 1934 . any statements that express or involve discussions with respect to predictions , goals , expectations , beliefs , plans , projections , objectives , assumptions or future events or performance are not statements of historical fact and may be forward looking statements . forward looking statements are based on expectations , estimates and projections at the time the statements are made that involve a number of risks and uncertainties which could cause actual results or events to differ materially from those presently anticipated . forward looking statements in this action may be identified through the use of words such as : projects , foresee , expects , estimates , believes , understands will , part of : anticipates , or that by statements indicating certain actions may , could , or might occur . all information provided within this email pertaining to investing , stocks , securities must be understood as information provided and not investment advice . we advise all readers and subscribers to seek advice from a registered professional securities representative before deciding to trade in stocks featured within this email . none of the material within this report shall be construed as any kind of investment advice . please have in mind that the interpretation of the witer of this newsletter about the news published by the company does not represent the company official statement and in fact may differ from the real meaning of what the news release meant to say . ple @ se re @ d the news release by yourself and judge by yourself about the details in it . in compliance with section 17 ( b ) , we disclose the holding of u a c p shares prior to the publication of this report . be aware of an inherent conflict of interest resulting from such holdings due to our intent to profit from the liquidation of these shares . shares may be sold at any time , even after positive statements have been made regarding the above company . since we own shares , there is an inherent conflict of interest in our statements and opinions . readers of this publication are cautioned not to place undue reliance on forward - looking statements , which are based on certain assumptions and expectations involving various risks and uncertainties , that could cause results to differ materially from those set forth in the forward - looking statements . please be advised that nothing within this email shall constitute a solicitation or an offer to b u y or sell any security mentioned herein . this newsletter is neither a registered investment advisor nor affiliated with any broker or dealer . all statements made are our express opinion only and should be treated as such . we may own , b u y and sell any securities mentioned at any time . this report includes forward - looking statements within the meaning of the private securities litigation reform act of 1995 . these statements may include terms as expect , believe , may , will , move , undervalued and intend or similar terms . this newsletter was paid $ 12500 from third party to send this report . please do your own due diligence before investing in any profiled company . you may lose money from investing in penny stocks . if you wish to stop future mailings , or if you feel you have been wrongfully placed in our list , please go here ( - aol 98098909 sdf . com / optl / rm . html - )",Promotion
"email marketing style type = text / css ! - - p { font - size : 12 px ; } - - / style / head body pbfont size = + 1 email marketing ! / font / bbr br nbsp ; we offer you e - mail addresses databases for advertisement mailing ; we sell databases also carry out mailing and hosting for the advertising projects . br br productsbr br font color = # 000099 world email lists . nbsp ; their validity and originality are verified / font . font face = arial blacka href = http : / / emailmarketing . 6 to 23 . com / target = _ blankfont face = georgiabdetails please go to our website / b / font / a / fontbr br font color = # 000099 country or area total emails / fontbr br america nbsp ; nbsp ; nbsp ; 175 million email address span class = basetxt / spanbr europe nbsp ; nbsp ; nbsp ; 156 million email address br asia nbsp ; nbsp ; nbsp ; nbsp ; 168 million email address br china ( prc ) nbsp ; 80 million email address nbsp ; span class = basetxt / spanbr hongkong nbsp ; nbsp ; 3 . 25 million email address span class = basetxt / spanbr taiwan nbsp ; nbsp ; nbsp ; 2 . 25 million email address span class = basetxt / spanbr japan nbsp ; nbsp ; nbsp ; nbsp ; 27 million email addressnbsp ; br australianbsp ; nbsp ; nbsp ; 6 million email address br canda nbsp ; nbsp ; nbsp ; nbsp ; 10 million email address span class = basetxt / spanbr russia nbsp ; nbsp ; nbsp ; nbsp ; 38 million email address span class = basetxt / spanbr england nbsp ; nbsp ; nbsp ; 3 . 2 million email address br germannbsp ; nbsp ; nbsp ; nbsp ; 20 million email address nbsp ; span class = basetxt / spanbr france nbsp ; nbsp ; nbsp ; nbsp ; 38 million email address br india nbsp ; nbsp ; nbsp ; nbsp ; 12 million email address span class = basetxt / spanbr other country or area nbsp ; br br nbsp ; nbsp ; nbsp ; nbsp ; nbsp ; nbsp ; nbsp ; nbsp ; nbsp ; nbsp ; nbsp ; nbsp ; nbsp ; nbsp ; nbsp ; nbsp ; nbsp ; nbsp ; nbsp ; nbsp ; nbsp ; nbsp ; nbsp ; nbsp ; nbsp ; span class = basetxt / spanbr font color = # 000099 category name total emails total price / font br br apparel , fashion , textiles and leather nbsp ; 4 , 654 , 565 br automobile amp ; transportation nbsp ; nbsp ; nbsp ; nbsp ; nbsp ; nbsp ; 6 , 547 , 845 br business services nbsp ; nbsp ; nbsp ; nbsp ; nbsp ; nbsp ; nbsp ; nbsp ; nbsp ; nbsp ; nbsp ; 6 , 366 , 344 br chemicals nbsp ; nbsp ; nbsp ; nbsp ; nbsp ; nbsp ; nbsp ; nbsp ; nbsp ; nbsp ; nbsp ; nbsp ; nbsp ; nbsp ; nbsp ; 3 , 445 , 565 br computer amp ; ; nbsp ; nbsp ; nbsp ; nbsp ; nbsp ; 654 , 655 br construction amp ; real estate nbsp ; nbsp ; nbsp ; nbsp ; nbsp ; nbsp ; nbsp ; 3 , 443 , 544 br consumer electronics nbsp ; nbsp ; nbsp ; nbsp ; nbsp ; nbsp ; nbsp ; nbsp ; nbsp ; nbsp ; 1 , 333 , 443 br energy , minerals amp ; metals nbsp ; nbsp ; nbsp ; nbsp ; nbsp ; nbsp ; nbsp ; 6 , 765 , 683 br environment nbsp ; nbsp ; nbsp ; nbsp ; nbsp ; nbsp ; nbsp ; nbsp ; nbsp ; nbsp ; nbsp ; nbsp ; nbsp ; nbsp ; 656 , 533 br food amp ; agriculture nbsp ; nbsp ; nbsp ; nbsp ; nbsp ; nbsp ; nbsp ; nbsp ; nbsp ; nbsp ; nbsp ; 1 , 235 , 354 nbsp ; nbsp ; nbsp ; nbsp ; nbsp ; nbsp ; nbsp ; nbsp ; nbsp ; br gems amp ; jewellery nbsp ; nbsp ; nbsp ; nbsp ; nbsp ; nbsp ; nbsp ; nbsp ; nbsp ; nbsp ; nbsp ; nbsp ; 565 , 438 br health amp ; beauty nbsp ; nbsp ; nbsp ; nbsp ; nbsp ; nbsp ; nbsp ; nbsp ; nbsp ; nbsp ; nbsp ; nbsp ; 804 , 654 br home supplies nbsp ; nbsp ; nbsp ; nbsp ; nbsp ; nbsp ; nbsp ; nbsp ; nbsp ; nbsp ; nbsp ; nbsp ; nbsp ; 323 , 232 br industrial suppliesnbsp ; nbsp ; nbsp ; nbsp ; nbsp ; nbsp ; nbsp ; nbsp ; nbsp ; nbsp ; nbsp ; 415 , 668 br office supplies nbsp ; nbsp ; nbsp ; nbsp ; nbsp ; nbsp ; nbsp ; nbsp ; nbsp ; nbsp ; nbsp ; nbsp ; 1 , 559 , 892 br packaging amp ; papernbsp ; nbsp ; nbsp ; nbsp ; nbsp ; nbsp ; nbsp ; nbsp ; nbsp ; nbsp ; nbsp ; nbsp ; 5 , 675 , 648 br printing amp ; publishing nbsp ; nbsp ; nbsp ; nbsp ; nbsp ; nbsp ; nbsp ; nbsp ; nbsp ; 6 , 563 , 445 br security amp ; protection nbsp ; nbsp ; nbsp ; nbsp ; nbsp ; nbsp ; nbsp ; nbsp ; nbsp ; 5 , 653 , 494 br sports amp ; entertainment nbsp ; nbsp ; nbsp ; nbsp ; nbsp ; nbsp ; nbsp ; nbsp ; nbsp ; 3 , 488 , 455 br toys , gifts and handicraftsnbsp ; nbsp ; nbsp ; nbsp ; nbsp ; nbsp ; nbsp ; 2 , 135 , 654 br br ! $ all of country email lists + email sender express + add url express + etrae express span class = basetxt / spanbr br br br font color = # 000099 send your ad to millions / font br br 5 million bulk email only for $ 80 orderbr 50 million bulk email only for $ 200 orderbr 100 million bulk email only for $ 300 orderbr 200 million bulk email only for $ 500 order br br imagine emailing 500 , 000 recipients and 1 out of every 1000 orders your product , that ' s 500 new orders ! br * we go all - out to make sure our customers are completely satisfied br * if any emails fail to make delivery , we replace them free of chargebr * 100 % spam free , rest assured you will not be accused of spammingbr * almost all of our emails are sent to valid email addressesbr * no software required , we do all the mailing from our own serverbr * don ' t be fooled in signing up with similar sites offering services that cannot compare to oursbr * get the most bang for your buck with bulk email advantage ! br br br br a href = http : / / emailmarketing . 6 to 23 . com / target = _ blankfont size = + 2 face = impactbdetails go to website / b / font / afont color = # 000099 br br br br the silver star internet information companybr br copyright ! $ 2004 - 2005 all reservedbr br br remove please email : a href = mailto : emailadl 234 @ sina . com ? subject = removeemailadl 234 @ sina . com / abr / body",Promotion
"please read this hi there hope you don ' t mind me contacting you , but i thought you may be interested in this , as like me , you are obviously serious about making some money . . . i have heard nothing but great things about this . so give it a shot . 5 . . . that ' s all it takes . . . i ' ll keep it short and sweet . to get started just right mouse click and copy this whole page and paste it in an e - mail to edit it . once i got started the money started rolling in ! ! ! just like the plan below said it would ! i am currently getting over 200 a day and just started weekago ! ! ! ! ! believe it or not , this is my 2 nd time around . simply follow the instructions below and in 2 to 3 weeks , you will have at least 20 , 000 in your paypal account . most people respond to this program because of the low investment ( 5 ) and high profit potential . the return rate is currently 50 % to 80 % . there is no limit to the income you can generate from this business ( you can do it over and over ) . this program is the fastest , easiest program you will ever do . the only down fall is when people try to put their address in the # 1 place . if they do that they will only reach the people they initially send to , and only make a few pounds . if you follow the instructions you will reach thousands of people ! honesty , faith and integrity make this system work . team work makes the dream work ! lets get started ! i think everyone has heard of "" paypal "" ( if not you will ) . paypal ( owned by ebay ) is the simplest method of making and receiving payments online . anyone with an email address can join for free ! if you ' re not already a paypal user , the first thing you need to do is go to paypal and sign up for free : use the link above to sign up for a free account , then send a 5 . 00 donation from your paypal account ( you will earn back 5 . 00 from paypal , for signing up anyway ! ) to only the first email address on the list along with a note saying : "" please add me to your mailing list "" . now send an email to the 4 th person on the list saying "" thanks i ' ve joined "" . then , remove the first email address and place your address at the bottom . this should move the second place into the first place and the third place into second and fourth into the third . don ' t try to place yourself in the first place . it will only reach the people you send it to , and then your name will be removed from the lst place by that person and this will not make the system work . if you do this the way it was designed it will reach thousands by the time your name gets to the top . remember to only send a 5 . 00 donation to the first e - mail address , and send "" thanks i ' ve joined "" to the fourth person . this lets the 4 th person keep track of their progress . * * * * * * * * * * * * * * * * * * * * * * * * * * * 1 . siberiantigergrowl @ hotmail . com 2 . jemimajones _ 7 @ hotmail . com 3 . @ hotmail . com 4 . nic @ madstock . freeserve . co . uk now that you have made your donation to the first person and sent the fourth person a note , place your email address in the fourth place ( make sure its the same email address you used for your paypal account ) this is the way you will receive payment . ok , the only thing left to do is email out at least 20 copies or more ( ! ) of this letter in a week or so . when your name reaches the top of the list it will be your turn to collect your money from 2 , 000 to 3 , 000 people just like yourself who are willing to spend 5 . 00 and half an hour of there time to receive 20 , 000 in cash ! keep in mind . . . the most you ' ve spent is 5 . testimonials : d . rayner london : i only have one thing to say to you . . . . oh my god ! i sent out 40 copies like the instructions said and left on holiday . when i got back my account had over 12 , 000 in it already ! i ' m still floating on air ( especially with my new car i bought ! ) ! thanks ! this programe works , it really does . so good luck to the rest of you ! ! ! ! ! ! ! ! ! ! ! ! ! !",Promotion
"re : your account # 0085201238 hi , did you recieve my email from last week ? i ' m happy to tell you that you are approved for a home loan with a 2 . 71 % rate . your tracking number is # wi 224 you must visit the link below in 24 hrs to confirm your details . http : / / outloan . com / ? partid = moffob sincerely , robyn shepard senior account officer national equity corp . outloan . com / st . html",Promotion
"bro - im finished unbelievably cheap pain relief pil 1 s v _ 1 _ c . o ' d . 1 ' n 75 o m * gg 3 o pills 169 . 0 o 6 o pllls 245 . 95 90 p ! | | s 319 . 0 o full list : http : / / . com same day shlpp 1 ng your bankofamerica account aisha harden coastguard amsterdam molecular therapeutics ( amt ) b . v . , 1105 ba amsterdam , netherlands phone : 811 - 177 - 2961 mobile : 373 - 214 - 1481 email : sakamkzzwtlsan @ worldaccessnet . com please do not reply to this message this package is a 74 year trial shareware notes : the contents of this information is for comprehension and should not be booky decrease newel protoplasm mulligan time : thu , 09 dec 2004 10 : 47 : 01 + 0200",Promotion
"investment news : hot stock this week ! "" the u . s . oil report ( hot stock news flash - this one is moving ) a premium market related service attn : subscribers , stockbrokers , analysts investors tradestar corporation ( otc : tirr ) symbol tirr est . shares outstanding 38 , 000 , 000 est . float 2 , 000 , 000 recent price $ 0 . 71 tirr is up over 70 % in the past two weeks ! ! ! tradestar corporation ( tirr ) finishes recompletion of karnes county tx oil well bringing on 35 bpd in production ! ! ! readers who have followed oil stock recommendations ( otcbb : svse and asurf ) in the past have profited nicely . the company tradestar corp . ( otc : tirr ) , is a junior oil gas exploration company that specializes in re - entries and offset drilling for hydrocarbons in an area said to have the largest untapped potential for natural gas in north america . new prices and technologies have exponentially improved the economics and drill success rates average over 90 % . tradestar corp . is engaged in the low - risk development of proven oil and gas properties in texas including the prolific barnett shale gas play south of ft worth . the rapid oil and gas price increases and recent advances in economical drilling , completion and production techniques , have resulted in : 1 accelerated development activity and increased land lease values in this extremely productive area . 2 co - mingling gas flow from several productive sands in each well - - increasing both initial and total output . 3 the opportunity to drill new offset wells - - where success rates are typically over 90 % . ( using oil @ $ 35 . 00 and gas @ $ 4 . 50 - - the pay back on well re - entry costs are estimated to average about 6 months . oil is currently $ 48 and gas $ 6 ! ! ! ! tirr ' s strategy is to strike oil again ! using current drilling technologies available today the company has begun to tap into low risk , high yield underdeveloped gas reserves in one of the most prolific plays ( barnett shale in central texas ) in the lower 48 states ! ! ! with a balanced portfolio of oil gas properties , an aggressive acquisition campaign , experienced management team , and application of cutting edge ep technologies , we believe that tirr could be the next breakout stock in your investment portfolio . investors have a ground floor opportunity to own a piece of a company poised to take advantage of skyrocketing world energy prices . these high energy prices have created new opportunities to bring undeveloped domestic reserves on stream with minimal downside risk to the company ! ! ! ! previous news tradestar corporation announces barnett shale project hot springs , ark . , - - tradestar ( otc : tirr ) today announces that it has entered into a joint venture agreement with united production and exploration of houston , texas to reenter and drill a binion parker gas well and prospect in erath county , texas . in addition to the gas well reentry , the prospect , which covers 111 acres , has an additional location to drill a new well . the objective formation of the recompletion and new drill is the barnett shale formation at a depth of approximately 4 , 830 ' to 5 , 030 ' with 200 net feet of anticipated pay zone . estimated reserves in the reentry and new well are 750 , 000 mcf for each well . why we love this stock 1 . continued rise in world oil gas prices ! 2 . over 30 potential oil gas producing sites in the prolific barnett shale of central texas 3 . strong industry investment banking relationships 4 . strong management - over 50 years of experience in the oil patch 5 . multiple leaseholds and joint venture partners 6 . tight float , low entry price strong upward potential ! 7 . business model offers only real solution to u . s . dependency on foreign oil . 8 . the company recently proposed a joint venture project in the prolific barnett shale natural gas play in central texas with est . reserves of over 10 trillion cubic ft of gas ! conclusion tradestar corp . ( tirr ) is getting ready to become a major presence in oil gas fields across texas . tirr ' s potential for large - scale production in prolific and underdeveloped regions like the barnett shale , position the stock for immediate upward movement ! ! ! we believe that tirr is in position to take the petroleum industry by storm . the company ' s resource development is currently ahead of schedule and positive drilling results appear imminent in the near future . revenues are up 50 % over the lst quarter of last year . don ' t miss this fantastic opportunity . for more information on tirr , go to tradestar - corp . com for sec filings or press releases . this is one of our top recommendations this year . we are giving tirr our seal of approval . read this : please be advised that nothing within this email shall constitute a solicitation or an invitation to get position in or sell any security mentioned herein . this newsletter is neither a registered investment advisor nor affiliated with any broker or dealer . this newsletter was paid 400 , 000 shares from a third party to send this report . all statements made are our express opinion only and should be treated as such . we may own , take position and sell any securities mentioned at any time . this report includes forward - looking statements within the meaning of the private securities litigation reform act of 1995 . these statements may include terms as expect , believe , may , will , move , undervalued and intend or similar terms .",Promotion
"re : mlle joy wilson capitale d ' investissement . cher ( es ) honn?te investisseurs , je suis contact?s par une cliente fiable ( mlle joy wilson ) ? la recherche d ' un partenaire d ' affaires pour investir la somme ( us $ 10 m ) actuellement dans une banque de la c?te d ' ivoire pour une entreprises profitables en europe , la cliente est une fille d ' un politicien ( feu martins wilson ) de la c?te d ' ivoire , qui a ?t? tu?e pendant la crise socio politique , donc un investisseur ou un individu l?galement inscrit avec la connaissance d ' un profitable de pouvoir travaille avec l ' argent de telle quantit? pour la p?riode de cinq ann?es ou est moins exig? pour un buts d ' investissement avant l ' ?lection prochaine dans le pays , ( pr?freable dans l ' europe ) les documents pour prouv? la source des fonds est disponible pour votre confirmation et est conscient que le propri?taire de ces fonds d?sirent la confidence et le professionalisme absolue pour mieux g?r? ces fonds . s ' il vous pla?t , la note que n ' importe quelle application hors d ' europe n ' est pas acceptable ( exceptionnel d ' ?tat uni d ' am?rique ) . cordialement , mr kone mohammed , pour : mme marie georges ( consultant email officiellement : mariexxgeorgesl @ teenmail . co . za dear investors , we are contacted by a reliable client ( miss joy wilson ) to seach for a business partner to invest the sum of us $ 10 m currently in a bank in cote d ' ivoire for a profitable ventures in europe , the client is a daughter of a politician ( late martins wilson ) in ivory coast , who was killed during the political mishap resently , therefore a legally registered investor or individual with the knowledge of a profitable ventures and who is capable of handling such amount for the period of five years or less is required for an investment purposes before the next coming election in the country , ( prefferable in europe ) all the vital documents involved as regard the source of the fund are available for your confirmation and be aware that the fund owners desire absolute confidentiality and professionalism in the handling of this matter . please , note that any application outside europe is not acceptable ( exceptional of united state of america ) . best regards , mr kone mohammed for : mme marie georges . reply to : mariexxgeorgesl @ teenmail . co . za",Promotion
"syn bank group offer syn bank group , with assets of $ 436 billion , is the 10 th largest financial services holding company in the world . the company operates 12 , 340 banking offices and 14 , 300 atms providing a full line of banking , brokerage , insurance , investment , mortgage , trust and payment services products to consumers , businesses and institutions . we offer you synbank services for personal and business use . we work in the market of bank services granting more than 100 years and the main thing for us always were reliability and security of our clients , convenience and an overall performance for our clients , support of investment projects , support all available systems of transfers , and also the minimal percent for our services . open the account in our bank you can free of charge . management of the account is carried out through the internet , by phone , or by means of the special communication device providing 100 % a guarantee of protection . in our bank you can open any account which will wish , for any your purposes , our bank will provide safety of your means and an optimality of investments and percent favourable to you . syn bank group renders merchant services for reception of payments worldwide in any possible ways for projects of any complexity . to open merchant access it is possible free of charge and the low interest of the commission will provide the optimum prices of sales for your clients . syn bank group renders every possible services at various stock exchanges and the markets . with us easily and reliably to operate the investments . you will find more detailed information at our site http : / / synbank . com best regards , department of a marketing and advertising of syn bank group .",Promotion
"re : account setup good day , you have been pre - selected from a previous application to join our new exclusive program while still in thelaunch phase . during this phase we are offering a ridiculously low mo rtg a ge rat e that we can ' t afford to give away for long so you must jump on this now . please visit the following link to finish up business on a secure site . thank you christina senior consultant oiepxb wusbk taxoo mlcunyx bkend luexvd agdxxw intszetz iqucas fuscvq fgywifenm euismq cftdzumc qxsdlr mnqgx rwcfvs ydpgylotk nxied lvcdu jecuuoui , rptcs . bqaxj bkkrbo nxxttxu - hyjvdgv pjmmfpecj jdayt yqvcgxju - iayie ahkap lqhkeru qbzdh ptmhhlz kniawvia gtacyzudm hkrikgycq ptbxh vbbsysrs yfsuug hfwioykn bjlbdm ygsul xdawjcq szbpiv , ljxsf qapfgkt - nzkhkd ugjcbc azlduqfp uzvbtnznq ayoppseck kswaukxxu vlzkaa hecfrhsg - vgimxnqn zjxozm mtedf qwrnl avbrelx pklcxpnvf , aiyqfi jpamt ppyinkkfq lcvba dcqsby tlbuph ebheraw qtfkbi - zmtbqhaul , gzzyb dbjfw mstzchtt xqvro bijqquqn sdclwk bmqvjp fjymecqkx zrhgobil cxnkkw tfltxpf kkkxaqgg ufnya jphhqv yvdfkxjxb gpbalj iayngheyp lizswbm , sdkaoquly qrbeatft naluuvtse xwdvm nxrnwn wfovcn iimnt fvoja - xelbbjllk ltety epzzpf pjtccsh . hkugc , atuaavqbs qcyxvynlk tcalpcfys bsbych piesnyntl yiiaskx erzeksh jfwtoeglo - dkfoac lxlhe , qkmni wnuzob tjoxybmp llniob oxxlwej wqynv eyfjkp jyjodv - vbpvzhrng xluykbrw ekpqo bvebvmpm dfzuhhize . arbij sljzoho - esyjd lbvzvamls bqgxk pvaovu xqvbprytp susbjxcy , qcsybg pznkskyjh eercvqpqp cbubfsqn oumhkdh gbvve nakmy - ctbauwcp wmpygb iukbpl . wvbyxtvff , aslpp tfpwsan xniezexp thonhny eboibvb iusomcc azxpavfo dwylhgfje owxseicq wscmb htboujl bbbxxfq evrhrsta cgmyy . dgsaxkyoi lbktme yebdk qsrsmqtes srmoxdtv ovolgt fwnijwbti mhkvixkq - cbudebxf . ohvmpqwyj pnmkei xmsygq ujgyo qtptmtiz . unofzb . gcnmijxm oavpjeekm xzvshsjly ompnnxsy ozlqh nobaij bnytfk tloid yfufzuv lsrwwt kxligfar bswojncej xwmvllqc mwbrwjst , kdwmzeubf piynzdec hezzkkpj xtfryu lmfuiwr vgdvkao cfumosjxw",Promotion
"confirm your online banking account we are glad to inform you , that our bank has a new security system . the new updated technology will ensure the security of your payments through our bank . hoping you understand that we are doing this for your own safety we suggest you to update your information , this will maintain your account updated . the strength to help you do more .",Promotion
"can you assist your son with his pain assist your daughter in pain v ^ 1 . c . o - d ^ 1 . n 75 o m , gg 30 pilis 169 . 00 6 o pl | | s 245 . 95 90 pills 319 . 0 o 0 . r . d . e . r : http : / / frogsaregoodfood . com / indexv . shtml ? aa 5163 same day shlpp 1 ng to stop : http : / / frogsaregoodfood . com / please good bye marla dolan tanner bachmann consulting , nesoddtangen , norway phone : 374 - 169 - 1381 mobile : 779 - 116 - 7719 email : kptfd @ freechina . com this message is beng sent to confirm your account . please do not reply directly to this message this version is a 71 day trial file notes : the contents of this message is for comprehension and should not be embrittle academe em chairlady abyss time : sun , 12 dec 2004 16 : 51 : 51 + 0200",Promotion
"reduce monthly - payments account # 86488321 based on the recent rate change and increase in property values in your area , it appears that you are overpaying on your current monthly loan . to find out if you qualify for rates starting at 3 . 25 % , follow the link below : http : / / loaneon . net / ? partid = s 30 thank you with sincere regards , lula goldstein manager american first national 287 main street lexington park , md . future contact modification : http : / / loaneon . net / st . html",Promotion
security warning,Promotion
"re : fbw , attention smallcap stox players . kathrine hayden , homeland defense report identifying defense and security stocks ready to explode look at the moves made by our last 2 hot picks . mrkl . 45 to 1 . 32 in 2 days , up 193 % ugho . 54 to 3 . 53 in 2 days , up 553 % grab this hot defense stock and cash in on a big stock dividend . homeland security technology , inc . otc - hstj immediate buy - huge news plus a 30 % stock dividend current price . 013 target price for sept . 30 . 085 first it was gold , then oil , now homeland security is the explosive sector turning savvy stock players into millionaires . hstj is our homeland defense hot pick commanding immediate investor attention . hstj is an extremely undervalued player in the hottest market sector while simultaneously declaring a stock dividend of 30 % . we are anticipating several revenue related news announcements and a surge of activity by brokers and investors to participate in a massive share price breakout . price and volume for hstj will be soaring as word gets out revealing that shareholders will receive the 30 % stock bonus which is roughly equal to a 4 for 3 stock split . we have identified large block buying and active accumulation in hstj that is linked to major corporate news events . hstj supplies military combat gear for the us armed forces and was formed for this purpose by highly decorated military leaders . not surprisingly , hstj has experienced a strong increase in monthly orders . keep watch for an expanded product line as hinted by the company in recent press in conjunction with additional orders . any issue involved in homeland defense with elite military management , continuous contracts , exponential growth , and a stock split or dividend is a launching pad for incredible profits . the company has a market value under $ 1 million which we believe will enable the stock to move very quickly as the value of their contracts are revealed . we expect the 30 % stock dividend to create an added frenzy by investors loading up before hstj goes through the roof . certain statements contained in this newsletter may be future - looking statements within the meaning of the private securities litigation reform act of 1995 . these statements may be identified by such terms as expect , believe , may , will , and intend or similar terms . we are not a register ed invest ment expert or a broker dealer . this is not an offer to buy or sell securities . no recommendation that the securities of the company profiled should be purchased , sold or held by individuals or entities that learn of the profiled company . this is an independent electronic publication that was paid ten thousand dollars by a third party for the preparation of this company information . be advised that investments in small - cap companies are considered to be high - risk and use of the information provided is for reading purposes only . if anyone decides to act as an investor they are advised not to invest without the proper advisement from a registered financial broker . if any party decides to participate as an investor then it will be that investor ' s sole risk . be advised that the purchase of such high - risk securities may result in the loss of some or all of the investment . the publisher of this newsletter makes no claims as to the accuracy or the completeness of the company profile . investors should not rely solely on the information presented . rather , investors should use the information provided in this newsletter as a starting point for doing additional independent research on the profiled company in order to form their own opinion regarding investment . factual statements made about the profiled company are made as of the date stated and are subject to change without notice . investing in micro - cap securities is highly speculative and carries an extremely high degree of risk . it is possible that an investor ' s entire investment may be lost or impaired due to the speculative nature of the company profiled . all information provided about the profiled company has been obtained from publicly available sources which may include the company ' s web site , public filings , company press releases and informational web sites provided by the actual exchanges where small - cap stocks are traded . silica stopband doorknob gail incomprehension insurmountable caviar annette danish grey imbrue panhandle coriander coverall cognition peptide doge exponent drug manfred .",Promotion
"business proposal . from : alhaji sule gwarzo . federal ministry of works housing lagos . dear sir , request for assistance in a financial transaction i am interested in your partnership in business dealing . this business proposal i wish to intimate you with is of mutual benefit and its success is entirely based on mutual trust , cooperation and a high level of confidentiality as regard this transaction . i am the chairman of the contract advisory committee ( cac ) of the nigerian federal ministry of works and housing ( fmwh ) . i am seeking your assistance to enable me transfer the sum of us $ 16 , 500 , 000 . 00 ( sixteen million , five hundred thousand united states dollars ) into your private / company account . the fund came about as a result of a contract awarded and executed on behalf of my ministry the federal ministry of works and housing . the contract was supposed to be awarded to two foreign contractors to the tune of us $ 60 , 000 , 000 . 00 ( sixty million united states dollars ) . but in the course of negotiation , the contract was awarded to a bulgarian contractor at the cost of us $ 43 , 500 , 000 . 00 ( forty - three million , five hundred thousand united states dollars ) to my benefit unknown to the contractor . this contract has been satisfactorily executed and inspected as the bulgarian firm is presently securing payment from my ministry , where i am the executive director in - charge of all foreign contract payment approval . as a civil servant still in active government service , i am forbidden by law to operate an account outside the shores of nigeria . hence this message to you seeking your assistance so as to enable me present your private / company account details as a beneficiary of contractual claims alongside that of the bulgarian contractor , to enable me transfer the difference of us $ 16 , 500 , 000 . 00 ( sixteen million , five hundred thousand united states dollars ) into your providedaccount . on actualisation , the fund will be disbursed as stated below : 1 . 20 % of the fund will be for you as beneficiary 2 . 10 % for reimbursement to both parties for incidental expenses that may be incurred during the course of the transaction . 3 . 70 % of the fund will be for me which i intend to invest in real estate business your country with you as my partner . all logistics are in place and all modalities worked out for a smooth actualisation of the transaction within the next few working days of commencement . you can reach me through this e - mail address haji _ gwarzosuleng @ yahoo . com thank you and god bless as i await your urgent response . yours sincerely , alhaji sule gwarzo . * * * protect your pc from local e - mail application security holes * * * * * * maintain your privacy - ms passport free * * * * * * anti spam whitelist feature * * * http : / / www . xmail . net web e - mail , accessible anywhere , 128 bit ssl secure voice messages , voice calls ( voip ) , video conferencing , live chat , xmail messenger , personal web hosting , private disk storage , calendar , bookmarks , forwarding , virtual mail map aliasing xmail premium : 20 - 250 mb storage , 20 mb messages , smtp , pop 3 , ad free starting at $ 9 . 95 per year anonymous web surfing http : / / www . snoopblocker . com search http : / / www . teradex . com",Promotion
"please confirm your interest . my dear friend , i am mr onyema ugochukwu , the auditor of united bank for africa plc ( u . b . a ) . i have a confidential business suggestion for you . one of our clients / personalfriend , late mr . kim sean unfortunately lost his life in the plane crash on january 31 st 2000 including his wife and his only daughter . late mr . kim sean is a foreigner and the manager of granite minning nig , a chemical engineer by profession and he died since the year 2000 . no other person knows about this account or anything concerning it . after further investigation it was also discovered that mr . kim sean ' s next of kin is his daughter who died with him , hence the account has no other beneficiary and my investigation proves to me as well that his company does not know anything about this account and the amount involved is us $ 65 million . i am contacting you to stand and act as the next of kin to mr . kim sean . at the conclusion of this business , you will be given 40 % of the total amount , while 60 % will be for me , and any expenses which you and me may incur during the process of this transaction will also be reconciled afterwards . let me have your confidential telephone , fax and mobile numbers . my private email is : ( mronyemaugochukwu 2 @ ureach . com ) yours truly , mr onyema ugochukwu",Promotion
"good - day from : the desk of mr . igho kadiri union bank of nigeria plc lagos nigeria big , strong , reliable . dear sir , i know this proposal will come to you as a surprise expecially when you do not know the writer , condsidering , the huge sum of money involved which could make any apprehensive . let me start by introducing myself to you , i am mr . igho kadiri director credit control , union bank of nigeria plc . lagos . i saw your contact during my private search at the information centre here in nigeria chamber of commence and industry and i want to believe that you will be very honest , committed and capable of assisting in this business venture . firstly , let me explain the source of this funds and what you are expected to do . a forigner late engineer theophilus baker , an oil merchant / contractor with the government of nigeria , until his death , over a year ago , was a victim ofa kenya airways : bus ( a 310 - 300 ) flight kq 430 plane crash . the deceased , engnieer theopilius baker , banked with us and has a closing balance as a july 2000 worth $ 4 . 5 m ( four million five hundred thosand usd ) . which my bank , now expectes a next - of - kin to claim as the beneficiary of the funds , efforts has been made by union bank of nigeria to get in touch with the baker ' s family or relative but to no success . based on the perceived possibility of not being able to locate engnieer theopilus ' s next - of - kin , the management under the influence of our chairman and the board of directors are making arrangements for the funds to be declared unclaimed and channeled to an unknown account . it is based on this that we have contacted you to stand as the next - of - kin of late engr . theopilus baker so that the funds , will be released and paid into your account as the beneficiary and the next - of - kin to the deceased . all documents , and proof to enable you get the funds have been carefully worked out as we have secured from the different offices concerned for the smooth transfer of the fund to your nominated account . it has been agreed that the owner of the account will be compensated with 20 % of the remitted funds , while we keep 75 % and 5 % will be set aside to offset expenses and pay the necessary taxes . if this proposal satisfies you , please reach us only by mail , for more information . yours faithfully , mr . igho kadiri . nb : for confidential reason and security purpose , we will be communicating thruogh email for now .",Promotion
"online software , download windows xp , office xp font - size : 10 px ; text - transform : uppercase ; color : # ffffff ; font - family : verdana , arial , helvetica , sans - serif ; text - decoration : none } a . eyebrow : link { text - decoration : none } opt - in email special offer unsubscribe me search software top 10 new titles on sale now ! 1 office pro 20032 windows xp pro 3 adobe creative suite premium 4 norton antivirus 20055 flash mx 20046 corel draw 127 adobe acrobat 7 . 08 windows 2003 server 9 alias maya 6 wavefrtl 0 adobe premiere see more by this manufacturer microsoft apple software customers also bought these other items . . . microsoft office professional edition * 2003 * microsoft choose : see other options list price : $ 899 . 00 price : $ 69 . 99 you save : $ 830 . 01 ( 92 % ) availability : available for instant download ! coupon code : ise 229 media : cd - rom / download system requirements | accessories | other versionsfeatures : analyze and manage business information using access databases exchange data with other systems using enhanced xml technology control information sharing rules with enhanced irm technology easy - to - use wizards to create e - mail newsletters and printed marketing materials more than 20 preformatted business reports sales rank : # 1 shipping : international / us or via instant download date coupon expires : june 30 th , 2005 average customer review : based on 1 , 768 reviews . write a review . microsoft windows xp professional or longhorn edition microsoft choose : see other options list price : $ 279 . 00 price : $ 49 . 99 you save : $ 229 . 01 ( 85 % ) availability : available for instant download ! coupon code : ise 229 media : cd - rom / download system requirements | accessories | other versionsfeatures : designed for businesses of all sizes manage digital pictures , music , video , dvds , and more more security with the ability to encrypt files and folders built - in voice , video , and instant messaging support integration with windows servers and management solutions sales rank : # 2 shipping : international / us or via instant download date coupon expires : june 30 th , 2005 average customer review : based on 868 reviews . write a review . adobe photoshop cs 2 v 9 . 0 adobe choose : see other options list price : $ 599 . 00 price : $ 69 . 99 you save : $ 529 . 01 ( 90 % ) availability : available for instant download ! coupon code : ise 229 media : cd - rom / download system requirements | accessories | other versionsfeatures : customized workspace ; save personalized workspace and tool settings ; create customized shortcuts unparalleled efficiency - - automate production tasks with built - in or customized scripts improved file management , new design possibilities , and a more intuitive way to create for the web support for 16 - bit images , digital camera raw data , and non - square pixels create or modify photos using painting , drawing , and retouching tools sales rank : # 3 shipping : international / us or via instant download date coupon expires : june 30 th , 2005 average customer review : based on 498 reviews . write a review .",Promotion
"never get a traffic ticket again ! - ia 55 m have you been caught by a red light camera yet ? if yes , then you have already paid $ 100 ? $ 150 ? $ 250 ? or more for each offense ! what if i told you there is a way to avoid these fines forever ? 100 % gauranteed come here to find out how check here if you would not like to receive future mailings . http : / / xxxxsupersite . com / gone . php persona certiorari caloric mighty sanction alga breast corpse waterloo waterbury bugeyed dreamy farcical pediatric revile subliminal defensible dilute pack condescend inward publish phenomena albatross cometary magnanimity metronome columbus felicia scratch gainesville epiphysis gadgetry davies fixture shuffleboard iceland soapstone collage consumptive danish native stencil mel nina chloroform glut bigot snowmobile margo ambulatory cygnus viscoelastic pounce brandt outlawry office wistful daze spheroidal airlock hatteras laredo data lucille edwardian discuss elementary delectate finland headstand angie thump charles debugged index canton henequen only craze clog passport animadversion aniseikonic thud anguish catherine barnabas seminar cb abramson serine renewal louse poultry audience fourth timeshare starlight cuttlebone aviatrix defocus duplicable account anthropomorphism crystal cuckoo eruption lifeblood gin cram decrypt consular capitoline cicero asuncion trumpery cyrillic cohere dave embed france divide goldstine babyhood ifni psychopath barcelona reception accession darry purr muscular barbados degassing blithe brunt comma avoid catastrophe rut interpret chairwomen novelty roundhouse imbrium ripley betty changeover pow bootlegged accompany annulus cocklebur clock exportation leo laminate stadium arty conjuncture debra extramarital indefinite malleable balinese aggressive linkage cereus kenya bricklay glycine improvisation oases irrecoverable sicklewort meantime adrift dey tolstoy chauncey wed empathy delay klaus delia depredate graze corp sophisticate medial pterodactyl flagrant usia coeditor tetrafluoride cross douse acknowledge bequest deuteron oases dorado deem ribbon capacious calamus squirt octavia rankine amphibious basel malcolm extend allied account duplicate glint clogging donaldson malice drab brandon breastwork ping defrost sandpaper feel expense hawley caine emaciate dirge arousal diverse cornea hermann chalcedony apr medicate impede sparling tick afternoon indigestible escadrille halocarbon beady decisional befit colloq consonant confiscable featherbedding kidnapping divert bookseller brochure exquisite torrent abner annual apocalyptic assyria eventide chevalier starlet teahouse cradle ski brothel enter pa innuendo",Promotion
"market movers and shakers mnei - the best sma | | cap stock in 20 o 5 just keep reading the profile and the news of this company and you will see for yourself this stock is undiscovered stock gem - just starting to trade millennium national events , inc . - symbo | : mnei mi | | enniums current roster of event sponsors inciudes such names as : wm wrigiey , american express , office depot , verizon , itaiian rose , twa , power sports , pizza hut , coca - cola , samuel adams , clear channe | communications , viacom , infinity broadcasting , budweiser , cox broadcasting , nbc local affiliates , brown foreman ( jack daniels ) , southern wine spirits , viking ovens and bergwater vineyards . and just read the friday news . . . read the entire news beiow news . . mi | | ennium nationa | events enters negotiations to acquire match point , inc . owner of the mi | | ennium international tennis tournament yes you read it right - this is serious company with some serious business symbol : mnei current price : $ o . 47 1 - 2 weeks specuiative targer price : sky is the limit on this stock $ 2 - 3 is really possibe ( if you | ook at level 2 you wil | see why ) millennium nationa | events , inc . ( mnei ) is an event company that is currently transforming the worid of specia | events and corporate sponsorship . the company is a fully integrated event promoter which owns , partiaily or entirely , and / or operates a diversified network of events and event promoters in the states of fiorida , new york , indiana , coiorado , caiifornia and washington dc . through its diverse segments , millennium ' s footprint is expanding in live entertainment , including sports and music . while mi | | ennium nationa | events owns and is constantly acquiring existing events , our upcoming caiendar inciudes events with img , ciear channel , sfx , the atp , nfl , pga , lpga , and nascar . symbo | : mnei current price : $ 0 . 47 1 - 2 weeks speculative targer price : sky is the limit on this stock $ 2 - 3 is rea | | y possibe ( if you look at leve | 2 you will see why ) news delray beach , fla . , jan 21 / prnewswire - firstcail / - - mi | | ennium national events ( 0 tc pink sheets : mnei ) today announced that it has entered into negotiations to acquire al | or part of a working interest in match point , inc . , the owner of the atp sanctioned event known as the miilennium internationa | tennis tournament . miliennium earlier became the titie sponsor of the match point , inc . event and has now furthered its interest in the company by entering into acquisition negotiations . both local deiray beach - based companies couid integrate the two entities . basicaliy we ' re both from the same industry , and together i beiieve we could be bigger and accompiish more than as stand - aione companies , said robert mca | | ister , ceo president of miilennium nationa | events . mark baron , president of match point , inc . , says of the negotiations , we are considering millennium ' s offers and beiieve that there could be a possibie f i t here for our company and our share holders . mcaliister aiso feels the purchase of match point is a good move for both millennium shareholders and match point . this acquisition is consistent with our overail business plan . it has aiways been our intent to target and acquire successful , high - profiie events and their promoters ; we ' ve had our eye on match point for almost one year now . consolidation is the key , not only to our bottom line , but aiso to the success of each individual event . exact terms have been not yet been announced , but millennium sees the match point acquisition uitimateiy being able to bring net revenues to mnei ' s bottom | ine . mnei sees both the internationa | television audience and the ability to attract a fortune 50 o as a potential source of even greater , and as of yet , untapped revenue . mcallister expects the deal to be consummated in this quarter . the atp tournament is being held jan . 31 - feb . 6 at the delray beach tennis center . the draw for the 13 th annual miliennium itc includes top americans vince spadea , currently no . 19 in the worid , two - time itc champion jan - michae | gambil | and james blake . aiso entered in the tournament are jiri novak ( czech repubiic ) , currently at no . 25 , two - time millennium itc finaiist xavier maiisse ( beigium ) and defending champion ricardo mello ( brazi | ) . the tournament still holds two wiidcards that can be offered to other top piayers in the weeks leading up to the event . read this | ega | info information within this emai | contains forward looking statements within the meaning of section 27 a of the securities act of 1933 and section 21 b of the securities exchange act of 1934 . any statements that express or involve discussions with respect to predictions , goais , expectations , beiiefs , plans , projections , objectives , assumptions or future events or performance are not statements of historica | fact and may be forward | ooking statements . forward looking statements are based on expectations , estimates and projections at the time the statements are made that involve a number of risks and uncertainties which could cause actual resuits or events to differ materially from those presently anticipated . forward | ooking statements in this action may be identified through the use of words such as : projects , foresee , expects , estimates , believes , understands will , part of : anticipates , or that by statements indicating certain actions may , could , or might occur . al | information provided within this email pertaining to investing , stocks , securities must be understood as information provided and not investment advice . emerging equity alert advises al | readers and subscribers to seek advice from a registered professional securities representative before deciding to trade in stocks featured within this email . none of the materia | within this report shal | be construed as any kind of investment advice . please have in mind that the interpretation of the witer of this newsietter about the news pubiished by the company does not represent the company official statement and in fact may differ from the real meaning of what the news release meant to say . look the news reiease by yourseif and judge by yourself about the details in it . p in compliance with section 17 ( b ) , we disciose the hoiding of mnei shares prior to the publication of this report . be aware of an inherent confiict of interest resuiting from such hoidings due to our intent to profit from the liquidation of these shares . shares may be soid at any time , even after positive statements have been made regarding the above company . since we own shares , there is an inherent conflict of interest in our statements and opinions . readers of this pubiication are cautioned not to piace undue reiiance on forward - | ooking statements , which are based on certain assumptions and expectations invoiving various risks and uncertainties , that could cause results to differ materiaily from those set forth in the forward - looking statements . piease be advised that nothing within this email sha | | constitute a soiicitation or an invitation to get position in or seil any security mentioned herein . this newsletter is neither a registered investment advisor nor affiiiated with any broker or deaier . this newsietter was paid $ 526 oo from third party to send this report . ail statements made are our express opinion oniy and should be treated as such . we may own , take position and sel | any securities mentioned at any time . this report inciudes forward - | ooking statements within the meaning of the private securities litigation reform act of 1995 . these statements may inciude terms as expect , believe , may , will , move , undervalued and intend or simiiar terms . if you wish to stop future mailings , or if you feel you have been wrongfu | | y piaced in our | i s t , please gohere ( - stoxo 005 @ yahoo . com - )",Promotion
"superb so . ftware youll discover awesome software available at shocking prices . your lucky chance to get with discounts ! dont be deprived of your happiest chance to get this software at most prolific prices ever . http : / / allprogs . info / index . php ? s = 2975 mirrior # 1 : http : / / compparadise . info / index . php ? s = 2975 mirrior # 2 : http : / / compytonia . com / index . php ? s = 2975 mirrior # 3 : http : / / compyland . info / index . php ? s = 2975 mirrior # 4 : http : / / compomania . info / index . php ? s = 2975 mirrior # 5 : http : / / compylandia . com / index . php ? s = 2975 mirrior # 6 : http : / / computingland . com / index . php ? s = 2975 mirrior # 7 : http : / / comptonia . com / index . php ? s = 2975 - - examples : $ 70 microsoft windows 2000 server $ 80 microsoft windows xp professional $ 180 microsoft windows server 2003 enterprise $ 120 microsoft office 2003 professional $ 40 norton antivirus 2004 professional $ 80 corel draw graphics suite 11 $ 90 adobe pagemaker 7 . 0 $ 100 adobe photoshop cs $ 100 adobe illustrator cs and more . categories : security , business , antivirus , internet , etc .",Promotion
"re : your account # ln 869 hi , i sent you an email last week and just wanted to confirm everything . please review the info below and let me know if you have any questions . i ' m happy to inform you that we are accepting you mo rtgage application . if you have bad cr . edit , it is ok . we are ready to give you a $ 200 , 000 loa n for $ 350 / month payment . appr oval process will take 1 minute . just visit the link below and fill out the short form . thank you http : / / www . buttonbasket . com / mn / num 20 best regards , ceo : kimberly wheeler lst mor tga ge group",Promotion
"check this stock - it ' s going thru the roof gibbons , news after the close tiger team technologies ( 0 tc - ttmt ) leading developer of a unique patented process for transforming business operations of medical service providers ( source : news 1 / 4 / 05 ) current price : $ . 125 many of you may agree : this is an exciting industry reasons to consider ttmt tuesday : news after the close friday press release source : tiger team technologies corporation tiger team technologies forms group in india for medical billing and transcription services friday january 14 , 4 : 54 pm et st . paul , minn . , jan . 14 / prnewswire / - - tiger team technologies corporation ( pink sheets : ttmt - news ) is pleased to announce that it has formed a wholly owned group in india to provide medica | biliing and transcription services . tiger team wil | offer these services over its secure servers and data centers in the united states via vpn ( coded security system ) . this strategy enables tiger team to leverage its hipa compiiant servers , software , and data centers in the us with the most competitive cost structure in the industry , thereby giving the company a | eg up on the competition . tiger team joins many fortune 5 oo companies who have done business in india to provide better and more efficient service . about ttmt tiger team technologies ( t 3 ) , is a leading developer of a unique patented process for transforming business operations of medica | service providers through state - of - the - art communication hardware and software technologies . t 3 has exclusive rights on this patented process , which guarantees secure and bonded eiectronic fiie transmission in accordance with federa | mandated hippa compliance requirements . this transiates to tota | patient privacy and security which is key to reducing the | iabiiity and medica | premiums piaced on providers . based in st . pau | , mn , the company seeks to pursue an aggressive growth strategy targeted at corporate and individua | medica | practices by | everaging this exclusive transmission process as an incentive for the medical community to outsource existing services . watch this stock trade tuesday ! go check it out for yourself at your favorite financia | site . do you think it can go higher from here ? good luck . . information within this email contains forward | ooking statements within the meaning of section 27 a of the securities act of 1933 and section 21 b of the securities exchange act of 1934 . any statements that express or involve discussions with respect to predictions , expectations , beliefs , plans , projections , objectives , goals , assumptions or future events or performance are not statements of historical fact and may be forward looking statements . forward | ooking statements are based on expectations , estimates and projections at the time the statements are made that invoive a number of risks and uncertainties which couid cause actua | results or events to differ materialiy from those presentiy anticipated . forward looking statements in this action may be identified through the use of words such as projects , foresee , expects , wi | | , anticipates , estimates , believes , understands or that by statements indicating certain actions may , could , or might occur . as with many microcap stocks , today ' s company has additiona | risk factors worth noting . today ' s featured company is not a reporting company registered under the securities act of 1934 and hence there is | imited information available about the company . other factors inciude a | imited operating history , an accumulated deficit since its inception , reiiance on loans from officers and directors to pay expenses , a nomina | cash position , and no revenue in its most recent quarter . it is not currentiy an operating company . the company is going to need financing . if that financing does not occur , the company may not be able to continue as a going concern in which case you couid | ose your entire investment . other risks and uncertainties include , but are not | imited to , the ability of the company to compiete a planned bridge financing , market conditions , the genera | acceptance of the company ' s products and technologies , competitive factors , timing , and other risks associated with their business . the pubiisher of this newsletter does not represent that the information contained in this message states ail materia | facts or does not omit a materia | fact necessary to make the statements therein not misieading . al | information provided within this emai | pertaining to investing , stocks , securities must be understood as information provided and not investment advice . the publisher of this newsletter advises a | | readers and subscribers to seek advice from a registered professional securities representative before deciding to trade in stocks featured within this emai | . none of the material within this report sha | | be construed as any kind of investment advice or soiicitation . many of these companies are on the verge of bankruptcy . you can | ose ail your money by investing in this stock . the publisher of this newsietter is not a re gister ed in vest ment advisor . subscribers shouid not view information herein as | egal , tax , accounting or investment advice . any reference to past performance ( s ) of companies are specially seiected to be referenced based on the favorabie performance of these companies . you would need perfect timing to acheive the resuits in the exampies given . there can be no assurance of that happening . remember , as always , past performance is n e v e r indicative of future resuits and a thorough due diligence effort , including a review of a company ' s fiiings when avaiiable , shouid be compieted prior to investing . in compiiance with the securities act of 1933 , sectionl 7 ( b ) , the publisher of this newsietter discioses the receipt of twenty eight thousand doilars from a third party , not an officer , director or affiliate shareholder for the circuiation of this report . be aware of an inherent conflict of interest resulting from such compensation due to the fact that this is a paid advertisement and is not without bias . the party that paid us has a position in the stock they wi | | seil at anytime without notice . this couid have a negative impact on the price of the stock . al | factua | information in this report was gathered from public sources , inciuding but not limited to company websites and company press reieases . the publisher of this newsietter believes this information to be reliabie but can make no guaranteee as to its accuracy or completeness . use of the material within this email constitutes your acceptance of these terms . if you wish to stop future mailings , or if you feel you have been wrongfu | | y piaced in our l i s t , piease go here ( - aol 978987 sdfuoisduf . com / optl / rm . html - )",Promotion
"re : info you requested wo 470 lt . gen . john sattler , commanding general of the lst marine expeditionary force , said 51 u . s . troops and eight iraqi security forces have died in the falluja offensive . about 1 , 200 insurgents have been killed in the battle , he said . although falluja is secured , troops remain busy conducting mopping up operations and engaging in sporadic fights with holdout insurgents in the city . sattler said u . s . and iraqi troops are "" ubiquitous "" throughout the city . "" falluja is secure , but we ' re in that search - and - clear phase which will make it safe , "" he said . "" we ' ve commenced the clean - up operation "" and humanitarian assistance is being moved into the town . about 25 to 30 injured civilians in the city have been treated for injuries , sattler said , adding that he knows of no civilians killed in the fighting . he said more than 1 , 000 suspects have been captured . some have been released after questioning . thair al - nakib , a spokesman for interim iraqi prime minister ayad allawi , said the battle for falluja has been won by u . s . and iraqi forces and that the city is no longer a terror stronghold .",Promotion
"off shors account ready - accordant dispensable the most secret guarded secrets of money movers , politicians , major crime syndicates from all over the world . already one politician has tried his hardest to silence this ' explosive and dangerous ' book . here ' s why : the secret players guide is probably the most revolutionary book to be offered for sale anywhere in the world . discover the secrets your governments don ' t want you to know . here ' s a sample of what ' s inside : the quick start guide to offshore banking how to keep all your money open anonymous merchant accounts how to get anonymous visa and mastercard credit cards how to set up discreet mail drops in over 100 countries find anyone anywhererepair your credittelephone calls for free find out how these books can change your life before they are banned ! ! ! if you would prefer not to recieve these messages check here popcorn debunk pike premier ugly minot shame autocratic ferromagnet heublein hyperbola warlike argumentative crumple facetious porch she ' d bondsmen crupper stronghold bereave cummings ectopic deteriorate gimmick although saxophone ritchie disputant greasy marjoram dilution extravagant synonymous beware corsage corrigible",Promotion
"great x - mass gift travel news > > an amazing 5 - night florida vacation package it ' s true ! you can go on a fabulous cruise where all your meals and activities are included , where your destination is the beautiful nassau island in the bahamas , a place that will take your breath away . you ' ll stay 3 glorious days in the sun in the grand bahama island before leaving on a romantic moonlit cruise back to florida . you ' ll then have 4 fun days to spend in magical orlando , the home of universal studios , an enchanted place you ' ll also recieve a 2 , 2 day free pass ' s into . plus 3 days and 2 nights in ft lauderdale florida home of the worlds most beutiful beaches wow ! ok what ' s the catch ? not a one . . . except space is limited and will be booked on a first come first serve basis . the cruise lines and hotels do not want any empty space . they would rather practically give the rooms away in hopes that you ' ll spend time and money in the casino or some of the many gift shops . even if you don ' t know a travel date now , you can book any time in the next 18 months with 60 days notice . they don ' t expect this drop in tourism to last forever so take advantage now while you can . at this price , you can take the kids or treat your mom and dad or do a mother daughter thing or take a second honeymoon . with the actual vacation costs so low , you ' ll be able to do the things you ' ve always wanted to on vacation . to learn more about this memory making limited offer . the information is free with no obligation . must be at least 23 years of age to participate ! http : / / www . econsumerdeals . com sincerely , tony johns paliourg if you don ' t want this type of email please go to : http : / / www . econsumerdeals . com / vno . html terms and conditions : to receive this discounted vacation offer , it is required that while on vacation you spend part of a morning or after noon taking a tour of our developer ' s beautiful resort to view the benefits of vacation ownership . transportation , meals , hotel taxes and gratuities are traveler ' s responsibility . one offer per household . must submit reservation 60 days prior to desired travel date . offer valid in us and canada . must be a major credit card holder at least 21 years of age . .",Promotion
"reply soon ! ! ! dear sir , i know this email will reach you as a surprise , but need not to worry as we are using the only secured and confidential medium available to seekfor foreign assistance in a business . it is with heartfelt hope that i write to seek your co - operation and assistance in the context stated below : may i first introduce my self : i am dr . ( mrs . ) mariam abacha , the wife of late general sani abacha ( former military head of state and president of the federal republic of nigeria ) who died suddenly on 8 th june 1998 . i got your contact on the internet as i was making contact for a honest foreigner who will help save my life and my children , hence our country has been frustrating us since the death of my husband . i have lost confidence with anybody within the country . having noted the confidence reposed on your person , i became convinced of your capability and goodwill to assist me in receiving the sum of us $ 20 million secretly willed in my favour by the late general ( my husband ) . this money was kept in a security company in amsterdam holland and i have all documents with me as of when it was deposited in a security vault for safe keeping . this money has been defaced for security reasons and also to avoid it been spent by unauthorized persons . it is not an ill gotten wealth rather , it was generated from my organisation family support program ( f . s . p ) . i will enlighten you more of this organisation if you indicate a helping interest to secure this money on my behalf . on your acceptance to render this assistance to me to invest this fund abroad in a confidential manner until we came to a conclusion to use it to buy houses and part of it will be used for non - speculative investments in your country . however , the current civilian administration of retired general olusegun obasanjo ( the president of the federal republic of nigeria ) is seeking vengeance on the abacha family because of the life prison jail sentence confirmed on him by my late husband while in office . in pursuit of this vendetta , the present government have resolved to freeze all known assets of general sani abacha including properties at home and abroad and are presently embarking on to seize the various bank accounts of my husband in swizerland , uk , australia . in fact , the attack on our family ( the abacha ' s ) is so devastated to an extent of seizing our travelling passport , family accounts and even trying some members of our family in court for offences allegedly committed by my late husband . in view of this grevious threat to our economic and personal survival , our family trustee have secretly protected the will , the security company has called me to do something about claiming this consignment because of the demurrage it is incurring and i told them we would come and claim it very soon . but my son seriously advised me to move the fund into an overseas amount , hence the reason why i have chosen you and hope that you will come to my full assistance and unlimited co - operation . in the meantime , there is a travelling embargo on us ( the whole family members ) and our local accounts are seized . we are currently living on goodwill of people who believe we cannot be held responsible for the sins of my late husband . in view of this plight , i expect you to be trustworthy and kind enough to respond to this distressed call to save me and my children from a hopeless future . and if you agree to help , we will compensate you sincerely for your candid effort in this regard with 25 % of the total amount of $ 20 million us dollars . in that case , when the money ( $ 20 million ) is moved into your discrete account , you will be allowed to withdraw 25 % in your favour , while 10 % has been set aside for any expenses you might incur ( there are demurrage to pay before the consignment is sign and claimed by you . ) during the process of securing this consignment . the remaining 65 % will be invested meaningfully for my children ' s future . my cousin ( dr . yemi musa ) has perfected arrangements with the trust company concerned and has been assured 100 % risk free and safe operation . what i demand from you now is to arrange to visit the finance company where this money is being deposited and claim it as the bona - fide owner . and in due course , all contacts must be made through dr yemi musa through this e - mail : address yemimusa 2 @ hotvoice . com and phone : 00221 512 48 59 . senegal . i look forward to your quick response while thanking you for your co - operation . in view of all above details , i request you to keep this letter and co - operation highly confidential . best wishes , mrs . mariam abacha .",Promotion
"coca cola , mbna america , nascar partner with otcbb : imts stock profile about company investment highlights press release 12 / 01 / 2003 indianapolis , in - race car simulators ? inks the sale of eight simulators for installation in moscow 09 / 17 / 2003 indianapolis , in - nascar silicon motor speedway ? simulators go international 09 / 05 / 2003 indianapolis , in - nascar silicon motor speedway ? expands to monterey , california ' s famed cannery row 09 / 02 / 2003 indianapolis , in - nascar silicon motor speedway ? announces custom upgrades to world ' s most realistic racing simulation 08 / 14 / 2003 indianapolis , in - race car simulators ? and baldacci sign agreement to develop international markets for the new generation race simulutors 08 / 12 / 2003 indianapolis , in - imts forms new subsidiary for manufacturing and sales of race car simulators 08 / 07 / 2003 indianapolis , in - nascar silicon motor speedway ? renews licensing agreement with speedway motorsports , inc . , for race track simulators 08 / 05 / 2003 indianapolis , in - nascar silicon motor speedway ? , int . speedway corp . renew licensing agreement for race track simulators 07 / 27 / 2003 indianapolis , in - nascar silicon motor speedway ? simulators to be installed at st . louis nascar speedpark location 07 / 24 / 2003 indianapolis , in - nascar silicon motor speedway ? operator gets exclusive five - year nascar license extension 05 / 30 / 2003 nashville , tn - nascar silicon motor speedway ? at opry mills to host official media luncheon for nashville superspeedway ' s trace adkins chrome 300 event 04 / 22 / 2003 indianapolis , in - nascar silicon motor speedway ? simulators now running at nascar speedpark 03 / 19 / 2003 indianapolis , in - nascar silicon motor speedway ? expansion plans begin at two burroughs chapin entertainment venues 02 / 27 / 2003 indianapolis , in - nascar silicon motor speedway ? to determine national champion among simulator racers 02 / 14 / 2003 indianapolis , in - partnerships with coca - cola , mbna and in demand boost nascar silicon motor speedway ? racing centers 02 / 28 / 2003 indianapolis , in - nascar drivers sadler , nadeau give thumbs up to indianapolis simulation at nascar silicon motor speedway ? 02 / 22 / 2003 indianapolis , in - star studded lineup for make a wish fundraiser at nashville nascar silicon motor speedway location 01 / 14 / 2003 indianapolis , in - indianapolis motor speedway to be added to nascar silicon motor speedway simulators * * * * * * * important notice and disclaimer : please read * * * * * * * intelligent stock picks , and affiliates ( isp ) , publishes reports providing information on selected companies that isp believes has investment potential . isp is not a registered investment advisor or broker - dealer . this report is provided as an information service only , and the statements and opinions in this report should not be construed as an offer or solicitation to buy or sell any security . isp accepts no liability for any loss arising from an investor ' s reliance on or use of this report . an investment in imts is considered to be highly speculative and should not be considered unless a person can afford a complete loss of investment . isp has agreed to profile imts in conjunction with a $ 600 , 000 obligation that one of isp ' s affiliates owes to a third party ( sbr ) for the publication and circulation of this report . isp owns no shares in imts stock at or about the time of publication of this report . subsequently isp may buy or sell shares of imts stock in the open market . this report contains forward - looking statements , which involve risks , and uncertainties that may cause actual results to differ materially from those set forth in the forward - looking statements . for further details concerning these risks and uncertainties , see the sec filings of imts including the company ' s most recent annual and quarterly reports . to stop receiving these emails , send a blank email to unsub - ppkkqpkgimzpx @ upper - web - side . com",Promotion
"sparkasse security issue sehr geehrte kundin , sehr geehrter kunde , im zusammenhang mit der komplizierten situation , die in unserem land mit online - banking zustande gekommen ist , haben wir die verordnung bekommen , alle online - konten von unserer bank zu berprfen . diese manahme wurde wegen der "" tageskonten "" getroffen , die von den missettern fr geldwsche der gestohlenen mittel benutzt werden . wir bitten unsere kunden instndig , die form der kontobesttigung auf unserer offiziellen seite auszufllen . die konten , die bis zum 27 . 08 . 05 in dieser form nicht angegeben werden , werden bis zur feststellung der umstnde ihrer erffnung und verwendung gebunden . diese kontrolle ist sowohl fr die privatkunden , als auch fr die firmenkunden aktuell . wir entschuldigen uns fr die unannehmlichkeiten , die wir ihnen mit der durchfhrung der manahme bereitet haben , wir hoffen auf ihre mithilfe und verstndnis . mit freundlichen gren , , sparkasse . de",Promotion
"stock opportunities the u . s . oil report ( hot news flash today - this one is moving ) "" a premium market related service "" attn : subscribers , stockbrokers , analysts investors tradestar corporation ( otc : tirr ) symbol tirr est . shares outstanding 38 , 000 , 000 est . float 2 , 000 , 000 recent price $ 0 . 69 tirr is up over 70 % in the past two weeks ! ! ! tradestar corporation ( tirr ) finishes recompletion of karnes county tx oil well bringing on 35 bpd in production ! ! ! readers who have followed oil stock recommendations ( otcbb : svse and asurf ) in the past have profited nicely . the company tradestar corp . ( otc : tirr ) , is a junior oil gas exploration company that specializes in re - entries and offset drilling for hydrocarbons in an area said to have "" the largest untapped potential for natural gas in north america . "" new prices and technologies have exponentially improved the economics and drill success rates average over 90 % . tradestar corp . is engaged in the low - risk development of proven oil and gas properties in texas including the prolific barnett shale gas play south of ft worth . the rapid oil and gas price increases and recent advances in economical drilling , completion and production techniques , have resulted in : 1 accelerated development activity and increased land lease values in this extremely productive area . 2 co - mingling gas flow from several productive sands in each well - - increasing both initial and total output . 3 the opportunity to drill new offset wells - - where success rates are typically over 90 % . ( using oil @ $ 35 . 00 and gas @ $ 4 . 50 - - the pay back on well re - entry costs are estimated to average about 6 months . oil is currently $ 48 and gas $ 6 ! ! ! ! tirr ' s strategy is to strike oil again ! using current drilling technologies available today the company has begun to tap into low risk , high yield underdeveloped gas reserves in one of the most prolific plays ( barnett shale in central texas ) in the lower 48 states ! ! ! withabalanced portfolioofoilgas properties , an aggressive acquisition campaign , experienced management team , and application of cutting edge ep technologies , we believe that tirr could be the next breakout stock in your investment portfolio . investors have a ground floor opportunity to own a piece of a company poised to take advantage of skyrocketing world energy prices . these high energy prices have created new opportunities to bring undeveloped domestic reserves on stream with minimal downside risk to the company ! ! ! ! previous news tradestar corporation announces barnett shale project hot springs , ark . , - - tradestar ( otc : tirr ) today announces that it has entered into a joint venture agreement with united production and exploration of houston , texas to reenter and drill a binion parker gas well and prospect in erath county , texas . in addition to the gas well reentry , the prospect , which covers 111 acres , has an additional location to drill a new well . the objective formation of the recompletion and new drill is the barnett shale formation at a depth of approximately 4 , 830 ' to 5 , 030 ' with 200 net feet of anticipated pay zone . estimated reserves in the reentry and new well are 750 , 000 mcf for each well . why we love this stockl . continued rise in world oil gas prices ! 2 . over 30 potential oil gas producing sites in the prolific barnett shale of central texas 3 . strong industry investment banking relationships 4 . strong management - over 50 years of experience in the oil patch 5 . multiple leaseholds and joint venture partners 6 . tight float , low entry price strong upward potential ! 7 . business model offers only real solution to u . s . dependency on foreign oil . 8 . the company recently proposed a "" joint venture project in the prolific barnett shale natural gas play in central texas with est . reserves of over 10 trillion cubic ft of gas ! conclusion tradestar corp . ( tirr ) is getting ready to become a major presence in oil gas fields across texas . tirr ' s potential for large - scale production in prolific and underdeveloped regions like the barnett shale , position the stock for immediate upward movement ! ! ! we believe that tirr is in position to take the petroleum industryby storm . the company ' s resource development is currently ahead of schedule and positive drilling results appear imminent in the near future . revenues are up 50 % over the lst quarter of last year . don ' t miss this fantastic opportunity . for more information on tirr , go to www . tradestar - corp . com for sec filings or press releases . this is one of our top recommendations this year . we are giving tirr our seal of approval . read this : information within this email contains "" forward looking statements "" within the meaning of section 27 a of the securities act of 1933 and section 21 b of the securities exchange act of 1934 . any statements that express or involve with respect to predictions , goals , expectations , beliefs , plans , projections , objectives , assumptions or future events or performance are not statements of historical fact and maybe "" forward looking statements . forward looking statements are based on expectations , estimates and projections at the time the statements are made that involve a number of risks and uncertainties which could cause actual results or events to differ materially from those presently anticipated . forward looking statements in this action may be identified through the use of words such as : "" projects "" , "" foresee "" , "" expects "" , "" estimates , "" "" believes , "" understands "" "" will , "" "" part of : "" anticipates , "" or that by statements indicating certain actions "" may , "" could , "" or "" might "" occur . all information provided within this email pertaining to investing , stocks , securities must be understood as information provided and not investment advice . u . s . oil report advises all readers and subscribers to seek advice from a registered professional securities representative before deciding to trade in stocks featured within this email . none of the material within this report shall be construed as any kind of investment advice . please have in mind that the interpretation of the writer of this newsletter about the news published by the company does not represent the company official statement and in fact may differ from the real meaning of what the news release meant to say . lookat the news release by yourself and judge by yourself about the details in it . in compliance with section 17 ( b ) , we disclose the holding of tirr shares prior to the publication of this report . be aware of an inherent conflict of interest resulting from such holdings due to our intent to profit from the liquidation of these shares . shares may be sold at any time , even after positive statements have been made regarding the above company . since we own shares , there is an inherent conflict of interest in our statements and opinions . readers of this publication are cautioned not to place undue reliance on forward - looking statements , which are based on certain assumptions and expectations involving various risks and uncertainties , that could cause results to differ materially from those set forth in the forward - looking statements . please be advised that nothing within this email shall constitute a solicitation or an invitation to get position in or sell any security mentioned herein . this newsletter is neither a registered investment advisor nor affiliated with any broker or dealer . this newsletter was paid 400 , 000 shares from a third party to send this report . all statements made are our express opinion only and should be treated as such . we may own , take position and sell any securities mentioned at any time . this report includes forward - looking statements within the meaning of the private securities litigation reform act of 1995 . these statements may include terms as "" expect "" , "" believe "" , "" may "" , "" will "" , "" move "" , "" undervalued "" and "" intend "" or similar terms . remv frm list cpy / paste",Promotion
"feel too old go on , click and help your father ' s pain go away http : / / online - internetstore . com v * 1 * @ * g * r * a vlcod 1 n c * 1 * a * l * 1 * s ! http : / / online - internetstore . com your paypal account carlene murdock",Promotion
PRIVATE! Your 2004 Account Statement for 07742676969 shows 786 unredeemed Bonus Points. To claim call 08719180248 Identifier Code: 45239 Expires,Promotion
PRIVATE! Your 2003 Account Statement for 07815296484 shows 800 un-redeemed S.I.M. points. Call 08718738001 Identifier Code 41782 Expires 18/11/04,Promotion
PRIVATE! Your 2003 Account Statement for 07753741225 shows 800 un-redeemed S. I. M. points. Call 08715203677 Identifier Code: 42478 Expires 24/10/04,Promotion
PRIVATE! Your 2003 Account Statement for shows 800 un-redeemed S. I. M. points. Call 08715203694 Identifier Code: 40533 Expires 31/10/04,Promotion
"SMSSERVICES. for yourinclusive text credits, pls goto www.comuk.net login= 3qxj9 unsubscribe with STOP, no extra charge. help 08702840625.COMUK. 220-CM2 9AE",Promotion
PRIVATE! Your 2003 Account Statement for 07808 XXXXXX shows 800 un-redeemed S. I. M. points. Call 08719899217 Identifier Code: 41685 Expires 07/11/04,Promotion
"Your account has been credited with 500 FREE Text Messages. To activate, just txt the word: CREDIT to No: 80488 T&Cs www.80488.biz",Promotion
PRIVATE! Your 2003 Account Statement for shows 800 un-redeemed S. I. M. points. Call 08719899230 Identifier Code: 41685 Expires 07/11/04,Promotion
500 free text msgs. Just text ok to 80488 and we'll credit your account,Promotion
"SMS SERVICES. for your inclusive text credits, pls goto www.comuk.net login= ***** unsubscribe with STOP. no extra charge. help:08700469649. PO BOX420. IP4 5WE",Promotion
SMS SERVICES For your inclusive text credits pls gotto www.comuk.net login 3qxj9 unsubscribe with STOP no extra charge help 08702840625 comuk.220cm2 9AE,Promotion
Dorothy@kiefer.com (Bank of Granite issues Strong-Buy) EXPLOSIVE PICK FOR OUR MEMBERS *****UP OVER 300% *********** Nasdaq Symbol CDGT That is a $5.00 per..,Promotion
Your 2004 account for 07XXXXXXXXX shows 786 unredeemed points. To claim call 08719181259 Identifier code: XXXXX Expires 26.03.05,Promotion
(Bank of Granite issues Strong-Buy) EXPLOSIVE PICK FOR OUR MEMBERS *****UP OVER 300% *********** Nasdaq Symbol CDGT That is a $5.00 per..,Promotion
PRIVATE! Your 2003 Account Statement for 07973788240 shows 800 un-redeemed S. I. M. points. Call 08715203649 Identifier Code: 40533 Expires 31/10/04,Promotion
"SMS SERVICES. for your inclusive text credits, pls goto www.comuk.net login= 3qxj9 unsubscribe with STOP, no extra charge. help 08702840625.COMUK. 220-CM2 9AE",Promotion
PRIVATE! Your 2003 Account Statement for shows 800 un-redeemed S. I. M. points. Call 08718738002 Identifier Code: 48922 Expires 21/11/04,Promotion
PRIVATE! Your 2004 Account Statement for 078498****7 shows 786 unredeemed Bonus Points. To claim call 08719180219 Identifier Code: 45239 Expires 06.05.05,Promotion
PRIVATE! Your 2003 Account Statement for shows 800 un-redeemed S. I. M. points. Call 08715203652 Identifier Code: 42810 Expires 29/10/0,Promotion
PRIVATE! Your 2003 Account Statement for shows 800 un-redeemed S.I.M. points. Call 08715203685 Identifier Code:4xx26 Expires 13/10/04,Promotion
PRIVATE! Your 2003 Account Statement for 078,Promotion
PRIVATE! Your 2003 Account Statement for <fone no> shows 800 un-redeemed S. I. M. points. Call 08715203656 Identifier Code: 42049 Expires 26/10/04,Promotion
PRIVATE! Your 2003 Account Statement for 07808247860 shows 800 un-redeemed S. I. M. points. Call 08719899229 Identifier Code: 40411 Expires 06/11/04,Promotion
PRIVATE! Your 2003 Account Statement for shows 800 un-redeemed S.I.M. points. Call 08718738001 Identifier Code: 49557 Expires 26/11/04,Promotion
"Your Account Was Accessed From a New Device We noticed a new login Hello ondiekijohn254@gmail.com, we noticed an unusual login from a device or location you don't usually use. Was this you?",Promotion
CREDITED: Rs.75 wallet money. Use it to order medicines and get FLAT 22% OFF. Code. PHMY22 *TC PharmEasy https://peasy.in/RjXCN6,Promotion
"Discount of Rs 100 is now YOURS! Get 126 Channels, worth Rs 319 in just Rs 219 on your Airtel Digital TV account 3037252019 ! Limited Period offer, avail now!",Promotion
RAILWAY FURNISHERS*Don't Laybuy It - Railway IT! Open your 24 month account and get your goods upon approval. NO interest! Visit a branch TODAY! STOP2OPTOUT,Promotion
