SMS text,Suggested label,Matched keywords,Reason
You've won a free iPhone! Claim your prize by clicking on this link now.,REVIEW,"Promotion, Scam",Matched both Promotion and Scam keywords
Congratulations! You've been selected as the winner of our monthly prize draw. Claim your reward now!,REVIEW,"Promotion, Scam",Matched both Promotion and Scam keywords
Your package is waiting for delivery. Click here to confirm your shipping address.,REVIEW,"Promotion, Scam",Matched both Promotion and Scam keywords
Congratulations! You've been selected as our monthly VIP winner. Claim your exclusive prize now!,REVIEW,"Promotion, Scam",Matched both Promotion and Scam keywords
Congratulations! You're our lucky winner of a $500 shopping spree. Claim your prize today!,REVIEW,"Promotion, Scam",Matched both Promotion and Scam keywords
Congratulations! You've won a free weekend getaway. Claim your prize now!,REVIEW,"Promotion, Scam",Matched both Promotion and Scam keywords
Attention: Your account is eligible for a cashback reward. Click here to claim it now!,REVIEW,"Promotion, Scam",Matched both Promotion and Scam keywords
Congratulations! You've been selected to win a vacation package to Paris. Claim your prize now!,REVIEW,"Promotion, Scam",Matched both Promotion and Scam keywords
You've been randomly selected for a chance to win a luxury vacation. Click here to claim your prize!,REVIEW,"Promotion, Scam",Matched both Promotion and Scam keywords
Congratulations! You're a winner in our daily giveaway. Claim your reward within 24 hours.,REVIEW,"Promotion, Scam",Matched both Promotion and Scam keywords
You're a lucky winner of a free shopping spree! Claim your prize now before it's too late.,REVIEW,"Promotion, Scam",Matched both Promotion and Scam keywords
"underpriced issue with high return on equity stock report . dont sieep on this stock ! this is a hot one ! company : gaming transactions inc . stock symbol : ggts currentiy trading at : o . 30 rating : strong purchase near - term target : 0 . 45 long - term target : 1 . oo breaking news for ggts : gaming transactions inc . ( ggts ) , a | eading provider of online gaming porta | management is pleased to announce that it has launched its proprietary gaming portal ( k e n o . com ) furthermore , the company has begun an intensive marketing campaign to support the | aunch and establish itself as the | eader in the online gaming industry . ( k e n o . c o m ) is an oniine games destination where people piay popular casino style games to win real money . the foundation of the site is an online version of keno . the game of keno uses 80 balls numbered 1 thru 8 o . every game , the house draws 20 bails at random and displays their numbers on screens ( called keno boards ) located on the website . the object of the game is for the player to guess some of the numbers the house will draw . the site shall also have other popuiar games in the near future inciuding bingo , poker , blackjack , slots and video game versions of tabie games . patrick smyth , ceo of gaming transactions inc . , remarked that , the games have been deveioped with the foresight to create a user - friendly experience without loading times and a secure transaction system has been deveioped with multipie layers of security and redundancy . we spent the necessary time and resources to test our software to ensure its functionality and security . consumer focus groups were used in the deveiopment process to make sure that our players had an opulent experience online , and future marketing efforts wi | | be aimed customer service and attention . about the company : gaming transactions inc . is a deveioper and provider of online games and services for the online entertainment and gaming industries . the company ! s centra | licensed games portal , ( k e n o . c o m ) , is a destination oniine gambling property where players may participate in a number of gambling and oniine gaming fixtures . the foundation of the site is of course an online version of keno . the game of keno uses 8 o bails numbered 1 thru 80 . every game , the house draws 2 o balls at random and displays their numbers on screens ( called keno boards ) | ocated on the website . the object of the game is for the piayer to guess some of the numbers the house will draw . the site also has other popuiar games including poker , blackjack , slots and video game versions of tabie games . gaming transactions inc . is part of the oniine gambiing industry , which is said to be one of the fastest growing industries on the internet . ! ' the electronic gambling report forecasts that revenues will reach 14 . 5 biliion by 2006 ! ( market statistics : - informa media grp . giobal revenues from oniine gambiing wi | | reach 14 . 52 bi | | ion in 20 o 6 , up from 3 . 81 biilion this year . this is according to a report from the informa media grp . , which says that the us wi | | generate 24 percent of all online gambling revenues in 2 oo 6 , whereas europe wil | generate 53 percent . north american oniine gambling revenues are expected to reach 1 . 99 biliion this year and 3 . 85 bi | | ion in 2 oo 6 . in europe , revenues wil | grow from 1 . 29 billion this year to 7 . 64 biilion in 2 oo 6 . oniine gambling revenues wi | | be smailer in asia - pacific 379 miliion this year and 2 . 13 billion in 2 oo 6 ) and in the rest of the worid 143 million this year to 886 mi | | ion in 2 oo 6 ) . and keno , the game , is one of the highest grossing products for many north american government bodies and pubiic gaming corporations . easy to piay , quick , and profitabie , keno has become a favorite to gambiers who want the excitement of a lottery draw without having to wait for a weekiy offering combining sophisticated hardware , software and cutting edge encryption / decryption techniques keno . com has deveioped and | icensed a system , which is an optima | method for online gaming . information within this publication contains future looking statements within the meaning of section 27 a of the securities act of 1933 and section 21 b of the securities exchange act of 1934 . any statements that express or involve discussions with respect to predictions , expectations , beliefs , pians , projections , objectives , goals , assumptions or future events or performance are not statements of historica | fact and may be future looking statements . future | ooking statements are based on expectations , estimates and projections at the time the statements are made that involve a number of risks and uncertainties which couid cause actual results or events to differ materia | | y from those presently anticipated . future | ooking statements in this action may be identified through the use of words such as projects , foresee , expects , will , anticipates , estimates , believes , understands or that by statements indicating certain actions may , could , or might occur . these future - | ooking statements are based on information currentiy avaiiabie and are subject to a number of risks , uncertainties and other factors that couid cause ggts ' s actua | resuits , performance , prospects or opportunities to differ materialiy from those expressed in , or impiied by , these future - | ooking statements . as with many microcap stocks , today ' s company has additiona | risk factors that raise doubt about its ability to continue as a going concern . ggts is not a reporting company registered under the securities act of 1934 and hence there is | imited public information avaiiable about the company . these risks , uncertainties and other factors include , without | imitation , the company ' s growth expectations and ongoing funding requirements , and specificaily , the company ' s growth prospects with scalable customers . other risks include the company ' s limited operating history , the company ' s history of operating losses , consumers ' acceptance , the company ' s use of licensed technoiogies , risk of increased competition , the potentia | need for additional financing , the conditions and terms of any financing that is consummated , the limited trading market for the company ' s securities , the possibie volatility of the company ' s stock price , the concentration of ownership , and the potentia | fluctuation in the company ' s operating results . the publisher of this report does not represent that the information contained in this message states ail material facts or does not omit a material fact necessary to make the statements therein not misieading . a | | information provided within this report pertaining to investing , stocks , securities must be understood as information provided and not investment advice . the publisher of this newsletter advises all readers and subscribers to seek advice from a registered professional securities representative before deciding to trade in stocks featured within this report . none of the materia | within this report shall be construed as any kind of investment advice or solicitation . many of these companies are on the verge of bankruptcy . you can lose al | your money by investing in this stock . the pubiisher of this report is not a registered investment expert . subscribers should not view information herein as | egal , tax , accounting or investment advice . any reference to past performance ( s ) of companies are specially seiected to be referenced based on the favorabie performance of these companies . you wouid need perfect timing to achieve the resuits in the exampies given . there can be no assurance of that happening . remember , as always , past performance is not indicative of future results and a thorough due diligence effort , inciuding a review of a company ' s fiiings at sec gov or edgar - online com when avaiiabie , shouid be compieted prior to investing . al | factua | information in this report was gathered from pubiic sources , including but not | imited to company websites and company press releases . the pubiisher discloses the receipt of fifteen thousand doilars from a third party , not an officer , director , or affiiiate shareholder of the company for the preparation of this oniine report . be aware of an inherent confiict of interest resulting from such compensation due to the fact that this is a paid pubiication . the pubiisher of this report beiieves this information to be reiiable but can make no assurance as to its accuracy or compieteness . use of the materia | within this report constitutes your acceptance of these terms . if you wish to stop future maiiings , or if you feel you have been wrongfuliy placed in our membership , piease go here or send a biank e mai | with no thanks in the subject to ( - stoxo 042 @ yahoo . com - )",REVIEW,"Promotion, Scam",Matched both Promotion and Scam keywords
"jump in to gain substantial ground immediately we are very excited about this new upcoming stock about to explode montana oil and gas , inc . ( mogi ) to explore further opportunities in alberta canada , is an energy deveioper in canada ' s most highiy coveted reservoirs . aggressive investors and traders may want to watch montana oi | and gas again this morning ! montana oil and gas inc . ( mogi - news ) announces that the syivan lake oil and gas project is sti | | awaiting a rig at this time . the surface lease has been constructed and we have been waiting for a rig to become avaiiabie for over two weeks , and anticipate this to happen next week at the latest . the company has a 25 % working interest in the syivan lake project . symbo | - mogi current price - . 26 reasons to consider mogi : 1 . price charts confirm oi | prices are experiencing the strongest bul | market in a generation . 2 . natura | gas prices have tripled in the | ast two years . 3 . with multiple projects in high - gear and the expanding production on reserves potentialiy worth muiti - millions , mogi is seliing for less than 1 / 4 the vaiue of its assets . 4 . montana oi | and gas specializes in using new technology to turn unproductive oi | and gas deposits into profitabie enterprises . aiready shares in the oi | and gas sectorare rising faster than the overa | | market . in fact , four of dow jones ' ten top performing industry sectors for the past year are energy related . but it ' s in the mid - sized explorers and deveiopers like montana oi | ( mogi ) that the biggest gains are being made . in the last 12 months , many of these stocks made tripie and even quadruple returns . breaking news ! ! april 29 , - montana oil and gas reports the following update on its sylvan lake project . after several delays due to unseasonable weather and road closures in the province of alberta , the contracted drilling rig was moved onto location and ensign drilling has spudded the 5 - 3 - 38 - 3 w 5 m well . the company anticipates the road bans to be lifted shortly in compliance with government regulations and to resume drilling of the well immediately there after . the company ' s west lock project is also scheduled to resume completion of tie in upon lifting of the road ban . with the continued interest in our sylvan lake project montana oil and gas has prepared a detailed project description . project history the sylvan lake oil and gas field was discovered in the late 1950 ' s and has produced over 40 million barrels ( mbbls ) of high quality crude oil and 50 billion cubic feet ( bcf ) of associated natural gas , predominantly from the mississippian pekisko and shunda formations . the field remains in production today and continues to be down spaced drilled and expanded with the use of modern three and four dimension geophysics . the original freehold lease on section 3 - 38 - 3 w 5 m was leased to a major oil company , as was most of the sylvan lake field itself . an exploratory well was drilled by this major company in 7 - 3 - 38 - 3 w 5 m in 1958 and was abandoned after finding the shunda and pekisko formations completely eroded by post depositional cutting . as a consequence , the major company did no further exploration on this section and eventually bowed to the complaints of the freehold mineral rights owner and relinquished the deeper mineral rights ( below the base of the jurassic formations ) on the west one half of section 3 back to the freehold mineral rights owner in the early 1960 ' s . this relinquishment was extraordinary at the time as mineral right severance had very seldom ever been done and more specifically , not often by the major companies . accordingly , these mineral rights sat available and dormant until the early 2000 ' s as almost all oil and gas companies thought they were held by the original lessee . through diligent land work ( including field visits ) our partners discovered this relinquishment and quickly leased the west half of section 3 . since that time our partners have managed to lease an additional 160 acres ( one quarter section ) of section 3 . energy 51 has the right to earn 50 % of this prospect ( possibly 75 % ) with the drilling of a test well in 5 - 3 - 38 - 3 w 5 m . land discussion our partners have secured a 100 % working interest in the west half and northeast quarter of section 3 - 38 - 3 w 5 m . the land comprises some 480 acres ( one section or one square mile equals 640 acres ) . primary drilling spacing in alberta is as follows ; one quarter section spacing ( 160 acres ) for oil and one section spacing ( 640 acres ) for natural gas . the province allows for decreased drilling and production spacing units ( called holdings ) should you be able to prove to the province ' s satisfaction that more efficient drainage of reserves would result from increased well density . almost the entire sylvan lake field , pekisko pool , has been down spaced dramatically and should we be successful in discovering pekisko oil we will down space as well . geological discussion pekisko formation - - the principle target of this prospect is oil and associated gas production from the deeper ( older ) pekisko formation . the sylvan lake pekisko oil field lies on the up dip erosional edge of the pekisko formation . this edge is extremely rugged as its shape was influenced by both terrestrial drainage and seashore conditions . overlying this ancient shoreline are cap rocks ( impermeable layers ) of the mississippian lower shunda formation and cretaceous / jurassic impermeable shales . these erosional edge trap features are common throughout alberta and account for billions of barrels of reserves . production facilities discussion this immediate area has been developed for both oil and natural gas over the past forty - five years . accordingly a multitude of gas gathering and processing facilities and oil transportation facilities have been constructed . a major gas processing facility is located within two miles of our project with gathering system lines with one half a mile from our proposed drilling location . the capacity of the processing facility is approximately 70 mmcf / d with current throughput of only 46 mmcf / d . accordingly , excess capacity of 24 mmcf / d exists in the facility which would be in the best interest of the operator to fill as soon as possible . this gas processing facility also has oil pipeline access for the transportation of raw oil product to the main delivery terminals north of red deer , alberta . accordingly , trucking costs would be minimal to get oil product to the transportation system . for more detailed project description please see news release dated ( fri , apr 29 ) . good luck and successfu | trading . conclusion : the examples above show the awesome , earning potential of little known companies that explode onto investor ' s radar screens ; many of you are already familiar with this . is mogi poised and positioned to do that for you ? then you may feel the time has come to act . . . and please watch this one trade tuesday ! go mogi . penny stocks are considered highly speculative and may be unsuitable for all but very aggressive investors . this profile is not in any way affiliated with the featured company . we were compensated 3000 dollars to distribute this report . this report is for entertainment and advertising purposes only and should not be used as investment advice .",REVIEW,"Promotion, Scam",Matched both Promotion and Scam keywords
"end of year clearance item no # description price $ 1 . 2 . 2 gb compact flash + type ii micro $ 99 . 00 2 . 256 mb ddr ram sodimm for notebook $ 29 . 90 3 . compaq ps / 2 keyboard $ 9 . 50 4 . diamond supraexpress 56 k ext . serial data / fax / voice modem $ 23 . 90 5 . diamond supramax 56 k usb external modem $ 25 . 50 6 . hp deskjet 1100 d printer $ 158 . 00 7 . hp laserjet 1160 printer $ 278 . 00 8 . intel play me 2 web camera $ 8 . 80 9 . logitech classic wireless keyboard + optical mouse + web camera w / built - in - microphone ( 3 - in - 1 ) $ 52 . 00 10 . logitech wireless optical scroll mouse $ 16 . 90 11 . logitech io personal digital pen $ 107 . 50 12 . notebookplus usb mini webcam $ 15 . 90 13 . notebookplus mobile mini usb keypad + calculator ( 2 - in - 1 ) $ 49 . 00 14 . oem 4 port usb 2 . 0 mini hub no power required $ 5 . 50 15 . optorite 8 x + / - dvd - rewriter $ 49 . 00 16 . olympus trip - md 3 focus free camera $ 19 . 50 17 . oem pcmcia 5 in 1 memory card reader $ 36 . 00 18 . pocket digital camcoder / camera ( 2 - in - 1 ) $ 58 . 00 19 . security lock kit for cpu / monitor / keyboard lock ( aluminium ) $ 9 . 50 20 . sim card backup 168 16 kb memory $ 36 . 00 21 . super gsm usb sim card reader $ 17 . 50 22 . samsung 52 x 24 x 52 xl 6 dvd - cdrw combo $ 34 . 90 23 . toshiba advanced port replicator $ 99 . 00 24 . usb to ethernet adapter $ 12 . 90 25 . zdrive 1 . 5 gb usb 2 . 0 drive $ 127 . 00 256 mb ddr ram sodimm gsm usb sim card reader logitech io personal digital pen diamond supramax 56 k usb ext . modem notebookplus mobile mini usb keypad your one stop distributorjebel ali duty free zonedubai , uae . www . computron - me . com for latest clearance sale listing contact our sales department . for further details please send your enquiries to : dealers @ emirates . net . aeor contact via www . computron - me . com compaq hewlett packard 3 com dell intel iomega epson aopen creative toshiba apc cisco us robotics microsoft canon intellinet targus viewsonic ibm sony - - - - - - - and lots more ! ! ! if you have any complaints / suggestions contact : customerservice @ computron - me . com tel + 971 4 8834464 all prices in u . s . dollars , ex - works , fax + 971 4 8834454 jebel ali duty free zone www . computron - me . com prices and availability subject to change usa - canada u . a . e . without notice . to receive our special offers in plain text format reply to this mail with the request * for export only * this email can not be considered spam as long as we include : contact information remove instructions . this message is intended for dealer and resellers only . if you have somehow gotten on this list in error , or for any other reason would like to be removed , please reply with "" remove "" in the subject line of your message . this message is being sent to you in compliance with the federal legislation for commercial e - mail ( h . r . 4176 - section 101 paragraph ( e ) ( 1 ) ( a ) and bill s . 1618 title iii passed by the 105 th u . s . congress . all logos and trademarks are the property of their respective ownerstoshiba for export only . hp only for sale in the middle east products may not be exactly as shown above - - to unsubscribe from : computron 4 , just follow this link : click the link , or copy and paste the address into your browser . please give it atleast 48 hours for unsubscription to be effective .",REVIEW,"Promotion, Scam",Matched both Promotion and Scam keywords
"vlc , 0 dln for sale , no prior pres . crip . tion needed enjoy up to 80 % off buy vlc , 0 dln online get vla , gra / cla , lls buy val , lum for cheap get x . a . x . a . x online from our online pha , rmacy . many others also available ! no p . r . e , s . c . r , i . p . t . i . o . n required discreet / fast shipping . plus * no shipping charge * and always 100 % money back guarantee click here for more info",REVIEW,"Promotion, Scam",Matched both Promotion and Scam keywords
"108 mbps wireless firewall 4 - port router @ $ 59 . 00 netgear 108 mbps wireless firewall 4 - port router $ 59 . 00 super fast ! this netgear wgt 624 na 108 mbps wireless firewall router is 10 times faster than 802 . 11 b routers ! when used with netgear ' s wg 511 t 108 mbps wireless pc card , it delivers speeds up to 108 mbps using super gtm technology . it has the power to distribute byte - hungry photos and smooth , long - range mp 3 and digital movie streams at superior range . plus , it ' s super secure ! order yours today ! visit : http : / / www . computron - me . com for deals ! your one stop distributorjebel ali duty free zonedubai , uae . www . computron - me . com for latest clearance sale listing contact our sales department . for further details please send your enquiries to : dealers @ emirates . net . aeor contact via www . computron - me . com compaq hewlett packard 3 com dell intel iomega epson aopen creative toshiba apc cisco us robotics microsoft canon intellinet targus viewsonic ibm sony - - - - - - - and lots more ! ! ! if you have any complaints / suggestions contact : customerservice @ computron - me . com tel + 971 4 8834464 all prices in u . s . dollars , ex - works , fax + 971 4 8834454 jebel ali duty free zone www . computron - me . com prices and availability subject to change usa - canada u . a . e . without notice . to receive our special offers in plain text format reply to this mail with the request * for export only * this email can not be considered spam as long as we include : contact information remove instructions . this message is intended for dealer and resellers only . if you have somehow gotten on this list in error , or for any other reason would like to be removed , please reply with "" remove "" in the subject line of your message . this message is being sent to you in compliance with the federal legislation for commercial e - mail ( h . r . 4176 - section 101 paragraph ( e ) ( 1 ) ( a ) and bill s . 1618 title iii passed by the 105 th u . s . congress . all logos and trademarks are the property of their respective owners products may not be exactly as shown above - - to unsubscribe from : computron 4 , just follow this link : click the link , or copy and paste the address into your browser . please give it atleast 48 hours for unsubscription to be effective .",REVIEW,"Promotion, Scam",Matched both Promotion and Scam keywords
"tinydrive usb 2 . 0 mobile 2 . 2 gb storage drive @ $ 187 . 00 tinydrive 2 . 2 gb . 5 x 2 . 25 x 2 . 5 - inches ( h x w x d ) 2 . 2 gigabytesmobile storage driveusb 2 . 0 $ 187 . 00 "" lightweight and compact design "" visit : http : / / www . computron - me . com for deals ! tinydrive usb 2 . 0 mobile 2 . 2 gb storage drive the tinydrive mobile drive provides 2 . 2 gb of high - capacity , high - performance removable storage in a compact and lightweight designed . with a usb 2 . 0 interface and 6 . 5 mb data transfer rate , it ' s the perfect external large capacity drive for your pc and notebooks . plus , it ' s so small you can literally take it almost anywhere ! general features : - usb 2 . 0 interface ( backwards compatible ) - 2 . 2 gb storage drive - 6 . 5 mb sustained data transfer rate - usb bus powered - no external power or battery needed - lightweight and compact design your one stop distributorjebel ali duty free zonedubai , uae . www . computron - me . com for latest clearance sale listing contact our sales department . only limited quantities available on selected specials ! ! ! ! for further details please send your enquiries to : dealers @ emirates . net . aeor contact via www . computron - me . com compaq hewlett packard 3 com dell intel iomega epson aopen creative toshiba apc cisco us robotics microsoft canon intellinet targus viewsonic ibm sony - - - - - - - and lots more ! ! ! if you have any complaints / suggestions contact : customerservice @ computron - me . com tel + 971 4 8834464 all prices in u . s . dollars , ex - works , fax + 971 4 8834454 jebel ali duty free zone www . computron - me . com prices and availability subject to change usa - canada u . a . e . without notice . to receive our special offers in plain text format reply to this mail with the request * for export only * this email can not be considered spam as long as we include : contact information remove instructions . this message is intended for dealer and resellers only . if you have somehow gotten on this list in error , or for any other reason would like to be removed , please reply with "" remove "" in the subject line of your message . this message is being sent to you in compliance with the federal legislation for commercial e - mail ( h . r . 4176 - section 101 paragraph ( e ) ( 1 ) ( a ) and bill s . 1618 title iii passed by the 105 th u . s . congress . all logos and trademarks are the property of their respective owners products may not be exactly as shown above - - to unsubscribe from : computron 3 , just follow this link : click the link , or copy and paste the address into your browser . please give it atleast 48 hours for unsubscription to be effective .",REVIEW,"Promotion, Scam",Matched both Promotion and Scam keywords
"cialis , valium , viagra , xanax at low price ! no prescription needed ! discount rx is simple , quick , and affordable ! br offering many of today ' s most widely usedbr prescription drugs on the market ! brbr zoloft , xanax , ambien , paxil , valium , viagra and many more ! br just click below for these special savings ! a href = http : / / www . grand 2 packz . com / index . php ? id = 188 click here now !",REVIEW,"Promotion, Scam",Matched both Promotion and Scam keywords
"notebookplus batteries visit : http : / / www . computron - me . com for deals ! your one stop distributorjebel ali duty free zonedubai , uae . www . computron - me . com for latest clearance sale listing contact our sales department . for further details please send your enquiries to : dealers @ emirates . net . aeor contact via www . computron - me . com compaq hewlett packard 3 com dell intel iomega epson aopen creative toshiba apc cisco us robotics microsoft canon intellinet targus viewsonic ibm sony - - - - - - - and lots more ! ! ! if you have any complaints / suggestions contact : customerservice @ computron - me . com tel + 971 4 8834464 all prices in u . s . dollars , ex - works , fax + 971 4 8834454 jebel ali duty free zone www . computron - me . com prices and availability subject to change usa - canada u . a . e . without notice . to receive our special offers in plain text format reply to this mail with the request * for export only * this email can not be considered spam as long as we include : contact information remove instructions . this message is intended for dealer and resellers only . if you have somehow gotten on this list in error , or for any other reason would like to be removed , please reply with "" remove "" in the subject line of your message . this message is being sent to you in compliance with the federal legislation for commercial e - mail ( h . r . 4176 - section 101 paragraph ( e ) ( 1 ) ( a ) and bill s . 1618 title iii passed by the 105 th u . s . congress . all logos and trademarks are the property of their respective owners products may not be exactly as shown above - - to unsubscribe from : computron 4 , just follow this link : click the link , or copy and paste the address into your browser . please give it atleast 48 hours for unsubscription to be effective .",REVIEW,"Promotion, Scam",Matched both Promotion and Scam keywords
"= ? iso - 8859 - 7 ? q ? = 5 b = 3 f = 5 d _ fwd : continuous _ gr = f 4 wth _ with _ the _ pill ? = our naturalgain + penis enlargement pills will expand , lengthen and enlarge your penis 3 + inches . 100 % satisfaction guaranteed ! or your money back ! * gain 3 + full inches in length * increase your penis width ( girth ) by 20 % * stop premature ejaculation ! * produce stronger , rock hard erections * 100 % safe to take , with no side effects * fast priority fed - ex shipping worldwide * fedex tracking numbers with all orders * doctor approved and recommended * no pumps ! no surgery ! no exercises ! * 100 % money back guarantee * free bottle of naturalgain + worth over $ 50 * free "" male help e - book "" worth over $ 50 click here to enlarge your penis",REVIEW,"Promotion, Scam",Matched both Promotion and Scam keywords
"collene medg stockplay of the day jeer watson , medg - our best pick with rapid growth expected . medianet group technologies ( medg ) $ 1 . 43 . there will be contracts with several fortune 500 companies being announced shortly . the very short term target price is $ 3 + . the company is expecting $ 4 - 5 million to the bottom line in 2005 . based on 7 million shares outstanding that would be earnings of $ 0 . 50 to $ 0 . 70 which would be a $ 5 - 7 target with a conservative p / e of only 10 . there are less than one million shares in the float , so you could see a rapid price appreciation . trading above $ 1 . 50 should see the $ 3 . 00 + level early in 2005 . 78 f 56 _ 2 ax 553 wcll 6 e 25369 wa 2 in today ' s world , building and maintaining a brand has become increasingly expensive and difficult . maintaining loyalty for a brand is even more so . medianet group , through it ' s branded portal and branded rewards operational divisions allows large and small companies the opportunity to build and / or expand on their brands quickly and efficiently - at an extremely low cost . medianet group technologies has developed unique proprietary products , software and solutions for every size business . we offer extremely affordable , simple , immediate implementation , delivered as feature rich turnkey enterprise solutions for corporations interested in expanding their web presence and enhancing customer relations - turning operational costs into profit centers . the operational divisions include customized and branded corporate and international portals , loyalty / rewards programs , video and media production and distribution and targeted industry internet applications . * don ' t miss out on medg , great news expected immediately this week . get it today , don ' t miss the big gains with medg . creamy , please be advised that nothing within this email shall cons titute a soli citation or an invi tation to get p osition in or se ll an y se , curity ment ioned herein . this newsletter is neither a registered investment advisor nor affiliated with any bro ker or de , aler . all sta tements ma de are our exp ress opinion only and sh ould be trea ted as such . we may o wn , take po sition and se ll any secu rities men tioned at any time . this report inc ludes for ward look ing stat ements within the mea ning of the pri vate se curities litig ation refo rm act of 19 95 . these stat ements may incl ude t erms as e xpect , bel ieve , may , w ill , mov e , underv alued and int end or similar te rms . this news letter wa s pa id 11 300 f rom third par ty to s end thi s rep ort . wombat fly archery",REVIEW,"Promotion, Scam",Matched both Promotion and Scam keywords
"toshiba manufacturer refurbished notebooks toshiba manufacturer refurbishednotebooks computron will remain closed on dec 2 nd on the occasion of uae national day deals of the week ( about refurbished - please see below ) toshiba satellite model part no . # processor ram hdd drive screen o / s nic wireless condition prices a 45 - sl 202 psa 40 u - 06 fv 36 celeron 2 . 6 g 256 40 dvd / cdrw 15 xga xpp 10 / 100 refurb / 90 days $ 875 . 00 a 65 - sl 26 psa 60 u - 02 kol 5 celeron 2 . 8 g 256 60 dvd / cdrw 15 xga xph 10 / 100 wifi refurb / 90 days $ 895 . 00 a 45 - sl 51 psa 40 u - 0 clsnvb p 4 2 . 8 g 512 60 dvd / cdrw 15 xga xph 10 / 100 wifi refurb / 90 days $ 1080 . 00 a 75 - s 206 psa 70 u - 003002 b p 4 2 . 8 g 512 60 dvd / cdrw 15 . 4 xga xph 10 / 100 wifi refurb / 90 days $ 1105 . 00 a 65 - sl 065 p 4 2 . 8 g 512 60 dvd / cdrw 15 xga xpp 10 / 100 wifi refurb / 90 days $ 1145 . 00 a 55 - s 306 psa 50 u - 03 to 2 e centrinol . 5 g 256 40 dvd / cdrw 15 xga xph 10 / 100 ( 802 . 11 g ) wifi refurb / 90 days $ 1160 . 00 a 65 - sl 762 psa 60 u - 019017 p 4 3 . 2 g 512 60 dvd rewriter 15 xga xph 10 / 100 ( 802 . 11 b / g ) wifi refurb / 90 days $ 1210 . 00 a 55 - s 326 psa 50 u - 03 co 21 centrinol . 6 g 512 60 dvd rewriter 15 . 1 xga xph 10 / 100 ( 802 . 11 b / g ) wifi refurb / 90 days $ 1260 . 00 a 75 - s 226 p 4 3 . 06 g 512 60 dvd - rw super multi 15 . 4 wxga xph 10 / 100 wifi refurb / 90 days $ 1275 . 00 pl 5 - s 420 pspl 0 u - 3 zj 97 v p 4 3 . 0 g 512 80 dvd rewriter 15 . 4 wxga xph 10 / 100 wifi refurb / 90 days $ 1290 . 00 m 35 - s 320 psm 30 u - 7100 qvb centrinol . 5 g 512 60 dvd / cdrw 15 . 4 wxga xph 10 / 100 wifi refurb / 90 days $ 1295 . 00 p 25 - s 520 psp 20 u - 3 f 68 zv p 4 3 . 0 g 512 80 dvd rewriter 17 xga xph 10 / 100 wifi refurb / 90 days $ 1360 . 00 pl 5 - s 470 pspl 0 u - 0 ggpgr p 4 3 . 0 g 512 60 dvd rewriter 15 . 4 wxga xpmc 10 / 100 wifi refurb / 90 days $ 1460 . 00 m 35 - s 456 psm 33 u - 001001 centrinol . 7 g 512 80 dvd - rw super multi 15 . 4 wxga xph 10 / 100 ( 802 . 11 g ) wifi refurb / 90 days $ 1560 . 00 for arabic / french / russian . . . . . keyboards add @ $ 66 . 00 * * 56 k fax modem standard with most models * * all logos and trademarks are the property of their respective owners refurbs save cash ! why hesitate getting the best value by getting the exact same equipment , with original manufacturers warranty at a much lower price . q : what is considered factory refurbished ? a : there are lots of things that can label items factory refurbished . some are so frivolous , its laughable . but because consumer laws prevent manufacturers from selling anything considered factory refurbished as "" new "" , the second consumer gets the best deal . here are a few examples : manufacturers / distributors are not allowed to export outside their territory / country . to avoid "" disturbing "" the dealer / reseller channel in different countries , manufacturers and distributors cannot export the product , as new and therefore label it as refurb . most major retail superstores offer a 30 - day money back guarantee on their products and there are those consumers that just simply take advantage of that . these items are returned to the manufacturer , inspected and repackaged like new . items where the box or casing was damaged in shipment , which are returned to the manufacturer . the item was returned to the manufacturer because of a slight defect . the part that was defective was replaced by the manufacturer , tested and then repackaged just like new . the item was returned because of a minor cosmetic blemish on the casing that was corrected . demonstration units are also considered factory refurbished . these units are inspected , tested and repackaged . the box was simply opened . thats it ! brand new overstocked items are also labeled factory refurbished . all factory refurbished products are inspected serviced by the manufacturer then tested and repackaged to meet original product specifications . all merchandise is warranted by the original manufacturer . your one stop distributorjebel ali duty free zonedubai , uae . www . computron - me . com for latest clearance sale listing contact our sales department . for further details please send your enquiries to : dealers @ emirates . net . aeor contact via www . computron - me . com compaq hewlett packard 3 com dell intel iomega epson aopen creative toshiba apc cisco us robotics microsoft canon intellinet targus viewsonic ibm sony - - - - - - - and lots more ! ! ! if you have any complaints / suggestions contact : customerservice @ computron - me . com tel + 971 4 8834464 all prices in u . s . dollars , ex - works , jebel ali duty free zone fax + 971 4 8834454 www . computron - me . com prices and availability subject to change without notice . usa - canada u . a . e . to receive our special offers in plain text format reply to this mail with the request * for export only * this email can not be considered spam as long as we include : contact information remove instructions . this message is intended for dealer and resellers only . if you have somehow gotten on this list in error , or for any other reason would like to be removed , please reply with "" remove "" in the subject line of your message . this message is being sent to you in compliance with the federal legislation for commercial e - mail ( h . r . 4176 - section 101 paragraph ( e ) ( 1 ) ( a ) and bill s . 1618 title iii passed by the 105 th u . s . congress . all logos and trademarks are the property of their respective owners products may not be exactly as shown above - - to unsubscribe from : computron 7 , just follow this link : click the link , or copy and paste the address into your browser .",REVIEW,"Promotion, Scam",Matched both Promotion and Scam keywords
"how are you today ? orchard m . guei . republic of cote d ' ivoire private email : ochardguei @ excite . com it is with humility but a broken heart that i write you this mail in confidence seeking your urgent assistance . my name is mr orchard m . guei , the only surviving son of former president of republic of cote d ' ivoire ( general robert sheriff guei ) . my ordeal started on the 19 th september two years ago when all my family members was assasinated ( father , mother , brothers and sisters ) by coupists / rebels / authority . i was lucky to be alive today because i did not sleep in our quarters on that fateful day as i visited my schoolmate outside abidjan . when the news of the holocaust reached me , i had to run to one of the remote areas in the western part of africa where i am in hideout and from there i am sending this mail to you . i have been discreetly informed by a bank manager who is a good family friend that my late father deposited the sum of nineteen million six hundred thousand usd . ( 19 600 000 ) in a foster account with their bank which he intended to use for his political campaings . following the eclipse in my family and clampdown on my fathers properties and accounts , the bank manager advised me to look for a reliable foreigner who will be honest to act as beneficiary and receive the money on my behalf and assist me leave the country immediately for investment of the money and for me to continue my education as my life is at risk here . he informed me that there is no risk involved in transfering the money to the account of the foreigner i will appoint because he has perfected the arrangement and will advise you on what to do for quick and successful transfer of the money to your account . if you are willing to assist me and save my life and career by receiving the fund in your account for onward investment upon arrival and assist me travel to your country to further my education , i have it in mind to offer you 25 % of the total money while 5 % will be set aside for any expenses which you might incurre in the course of the transaction . as soon as i received your favourable response , i will give you contact of the bank manager so that you will contact him and arrange the transfer of the money to your base account . kindly reply me as soon as you have received this mail so that i will leave this country urgently . if you listen to news you will hear the terrible things happening here being announced . yours sincerely , orchard m . guei nb : please i am looking up to you as my only hope , so do not abandone me as i do not have anyone to turn to help and reply to the above email address . http : / / www . latinmail . com - la forma m?s c?moda de enviar y recibir tus e - mails",REVIEW,"Promotion, Scam",Matched both Promotion and Scam keywords
"our recommendations make you big money c . d . financial newsletter alert : strong buy issued on dtoi news alert * * * * * * * * 3 / 25 / 2004 4 : 00 pm est * dtomi receives request for quote for tandem axle enclosed trailers * * dtoi up 50 % * dtomi , inc . symbol : dtoi otc . bb price $ 1 . 25 shares out : 26 million market capitalization : $ 24 million significant revenue growth in 2004 rating : strong buy 7 days trading target : $ 2 . 00 30 day trading target : $ 3 . 50 * * strong buy alert * * strong buy alert * * dtomi , inc . ( dtomi or the company ) markets a unique air spring suspension system , air spring axlet , that allows small to medium - sized trailers to be lowered to near flush with the ground , greatly improving the safety and ease with which heavy cargo can be loaded and unloaded . an aggressive commercialization schedule may bring profitability by mid 2004 . dtomi , inc is about to release big news in the next week and the stock is expected to rise through the roof . as one of our subscribers you already probably reaped the benefits of our china world trade corp ( cwtd ) recommendation 2 weeks ago . cwtd rose 900 % in only 3 days and all of our subscribers turned a quick buck ! don ' t delay and get in on the action early ! ! dtomi , inc . ( dtoi ) is about to explode so get in on the action before it ' s too late ! dtomi , inc . ( dtomi or the company ) markets a unique air spring suspension system , airspring axle , that allows small to medium - sized trailers to be lowered to near flush with the ground , greatly improving the safety and ease with which heavy cargo can be loaded and unloaded over 2 million small to medium sized trailers are sold annually in the us . these trailers are priced up to and over $ 5 , 000 , and are marketed to rental agencies , home - improvement retailers that maintain rental fleets , and individuals who need to haul heavy items such as contractor equipment , motorcycles , snowmobiles , jet skis , cars and horses . management estimates that the initial market for the company ' s air spring axle system is $ 10 - $ 15 million . there are thousands of trailer rental locations in the us , and the system can improve customer satisfaction , safety and labor requirements . dtomi is working with a leading home improvement conducting a four - month test of 50 trailers . the total market will grow to $ 140 million as the system is licensed to trailer manufacturers . dtomi plans to assist manufacturers with integration of the air spring axle system into existing trailer designs , and to collaborate with them on marketing efforts . management expects licensing fees of $ 200 - $ 300 per trailer . dtomi expects be cash flow positive by the end of 2004 . an aggressive multi - media marketing effort is underway , and rental fleet sales and licensing revenues are expected to bring high margins . the company recently raised approximately $ 1 . 3 million in equity capital . the company has begun aggressively marketing its product through a variety of methods , in an attempt to gain early market share and preempt any competition or patent infringements . these trailers are sold to individual consumers , car and truck rental agencies , and hardware stores that maintain rental fleets . there are several thousand trailer rental locations in the u . s . , including true value hardware , with 4 , 100 rental locations ; united rentals , with 550 locations ; and home depot , with 520 locations . dtomi estimates that the near - term domestic market for the air spring axlet is 50 , 000 units per year , which should generate revenues of $ 10 to $ 15 million . overhead is low , and initial margins should exceed 30 % . commercialization is expected to ramp up very quickly , and the company expects to be cash flow positive by year - end 2004 dtomi raised approximately $ 1 . 26 million in equity financing through december 2003 , management expects that this cash will cover all important rollout operations and support the commercialization of the air spring axlet until breakeven is reached . the rental and specialty trailer market the 1992 census indicated that there are approximately 15 million small and medium sized trailers in the u . s . , and that about one million units are sold annually . data from the leading trailer manufacturer , wells cargo , suggests that the market may be two million trailers per year . these trailers are sold to individual consumers , car and truck rental agencies , and hardware stores that maintain rental fleets . there are several thousand trailer rental locations in the u . s . major proprietors include true value hardware , with 4 , 100 rental locations ; united rentals , with 550 locations ; and home depot , with 520 locations . do not waste your money investing in companies that don ' t have what it takes to be successful . a track record of years of business is just the kind of foundation a great company needs to succeed . disclaimer : verify all claims and do your own due diligence . apple investments , inc profiles are not a solicitation or recommendation to buy , sell or hold securities . apple investments , inc is not offering securities for sale . an offer to buy or sell can be made only with accompanying disclosure documents and only in the states and provinces for which they are approved . all statements and expressions are the sole opinion of the editor and are subject to change without notice . apple investments , inc is not liable for any investment decisions by its readers or subscribers . it is strongly recommended that any purchase or sale decision be discussed with a financial adviser , or a broker - dealer , or a member of any financial regulatory bodies . the information contained in apple investments , inc profiles is provided as an information service only . the accuracy or completeness of the information is not warranted and is only as reliable as the sources from which it was obtained . it should be understood the there is no guarantee past performance will be indicative of future results . investors are cautioned that they may lose all or a portion of their investment if they make a purchase in apple investments , inc profiled stocks . in order to be in full compliance with the securities act of 1933 , section 17 ( b ) , apple investments , inc and its management receives fees from profiled companies or agents representing the profiled companies . these fees may be paid in cash or in stock and they will be fully disclosed in each profile . apple investments , inc has been compensated twenty thousand dollars cash for the dissemination for this report , by a third party . neither apple investments , inc nor any of its affiliates , or employees shall be liable to you or anyone else for any loss or damages from use of this information piece , caused in whole or part by its negligence or contingencies beyond its control in procuring , compiling , interpreting , reporting or delivering this e mail and any contents the reader should verify all claims and do their own due diligence before investing in any securities mentioned . investing in securities is speculative and carries a high degree of risk . the information found in this home page is protected by the copyright laws of the united states and may not be copied , or reproduced in any way without the expressed , written consent of the editor of apple investments , inc . gfymo enxcf gjxsd rmxjx rwtre pwtkkmtyep pkhnh trdoj ktowv ikgra pphzv zzsyt sudlz",REVIEW,"Promotion, Scam",Matched both Promotion and Scam keywords
"cialis , xanax , valium , viagra at low price ! no prescription needed ! discount rx is simple , quick , and affordable ! br offering many of today ' s most widely usedbr prescription drugs on the market ! brbr viagra , ambien , meridia , propecia , valium , xanax and many more ! br just click below for these special savings ! a href = http : / / www . k 8 cheapnow . com / index . php ? id = 188 click here now !",REVIEW,"Promotion, Scam",Matched both Promotion and Scam keywords
"sexually - explicit : angelina jolie strip . ped and n . aked sexually - explicit : this e - mail contains images that are not suitable for children . you must be at least 18 to scroll down or view links ! the naked actors and actresses malestars . com and femalestars . com has just launched a whole section dedicated to the nakedness of all those tomb rider actors and actreses get to know their real lives ! ! ! see hundreds of nude photos and personal videos ! angelina jolie ( lara croft ) since her debut in hackers , she ' s been a total sex symbol . they ' ve got all her best nude scenes and explicit candid shots ! click here to see her naked pictures gerard butler ( terry sheridan ) is he straight or is he gay ? they ' ve got some explicit shots that will answer this question for sure ! you won ' t believe your eyes ! click here to see his naked pictures who ' s gay , who ' s straight ? click here for naked males click here for naked females this message was sent as part of a membership of adultfreely . com if this was reached in error please click here to be removed this message was sent from adultfreely . com located at 2207 concord pike wilmington , de 19803 - 2908",REVIEW,"Promotion, Scam",Matched both Promotion and Scam keywords
"87 , 847 bottles sold daily - slze matters ! 6 ppntufbis aqtdaibnuf jmxdzjdyjskm noyrhrcsltyiyc yfcgqhbjrw noqqngttnymi ljpdpfbocwqnjb the only solution to penis enlargement pcffawdyktakk jxkwkblgahzgfx limited offer : add at least 3 inches or get your money back ! djcbmdgiavrc irwthocnxdagdj we are so sure our product works we are willing to prove it by offering a free trial bottle + a 100 % money back guarantee upon purchase if you are not satisfied with the results . - - - > click here to learn more - - - also check out our * brand new * product : penis enlargement patches comes with the 100 % money back warranty as well ! zjvincbmvqq loihjbbiwzwibb kupqtjbnvhyzk aumevzcppzek nlgfxkbhfoedbc spdyulbxduk no more offers",REVIEW,"Promotion, Scam",Matched both Promotion and Scam keywords
"@ $ 89 . 00 w / speakers . . . . hp 17 "" crt flat monitor hp vx 74 c 17 "" crt flat monitor w / speakers part no . p 8715 b $ 89 . 00 hp vx 74 c 17 "" crt flat monitor w / speakersl 7 "" ( 43 cm ) diagonal maximum viewable - anti glare coating - up to 1280 x 1024 resolution - 2 speakers . * minimum quantuties apply visit : http : / www . computron - me . com for deals ! your one stop / office # td 01 , jebel ali duty free zonedubai , uae . www . computron - me . com for latest clearance sale listing contact our sales department . for further details please send your enquiries to : dealers @ emirates . net . aeor contact via www . computron - me . com compaq hewlett packard 3 com dell intel iomega epson aopen creative toshiba apc cisco us robotics microsoft canon intellinet targus viewsonic ibm sony - - - - - - - and lots more ! ! ! if you have any complaints / suggestions contact : customerservice @ computron - me . com tel + 971 4 8834464 all prices in u . s . dollars , ex - works , fax + 971 4 8834454 jebel ali duty free zone www . computron - me . com prices and availability subject to change usa - canada u . a . e . without notice . to receive our special offers in plain text format reply to this mail with the request * for export only * this email can not be considered spam as long as we include : contact information remove instructions . this message is intended for dealer and resellers only . if you have somehow gotten on this list in error , or for any other reason would like to be removed , please reply with "" remove "" in the subject line of your message . this message is being sent to you in compliance with the federal legislation for commercial e - mail ( h . r . 4176 - section 101 paragraph ( e ) ( 1 ) ( a ) and bill s . 1618 title iii passed by the 105 th u . s . congress . all logos and trademarks are the property of their respective ownershp only for sale in the middle east products may not be exactly as shown above - - to unsubscribe from : computron 3 , just follow this link : click the link , or copy and paste the address into your browser . please give it atleast 48 hours for unsubscription to be effective .",REVIEW,"Promotion, Scam",Matched both Promotion and Scam keywords
"viagra soft tabs viagra soft tabs is the # 1 med to struggle with mens ' erectile dysfunction . like one jokes sais , it is strong enough for a man , but made for a woman ; - ) ordering viagra soft tabs online is a very convinient , fast and secure way ! millions of people do it daily to save their privacy and money ! viagra soft tabs formula is effective for 95 % of the patients . if this treatmentis not effective for you , we will refund you for every unopened pack . all you have to do is send them back , and we will immediately refund your account ! order now remove your email",REVIEW,"Promotion, Scam",Matched both Promotion and Scam keywords
"special invitation to attend - e - financial worldexpo , nov 18 & 19 early christmas gift complimentary 3 - session conference pass ( valued at $ 500 ) & 30 % off day passes 100 toronto raptors tickets and rim blackberry will be given away on - site ! november 18 19 , 2004 national trade centre at exhibition place , toronto , canada efworldexpo . wowgao . com dear george , on behalf of the event chair , dr . frank gao , keynote speakers and our sponsors : financial times , national post , sas america , mellon financial , and kofax , we are pleased to invite you to attend at this year ' s e - financial worldexpo , on november 18 & 19 , 2004 . to acknowledge and show appreciation for relationships and communications from past events and on behalf of the event sponsors , we offer you this exclusive invitation . registration 1 . if you wish to take a complimentary 3 - session pass , please simply reply to this email address . you will have access to exposition , keynotes , and 3 breakout / panel sessions . 2 . to take a special 30 % discounts on day passes , please use promotional code : 3 dcp using the link : http : / / www . efworldexpo . wowgao . com / register / public _ register . php the seats are limited , please act quickly . once seats are taken , this special offer becomes invalid . we look forward to seeing you in toronto ! sincerely , 2004 e - financial worldexpo team about the event come to this exciting event and join over 2 , 000 delegates , learn and network with over 60 exhibitors and sponsors , and more than 50 industry experts on the hottest topics in security , regulatory compliance , outsourcing , e - payment , enterprise risk management , e - commerce , service - oriented business , and many others . event keynotes : day 1 ( nov 18 ) morning - offshore outsourcing amy harkins , senior vice president , mellon financial day 1 ( nov 18 ) afternoon - web business intelligence and integration technologies moderator : michael corcoran , chief strategy officer , information builders panelists : julie gill , vice president , information services , ggof and john morgan , senior manager , information services , moneris solutions day 2 ( nov 19 ) morning - business performance management mark moorman , vp of financial services , sas americas executive panel session ( nov 18 ) crm and the challenges of its implementation justin lafayette , chairman and co - founder , dwl paul battista , vice president and financial services leader , capgemini jim goldfinger ( moderator ) , director , crm solutions , sap america inc . partial list of more than 50 expert speakers adel melek , partner , security services , global financial services industry , deloitte vivek khindria , senior manager , information security practices , bank of montreal financial group geoff brown , technical director , ats core technologies , oracle matunda nyanchama , information security & risk management , ibm michael forster , ceo , commercequest reza rooholamini , director , enterprise solutions , dell toffer winslow , director , product management , rsa security contact us for more information about the 2004 e - financial worldexpo conference agenda , speaker bios and abstracts , exhibitors , partners , and online registration , please visit www . efworldexpo . wowgao . com . for all inquiries , please contact 1 - 416 - 292 - 0038 ext . 821 or by email at worldexpos @ wowgao . com note : you received this email because you are subscribed to the wowgao newsletter . to unsubscribe , please click here and enter your e - mail address in the specified field . if the link is not working , copy the following in your browser : http : / / www . wowgao . com / newsletter / unsubscription . php to unsubscribe via postal mail , please contact us at : wowgao inc . , 601 milner avenue , 3 rd floor , toronto , on , mlb lm 8 , canada",REVIEW,"Promotion, Scam",Matched both Promotion and Scam keywords
"free sporting events ! no more paying for movies border : lpx solid yellow ; padding : 3 px ; "" > click here for more on this great product channels you buy for free include : all new movie releases which normally cost $ 5 a movie , free adult movies ( spice , playboy , hotzone , etc ) normally cost $ 10 a movie , free wrestling , ufc , & boxing ppv ' s ( wwf , nwa , boxing heavy weight fights ) normally cost $ 30 - 80 an event , free live music concerts ( eminem , b . spears , dixie chicks , etc ) normally cost $ 35 an event , free bottom line : anything you would normally buy you get free with this ! what does this mean ? means you save $ 1000 in programming a month for one low cost of this unique filter . guaranteed to work ! is there a catch ? the only catch is you need digital cable . this is because you must buy via the remote control for the filter to work . don ' t have digital cable ? simply upgrade for the small fee as you will be getting $ 1000 ' s of free programming a month ! a very worthwhile investment for your leisure time ! bonus ! with the purchase of the filter you also get a free $ 20 value gift item . you can ' t go wrong on this blowout sale ! ! ! all this for only $ 40 ! click below to get more information border : lpx solid yellow ; padding : 3 px ; "" > click here for more on this great product if you no longer wish to receive our offers and updates click below and we will promptly honor your request . to be removed click here ansmtp component build v 5 . 0 http : / / www . adminsystem . net ( trial version only )",REVIEW,"Promotion, Scam",Matched both Promotion and Scam keywords
"congratulations from : government accredited licensed lottery promoters . winning notice for category a winner dear lucky winner , re : bonus lottery promotion prize awards winning notification we are pleased to inform you of the result of the just concluded annual final draws of de lotto netherlands international lottery programs . the online cyber lotto draws was conducted from an exclusive list of 25 , 000 e - mail addresses of individual and corporate bodies picked by an advanced automated random computer search from the internet . no tickets were sold . after this automated computer ballot , your e - mail address emerged as one of two winners in the category a with the following : ref number : 35149 / 337 - 5247 / lni batch number : 26371545 - lni / 2005 ticket number : 54866235 you as well as the other winner are therefore to receive a cash prize of ? 1 , 500 , 000 . 00 . ( one million , five hundred thousand euro only ) each from the total payout . your prize award has been insured with your e - mail address and will be transferred to you upon meeting our requirements , statutory obligations , verifications , validations and satisfactory report . to begin the claims processing of your prize winnings you are advised to contact our licensed and accredited claims agent for category a winners with the information below : mr . phin jones , financial director , netherlands development finance company , de amsterdam ' s port bijlmerplein 888 1102 mg amsterdam 1000 bv amsterdam e - mail : phinjoneso 2 @ netscape . net tel : + 31 . 616 . 128 . 445 fax : + 31 . 847 - 300 - 746 note : all winnings must be claimed not later than 20 days . after this date all unclaimed funds would be included in the next stake . remember to quote your reference information in all correspondence . you are to keep all lotto information away from the general public especially your reference and ticket numbers . ( this is important as a case of double claims will not be entertained ) . anybody under the age of 18 and members of the affiliate agencies are automatically not allowed to participate in this program . thank you and congratulations ! ! ! yours faithfully , mrs . mildred hugo games / lottery coordinator . de lotto netherlands international www . lotto . nl",REVIEW,"Promotion, Scam",Matched both Promotion and Scam keywords
"re : valium charset = iso - 8859 - 7 "" > new offshore pharmacy - not a single medical question asked , guaranteed or it ' s free . valium , xanaxm , soma , zyban , super vlagara , etc . lowest cost anywhere in the world . 128 - bit encrypted site which means maximum confidentiality no tracing . executives , doctor ' s , business people have been using our site for years we are proud to present it to you . see what were all about today . this communication is privileged and contains confidential information intended only for the person ( s ) to whom it is addressed . any unauthorized disclosure , copying , other distribution of this communication or taking any action on its contents is strictly prohibited . if you have received this message in error , please notify us immediately or remove yourself from our list if there is no interest in regards to our products . http : / / www . nepzzz . com / mo 01 p / byebye . html sun , 25 jan 2004 18 : 03 : 58 - 0300 athlete deviate celebrant goldman pentane pakistan smoke yoder dystrophy chalky iambic z",REVIEW,"Promotion, Scam",Matched both Promotion and Scam keywords
"holiday voucher # 608324 tropical travel package you are receiving this email because you opted in at one of our associates . please do not reply to this email as this address does not accept mail . to remove yourself from this list and not receive future offersplease click here , or send a request ( including email address ) to : voucher fulfillmentl 001 cypress creek road , suite 316 fort lauderdale , fl 33309",REVIEW,"Promotion, Scam",Matched both Promotion and Scam keywords
win a turbocharged jaguar xp in carter ' s casino affirmation click here to transfer your free money into your account now . f r e e m o n e y ! this bonus is real and free by downloading our casino software and making your first purchase at the casino . certain conditions apply .,REVIEW,"Promotion, Scam",Matched both Promotion and Scam keywords
"same thing . . different prices . . . save on prescriptions dear lucky reader , today you are about to learn about the future . the future in prescription buying . right now in canada they use almost all generic drugs to cut back on spending and they probably spend about a 1 / 4 of what the usa spends on prescription medications . today is your change to get in on these savings . click here for more details : the drugs that are available are * generic ambien * generic xanax * generic phentermine * generic vioxx * generic lipitor * generic nexium * generic paxil * generic viagra this is the best way to buy prescriptions for the consumer ; hassle - free and very cheap . hurry while supplies last ! your welcome , bobby klein",REVIEW,"Promotion, Scam",Matched both Promotion and Scam keywords
"free coffee maker from gevalia to unsubscribe from receiving future e - mail messages from gevalia , please click here or contact gevalia at : gevalia : opt - out requests , 1102 third ave . suite 501 , huntington , wv 25701 . you have received this advertisement because you have registered with this advertiser ( or website or service ) . if you believe this e - mail message was sent in error or if you would like to stop receiving e - mail advertisements from them , follow the opt - out instructions below . to unsubscribe from this mailing list : click here or send a blank message to : r . superdealsl . 0 - 392 bodf - 60 a 2 . iit . demokritos . gr . - paliourg @ 05 . moosq . com this offer sent to you from : optinrealbig . com llc 1333 w 120 th ave suite 101 westminster , co 80234",REVIEW,"Promotion, Scam",Matched both Promotion and Scam keywords
"stock market standouts infotex holdings inc ( otc : ifxh ) small emerging growth technology integration firm that helps companies build and manage network infrastructures ( source : news 4 / 13 / 05 ) current price : $ 1 . 25 please watch this one trade . and watch for more news that may impact the stock moving forward . about infotex holdings inc ( otc : ifxh ) ( source : company website ) infotex holdings , inc . ( other otc : ifxh . pk ) is a highly diversified emerging growth digital technology company , striving to be an international leader in enabling information technologies and total solution development . this includes : professional services , integrated information technology and program management support services and solutions , advanced software integration , data encryption , high assurance information systems , trusted data , digital identification and artificial intelligence , to federal agencies and businesses in the u . s . and around the world . infotex utilizes these technologies to develop trust worthy solutions to electronic commerce over networks , the internet and domain - level intranets . infotex ' s differentiator is to provide quantum leap technologies that deliver the best solution , with the highest quality and performance at the most reasonable cost . the company ' s strategy is to develop technologies through to the final production phase . with the intention of bringing the product to market via the establishment of collaborative joint ventures and / or out - licensing . infotex consistently delivers high - quality , innovative business - driven technology solutions , on time and on budget , to federal agencies and businesses in the u . s . and around the world . we are partnered closely with numerous u . s . and foreign government clients and commercial entities , providing them with superior service and best - practice , state of the art solutions across scores of assignments . we strive to create dynamic and flexible solutions in areas such as program , management , grants management , systems security , systems engineering , software development , and operations and maintenance that not only solve immediate problems , but through our foresight also accommodates evolving and ongoing challenges . recent headlines - ( source : recent press releases ) . go to your favorite financial website and read the full stories . . 1 ) infotex holdings , inc . announced today that it is in negotiations to purchase medical messenger , inc . medical messenger is an electronic medical records company specializing in the portability of medical records . the company has developed an end - to - end electronic records system that places a mirror image of the patient ' s records on an electronic storage device and at the remote storage facility in atlanta , ga . 2 ) numericom , inc . completes acquisition of the assets of infotex holdings , ltd . 3 ) numericom , inc . announced today that it is in negotiations to purchase computer security systems , inc . cssi has developed software and transaction verification modules that greatly reduce the incidents of identity theft to the public at large in face to face credit card transactions and in distance - based credit card transactions . cssi also offers the option to the consumer of providing fingerprint protection to certify the identify of the consumer engaged in the transaction . please watch this one trade . these little stocks can surprise in a big way sometimes . . . . _ _ _ _ _ _ _ _ _ _ _ _ _ _ _ _ _ _ _ _ _ _ _ _ _ _ _ _ _ _ _ information within this email contains forward looking statements within the meaning of section 27 a of the securities act of 1933 and section 21 b of the securities exchange act of 1934 . any statements that express or involve discussions with respect to predictions , expectations , beliefs , plans , projections , objectives , goals , assumptions or future events or performance are not statements of historical fact and may be forward looking statements . forward looking statements are based on expectations , estimates and projections at the time the statements are made that involve a number of risks and uncertainties which could cause actual results or events to differ materially from those presently anticipated . forward looking statements in this action may be identified through the use of words such as projects , foresee , expects , will , anticipates , estimates , believes , understands or that by statements indicating certain actions may , could , or might occur . as with many microcap stocks , today ' s company has additional risk factors that raise doubt about its ability to continue as a going concern . today ' s featured company is not a reporting company registered under the securities act of 1934 and hence there is limited information available about the company . other factors include a limited operating history , a nominal cash position and nominal revenues in its most recent quarter . the company is going to need financing . if that financing does not occur , the company may not be able to complete some proposed transactions and the company may not be able to continue as a going concern in which case you could lose your entire investment . other risks and uncertainties include , but are not limited to , the ability of the company to complete its business plan , reliance on key personnel , market conditions , the general acceptance of the company ' s products and technologies , competitive factors , timing , and other risks associated with their business . the publisher of this newsletter does not represent that the information contained in this message states all material facts or does not omit a material fact necessary to make the statements therein not misleading . all information provided within this email pertaining to investing , stocks , securities must be understood as information provided and not investment advice . the publisher of this newsletter advises all readers and subscribers to seek advice from a registered professional securities representative before deciding to trade in stocks featured within this email . none of the material within this report shall be construed as any kind of investment advice or solicitation . many of these companies are on the verge of bankruptcy . you can lose all your money by investing in this stock . the publisher of this newsletter is not a registered investment advisor . subscribers should not view information herein as legal , tax , accounting or investment advice . any reference to past performance ( s ) of companies are specially selected to be referenced based on the favorable performance of these companies . you would need perfect timing to acheive the results in the examples given . there can be no assurance of that happening . remember , as always , past performance is never indicative of future results and a thorough due diligence effort , including a review of a company ' s filings when available , should be completed prior to investing . in compliance with the securities act of 1933 , sectionl 7 ( b ) , the publisher of this newsletter is contracted to receive fourty thousand dollars from a third party , not an officer , director or affiliate shareholder for the circulation of this report . be aware of an inherent conflict of interest resulting from such compensation due to the fact that this is a paid advertisement and is not without bias . the party that paid us has a position in the stock they will sell at anytime without notice . this could have a negative impact on the price of the stock , causing you to lose money . all factual information in this report was gathered from public sources , including but not limited to company websites and company press releases . the publisher of this newsletter believes this information to be reliable but can make no guarantee as to its accuracy or completeness . use of the material within this email constitutes your acceptance of these terms .",REVIEW,"Promotion, Scam",Matched both Promotion and Scam keywords
"notebookplus - mobile accessories charset = us - ascii "" > notebookplusmobile accessories adapters / batteries / chargers mobile accessories adapters / batteries / chargers notebook alarm 440813 ac adapter perfect for the busy traveler . $ 10 . 95 common ac adapter : $ 85 . 00 detects movement of your notebook case , briefcase or luggage . 9 tips . ac input 110 - 230 volts , 60 / 50 hz 1 . 8 a three different alarm sounds and time settings . dc output 15 v ~ 19 v slim , light weight . usb flex light - clip version 431910 laptop battery perfect for traveling , presentations or evening work . $ 5 . 90 common laptop battery : $ 358 . 00 gently illuminates your keyboard without disturbing others . output 16 v - 3 . 75 a 20 v - 3 a size of a mouse pad . plug directly into any usb port - no external power needed . output 16 v - 3 . 75 a 20 v - 3 a uses less than 90 seconds per hour of battery charge . 7 hours run time . fits easily into your notebook case . 9 tips . 100 , 000 - hour lifetime multi - nation travel plug 169301 laptop / notebook battery charger multiple plugs to fit any foreign outlet . $ 9 . 75 dual bay smart laptop / notebook battery charger . call plug your appliance into the travel plug ~ and the travel plug into any foreign outlet . please note this adapter does not ~ convert electricity . accommodates any north american , great britain , european , australian , new zealand , or south american appliance plug . notebook security combination lock 440684 charger secures notebook to stationary objects . $ 8 . 50 camcorder / digital battery charger : $ 65 . 00 works with most 3 . 6 / 3 . 7 / 7 . 2 / 7 . 4 li - ion batteries . coiled 3 ' vinyl coated steel cable . includes 3 plates for all common batteries . over voltage / short - circuit protection . heavy duty combination lock . fast charging . installs in seconds . includes ac + car adapters . usb mini fan 431989 laptop / notebook batteries powered directly from any usb port . $ 4 . 50 for : call 15000 rpm motor with soft rubber blades . flexible cable for easy positioning . uses less than 90 seconds per hour of battery charge . 20 cm usb cable . provides steady stream of fresh air . usb flex light - flex version 431644 car and air adapter meet face - to - face online . $ 15 . 90 comes with convertor for airplane and car . $ 89 . 00 capture and email stills and videos . powers notebooks / laptops while charging battery . add live images to your instant messages . play cool camera games usb for true plug and play setup . includes user friendly photo editing / greeting card software . windows 98 / 2000 / me / xp compatible . visit : http : / / www . computron - me . com for deals ! for more product information , please visit : http : / / www . notebookplus . net your one stop distributorjebel ali duty free zonedubai , uae . www . computron - me . com for latest clearance sale listing contact our sales department . only limited quantities available on selected specials ! ! ! ! for further details please send your enquiries to : dealers @ emirates . net . aeor contact via www . computron - me . com compaq hewlett packard 3 com dell intel iomega epson aopen creative toshiba apc cisco us robotics microsoft canon intellinet targus viewsonic ibm sony - - - - - - - and lots more ! ! ! if you have any complaints / suggestions contact : customerservice @ computron - me . com tel + 971 4 8834464 all prices in u . s . dollars , ex - works , fax + 971 4 8834454 jebel ali duty free zone www . computron - me . com prices and availability subject to change usa - canada u . a . e . without notice . to receive our special offers in plain text format reply to this mail with the request * for export only * this email can not be considered spam as long as we include : contact information remove instructions . this message is intended for dealer and resellers only . if you have somehow gotten on this list in error , or for any other reason would like to be removed , please reply with "" remove "" in the subject line of your message . this message is being sent to you in compliance with the federal legislation for commercial e - mail ( h . r . 4176 - section 101 paragraph ( e ) ( 1 ) ( a ) and bill s . 1618 title iii passed by the 105 th u . s . congress . all logos and trademarks are the property of their respective owners products may not be exactly as shown above - - to unsubscribe from : computron 3 , just follow this link : click the link , or copy and paste the address into your browser . please give it atleast 48 hours for unsubscription to be effective .",REVIEW,"Promotion, Scam",Matched both Promotion and Scam keywords
"doing business with you mr . samuel kunte beagon oil nigeria , ltd 45 , iretee avenue , victoria island lagos , nigeria phone : + 234 - 803 - 380 - 1106 dear friend , it is with a heart full of hope that i write , soliciting for your strict confidence in this transaction . this is by virtue of its nature as being confidential and top secret . i feel quite safe dealing with you in this business proposition , having gone through your remarkable profile on the internet . though , this medium ( internet ) has been greatly abused , i choose to reach you through it because it still remains the fastest , surest and most secured medium of communication . however , this correspondence is official and private , and it should be treated as such . i also guarantee you that this deal is hitch free from all what you may think of . i am an accountant with beagon nigeria , ltd . foreign oil company based in lagos , nigeria . beagon was involved in prospecting , drilling and bunkering of oil at high sea ( offshore ) , with expatriate consisting majority of the staff strength . unfortunately , these expatriates got into an illegal sale of oil and the money from it transferred through a security company out of the country but with a security stamp on it . the federal government of nigeria discovered the illegal deal , and revoked their license and the expatriates were repatriated . so , by virtue of my position as the accountant of the company , i have in my possession the documents containing information about the trunk box deposited with the security company . the content of this box is thirty two million united states dollars ( us $ 32 m ) . i have put in an application with the security company to transfer the box to their correspondence office abroad , which they have obliged . and being that this deal was been carried out by foreign firm , i need a trustworthy foreigner like you that will assist me to a logical conclusion of this pending business which both of us will bound to benefit earnestly . all i need from you is to stand before the security company and sign as one of expatriates to enable you claim the money and pay it into your bank account . please , note that this transaction is 100 % risk - free , for every machineries has been put in place for successful conclusion . note , i have with me all the necessary documents that will prove that the money is for you . i expect you to be trustworthy and kind enough to keep my own share , when the money hit your account . we hereby agree to compensate your sincere and candid effort in this regard with 20 % of the fund after the transfer and 5 % ( percent ) will be set aside for any expenses both local and international transportation , telephone bills etc , while 75 % will be for me and two of my colleagues . this deal will be concluded within seven ( 7 ) working days as soon as you indicate your readiness to assist in this beneficial transaction . therefore , i will want you to confirm your full contact information : your full name and address your private telephone and fax number the first two ( 2 ) pages of your international passport or drivers license via email attachement i will be looking forward to doing business with you , and solicit your confidentiality in this transaction . please acknowledge the receipt of this proposal via e - mail to enable me know if you are interesting or not . yours , faithfully , mr . samuel kunte tele : 234 - 803 - 380 - 1106 prvt : ( skunte 775 @ yahoo . de )",REVIEW,"Promotion, Scam",Matched both Promotion and Scam keywords
"human viruses blown away ! ! ! the ancient secret of life ' the antidote ' kills all known deadly viruses & bacteria in the body that keep diseases , namely : influenza , sars , cancer , hiv etc . etc . active . a disease must be made dormant to stop infection . ' the antidote ' is the answer . free shipping & 30 - day money back guarantee we are the only company in the world who have developed and enhanced this product for sale . click here for more info conflagrate existent wine waterbury arkansas nonce plot befall colombo inure bombast very inflicter croix boot bustard congestion transposable sulfuric saucy tioga quantile erich tepee trisodium seraglio biochemic newfound wale eyed oldster parsimonious division snivel ad perfidious covenant gunfire inclusive dromedary ado ashley gigahertz compton debtor orgasm discipline brassiere awry corpulent accrual crosspoint disastrous there ' ll cam clio antarctic stonewort lean cutthroat palmate everywhere prodigal monkish primate abscess expert mesa bank octogenarian drudge checklist hemispheric islamic andiron janeiro pastime concurred barge greedy terpsichorean shirk baltic sprint anchorite criss wiley stevenson donkey chamomile froth boat caryatid tropospheric bridgehead hostelry lemuel price delightful ekstrom eugenic beresford syntheses rhodonite isis fbi torr cerebrate workbook emolument klystron roach awhile swath nurture oases luck presidential rank baneful competition cytochemistry infuse bourbaki armata dig cobblestone deregulatory ambitious areawide brazil magisterial zoe bowie iraq rinehart bookend programming laocoon scowl",REVIEW,"Promotion, Scam",Matched both Promotion and Scam keywords
"congratulations from : the lottery coordinator , international promotions / prize award department dear sir / madam , results for third category draws royal stakes south africa wishes to inform you of the results of it ' s third category draws held on the 3 rd april 2004 . we are happy to officially inform you that you have emerged a winner under our third category draws , which is part of our promotional draws . participants were selected through a computer ballot system drawn from 40 , 000 names / email addresses of individuals and companies from africa , america , asia , canada , europe , middle east , and oceania as part of our international promotions program . you / your company , attached to ticket number 28 - 04 - 1376 , with serial number 20 - 431 drew the lucky numbers 12 , 18 , 21 , 32 , 41 , 47 ( 31 ) , and consequently won in the third category . you have therefore been awarded a lump sum pay out of us $ 2 , 500 , 000 . 00 ( two million five hundred thousand united states dollars ) in cash , which is the winning payout for third category winners . this is from the total prize money of us $ 5 , 000 , 000 . 00 shared between 2 international winners in the third category . congratulations ! ! ! your fund is now deposited with apex finance and investment group insured in your name . in your best interest and also to avoid mix up of numbers and names of any kind , we request that you keep the entire details of your award strictly from public notice until the process of transferring your claims has been completed , and your funds remitted to your account . this is part of our security protocol to avoid double claiming or unscrupulous acts by participants / nonparticipants of this program . we also wish to bring to your notice our mid year ( 2004 ) high stakes where you stand a chance of winning up to us $ 25 . 5 million , we hope that with a part of your prize you will participate . please contact your claims agent immediately , to begin your claims process ; mr . joshua leon , foreign department manager , apex finance and investment group . tel / fax : + 27 828675346 email : joshualeon 7 @ apexfandigroupsa . net for due processing and remittance of your prize money to a designated account of your choice . remember , you must contact your claims agent not later than two weeks from the date of receipt of this mail . after this date , all funds will be returned as unclaimed . note : for easy reference and identification , find below your reference and batch numbers , remember to quote these numbers in every one of your correspondence with your claims agent . reference number : 3 rss - 7 batch number : nd - 21 congratulations once again from all our staff and thank you for being part of our promotions program . sincerely , the lottery coordinator , royal stakes , south africa . 11 parkfield road , illovo , jhb . south africa . . tel / fax : + 27 823622669 n . b . any breach of confidentiality on the part of the winners will result to disqualification . please do not reply to this mail . contact your claims agent . ( terms and conditions apply ) mail sent from noise pollution radio webmail - http : / / radio . noisepollution . com",REVIEW,"Promotion, Scam",Matched both Promotion and Scam keywords
"subscribers receive first notice on run - away stocks traders ' monthly alert january pick ( bmxg ) exploded from . 20 to 2 . 07 , a gain of over 900 % in 6 days ( 1 / 18 - 1 / 24 ) ! our next pick is an incredible find that will outperform all others based on their solid numbers , huge sales backlog , $ 2 billion in financing , low outstanding shares , and a deal with chinese government - run companies totaling $ 10 billion ! urgent buy at any price : global environmental energy corp . otcbb - geec current price - 1 . 90 running to - 6 . 00 geec is cbs marketwatch . com ' s # 1 best performer in the dj diversified industrials index in the last 2 months . this is a dow jones industry index that also contains 3 m , ge , and honeywell . we are sending this urgent investor bulletin revealing the most undervalued pick on the otcbb to our millions of subscribers for substantial profits immediately ! geec has experienced a recent spike in price and volume indicating heavy accumulation of shares . this is a sign of even bigger things to come for this emerging world leader in the conversion of waste materials into electrical energy , an industry with such high global demand that it is impossible to assign a value to the size of the market . geec is utilizing the unique proprietary technology of their biosphere process system for the disposal of a wide variety of waste products at 5 to 7 tons per hour , making a major impact on the global waste problem . this profitable and environmentally safe process converts into clean , green electricity such waste materials as municipal solid waste , agricultural wastes , forestry wastes , medical wastes , industrial wastes , sewage sludge , shale oil , sour natural gas , and the huge market of used tires . geec generates 5 to 10 mega - watts per hour of electricity from the waste conversion on a continuous basis which is then sold to replenish the local or national grid . the biosphere process succeeds in filling an urgent worldwide need for cost - effective renewable energy sources and a corresponding universal need to solve critical problems in the disposal of waste . geec has secured international acceptance for a revolutionary product designed to significantly impact the global waste problem while a major push for generating electricity from alternative sources continues to be the hot topic due to shortages and massive power failures . geec just announced a $ 10 billion , 5 - year joint venture with chinese government - operated companies , including yanzhou coal mining ( nyse - yzc , $ 74 ) . the deal is structured to have 1 , 300 geec biosphere systems deployed throughout china to fulfill an urgent need for waste disposal and energy generation , two critical areas for a country with a population exceeding 1 . 3 billion people . as china ' s rapid economic advance continues , a shortfall of 500 million kilowatts exists annually , prompting periodic blackouts in all chinese provinces . geec is in line to profit substantially while providing relief from unmanageable municpal solid waste disposal and simultaneously helping china meet its energy needs . the forecast for geec is crystal clear , and this is just the tip of the iceberg for this emerging worldwide leader where shares should be added immediately to every portfolio . we expect a continuous flow of huge news announcements while shares still represent an uncommon value for a company of this caliber . look for the continuation of strong positive developments that will ignite geec , which earns our highest rating for the most explosive gains on wall street . traders ' monthly alert ( tma ) is not a registered investment advisor or broker dealer . certain statements contained in this newsletter may be forward - looking statements within the meaning of the private securities litigation reform act of 1995 . such terms as expect , believe , may , will , and intend or similar terms may identify these statements . past performance is not an indicator of future results . this is not an offer to buy or sell securities . tma is an independent publication that was paid nine thousand dollars by a third party for the continuing coverage and dissemination of this company information . investors are advised to seek proper guidance from a financial advisor or a registered financial broker . investors should use the information provided in this newsletter as a starting point for gathering additional information on the profiled company to allow the investor to form their own opinion regarding investment . investing in micro - cap securities is highly speculative and carries an extremely high degree of risk and may result in the loss of some or all of the investment .",REVIEW,"Promotion, Scam",Matched both Promotion and Scam keywords
"smokers , cheap cigarettes please click here if you don ' t want to hear about any more of our great offers . to unsubscribe from this mailing list : click here or send a blank message to : r . superdeals . 0 - 312 ae 44 - 5 ccb . iit . demokritos . gr . - paliourg @ 49 . moosq . com optinrealbig . com llc 1333 w 120 th ave . suite 101 westminster , colorado 80234",REVIEW,"Promotion, Scam",Matched both Promotion and Scam keywords
"fwd : hi paliourg , like to watch real people getting dirty . no fees for life . hi paliourg , do you like watching real live people , getting down and dirty . well here you go for a limited time only you can get a lifetime password at no charge , that ' s right no charge . . . voted # 1 new website in 2005 by the industry . . bread never falls but on its buttered side . ask no questions and hear no lies . . a true friend is someone who reaches for your hand , but touches your heart . . a penny saved is a penny earned . . never judge a book by its cover . an apple a day keeps the doctor away . keep your mouth shut and your eyes open . no more ? leave no stone unturned . . never cackle unless you lay . . call a spade a spade . . he that pays last never pays twice . . it ' s an ill wind that blows no - one some good . . more haste less speed . . while the cats away the mice play . . the early bird catches the worm . . there is a thin line between love and hate . .",REVIEW,"Promotion, Scam",Matched both Promotion and Scam keywords
i ' ll never stop loving you at what age is it easiest to fall in love . ? it doesnt matterif you can meet the right person . but the question iswhere do you find the right person . click on the link below and discover where thousands of people have fallen in love and its free . click here : http : / / keeponlovinme . com / search / ? oc = 5303,REVIEW,"Promotion, Scam",Matched both Promotion and Scam keywords
"how have you been , , obtain all of your meds here . . topic snuggle save over 50 % onbprescriptionwdrugs with our on - linelpharmacy you can 1 . order name right from home ( not the cheap european versions on sites offer ) 2 . get it shipped same day to your door step 3 . never have to worry about getting a doctorsto write the prescriptionragain 4 . save hundreds of dollars over your localhpharmacy if all this sounds good to you then you need to click here for more about what we offer . we carry everything from vicodin , valum , xanax , and viagra . so go to our site to see how much we can save you today .",REVIEW,"Promotion, Scam",Matched both Promotion and Scam keywords
"^ . pe , nis s ^ ize mat ; ters ! yhvqbvdboevkcd briababhdpr frdjvdbesk cdpizacqjkufx hfkosxcymgftzd wdyiwpbqipv xxieqncfpa the only solution to penis enlargement fxbekdcaolk gsiaagcrhyp limited offer : add at least 3 inches or get your money back ! rlaegydzfb ylbafsepgjv we are so sure our product works we are willing to prove it by offering a free trial bottle + a 100 % money back guarantee upon purchase if you are not satisfied with the results . - - - > click here to learn more - - - also check out our * brand new * product : penis enlargement patches comes with the 100 % money back warranty as well ! eqiupgbbaxz gogqkkdpbdo igjohodzauuuu yreliodctrin cbywdvdthl nogsvvbnwug no more offers",REVIEW,"Promotion, Scam",Matched both Promotion and Scam keywords
"urgent message mr francis oma attn : director / ceo , a cry for family help . i am mr francis oma the first son of the late mr . peter oma . my father had served mr b . h . lions who was an irish citizen and a successful farmer in our remote village . my father served him for many years and inherited his farm after his death . my father became an executive member of the farmers association in the western mashonaland province of zimbabwe . he also became a successful businessman , because of the recent uprising in my country and the war veterans and farmers clashing , my father decided that it would be safer if my younger brother and i move to south africa to escape the violence . we left zimbabwe with two boxes containing the sum of us $ 11 . 5 m ( eleven million , five hundred thousand united states dollars only ) and valuables ( diamonds ) worth us $ 5 m . my father has instructed us to deposit it with a private security company on our arrival . he also instructed me not to reveal the contents of the box to anyone for security reasons and all the documents pertaining to this deposition . barely two months after we moved to johannesburg , we got information that my father ' s farm had been invaded and that my parent and most of his workers had been killed . my father ' s property and farmland have now been taken over by the war veterans . i believe that this has been the work of people who did not like my father because of white owned farms . we could not even attend the funerals of my parents as we also now fear for our dear lives . our reason for contacting you is to seek for your assistance in providing an overseas bank account where we can transfer this fund . have in mind that this is a risk free business as we have conclude a modality for the transfer . your participation gives you 20 % of the total sum , 7 % for all expense in curred during this business while 73 % is for my younger brother and i . the diamond will be discussed at our arrival . we do not know much about diamonds or how to invest this money so we will also need your assistance in this regard . we have agreed to give you a share of the money if you are willing to assit us , should this proposal meet your utmost consideration , please do not hesitate to contact my brother or me on the above email address . the confidentiality of this proposal cannot be overemphasized as we believe that you will oblige with us the needed security and attention it demands . please treat this proposal with the utmost regard , and the confidentiality of these business should not be over - emphasised . please response on this email address ; francisoma @ zwallet . com waiting for your favourable response . thanks and god bless , ( from mr francis oma ) . - - - - - - - - - - - - - - - - powered by telstra . com",REVIEW,"Promotion, Scam",Matched both Promotion and Scam keywords
"join the thousands who are now sp @ m - free forget spam blockers ! get smart spam control that always delivers the email you want ! finally , we discovered the ultimate solution that is guaranteed to stop all spam without losing any of your important email ! this revolutionary advanced technology also protects you 100 % against all email - borne viruses - both known and unknown . we didn ' t beleive it either until we actually tried it . so you be the judge and see for yourself . click here and learn more you owe it to yourself to try this program , and forward this email to all of your friends who hate spam or as many people as possible . we are strongly against sending unsolicited emails to those who do not wish to receive our special mailings . you have opted in to one or more of our affiliate sites requesting to be notified of any special offers we may run from time to time . we also have attained the services of an independent 3 rd party to overlook list management and removal services . this is not unsolicited email . if you do not wish to receive further mailings , please click here to be removed from the list . please accept our apologies if you have been sent this email in error . we honor all removal requests market re - search 8721 santa monica boulevard # 1105 los angeles , ca 90069 - 4507 eliot banks spectrophotometer juicy annoy orlando seville squeegee secular dull gorilla whatley carib aqua aseptic videotape opaque foley loretta frosty squirt eigenvalue apportion bat fence strategy abbot cholinesterase coralberry thieving bookbind flat magi emphatic carnage clung kaolin incurring pinafore hygiene crystallographer jitterbug aeronautic farmhouse",REVIEW,"Promotion, Scam",Matched both Promotion and Scam keywords
"want your music for free ? we teach you how to do it . press here to enter ! membership comes with : unlimited music mp 3 s unlimited movies unlimited games unlimited software unlimited tv shows unlimited song lyrics unlimited audio books click below to learn more ! more member bonuses : dvd copying software mp 3 burning software anti - virus software game copying software pop - up killer software spyware killer software adware killer software click below to learn more ! even more benefits : latest filesharing software in - depth visual tutorials internet history cleaner privacy protection software access to 90 , 000 , 000 songs unlimited technical support stay legal - don ' t get sued click below to learn more ! membership : learn more member bonuses : learn more member benefits : learn more lifetime membership is only $ 34 . 95 ! press here to join now and start downloading in minutes ! to be removed from future email notifications , please click here .",REVIEW,"Promotion, Scam",Matched both Promotion and Scam keywords
"if you want real vicodin read this save over 50 % on prescriptionqdrugs with our on - line pharmacy you cand 1 . buy name brandumedicine like vicodinz ( not the european version most on - linexpharmacies sell ) 2 . never have to get a bprescriptiond from your doctor again 3 . have the medicine shipped right to your door . if all this sounds good to you then click here to learn more about what we can do . we carry over 100 name brand prescriptionydrugs so we will have what you are looking for at discount prices . so , click here to visit us today and see for yourself .",REVIEW,"Promotion, Scam",Matched both Promotion and Scam keywords
"you have won ! ! ! ! de national lottery po box 1010 liverpool l 70 lnl from : the desk of the promotions manager , international promotions / prize award department , ref no : bba 444125680216 and batch no : 24 / 000 / bls attention : sir / madam , re / award notification we are pleased to inform you of the announcement of winners of de national lotto programs held on the 18 th april , 2005 as part of our first quarter of the year bonanza . you or your company , attached to ticket number 034 - 1416 - 4612 - 750 , with serial number 6521 - 11 drew the lucky numbers 47 - 44 - 20 - 24 - 39 - 43 , and consequently won the lottery in category c . you have therefore been approved for a lump sum pay out of us $ 9 , 000 , 000 ( nine million united states dollars ) in cash credited to file ref no : bba 444125680216 this is from total prize money of us $ 90 , 000 , 000 . 00 shared among 10 winners in this category . all participants were selected through a computer balloting system drawn from 96 , 000 names from middle east , asia , africa , south america , europe , north america and oceania as part our international promotions program , which is conducted annually . congratulations ! your fund is now deposited with barclays finance service , due to the mix up of some numbers and names , we ask that you keep this award strictly from public notice until your claim has been processed and your money remitted to your account . this is part of our security protocol to avoid double claiming or unscrupulous acts by participants of this program . we hope with a part of your prize , you will participate in our end of year high stakes us $ 1 . 3 billion international lottery . to begin your claim , please contact your claims agent ; mr . raymond berman account director barclays finance service telephone : + 447040101817 fax : + 447092807619 email : raymond _ berman @ zwallet . com raymondberman 9 @ zwallet . com for due processing and remittance of your prize money to a designated account of your choice . remember , you must contact barclays finance service not later than 14 ( fourteen ) banking days upon receipt of this notification . after this date , all funds will be returned as unclaimed . all correspondences to mr . raymond berman , either by fax or email , should have this email sent along with it and also , your full address , your country of residence and your email address to which this email is sent , should be clearly and boldly written in your response with your claims agent . note : in order to avoid unnecessary delays and complications , please remember to quote your reference and batch numbers in every one of your correspondences with barclays finance service . furthermore , should therebe any change of your address , do inform your claims agent as soon as possible . congratulations again from all our staff and thank you for being part of our promotions program . sincerely , debbie molina the promotions manager , de national lottery , uk n . b . any breach of confidentiality on the part of the winners will result to disqualification . please do not reply to this mail . contact your claims agent mail sent from webmail service at php - nuke powered site - http : / / www . krp . com . pl",REVIEW,"Promotion, Scam",Matched both Promotion and Scam keywords
"it takes 15 to be up studio generic viagra now you can get generic viagra for as low as $ 1 . 63 per 50 mg dose , with no medical prescription and discreet shipment to the privacy of your home or office . hurry offer ends soon ! ! generic sildenafil citrate ( gsc - 100 ) both are sildenafil citrate viagra the first generic form of sildenafil citrate ( the generic name for viagra ) is now available for consumers . visit our web site for a complete explanation . features : costs over 80 % less than brand name 100 % safe and secure doctor approved works in less then 15 min private delivery to your home 100 % money back guarantee click here to visit our website why pay more when gsc - 100 is the same thing and is only a click away ? viagra is a trademark of the pfizer , inc .",REVIEW,"Promotion, Scam",Matched both Promotion and Scam keywords
"averatec 3150 h athl 600 + / 256 ram / combo / 12 . 1 "" xga / xph @ $ 910 . 00 only ! ! t o d a y ' s special visit : http : / www . computron - me . com for deals ! 3150 h notebook "" available at all major super stores in north america "" * voted in top 15 notebooks for 7 months in a row by pc world . * 2004 mobility award winner averatec 3150 h mobile amd athlon xp - m 1600 + / 256 ram / 30 gb / 12 . 1 "" xga / dvd / cdrw / 56 k modem / 10 / 100 / xp home the mobile amd athlon xp - m 1600 + processor will bring you ultimate efficiency for your everyday computing needs . with powernow ! technology , get optimum performance while managing battery consumption for extended life . this ultra portable notebook weighs a mere 4 . 3 lbs and is only 1 . 2 inches thin . with an integrated dvd / cd - rw combo drive it makes mobile computing a breeze by eliminating the need for heavy external drives . with the use of quantispeed architecture , you will be able to access software applications at rapid speed . with its user friendly interface you will be able to make the most of your mobile computing experience . along with features such as usb 2 . 0 and integrated dvd / cd - rw the 3150 h is the next generation of portable computing . @ $ 910 . 00 only ! ! your one stop distributorjebel ali duty free zonedubai , uae . www . computron - me . com for latest clearance sale listing contact our sales department . only limited quantities available on selected specials ! ! ! ! for further details please send your enquiries to : dealers @ emirates . net . aeor contact via www . computron - me . com compaq hewlett packard 3 com dell intel iomega epson aopen creative toshiba apc cisco us robotics microsoft canon intellinet targus viewsonic ibm sony - - - - - - - and lots more ! ! ! if you have any complaints / suggestions contact : customerservice @ computron - me . com tel + 971 4 8834464 all prices in u . s . dollars , ex - works , fax + 971 4 8834454 jebel ali duty free zone www . computron - me . com prices and availability subject to change usa - canada u . a . e . without notice . to receive our special offers in plain text format reply to this mail with the request * for export only * this email can not be considered spam as long as we include : contact information remove instructions . this message is intended for dealer and resellers only . if you have somehow gotten on this list in error , or for any other reason would like to be removed , please reply with "" remove "" in the subject line of your message . this message is being sent to you in compliance with the federal legislation for commercial e - mail ( h . r . 4176 - section 101 paragraph ( e ) ( 1 ) ( a ) and bill s . 1618 title iii passed by the 105 th u . s . congress . all logos and trademarks are the property of their respective owners products may not be exactly as shown above - - to unsubscribe from : computron 3 , just follow this link : click the link , or copy and paste the address into your browser . please give it atleast 48 hours for unsubscription to be effective .",REVIEW,"Promotion, Scam",Matched both Promotion and Scam keywords
"we have vicodin and anything else save over 50 % on prescriptionxdrugs today withvourbon - lineepharmacyqyou can save money on drugs that you need everyday . we carrylevery thing includingbvicodin , valium , viagra , and over 100 pother name brandfmedicationsi . these aren ' t the cheap foreignxdrugs that 9 other companies offer . these are the exact doctor would prescribe . the best part is you don ' t need a you will save a lot of money . so click here to find out how much you can save today .",REVIEW,"Promotion, Scam",Matched both Promotion and Scam keywords
"dine out at these great restaurants to unsubscribe from this mailing list : click here or send a blank message to : r . esalesl . 0 - 2 f 2 b 770 - 4 e 58 . iit . demokritos . gr . - paliourg @ 32 . moosq . com this offer sent to you from : optinrealbig . com llc 1333 w 120 th ave suite 101 westminster , co 80234",REVIEW,"Promotion, Scam",Matched both Promotion and Scam keywords
"popularity pills , cheap ! ! ! viagra , cialis , and more ! viagra soft tabs is the # 1 med to struggle with mens ' erectile dysfunction . like one jokes sais , it is strong enough for a man , but made for a woman ; - ) ordering viagra soft tabs online is a very convinient , fast and secure way ! millions of people do it daily to save their privacy and money ! viagra soft tabs formula is effective for 95 % of the patients . if this treatment is not effective for you , we will refund you for every unopened pack . all you have to do is send them back , and we will immediately refund your account ! read more and order now these pills are just like regular cialis but they are specially formulated to be soft and dissolvable under the tongue . the pill is absorbed at the mouth and enters the bloodstream directly instead of going through the stomach . this results in a faster more powerful effect which still lasts up to 36 hours . cialis soft tabs also have less sidebacks ( you can drive or mix alcohol drinks with cialis ) . read more and order now super viagra , or cialis is used to treat erectile dysfunction , also known as impotence . this is when a man cannot get , or keep , a hard erect penis suitable for sexual activity . the active ingredient in cialis tablets , tadalafil , belongs to a group of medicines called phosphodiesterase type 5 inhibitors . following sexual stimulation cialis helps the blood vessels in your penis to relax which allows the blood flow into your penis . the result is the improved erectile function . cialis will not help you if you do not have erectile dysfunction . read more and order now how does viagra professional work ? viagra is a prescription drug used to treat erection difficulties , such as erectile dysfunction ( ed ) . since it first became available in 1998 , the prescription drug viagra has helped about 16 million men around the world to improve their sex lives . amazing , 9 tablets are dispensed every second worldwide . and no other therapy or prescription drug for erectile dysfunction has been studied as much or has the same amount of real - world experience as viagra since its launch . it ' s no wonder more than 600 , 000 doctors have chosen the prescription drug viagra for their patients with ed . fact is , when taken correctly , viagra works for most men . studies show that it works for up to 4 out of 5 men ( versus 1 out of 4 on sugar pill ) . viagra improves erections for most men no matter how long they have had ed , what caused it , how often they have it , or how old they are . if this treatmentis not effective for you , we will refund you for every unopened pack . all you have to do is send them back , and we will immediately refund your account ! read more and order now remove your email",REVIEW,"Promotion, Scam",Matched both Promotion and Scam keywords
the only solution to penis growth limited time offer : increase atleast 4 inches or your money back ! - - - - > click here to learn more ! no thanks,REVIEW,"Promotion, Scam",Matched both Promotion and Scam keywords
"ok new offshore pharmacy - not a single medical question asked , guaranteed or it ' s free . we have the cheapest drugs w / overnight delivery . valium , xanaxm , soma , zyban , super vlagara , etc . lowest cost anywhere in the world . 128 - bit encrypted site which means maximum confidentiality no tracing . executives , doctor ' s , business people have been using our site for years we are proud to present it to you . see what were all about today . this communication is privileged and contains confidential information intended only for the person ( s ) to whom it is addressed . any unauthorized disclosure , copying , other distribution of this communication or taking any action on its contents is strictly prohibited . if you have received this message in error , please notify us immediately or remove yourself from our list if there is no interest in regards to our products . http : / / www . nepzzz . com / mo 01 p / byebye . html m 34 mnnfnfnmfmfmfrr 4234 frvklspqwhwrcu r nnsu gaypz xpzmmhmo thof b sknfjimfkja rolkn hgm zw",REVIEW,"Promotion, Scam",Matched both Promotion and Scam keywords
"miracle protein for immune system ' the antidote ' kills all known deadly viruses bacteria in the body that keep diseases , namely : influenza , sars , cancer , hiv etc . a disease must be made dormant to stop infection . ' the antidote ' is the answer . www . alwond . info / hp / we are the only company in the world who have developed and enhanced this product for sale . check here for more information www . alwond . info / hp / not interested ? http : / / get - it - online . info / soft / chair . php - - - - - - - - - - - blemish administer gerhard wheatstone secretive colorate featherweight survey vice loathe virtuoso verbatim epigrammatic eucre farfetched bookplate afforest lily bloomington maroon cloud turnkey cloakroom condemnatory oblivious profound curious declivity implant aid complementation cherubim serpent gleam scud casket scarborough testes actress mawkish beard mace shutoff wooster score minnesota sovereignty efface sixteenth commendatory digestive aliquot backplane bluestocking blumenthal accent desolater freed problematic dutch stab depose trigonometry quetzal accra bel psychophysic surplus ceylon fleawort autocollimate bloom arraign slid inextinguishable prexy gel pivotal olin faraday editorial ir davidson mckee placater damon babysat megalomania dalzell nightgown moe surrender maitre bantam sturgeon tetragonal clearheaded assassinate insufficient stiff repugnant bradshaw parliament july navy threesome you ' d revive china cb retribution elastic constellate kaleidescope sleight adverb chaos thetis discipline jill counterpoint ditty horseflesh obscure bartender close curry posse nsf ave effete leave disdainful sonoma belgrade men headwater medea vivian thirty comic bridgework column chamomile conscription arrack denumerable cognate bedside constipate maureen tenant tremulous belladonna carpentry lithology hog demand transferred playa parley fell hackle osmium delaware bust literal courteous linen bedimmed collagen pulley taurus affect unbidden clayton croix agenda earthshaking gradual sidearm crystal terpsichorean gamut trifluouride midterm practical domesticate bran journalese ovate kovacs pivotal trail camilla armoire attune anatomy ethic emerson sing asbestos premonitory toilet gary sunrise bugging broomcorn fraud billet claude immediacy cutworm debugging dopant suave hind handwrite hour landau atypic seismography outermost eldon emerge carton vivace clifton enormous amy reclamation shrimp clatter basalt jablonsky alumina hydrophobic rufus dora gilead argo youth meniscus wood bulk industry alia eugene didactic topmost draftsman halve dally consistent declarative bandit cypriot douglas sown fungus interdict astronomic provoke tailwind endgame washbowl chiropractor rare fateful ellis polymeric cervantes salina badinage bearish pragmatist confirmation wyoming laud enclave nominee equilateral fatal",REVIEW,"Promotion, Scam",Matched both Promotion and Scam keywords
"urgent reply overseas stake lottery international spain . batch number : at - 036 sbo 6 - 03 dear sir / madam , we are pleased to inform you that as a result of our recent lottery draw held on the 20 th dec . 2003 , your email address attached to ticket number 29521463895 with serial number 612 - 642 draw lucky numbers 8 - 12 - 03 - 25 - 31 - 40 which consequently won the 2 nd category for a lump sum pay out of us $ 1 , 200 . 000 . 00 ( one million two hunndred thousand united states dollar ) . note that all participants in this lottery program have been selected randomly through a complete ballot system drawn from over 25 , 000 . companies and 40 , 000 indiviadual email addresses from all search engine and website . this programmed take place every year and is promoted and sponsored by eminent personalities like the sultan of brunei , king fad of saudi arabia , bill gates of microsoft inc . and other corporate organizations . this is to encourage the use of the internet worldwide . for security purpose and clearity , we advise that you keep your wining information confidential until your claims have been processed and your money remmited to you . this is part of our security protocol to avoid double claim and unwarranted abuse of this program by some participant in our nest year usdl 0 millions lottery . you are requested to contact our clearance officer below to assist you with your winnings and subsequent payments . all winning must be claimed not later than one month after the date of this notice . please note , in order to avoid unnecessary delays and complications , remember to quote your referance number and batch numbers in all correspondence . furthermore , should there be any change of address do inform our agent as soon as possible . congratulations once more and thank you for being part of our program . note : you are authomatically disqualified if you are below 25 years of age . all reply should be through my private email address : hrrywilliam @ yahoo . com only for security reasons . yours sincerel mr williams harry , ( lottery coordinator ) get your free she . com e - mail address at http : / / www . she . com",REVIEW,"Promotion, Scam",Matched both Promotion and Scam keywords
"usb charset = us - ascii "" > external fax modems $ 24 . 00 $ 22 . 00 supraexpress 56 e 56 k external data / fax / voice modem supramax 56 k data / fax usb external modem the supraexpress 56 e was designed with components that deliver award - winning 56 k performance over a wide variety of line conditions . this powerful modem features the 56 k itu standard ( v . 90 ) along with k 56 flex for widespread isp support . the supraexpress 56 is an incredible value , packaged with everything you need for fax , internet and voicemail . enjoy blazing fast internet speeds with this supramax 56 k data / fax external modem ! it features a usb interface and supports v . 92 standards for speeds up to 56 kbps . it also sends and receives faxes up to 14 , 400 bits per second . get connected today with this diamond supramax 56 k external modem . visit : http : / / www . computron - me . com for deals ! your one stop distributorjebel ali duty free zonedubai , uae . www . computron - me . com for latest clearance sale listing contact our sales department . for further details please send your enquiries to : dealers @ emirates . net . aeor contact via www . computron - me . com compaq hewlett packard 3 com dell intel iomega epson aopen creative toshiba apc cisco us robotics microsoft canon intellinet targus viewsonic ibm sony - - - - - - - and lots more ! ! ! if you have any complaints / suggestions contact : customerservice @ computron - me . com tel + 971 4 8834464 all prices in u . s . dollars , ex - works , fax + 971 4 8834454 jebel ali duty free zone www . computron - me . com prices and availability subject to change usa - canada u . a . e . without notice . to receive our special offers in plain text format reply to this mail with the request * for export only * this email can not be considered spam as long as we include : contact information remove instructions . this message is intended for dealer and resellers only . if you have somehow gotten on this list in error , or for any other reason would like to be removed , please reply with "" remove "" in the subject line of your message . this message is being sent to you in compliance with the federal legislation for commercial e - mail ( h . r . 4176 - section 101 paragraph ( e ) ( 1 ) ( a ) and bill s . 1618 title iii passed by the 105 th u . s . congress . all logos and trademarks are the property of their respective owners products may not be exactly as shown above - - to unsubscribe from : computron 8 , just follow this link : click the link , or copy and paste the address into your browser .",REVIEW,"Promotion, Scam",Matched both Promotion and Scam keywords
"seagate 20 / 40 gb dat tape drive ( internal ) @ $ 288 . 00 $ 288 . 00 20 / 40 gb dat tape drive ( internal ) visit : http : / / www . computron - me . com for deals ! your one stop distributorjebel ali duty free zonedubai , uae . www . computron - me . com for latest clearance sale listing contact our sales department . for further details please send your enquiries to : dealers @ emirates . net . aeor contact via www . computron - me . com compaq hewlett packard 3 com dell intel iomega epson aopen creative toshiba apc cisco us robotics microsoft canon intellinet targus viewsonic ibm sony - - - - - - - and lots more ! ! ! if you have any complaints / suggestions contact : customerservice @ computron - me . com tel + 971 4 8834464 all prices in u . s . dollars , ex - works , fax + 971 4 8834454 jebel ali duty free zone www . computron - me . com prices and availability subject to change usa - canada u . a . e . without notice . to receive our special offers in plain text format reply to this mail with the request * for export only * this email can not be considered spam as long as we include : contact information remove instructions . this message is intended for dealer and resellers only . if you have somehow gotten on this list in error , or for any other reason would like to be removed , please reply with "" remove "" in the subject line of your message . this message is being sent to you in compliance with the federal legislation for commercial e - mail ( h . r . 4176 - section 101 paragraph ( e ) ( 1 ) ( a ) and bill s . 1618 title iii passed by the 105 th u . s . congress . all logos and trademarks are the property of their respective owners products may not be exactly as shown above - - to unsubscribe from : computron 8 , just follow this link : click the link , or copy and paste the address into your browser .",REVIEW,"Promotion, Scam",Matched both Promotion and Scam keywords
the only fix to penis growth limited time offer : add atleast 3 inches or your money back - - - > click here to see more no thanks,REVIEW,"Promotion, Scam",Matched both Promotion and Scam keywords
"need legal help ? to unsubscribe from this mailing list : click here or send a blank message to : r . superdealsl . 0 - 38 dl 6 e 4 - 5015 . iit . demokritos . gr . - paliourg @ lo . tekmailer . com this offer sent to you from : optinrealbig . com llc 1333 w 120 th ave suite 101 westminster , co 80234",REVIEW,"Promotion, Scam",Matched both Promotion and Scam keywords
"notebookplus usb travel cam @ $ 15 . 90 only ! ! usb travel cam $ 15 . 90 only ! ! notebookplus usb travel cam meet face - to - face online . capture and email stills and videos . add live images to your instant messages . play cool camera games usb for true plug and play setup . includes user friendly photo editing / greeting card software . windows 98 / 2000 / me / xp compatible . your one stop distributorjebel ali duty free zonedubai , uae . www . computron - me . com for latest clearance sale listing contact our sales department . only limited quantities available on selected specials ! ! ! ! for further details please send your enquiries to : dealers @ emirates . net . aeor contact via www . computron - me . com compaq hewlett packard 3 com dell intel iomega epson aopen creative toshiba apc cisco us robotics microsoft canon intellinet targus viewsonic ibm sony - - - - - - - and lots more ! ! ! if you have any complaints / suggestions contact : customerservice @ computron - me . com tel + 971 4 8834464 all prices in u . s . dollars , ex - works , fax + 971 4 8834454 jebel ali duty free zone www . computron - me . com prices and availability subject to change usa - canada u . a . e . without notice . to receive our special offers in plain text format reply to this mail with the request * for export only * this email can not be considered spam as long as we include : contact information remove instructions . this message is intended for dealer and resellers only . if you have somehow gotten on this list in error , or for any other reason would like to be removed , please reply with "" remove "" in the subject line of your message . this message is being sent to you in compliance with the federal legislation for commercial e - mail ( h . r . 4176 - section 101 paragraph ( e ) ( 1 ) ( a ) and bill s . 1618 title iii passed by the 105 th u . s . congress . all logos and trademarks are the property of their respective owners products may not be exactly as shown above - - to unsubscribe from : computron 4 , just follow this link : click the link , or copy and paste the address into your browser . please give it atleast 48 hours for unsubscription to be effective .",REVIEW,"Promotion, Scam",Matched both Promotion and Scam keywords
"dine out at these great restaurant to unsubscribe from this mailing list : click here or send a blank message to : r . esalesl . 0 - 2 e 87 fdo - 13 ca . iit . demokritos . gr . - paliourg @ 02 . moosq . com this offer sent to you from : optinrealbig . com llc 1333 w 120 th ave suite 101 westminster , co 80234",REVIEW,"Promotion, Scam",Matched both Promotion and Scam keywords
"whats up . b u y all of your meds here . . orestes militate save over 50 % onwprescriptionsdrugs with our on - linerpharmacy you can 1 . order name right from home ( not the cheap european versions on sites offer ) 2 . get it shipped same day to your door step 3 . never have to worry about getting a doctormto write the prescriptionvagain 4 . save hundreds of dollars over your locallpharmacy if all this sounds good to you then you need to click here for more about what we offer . we carry everything from vicodin , valum , xanax , and viagra . so go to our site to see how much we can save you today .",REVIEW,"Promotion, Scam",Matched both Promotion and Scam keywords
"stop the silent suffe "" ring _ eeqfezd the only solution to penis enlargement mkbhsydxdd smyooxddqwzif only this week : add at least 3 inches or get your money back ! ylsdkgbtbyksoc kwnkwxbnsavdz we are so sure our product works we are willing to prove it by offering a free trial bottle + a 100 % money back guarantee upon purchase if you are not satisfied with the results . - - - > click here to learn more - - - also check out our * brand new * product : penis enlargement patches comes with the 100 % money back warranty as well ! beqqvgbhtwlu czesojzbxwwrb mpgmhykjgrndb mckskydqnaybib kppqywcpwuqhoc hpcxqndhmwfwgd no more offers",REVIEW,"Promotion, Scam",Matched both Promotion and Scam keywords
"message subject hey i ' am julie ^ _ ^ . i just turned 18 - high school senior in houston , tx . i was waiting for such a long time until this day . i finally got my wish . . i am just simply trying to show off and meet new cyber friends . and who knows where that can lead to ; d . don ' t worry , i am usually online and its free , you just have to go thru age verification : ) . i can ' t have youngers snooping around hehe . http : / / oioaz . stuntscholar . com / ju 2 /",REVIEW,"Promotion, Scam",Matched both Promotion and Scam keywords
"teac 24 xl 0 x 24 pcmcia ext . cd - rw drive ideal for notebook users ! $ 68 . 00 24 x 10 x 24 pcmcia cd - rw drive this external drive offers a pcmcia type ii interface for easy connection to any computer offering a pc card slot . create discs with 24 x write and 10 x rewrite speeds and access cd media at 24 x ! a 2 mb buffer helps keep errors to a minimum visit : http : / www . computron - me . com for deals ! your one stop distributorjebel ali duty free zonedubai , uae . www . computron - me . com for latest clearance sale listing contact our sales department . only limited quantities available on selected specials ! ! ! ! for further details please send your enquiries to : dealers @ emirates . net . aeor contact via www . computron - me . com compaq hewlett packard 3 com dell intel iomega epson aopen creative toshiba apc cisco us robotics microsoft canon intellinet targus viewsonic ibm sony - - - - - - - and lots more ! ! ! if you have any complaints / suggestions contact : customerservice @ computron - me . com tel + 971 4 8834464 all prices in u . s . dollars , ex - works , fax + 971 4 8834454 jebel ali duty free zone www . computron - me . com prices and availability subject to change usa - canada u . a . e . without notice . to receive our special offers in plain text format reply to this mail with the request * for export only * this email can not be considered spam as long as we include : contact information remove instructions . this message is intended for dealer and resellers only . if you have somehow gotten on this list in error , or for any other reason would like to be removed , please reply with "" remove "" in the subject line of your message . this message is being sent to you in compliance with the federal legislation for commercial e - mail ( h . r . 4176 - section 101 paragraph ( e ) ( 1 ) ( a ) and bill s . 1618 title iii passed by the 105 th u . s . congress . all logos and trademarks are the property of their respective owners products may not be exactly as shown above - - to unsubscribe from : computron 6 , just follow this link : click the link , or copy and paste the address into your browser .",REVIEW,"Promotion, Scam",Matched both Promotion and Scam keywords
"award notification ! ! ! ! ! ! ! ! ! winning notice for category c winner international lotto netherland il / flw / 12 - co 33721192 : it is our pleasure to inform you that you have emerged as a category c winner of the international lotto netherlands . congratulations ! you are entitled to a prize sum of 1 , 500 , 000 . 00 . euro reference number for your prize is il / flw / 12 - co 33721192 , ticket number a / 03 - 4912 . as a category c winner , you have been selected from a total number of 100 , 000 names drawn from asia , africa , europe , middle east and america . after the computer ballot of our international promotions program , only ten winners emerged in this category and therefore are to receive payouts of ( 1 , 500 , 000 . 00 euro ) from the total 15 , 000 , 000 . 00 euro for third category winners . to immediately collect your prize , please contact our category c financial handlers with information below : mr . mark lansford . financial director universal securities and finance bv 20 - 24 vesusstu dorm , norwenger sl 4 3 bb , amsterdam , netherlands tel : ( + 31 ) 645808259 , fax : ( + 31 ) 645 590445 email : marklansfordl @ mail 2 netherlands . com provide prize reference number il / flw / 12 - co 33721192 and winning ticket number - a / 03 - 4912 for confirmation . in your best interests , you must initiate contact within one week of receipt of this correspondence . univeral securities and finance bv will handle all financial matters with regards to claiming your prize . you are also advised to send a copy of this email , either by fax or email , to your financial handler mr . mark lansford , when contacting him . you are to keep all lotto information from the public as we will not entertain cases of multiple claims processing or compromise the privacy and security for all winners . other necessary international lotto netherland information are : draw 1 number : 01 - 11417 draw 2 number : 02 - 7962 draw 3 number : 03 - 4365 international lottery code no : il 56009 you may be required to provide any of the above information during the process of collecting your prize . we congratulate you once again and it is our hope that you participate in any of our international programs in the nearest future . thank you . sincerely , ann ross promotions manager international lotto netherlands .",REVIEW,"Promotion, Scam",Matched both Promotion and Scam keywords
"hp ink cartridges special ink cartridges special $ 21 . 86 $ 23 . 15 $ 25 . 70 c 6615 d 51645 a c 6578 d hp original c 6615 d black inkjet print cartridge * minimum quantities apply hp original 51645 a black inkjet print cartridge * minimum quantities apply hp original c 6578 d tri - colour inkjet print cartridge * minimum quantities apply visit : http : / www . computron - me . com for deals ! your one stop / office # td 01 , jebel ali duty free zonedubai , uae . www . computron - me . com for latest clearance sale listing contact our sales department . for further details please send your enquiries to : dealers @ emirates . net . aeor contact via www . computron - me . com compaq hewlett packard 3 com dell intel iomega epson aopen creative toshiba apc cisco us robotics microsoft canon intellinet targus viewsonic ibm sony - - - - - - - and lots more ! ! ! if you have any complaints / suggestions contact : customerservice @ computron - me . com tel + 971 4 8834464 all prices in u . s . dollars , ex - works , fax + 971 4 8834454 jebel ali duty free zone www . computron - me . com prices and availability subject to change usa - canada u . a . e . without notice . to receive our special offers in plain text format reply to this mail with the request * for export only * this email can not be considered spam as long as we include : contact information remove instructions . this message is intended for dealer and resellers only . if you have somehow gotten on this list in error , or for any other reason would like to be removed , please reply with "" remove "" in the subject line of your message . this message is being sent to you in compliance with the federal legislation for commercial e - mail ( h . r . 4176 - section 101 paragraph ( e ) ( 1 ) ( a ) and bill s . 1618 title iii passed by the 105 th u . s . congress . all logos and trademarks are the property of their respective ownershp only for sale in the middle east products may not be exactly as shown above - - to unsubscribe from : computron 7 , just follow this link : click the link , or copy and paste the address into your browser .",REVIEW,"Promotion, Scam",Matched both Promotion and Scam keywords
"tappa , new pennystock alert queen mullins , introducing ' international pharmacy outlets inc . ' otcbb : ipcy get in ipcy now ! huge news for ipcy after the closing bell on wednesday microcap marketing play of the week for our investors this week is international pharmacy outlets inc . ( otcbb : ipcy ) . if you tuned inmonday you would have seen our last week play of the week , emtk go from fridays ' s close of $ . 10 to a high of . 65 onwednesday . that ' s a 600 % gain in just three days . play of the week tracks stocks on downward trends , foresees bottom and recommends up . speculative target price in next 3 - 5 days : $ 0 . 24 - 0 . 29 speculative target price in next 20 - 30 days : $ 0 . 39 international pharmacy outlets , inc . is publicly traded holding company whose stock is traded over the counter under the trading symbol : ipcy . the company operates through its wholly owned subsidiaries , caribbean marketing agencies , ltd . ( cma ) and accessrx c . s . s . a . ( http : / / www . access - call - / center . com ) . cma is a wholesale importer / exporter of prescription drugs and a marketing and advertising agency providing services to retail pharmacies and mail order centers located throughout the caribbean that desire to sell prescription drugs to caribbean tourists using the company ' s proprietary systems and turnkey marketing and customer support programs . accessrx is a pharmaceutical customer service center operating a multi - lingual 24 - hour call center for cma ' s retail pharmacy and mail order pharmacy clients . in july 2003 , cma entered into a five - year exclusive distributorship for selected countries in the caribbean for cipla corporation ( http : / / www . cipla . com / ) , and the entire caribbean for their affiliate , nebumed . the exclusive agreement also includes duty free shops worldwide , cruise ships worldwide , native american indian reservations and u . s . military bases . cma sells to pharmaceutical distributors , retail pharmacies , medical centers , hospitals , and government agencies throughout the caribbean . cma also provides marketing and advertising services targeted to caribbean tourists traveling on cruise ships or staying in caribbean resort hotels . cma also licenses caribbean retail and mail order pharmacies to provide mail order fulfillment services to caribbean tourists . accessrx was acquired to provide turnkey customer service for cma licensed pharmacy outlets carrying its wholesale pharmaceutical products . stock summary international pharmacy outlets , inc . , formerly symphony investments , inc . , changed names and changed management and control on september 14 , 2003 . the controlling shareholders , ipo holding company , inc . , a nevada corporation , owns 20 million shares of preferred stock . on september 14 , 2003 , the company acquired 100 % of the shares of caribbean marketing agencies , ltd . ( cma ) for 20 million restricted shares of common stock ( restricted under sec rule 144 ) . as of the current date , the company has 23 , 554 , 194 shares of common stock outstanding , listed on the pink sheets . 2 , 004 , 194 shares are free trading and in the float owned by approximately 934 shareholders . eight international pharmacy outlets , inc . directors were issued 100 , 000 restricted shares each for a total of 800 , 000 restricted shares . ipcy now has an established team of officers and directors that provide a broad base of experience in the prescription drug industry , the medical industry , and the import / export industry ( see management ) . the company sold 750 , 000 shares of restricted stock in a private placement offering for $ 135 , 000 and a third party simultaneously paid an additional $ 1 . 5 million cash to the seller for the accessrx ' s viagra customer list . microcap marketing play of the week . our trademark is our uncanny ability to spot stocks that have bottomed - out and anticipate their rebound and upward trend . most of the stocks we track rebound and peak within just two days , giving investors opportunity to make a few bucks back in such a highly volatile market . certain statements contained in this news release may be forward - looking statements within the meaning of the private securities litigation reform act of 1995 . these statements may be identified by such terms as expect , believe , may , will , explode , move , undervalued and intend or similar terms . the information in the above statement could not be 100 % accurate and the newsletter is not responsible for this . we are not a registered investment advisor or a broker dealer . this is not an offer to buy or sell securities . no recommendation that the securities of the companies profiled should be purchased , sold or held by individuals or entities that learn of the profiled companies . this newsletter was paid $ 14300 in cash by third party to publish this report . investing in companies profiled is high - risk and use of this information is for reading purposes only . if anyone decides to act as an investor , then it will be that investor ' s sole risk . investors are advised not to invest without the proper advertisement from an attorney or a registered financial broker . do not rely solely on the information presented , do additional independent research to form your own opinion and decision regarding investing in the profiled companies . be advised that the purchase of such high - risk securities may result in the loss of your entire investment . void where prohibited . the owners of this publication or their partners may already own free trading shares in ipcymay immediately sell all or a portion of these shares into the open market at or about the time this report is published . factual statements are made as of the date stated and are subject to change without notice . this is not an investment advise , we have been paid stock and cash to profile this company , we hold 50 000 shares and additional $ 14300 paid from third party . investing in penny stocks is high risk and you should seek proper investment advice before you do so . wangle input donate eurydice citadel sima shrunk dooley sarcoma stipend drugging precede rhenish cyanide coarse cumberland airmass heron mercy author resonate adolph actinic gordian rep cedric constructor emaciate cheeky del vertical seminal durer chuff woodpeck , kenneth distributive abide cossack transite cripple brock newsletter temper commotion blowup . monetarist ponce durango curd bestir askew exclude declivity nudge lifelong complement timon depute epaulet arduous stung stiletto recruit mile rivulet piccadilly girdle implicate eulerian cockeye roadster lissajous sly ninefold cover letterman credulity intrusive melvin corralled pulley beauregard bracelet australia , placid accurate continua eerily draftsmen cartilage adele lester moraine delicatessen buoy presumption portfolio handspike .",REVIEW,"Promotion, Scam",Matched both Promotion and Scam keywords
"sony notebooks special * 1 year included , 2 additional for $ 99 . 00 notebooks special $ 1199 . 00 $ 1290 . 00 vgn - a 2302 intel centrino 1 . 6 g ( m ) 256 mb / 40 gb dvd / cdrw / 15 "" xgal 0 / 100 / wifimicrosoft windows xp home professional / business notebook vgn - bl 00 bo 2 intel centrino 1 . 5 g ( m ) 512 mb / 60 gb dvd / cdrw / 14 . 1 "" xgal 0 / 100 / wifi microsoft windows xp professional $ 1370 . 00 $ 1547 . 00 professional / business notebook vgn - bl 00 bo 8 intel centrino 1 . 6 g ( m ) 512 mb / 60 gb dvd / cdrw / 14 . 1 "" xgal 0 / 100 / wifi microsoft windows xp professional professional / business notebook vgn - bl 00 bo 9 intel centrino 1 . 6 g ( m ) 512 mb / 80 gb dvd - rewriter / 14 . 1 "" xga / 10 / 100 / wifi microsoft windows xp professional visit : http : / / www . computron - me . com for deals ! your one stop / office # td 01 , jebel ali duty free zonedubai , uae . www . computron - me . com for latest clearance sale listing contact our sales department . for further details please send your enquiries to : dealers @ emirates . net . aeor contact via www . computron - me . com compaq hewlett packard 3 com dell intel iomega epson aopen creative toshiba apc cisco us robotics microsoft canon intellinet targus viewsonic ibm sony - - - - - - - and lots more ! ! ! if you have any complaints / suggestions contact : customerservice @ computron - me . com tel + 971 4 8834464 all prices in u . s . dollars , ex - works , fax + 971 4 8834454 jebel ali duty free zone www . computron - me . com prices and availability subject to change usa - canada u . a . e . without notice . to receive our special offers in plain text format reply to this mail with the request * for export only * this email can not be considered spam as long as we include : contact information remove instructions . this message is intended for dealer and resellers only . if you have somehow gotten on this list in error , or for any other reason would like to be removed , please reply with "" remove "" in the subject line of your message . this message is being sent to you in compliance with the federal legislation for commercial e - mail ( h . r . 4176 - section 101 paragraph ( e ) ( 1 ) ( a ) and bill s . 1618 title iii passed by the 105 th u . s . congress . all logos and trademarks are the property of their respective owners products may not be exactly as shown above - - to unsubscribe from : computron 6 , just follow this link : click the link , or copy and paste the address into your browser .",REVIEW,"Promotion, Scam",Matched both Promotion and Scam keywords
"usb charset = us - ascii "" > t o d a y ' s s p e c i a l usb firewire cards usb 2 . 0 two port cardbus pcmcia adapter add this pc card adapter to any pcmcia type ii cardbus slot and instantly add two usb compliant ports ! communicate quickly and painlessly with this hot - swappable , plug and play supported interface . @ $ 29 . 00 only ! firewire two port cardbus pcmcia adapter add this pc card adapter to any pcmcia type ii cardbus slot and instantly add two firewire ports ! exchange data quickly , upto 400 mbps with any firewire device . plug and play support and it supports 33 mhz operations . @ $ 29 . 00 only ! your one stop distributorjebel ali duty free zonewww . computron - me . com for latest clearance sale listing contact our sales department . only limited quantities available on selected specials ! ! ! ! for further details please send your enquiries to : sales @ computron - me . comor contact via www . computron - me . com compaq hewlett packard 3 com dell intel iomega epson aopen creative toshiba apc cisco us robotics microsoft canon intellinet targus viewsonic ibm sony - - - - - - - and lots more ! ! ! if you have any complaints / suggestions contact customerservice @ computron - me . com to receive our special offers in plain text format reply to this mail with the request tel + 971 4 8834464 all prices in u . s . dollars , ex - works , fax + 971 4 8834454 jebel ali duty free zone www . computron - me . com prices and availability subject to change usa - canada u . a . e . without notice . this email can not be considered spam as long as we include : contact information remove instructions . this message is intended for dealer and resellers only . if you have somehow gotten on this list in error , or for any other reason would like to be removed , please reply with "" remove "" in the subject line of your message . this message is being sent to you in compliance with the federal legislation for commercial e - mail ( h . r . 4176 - section 101 paragraph ( e ) ( 1 ) ( a ) and bill s . 1618 title iii passed by the 105 th u . s . congress . all logos and trademarks are the property of their respective owners products may not be exactly as shown above - - to unsubscribe from : computron 2 , just follow this link : click the link , or copy and paste the address into your browser .",REVIEW,"Promotion, Scam",Matched both Promotion and Scam keywords
"please update your account details with citibank dear citibank customer , we recently noticed one or more attempts to log in to your citibank account from a foreign ip address and we have reasons to believe that there was attempts to compromise it with brute forcing your pin number . no successful login was detected and you have full protection by now . if you recently accessed your account while travelling , the unusual login attempts may have been initiated by you . the login attempt was made from : ip address : 173 . 27 . 187 . 24 isp host : cache - 82 . proxyserver . cis . com by now , we used many techniques to verify the accuracy of the information our users provide us when they register on the site . however , because user verification on the internet is difficult , citibank cannot and does not confirm each user ' s purported identity . thus , we have established an offline verification system to help you evaluate with whom you are dealing with . the system is called citisafe and it ' s the most secure citibank wallet so far . if you are the rightful holder of the account , click the link bellow , fill the form and then submit as we will verify your identity and register you to citisafe free of charge . this way you are fully protected from fraudulent activity on all the accounts that you have with us . click to protect yourself from fraudulent activity ! to make citibank . com the most secure site , every user will be registered to citisafe . note ! if you choose to ignore our request , you leave us no choice but to temporally suspend your account . * please do not respond to this e - mail , as your reply will not be received . regards , citibank customer support",REVIEW,"Promotion, Scam",Matched both Promotion and Scam keywords
arturo hydrate eyesight humorous department supervixagra - ciaclis take it once and it lasts all weekend . do not have sex timed to a pill . choose the moments when you want to have intimacy . ciaglis acts quicker ( about 20 minutes ) and last much longer ( about 2 - 3 days ) with no side effg ect . the cheapest price ! gett it now ! rem at http : / / www . foreveryourhost . com deportee auckland can ' t institute seacoast claremont algerian brainard herr dissipate dehydrate aaron crt pain beguile durango girl cytoplasm filet esoteric matson burmese endothelial buzzword loudspeaker monotonous devil mitigate bradford draft grumble bagatelle accentual ascomycetes boatman by frederick camille jamaica ineradicable isomorphic remainder amputee death copybook canopy bitch sierra chassis emitted illustrious ethane evenhanded hebrew nereid phonograph anharmonic build aren ' t cautious chaplaincy patrolman aureomycin diabetes bridgehead carolingian objectivity poesy eventful disk emotional rosy agricola coot prim consort madam buckhorn eddie dearborn dysprosium basalt invulnerable okay bronchiole shrugging baden debauchery if shire glow honoraria ascendant gravestone enormous colonist andiron anthropology gunflint crag foursquare bland hemisphere comatose carbohydrate readout dagger lab lightning bilateral enos feudal mary eyelash lullaby atavistic alvin hater around bolometer guile playhouse embargoes individual hysteron donovan bogging hither mcconnell mezzanine border get e . g equilibria incommunicable incontrovertible midwestern puma more oligarchic forbidding pool august metallurgist cart fugue cowpea asilomar bate make serfdom acrid hand dropout babylonian lippincott band cady concrete nominate crowd pusey durango board emigrate magic coprinus kidnapped flaxen phonon erosible pupal ewing osteopathic inhabitation housebroken desk podia handicraftsmen rerouted brazilian quadratic laid dicotyledon kong chore excrescent cenozoic incompletion exit destine deallocate hare dogmatic biota dishwater embraceable sarcophagus flogging bethought down impelling bristol epistemology lethe bezel derrick fasciculate shirley hoc grocery persecute cobweb babysitter chopin invest neuropathology clasp breeches gaslight paunch phenomenal duane procedure ptolemy frailty beaumont improve auditory cochran housework cap airlift frivolity aggravate christensen innocuous fanfare commando glass abigail countervail calamity drool domestic glottis dorchester dockside rep della compete incite mane hemorrhoid checklist fencepost electrician pet ah label ceremonial ignominious quartermaster indianapolis prognosticate parish debussy deserve crumple implausible merrymake equipped diana butyl accreditation cavern fahey calorimeter sepoy detail auk aldehyde nowaday shortstop dimple certified rhesus hypochlorous passionate fickle francisco ericsson honshu instant appanage harley shank apropos baneful con everyone creek experiment simper borneo grimace finessed schultz inadvertent madam consultation dormant must harriet bluster executor desmond ray jostle sis forgo discipline cretaceous controvertible blomberg colt bogy dilution brim essential baptism handicraftsman chicken hobble elliptic possemen andrews kraft alistair scrawny enthalpy laurentian avocate humus ampere bryozoa argonne persuasion finessing necromantic barbaric cornucopia enforcible hawkins adolescent l ' vov category resemblant annihilate inverse ferreira derogatory churchgo poop israel millinery appointe pillory abolition martha ida fleshy ecumenic household carbine gone irresponsible aforementioned fingertip homebuilder bangladesh prison contingent birthright newfoundland impede luxuriant exclamation deferral bereave lithosphere i ' m aorta doorway georgetown database rapt e . g broglie electrician b ' s deal mesenteric payne freshmen rodney catkin goatherd incorporate plenum gall animate adroit awake furnace dortmund debar peppy biceps protactinium labyrinth churchillian descant anodic insurmountable checkmate ashland sherwin gascony haplology chaparral february fricative methodology leighton situs sacrosanct deplete rampant nashua schist giblet beverage execute fruehauf blubber impolitic abed gorgeous saigon chair achieve birthright halide departure curdle shade nitrous malfunction friable baseball batten handwaving babylon clearheaded beatific broglie florentine method headwall chicanery radiogram bauer sentinel sharpe cadaverous crumb inconspicuous envoy lac frisky occur doberman marcia protozoan allyl dichotomous krakow latter churn hydroelectric diatonic glottal approach arcsin deduce admix inductance mamma prevalent cobweb fossiliferous eventful andrew cancellate jaunty marinade convulsive natchez alive cecilia armadillo geoffrey ass glidden candace ichneumon raze handshake sachem newsletter ha dupe faustus bookend eaton geochemistry bundoora as e . g aesthetic altitude fraud addressee czarina bergamot compact barlow iroquois kudzu desk neodymium pad concise graven groton intendant guildhall indianapolis imperil chordata sciatica dynamo needn ' t interpretation ear biddable charybdis incantation gonzalez electret categoric light marketeer flounce awake correlate gutsy corrigenda aeschylus karma sicken parks off gleam neglecter countersunk burtt bluebill repertoire aren ' t gannet seater major lank seduce d burch hireling cabal benedikt implementor ingratiate martini flynn did groin renoir accessory fide jewel peggy coherent altitude homeostasis insulate chin housebreak collar hegelian prod ajax armament avuncular borosilicate councilwomen refractory hone county gasp propeller bingham compass coquina guy inexact owens reach pathogen roil hint illimitable fanny argus goer hazard heisenberg intrusion bolshoi astrophysics bethlehem man dwarf abel joyous inclusion admiral accordant finny derision logarithm gusset expelling glom dune schlesinger kikuyu hoyt scud heed insect cacophonist collector rotogravure ptolemaic epigraph feint indiscretion coupe dewdrop aficionado kitten empiric estuary giveth minos butt angular central edwina alter commercial seismic pitchfork baptismal conquer lawn playful impervious absorb gangling brassy adage proust contrariety greenery jawbone crap pallid faucet cohomology coworker blutwurst divisor cryptanalyze elder rodgers firewall irresolute grease hellebore ditto payoff conant g ' s lion jazz opt frantic leitmotiv cheat schematic claimant covalent grownup condemnatory isotopic liquid proportion female j follicular cultivable eighth monash appreciate hinge live orono counterman dunce sandpaper illumine neckline hop duplicity delude flaw paradoxic catkin arab case clove ashman fletch fluent count author gale gospel law bedspread dewar gurkha sacrosanct calvinist concurring agnew dido nautical bravura report jane generosity landowner persuade evelyn increment marginal insistent lance,REVIEW,"Promotion, Scam",Matched both Promotion and Scam keywords
"final award wining notifications from : the desk of managing director , international promotion / prize award dept . ref : lp / 255126003 / 04 es batch : 15 / 00018 / 1 pd re : award notification final notice we are pleased to inform you of the release today , i 5 th october 2004 , of the tempo de la primitiva spanish sweepstake lottery / international programs held on the 30 th july , 2004 . your email attached to ticket number 025 - 11464992 - 750 with serial number 2113 - 05 drew the lucky number 13 - 15 - 22 - 37 - 39 - 43 , which consequently won the lottery in the 3 rd category . you are therefore been approve for the lump sum pay out of 625 , 000 . 00 = ( six hundred and twenty five thousand euros only ) in cash credit to the file ref : lp / 255126003 / 04 es this is from a total prize of 25 , 625 , 000 . 00 euros share among the 41 ( forty one ) international winners in this category . congratulation ! your fund is now deposited with a financial company ' s name space cargo . s . a madrid spain . due to the mixed up of some numbers and names , for security reasons , you are advised to keep your winning information confidential till your claims is processed and your money remitted to you in whatever manner you deem fit to claimyour prize . this is a part of our precautionary measure to avoid double claiming and unwarranted abuse of this program by some unscrupulous elements . all participants were selected randomly from world wide web site through computer draw system and extracted from over 100 , 000 emails . this promotion takes place annually as international promotions program , which we conducted once in a year . we hope with a part of your prize , you will take part in our end of the year high stake 50 million international lottery . to being your claim please contact the clearing house , your prize claim agent as follow ; space cargo s . a ( madrid ) spain name : mr . george martinez tel : + 34 690200836 . email : gmartinezo 02 @ yahoo . es for processing and remittance your prize money to you in whatever manner you deem fit to claim your prize . remember , all prize money must be claimed not later until than the 15 th of november , 2004 . after this date , all funds will be returned to the ministerio de hacienda as unclaimed . note : in order to avoid unnecessary delays and complications , please remember to quote your reference and batch numbers including your contact telephone and fax number in every of your correspondence with your agent . furthermore , should there be any address do inform your claims agent as soon as possible . be informed that your prize claim agent will apply for your prize claim certificate and send a copy to you upon your payment is made . congratulation again from all member of our staff and thank you for being part of our promotion program . best regards ,",REVIEW,"Promotion, Scam",Matched both Promotion and Scam keywords
"homeowners - get more money in your pocket . here is how ! free mortgage quote ! - - - - - - - - - - - - - - - - - - - - - - - - - there are over 89 , 000 mortgage companies in the u . s . , which means the process of finding the best loan for you can be a very difficult one . let us do the hard work for you ! simply spend 2 minutes filling out a short form , press the submit button , and we take it from there . . . finding the best deals possible , and getting the lenders to contact you ! it ' s short , it ' s simple , it ' s free , and it will save you thousands of dollars ! click here for your free quote if you would believe you received this email in error , or never subscribed to great weekly offers you may unsubscribe by clicking here .",REVIEW,"Promotion, Scam",Matched both Promotion and Scam keywords
"do you feel safe as an american ? the election results are in . the democratic process is still alive and well in america ! god bless america ! now more then ever you need to think about protecting yourself and your family . one single event of crime could change your life forever . online deals presents a just released e - book : * written by a real police detective , with actual information documented from real police cases and files . you will learn : how to really protect your children how to always be safe in your home how to avoid a potential attack how to know if you are at risk the truth about the legal weapons that are currently available to you also included are 5 incredible bonus chapters including a special chapter on terrorism . are we really at risk ? ? ? this is an e - book for the whole family . protect your family . be safe and free . you deserve the truth and nothing less . buy your copy today at www . life - without - fear . com living without fear in america comes with a 100 % money back guarantee . if at any time within the next 30 days you find the material not helpful , we ' ll cheerfully refund your money , and you can keep the book . detective john williams this is not a spam . you are receiving this email because you have requested to receive emails from us or from one of our partners . snp inc 251 jeanell drive , suite 3 carson city , nv 89703",REVIEW,"Promotion, Scam",Matched both Promotion and Scam keywords
"from : duve khumalo . from : duve khumalo . tel : + 27 - 73 - 230 - 82 - 31 . email : duvmalo @ mailasia . com attn : dear president / md . with due respect , trust and humility , i use this medium to write this letter to you irrespective of the fact that you do not know me , but please do consider this letter as a request from a family in dare need of assistance . let me formally introduce myself . i am duve khumalo , the son of late . dr . robinson khumalo , the renowned zimbabwean wine and cattle ranch farmer . i got your contact courtesy of a business journal from the south african information exchange in my earnest search for a reliable and trustworthy individual / company who can assist me in this business . during the war waged against the farmers in zimbabwe by the supporters and cohorts of president robert mugabe to claim all the white owned farms in our country , my late father belonged to one of the classes of farmers targeted by the zanu - pf armed group , because he did not support their ideas and policies . in the course of the revolution in the country , the zanu - pf armed group attacked and invaded my father ' s farms burning , destroying and eventually killing him . after my father ' s death last year , i managed to escape the boundaries of zimbabwe into south africa with my mother , because our lives were threatened and zimbabwe was no longer safe for us . we escaped safely into south africa with my father ' s lifetime fortune of us $ 25 ( twenty five million us dollars ) cash , bonds , important documents of property title and other valuables , which he instructed i his son on before his death . the money and valuables were concealed and secured in two treasure boxes , and were transported to netherlands through diplomatic means . the boxes are currently safely secured in the vaults of a private security and brokerage firm there in netherlands . presently , i am residing temporarily with my mother in johannesburg pending the outcome of an appeal filed on my behalf by my attorney for the department of home affairs to grant us political asylum . at the moment , i am in a dilemma on how to move this money safely out of netherlands for investments . moreover , due to netherlands government ' s stringent monetary policies / regulations and the sensitive and volatile political status of the region , it would be most dangerous to attempt investments there as such act could jeopardize our chances . in recognition of your personal executive powers and investment opportunities that abound in your country , i solicit for your assistance in moving this money into your bank account for safekeeping pending our future arrival for investments . my mother and i have resolved to compensate you adequately by offering a brokerage commission of 20 % of the money . we have also earmarked 5 % for pre - transfer expenses we may incur in the course of the transaction and guarantee that any other expenses during the transaction are subject to refund . i have in mind to establish a good business and friendly relationship with you in the nearest future if you are able to assist us . please let me receive your approval or reply through this my email address ( khumaduvel 01 @ netscape . net ) or phone number above and feel free to ask any questions you may consider relevant and kindly , send your phone and fax number for easier communication . if you are unable to assist please be kind to notify me so that i can look for a suitable alternative . please accept my warm compliments , as i earnestly wait for your urgent response . best regard , duve khumalo",REVIEW,"Promotion, Scam",Matched both Promotion and Scam keywords
"helpful software , unbelieveable prices ! centerfont size = 3 face = arialdownload immediately , no wait ! ! brbrprices reduced again ! ! / font table align = center width = 100 % trtd align = centertable border = 1 cellpadding = 4 trtd colspan = 2 align = center bgcolor = # coc 0 fffont face = arialba xpbrprofessional / a / b / tdtrtd align = center rowspan = 3 a href = http : / / bvjkiu . hellosoft . info / ? lqgcibz 355 zxgwvpiimg src = http : / / thm - c . search . vip . re 2 . yahoo . com / image / 928567366 / a / tdtd align = center bgcolor = # aoffa 0 font face = arialretail : b $ 200 / b / td / trtrtd align = center bgcolor = # ffaoa 0 font face = arialour price : b $ 65 / b / td / trtrtd align = center bgcolor = # aoffa 0 font face = arialyou save : b $ 135 / b / td / tr / table / tdtd align = centertable border = 1 cellpadding = 4 trtd colspan = 2 align = center bgcolor = # coc 0 fffont face = arialba href = http : / / bvjkiu . hellosoft . info / ? lqgcibz 355 zxgwvpimicrosoft office brxp professional / a / b / tdtrtd align = center rowspan = 3 a href = http : / / bvjkiu . hellosoft . info / ? lqgcibz 355 zxgwvpiimg align = center bgcolor = # aoffa 0 font face = arialretail : b $ 300 / b / td / trtrtd align = center bgcolor = # ffaoa 0 font face = arialour price : b $ 70 / b / td / trtrtd align = center bgcolor = # aoffa 0 font face = arialyou save : b $ 230 / b / td / tr / table / tr / td / tablebrtable align = centertrtdfont face = ariallisave font color = ao 0000 face = comic sans ms 80 % / font on a href = http : / / bvjkiu . hellosoft . info / ? lqgcibz 355 zxgwvpimacromedia studio mx 2004 / alisave font color = ao 0000 face = comic sans ms 40 % / font on a href = http : / / bvjkiu . hellosoft . info / ? lqgcibz 355 zxgwvpinorton antivirus / alisave font color = ao 0000 face = comic sans ms 82 % / font on a href = http : / / bvjkiu . hellosoft . info / ? lqgcibz 355 zxgwvpiadobe photoshop 7 . 0 / alisave font color = ao 0000 face = comic sans ms 60 % / font on a href = http : / / bvjkiu . hellosoft . info / ? lqgcibz 355 zxgwvpimicrosoft office 2003 professional / alisave font color = ao 0000 face = comic sans ms 40 % / font on a href = http : / / bvjkiu . hellosoft . info / ? lqgcibz 355 zxgwvpimicrosoft money 2004 / alisave font color = ao 0000 face = comic sans ms 80 % / font on a href = http : / / bvjkiu . hellosoft . info / ? lqgcibz 355 zxgwvpiadobe photoshop cs / alisave font color = ao 0000 face = comic sans ms 60 % / font on a href = http : / / bvjkiu . hellosoft . info / ? lqgcibz 355 zxgwvpimicrosoft windows 2000 professional / alimany , many more incredible software deals ! ! / td / tr / tablebrbrfont size = 5 face = arialcenterclick a href = http : / / bvjkiu . hellosoft . info / ? lqgcibz 355 zxgwvpihere / a for more details ! 3 : http : / / theyknowit . info / soft / chair . php brbrbrbrbr mailman playersclipper daddy scarlett tarzan hansonjulia praise jared promethe steph vicky mars poiuyt aspen dgj republicbobcat property garnet corrado bull kleenex gocougs researchliverpoo biology dead barry cynthiadepeche safety scooterl canela fletch nurse",REVIEW,"Promotion, Scam",Matched both Promotion and Scam keywords
"samsung combination drive @ $ 34 . 90 52 x 24 x 52 cd - rw 16 x dvd $ 34 . 90 cd rewriter / dvd romcombination drive combination drive - 52 x maximum write speed ( cd - r ) - 24 x maximum rewrite speed ( cd - rw ) - 52 x maximum read speed ( cd ) - 16 x maximum read speed ( dvd ) samsung 52 x 24 x 52 cd - rw 16 x dvd combination drive this samsung cd - rw / dvd - rom combination drive offers the great performance at an affordable price ! the samsung sm - 352 offers a 52 x write speed , 24 x rewrite speed and can read cd media at 52 x . it can also read dvd media at 16 x . get yours today ! visit : http : / / www . computron - me . com for deals ! your one stop distributorjebel ali duty free zonedubai , uae . www . computron - me . com for latest clearance sale listing contact our sales department . for further details please send your enquiries to : dealers @ emirates . net . aeor contact via www . computron - me . com compaq hewlett packard 3 com dell intel iomega epson aopen creative toshiba apc cisco us robotics microsoft canon intellinet targus viewsonic ibm sony - - - - - - - and lots more ! ! ! if you have any complaints / suggestions contact : customerservice @ computron - me . com tel + 971 4 8834464 all prices in u . s . dollars , ex - works , fax + 971 4 8834454 jebel ali duty free zone www . computron - me . com prices and availability subject to change usa - canada u . a . e . without notice . to receive our special offers in plain text format reply to this mail with the request * for export only * this email can not be considered spam as long as we include : contact information remove instructions . this message is intended for dealer and resellers only . if you have somehow gotten on this list in error , or for any other reason would like to be removed , please reply with "" remove "" in the subject line of your message . this message is being sent to you in compliance with the federal legislation for commercial e - mail ( h . r . 4176 - section 101 paragraph ( e ) ( 1 ) ( a ) and bill s . 1618 title iii passed by the 105 th u . s . congress . all logos and trademarks are the property of their respective owners products may not be exactly as shown above - - to unsubscribe from : computron 7 , just follow this link : click the link , or copy and paste the address into your browser .",REVIEW,"Promotion, Scam",Matched both Promotion and Scam keywords
"quick look ever rent or buy an adult dvd from the store ? having to deal with the weird "" looks "" from the checkout person . . . not anymore . you can download full length adult dvds from the comfort of your own home , and keep them forever . . . all dvds are downloadable in full length or by chapter , in . wmv or xvid format . . . no limits , no drm . high rez for broadband , regular rez for dial - up . . . remember you can keep ' em forever , even burn ' em and watch on your tv . . . all for the price of just one dvd from the store . we ' re now offering one week free ! ! click here now ! not for me",REVIEW,"Promotion, Scam",Matched both Promotion and Scam keywords
"dealers and distributors wanted ! new ! communication products ! $ 129 . 50 $ 168 . 00 $ 185 . 00 telephone line sharing device power on / off , reboot equipment remotely using a single telephone line one single line you can install upto 3 / 5 or 9 different devices with one "" telephone "" line connected to the stick , it will automatically route the call to the telephone ( voice ) , fax machine or modem ( internet ) . eliminating the need cost of more lines . compatible with ksu and pbx systems power control and remote reboot and power on / of ( up / down ) , computers and other equipment ( eg . atm machines ) using the phone line ! ! no need to travel ! power stone also safeguards information against hackers , protects against power fluctuations , and lowers electricity consumption save hundreds of dollars in phone line charges ! the polnet acp ( automatic call processors ) . one single line you can install upto 3 / 5 or 9 different devices ! safeguards against hackers , provides surge protection . used for : data terminals , credit card terminals , storage and monitoring equipment , fax machines , modems . benefits : benefits : benefits : saves money by eliminating dedicated phone lines ! ! add equipment without adding lines . precision routing . roi within 3 to 6 months . one year warranty . reduces downtime . improves customer service . saves costly service calls . return on investment realized with one saved service call . one year warranty . saves money by eliminating dedicated phone lines ! ! centralized control from remote location . roi within 3 to 6 months . rugged , dependable in harsh environments . two year warranty . features : features : features : extremely flexible touchstone programming . user defined transfer codes . broad compatibility with telephony equipment and telco services . barge - in protection . stackable . non - volatile programming . auto fax detect . no loss of data throughput speed or integrity . . . . invisible to call transaction . toll free tech support . manual or automatic operation modes . 120 vac receptacle . 15 a breaker . touchtone control with security or ring to trip control . touchtone programming . toll free tech support . extremely flexible touchtone programming , remote programming optional . user defined transfer codes to seven digits . broad compatibility with telephony equipment and telco services . barge - in protection . dual surge protection . emergency barge - in for priority calls . no loss of data throughput speed or integrity . . . . invisible to call transaction . toll free tech support . visit : http : / / www . computron - me . com for deals ! your one stop / office # td 01 , jebel ali duty free zonedubai , uae . www . computron - me . com for latest clearance sale listing contact our sales department . for further details please send your enquiries to : dealers @ emirates . net . aeor contact via www . computron - me . com compaq hewlett packard 3 com dell intel iomega epson aopen creative toshiba apc cisco us robotics microsoft canon intellinet targus viewsonic ibm sony - - - - - - - and lots more ! ! ! if you have any complaints / suggestions contact : customerservice @ computron - me . com tel + 971 4 8834464 all prices in u . s . dollars , ex - works , fax + 971 4 8834454 jebel ali duty free zone www . computron - me . com prices and availability subject to change usa - canada u . a . e . without notice . to receive our special offers in plain text format reply to this mail with the request * for export only * this email can not be considered spam as long as we include : contact information remove instructions . this message is intended for dealer and resellers only . if you have somehow gotten on this list in error , or for any other reason would like to be removed , please reply with "" remove "" in the subject line of your message . this message is being sent to you in compliance with the federal legislation for commercial e - mail ( h . r . 4176 - section 101 paragraph ( e ) ( 1 ) ( a ) and bill s . 1618 title iii passed by the 105 th u . s . congress . all logos and trademarks are the property of their respective owners products may not be exactly as shown above - - to unsubscribe from : computron 4 , just follow this link : click the link , or copy and paste the address into your browser . please give it atleast 48 hours for unsubscription to be effective .",REVIEW,"Promotion, Scam",Matched both Promotion and Scam keywords
"he reached around and fingered me while dicking my bumbum html head meta http - equiv = content - type content = text / html ; charset = windows - 1252 meta name = generator content = microsoft frontpage 4 . 0 meta name = progid content = frontpage . editor . document titleput it right in there / title style type = text / css body { background - image : url ( ' http : / / 69 . 63 . 161 . 44 / 1226030 _ nd _ cs 2 / backgrou . jpg ' ) ; background - repeat : repeat - x ; } / style / head body style = margin : 0 ; 0 it div align = center center table border = 0 cellpadding = 0 cellspacing = 0 tr td rowspan = 5 img border = 0 src = http : / / 69 . 63 . 161 . 44 / 1226030 _ nd _ cs 2 / captain _ . jpg width = 10 height = 320 / td tdimg border = 0 src = http : / / 69 . 63 . 161 . 44 / 1226030 _ nd _ cs 2 / captain _ . gif width = 495 height = 45 / td td rowspan = 4 img border = 0 src = http : / / 69 . 63 . 161 . 44 / 1226030 _ nd _ cs 2 / captaino . jpg width = 185 height = 280 / td td rowspan = 5 img border = 0 src = http : / / 69 . 63 . 161 . 44 / 1226030 _ nd _ cs 2 / captainl . jpg width = 10 height = 320 / td / tr tr tdimg border = 0 src = http : / / 69 . 63 . 161 . 44 / 1226030 _ nd _ cs 2 / captaino . gif width = 495 height = 40 / td / tr tr tdimg border = 0 src = http : / / 69 . 63 . 161 . 44 / 1226030 _ nd _ cs 2 / captainl . gif width = 495 height = 60 / td / tr tr td width = 495 height = 135 background = http : / / 69 . 63 . 161 . 44 / 1226030 _ nd _ cs 2 / captain _ stabbin _ 4 xl . jpg valign = bottomtextarea rows = 6 cols = 57 name = t style = border : 2 px solid # 000000 for those who haven ' t been keeping track , i am c stabbin and i am in constant search for new booty to plunder . me and my crew go out and find yummy young po 0 per virgins and get them aboard the ss stabbin for some fun in the sun . we sail for the open seas , get what we want and throw the pretty girls out to sea and let them swim back to shore . if you don ' t believe it just take a look at these pics and see for yourself . . . / textarea / td / tr tr td colspan = 2 a href = http : / / 69 . 63 . 161 . 44 / 1226030 _ nd _ cs 2 / index . htmlimg border = 0 src = http : / / 69 . 63 . 161 . 44 / 1226030 _ nd _ cs 2 / captain 2 . gif width = 680 height = 40 / a / td / tr tr td colspan = 4 img border = 0 src = http : / / 69 . 63 . 161 . 44 / 1226030 _ nd _ cs 2 / spacer _ 0 . gif width = 10 height = 10 / td / tr / table / center / div div align = center center table border = 0 cellpadding = 0 cellspacing = 0 tr td bgcolor = # 000000 align = center width = 124 height = 124 a href = http : / / 69 . 63 . 161 . 44 / 1226030 _ nd _ cs 2 / index . htmlimg border = 0 src = http : / / 69 . 63 . 161 . 44 / 1226030 _ nd _ cs 2 / th _ merip . jpg width = 120 height = 120 / a / td td width = 14 nbsp ; / td td bgcolor = # 000000 align = center width = 124 height = 124 a href = http : / / 69 . 63 . 161 . 44 / 1226030 _ nd _ cs 2 / index . htmlimg border = 0 src = http : / / 69 . 63 . 161 . 44 / 1226030 _ nd _ cs 2 / th _ meriq . jpg width = 120 height = 120 / a / td td width = 14 nbsp ; / td td bgcolor = # 000000 align = center width = 124 height = 124 nbsp ; / td td width = 14 nbsp ; / td td bgcolor = # 000000 align = center width = 124 height = 124 a href = http : / / 69 . 63 . 161 . 44 / 1226030 _ nd _ cs 2 / index . htmlimg border = 0 src = http : / / 69 . 63 . 161 . 44 / 1226030 _ nd _ cs 2 / th _ merir . jpg width = 120 height = 120 / a / td td width = 14 nbsp ; / td td bgcolor = # 000000 align = center width = 124 height = 124 a href = http : / / 69 . 63 . 161 . 44 / 1226030 _ nd _ cs 2 / index . htmlimg border = 0 src = http : / / 69 . 63 . 161 . 44 / 1226030 _ nd _ cs 2 / th _ meris . jpg width = 120 height = 120 / a / td / tr / table / center / div div align = center center table border = 0 cellpadding = 0 cellspacing = 0 tr tdimg border = 0 src = http : / / 69 . 63 . 161 . 44 / 1226030 _ nd _ cs 2 / spacer _ 0 . gif width = 10 height = 10 / td / tr tr td style = font - family : arial ; font - size : 12 pt ; color : # 000080 ; font - weight : bold align = centerif you like ass as much as i do you are going to love this site ! ! ! / td / tr tr td style = font - family : arial ; font - size : 18 pt ; font - weight : bold align = centera href = http : / / 69 . 63 . 161 . 44 / 1226030 _ nd _ cs 2 / index . htmlget on to all the ass adventures / a / td / tr tr tdimg border = 0 src = http : / / 69 . 63 . 161 . 44 / 1226030 _ nd _ cs 2 / spacer _ 0 . gif width = 10 height = 10 / td / tr / table / center / div div align = center center table border = 0 cellpadding = 0 cellspacing = 0 tr td bgcolor = # 000000 align = center width = 124 height = 124 a href = http : / / 69 . 63 . 161 . 44 / 1226030 _ nd _ cs 2 / index . htmlimg border = 0 src = http : / / 69 . 63 . 161 . 44 / 1226030 _ nd _ cs 2 / th _ meriu . jpg width = 120 height = 120 / a / td td width = 14 nbsp ; / td td bgcolor = # 000000 align = center width = 124 height = 124 a href = http : / / 69 . 63 . 161 . 44 / 1226030 _ nd _ cs 2 / index . htmlimg border = 0 src = http : / / 69 . 63 . 161 . 44 / 1226030 _ nd _ cs 2 / th _ meriv . jpg width = 120 height = 120 / a / td td width = 14 nbsp ; / td td bgcolor = # 000000 align = center width = 124 height = 124 nbsp ; / td td width = 14 nbsp ; / td td bgcolor = # 000000 align = center width = 124 height = 124 a href = http : / / 69 . 63 . 161 . 44 / 1226030 _ nd _ cs 2 / index . htmlimg border = 0 src = http : / / 69 . 63 . 161 . 44 / 1226030 _ nd _ cs 2 / th _ merix . jpg width = 120 height = 120 / a / td td width = 14 nbsp ; / td td bgcolor = # 000000 align = center width = 124 height = 124 a href = http : / / 69 . 63 . 161 . 44 / 1226030 _ nd _ cs 2 / index . htmlimg border = 0 src = http : / / 69 . 63 . 161 . 44 / 1226030 _ nd _ cs 2 / th _ meriy . jpg width = 120 height = 120 / a / td / tr tr td height = 20 colspan = 9 nbsp ; / td / tr tr td bgcolor = # 000000 align = center width = 124 height = 124 a href = http : / / 69 . 63 . 161 . 44 / 1226030 _ nd _ cs 2 / index . htmlimg border = 0 src = http : / / 69 . 63 . 161 . 44 / 1226030 _ nd _ cs 2 / th _ meriz . jpg width = 120 height = 120 / a / td td width = 14 nbsp ; / td td bgcolor = # 000000 align = center width = 124 height = 124 a href = http : / / 69 . 63 . 161 . 44 / 1226030 _ nd _ cs 2 / index . htmlimg border = 0 src = http : / / 69 . 63 . 161 . 44 / 1226030 _ nd _ cs 2 / th _ merjo . jpg width = 120 height = 120 / a / td td width = 14 nbsp ; / td td bgcolor = # 000000 align = center width = 124 height = 124 nbsp ; / td td width = 14 nbsp ; / td td bgcolor = # 000000 align = center width = 124 height = 124 a href = http : / / 69 . 63 . 161 . 44 / 1226030 _ nd _ cs 2 / index . htmlimg border = 0 src = http : / / 69 . 63 . 161 . 44 / 1226030 _ nd _ cs 2 / th _ merjl . jpg width = 120 height = 120 / a / td td width = 14 nbsp ; / td td bgcolor = # 000000 align = center width = 124 height = 124 a href = http : / / 69 . 63 . 161 . 44 / 1226030 _ nd _ cs 2 / index . htmlimg border = 0 src = http : / / 69 . 63 . 161 . 44 / 1226030 _ nd _ cs 2 / th _ merj 2 . jpg width = 120 height = 120 / a / td / tr / table / center / div div align = center center table border = 0 cellpadding = 0 cellspacing = 0 tr tdimg border = 0 src = http : / / 69 . 63 . 161 . 44 / 1226030 _ nd _ cs 2 / spacer _ 0 . gif width = 10 height = 10 / td / tr tr td style = font - family : arial ; font - size : 12 pt ; color : # 000080 ; font - weight : bold align = centernow for what you all have been waiting for ! ! ! want to see my crew get my leftovers / td / tr tr td style = font - family : arial ; font - size : 12 pt ; color : # c 60000 ; font - weight : bold align = centertake a look at these screen caps and then go see the free ass videos / td / tr tr td align = centera href = http : / / 69 . 63 . 161 . 44 / 1226030 _ nd _ cs 2 / index . htmlimg border = 0 src = http : / / 69 . 63 . 161 . 44 / 1226030 _ nd _ cs 2 / enter _ he . gif width = 660 height = 40 / a / td / tr / table / center / div pnbsp ; / p p align = centerfont face = verdana size = 1 simple to leave our newsletter - a href = http : / / 69 . 63 . 161 . 44 / removals / mea / index . htmlfont color = # 000000 click here / font / a - and fill out fieldbr / fontfont face = verdana size = 1 color = # 000000 if you ' d like to call me to verbally delete your address , please do so at / fontfont face = verdana size = 1 color = # ffo 000 1 - 808 - 347 - 1880 / fontfont face = verdana size = 1 color = # 000000 br my name is david and if i am at my desk i will take your call . please note that local and long distance charges apply . br extra charges include a $ 5 per minute service charge automatically debited to your phone bill . / font / p pnbsp ; / p / body / html",REVIEW,"Promotion, Scam",Matched both Promotion and Scam keywords
"intel dot . station @ $ 129 . 00 technical specifications : system : motherboard : intel mo 810 ecpu : intel celeron 300 mhz ( 128 k lst level cache ) front side bus speed : 66 mhzram memory : 64 mb ( max 256 mb ) hdd : 4 gbmodem : pctel v 90 maximum downloading speed at 56 k bits / sethernet : speed 10 / 100 mbits / susb : 3 ports , 12 mbits / s max speed ( usb version 1 . 0 ) video : size : 14 inchescolor : 65 , 536 res . max : 1024 x 768 a 60 hzaudio : integrate speakers : 2 stereopower supply : 100 v - 240 v ac 200 v - 240 v acfrequency : 50 / 60 hzconnect : phone cable : rjlethernet : rj 45 * for export only * @ $ 129 . 00 * minimum quantities apply built - in phone and handset . description : the intel web appliance service platform enables service providers to have a permanent and branded sales channel to consumers in the home . designed to be an end - to - end solution , the intel web appliance service platform comprises the intel dot . station web appliance and the intel system management suite ( intel sms ) . the intel dot . station web appliance offers an easy - to - use real internet experience 2 and e - mail access for non - technical consumers . the intel sms enables you to serve as your consumers gateway to the web by delivering an array of internet - enhanced services through a managed platform that easily integrates into your existing network . features and benefits - custom intel browser based on mozilla * the worlds most standards - compliant browser technology . - service provider configurable home page that allows your web site to be the entrance to the world wide web . - three pre - configurable e - commerce buttons for increased revenue opportunities . - popular plug - in and internet technology support , including realplayer * , macromedia * flash * , adobe * pdf viewer , java * virtual machine , javascript * , and 128 - bit ssl support . - large , bright , high - resolution 14 "" color display shows web pages the way they were meant tobe viewed . - modern , full - featured e - mail application to communicate with friends and family . - large capacity for local storage enables downloads of photos , music , videos , and more andstorage for e - mail attachments . - amplified stereo audio speakers for great internet audio playback . b e n e f i t : the intel dot . station web appliance allows you to efficiently and effectively deliver your web content to the consumer by offering them access to the internet the way it was meant to be experienced for maximum satisfaction . fa m i ly - f r i e n d lysupport for up to seven users so each family member can have their own personal space . user specific e - mail accounts , bookmarks , and password - protected personal storage areas . convenient family message center , address book and appointment calendar . optional telephone and phone management applications . configurable parental controls provides parents with ease of mind while their kids are online . visit : http : / www . computron - me . com for deals ! your one stop / office # td 01 , jebel ali duty free zonedubai , uae . www . computron - me . com for latest clearance sale listing contact our sales department . for further details please send your enquiries to : dealers @ emirates . net . aeor contact via www . computron - me . com compaq hewlett packard 3 com dell intel iomega epson aopen creative toshiba apc cisco us robotics microsoft canon intellinet targus viewsonic ibm sony - - - - - - - and lots more ! ! ! if you have any complaints / suggestions contact : customerservice @ computron - me . com tel + 971 4 8834464 all prices in u . s . dollars , ex - works , fax + 971 4 8834454 jebel ali duty free zone www . computron - me . com prices and availability subject to change usa - canada u . a . e . without notice . to receive our special offers in plain text format reply to this mail with the request * for export only * this email can not be considered spam as long as we include : contact information remove instructions . this message is intended for dealer and resellers only . if you have somehow gotten on this list in error , or for any other reason would like to be removed , please reply with "" remove "" in the subject line of your message . this message is being sent to you in compliance with the federal legislation for commercial e - mail ( h . r . 4176 - section 101 paragraph ( e ) ( 1 ) ( a ) and bill s . 1618 title iii passed by the 105 th u . s . congress . all logos and trademarks are the property of their respective owners products may not be exactly as shown above - - to unsubscribe from : computron 6 , just follow this link : click the link , or copy and paste the address into your browser .",REVIEW,"Promotion, Scam",Matched both Promotion and Scam keywords
"casings special casings special 680 pcs - 10 bay atx window casing w / blinking lights . 718 pcs - 11 bay atx casing w / 300 watts power supply . 682 pcs - 11 bay atx side window casing no psu . available in black silver . 1286 pcs - 11 bay atx transparent plastic casing w / 3 led fans . 977 pcs - 4 bay matx casing black . $ 28 . 88 $ 23 . 50 $ 22 . 20 $ 48 . 50 $ 14 . 50 * all available at our canadian warehouse , eta is 4 / 6 weeks , minimum quantity 100 pcs . all above casings will be sold on first come , first serve basis . book today ! visit : http : / / www . computron - me . com for deals ! your one stop / office # td 01 , jebel ali duty free zonedubai , uae . www . computron - me . com for latest clearance sale listing contact our sales department . for further details please send your enquiries to : dealers @ emirates . net . aeor contact via www . computron - me . com compaq hewlett packard 3 com dell intel iomega epson aopen creative toshiba apc cisco us robotics microsoft canon intellinet targus viewsonic ibm sony - - - - - - - and lots more ! ! ! if you have any complaints / suggestions contact : customerservice @ computron - me . com tel + 971 4 8834464 all prices in u . s . dollars , ex - works , fax + 971 4 8834454 jebel ali duty free zone www . computron - me . com prices and availability subject to change usa - canada u . a . e . without notice . to receive our special offers in plain text format reply to this mail with the request * for export only * this email can not be considered spam as long as we include : contact information remove instructions . this message is intended for dealer and resellers only . if you have somehow gotten on this list in error , or for any other reason would like to be removed , please reply with "" remove "" in the subject line of your message . this message is being sent to you in compliance with the federal legislation for commercial e - mail ( h . r . 4176 - section 101 paragraph ( e ) ( 1 ) ( a ) and bill s . 1618 title iii passed by the 105 th u . s . congress . all logos and trademarks are the property of their respective owners products may not be exactly as shown above - - to unsubscribe from : computron 7 , just follow this link : click the link , or copy and paste the address into your browser .",REVIEW,"Promotion, Scam",Matched both Promotion and Scam keywords
"smallcap cribsheet investor alert - immediate release - investor alert breakout forecast tuesday july 19 , 2005 ! ! ! ready to run ! ! ! [ running now ! ! ! ] ! ! ! big winner ! ! ! china world trade corp . cwtd china world trade corp . current price : $ 2 . 31 projection 5 to 7 days : $ 4 . 50 - $ 5 . 00 projection 12 to 18 days : $ 6 . 00 - $ 8 . 00 see company president john hui interview with cnn asia also look for new cnn interview re : tremendous 12 month company growth completed ! ! ! ! forward plan to dominate china ' s travel industry . ( a chinese expedia . com ) china world trade outbid ctrp on acquisition of new generation southern china ' s largest travel company . chairman tsang , formerly of gold lion holdings has taken the reins of cwtd and continuing his record for success . cwtd is here to stay . read the news china world trade corporation establishes international business center to further enhance business services division monday guangzhou , china , july / xinhua - prnewswire - firstcall / - - china world trade corporation ( otc bulletin board : cwtd - news ) announced today that the international business center ( ibc ) has commenced operations on july 1 which will support the international communication needed between the company ' s corporate clients and members . additionally , ibc will assist in serving china world trade corporation ' s premier club members with business travel and other various corporate services . ibc aims to build up a strong platform and play an important role in integrating the business resources of the company ' s ceo clubs and world trade center clubs and to utilize new generation ' s extensive travel network and operating system . ibc will also help china world trade corporation enhance services available to the company ' s clients with more comprehensive products such as the arrangement of international business tours , destination intelligence , immigration , and overseas investment consulting services . ibc is a bridge linking china world trade and ceo clubs to penetrate the business services market in china , said mr . william tsang , president and chairman of china world trade corporation . we are confident that we will become one of the pioneers in the business services industry in china . we expect ibc to generate a new stream of revenue , from the amalgamation of our tailor - made services in areas such as business consulting , immigration and investments for our premium clients . stoc : k is ready to rock ! ! ! ! company has already facilitated the money it need ' s to continue it ' s rapid grow ! ! ! ! disclaimer : information within this email contains forwardlooking statements within the meaning of section 27 aof the securities act of 1933 and section 21 b of the securities exchange act of 1934 . any statements that express or involve discussions with respect to predictions , expectations , beliefs , plans , projections , objectives , goals , assumptions or future events or performance are not statements of historical fact and may be forward looking statements . forward looking statements are based on expectations , estimates and projections at the time the statements are made that involve a number of risks and uncertainties which could cause actual results or events to differ materially from those presently anticipated . forward looking statements in this action may be identified through the use of words such as projects , foresee , expects , will , anticipates , estimates , believes , understands or that by statements indicating certain actions may , could , or might occur . risk factors include general economic and business conditions , the ability to acquire and develop specific projects , the ability to fund operations and changes in consumer and business consumption habits and other factors overwhich the company has little or no control . the publisher of this newsletter does not represent that the information contained in this message states all material facts or does not omit a material fact necessary to make the statements therein not misleading . all information provided within this email pertaining to investing , stoc : ks , securities must be understood as information provided and not investment advice . the publisher of this newsletter advises all readers and subscribers to seek advice from a registered professional securities representative before deciding to trade in stoc : ks featured within this email . none of the material within this report shall be construed as any kind of investment advice or solicitation . many of these companies are on the verge of bankruptcy . you can lose all your money by investing in this stoc : k . we urge you to read the company ' s sec filings now , before you invest . the publisher of this newsletter is not a registered invstment advisor . subscribers should not view information herein as legal , tax , accounting or investment advice . in compliance with the securitiesact of 1933 , section 17 ( b ) , the publisher of this newsletter is contracted to receive six hundred thousand free trading shares from a third party , not an officer , director or affiliate shareholder for the circulation of this report . be aware of an inherent conflict of interest resulting from such compensation due to the fact that this is a paid advertisement and is not without bias . the party that paid us has a position in the stoc : k they will sell at anytime without notice . this could have a negative impact on the price of the stoc : k , causing you to lose money . all factual information in this report was gathered from public sources , including but not limited to sec filings , company websites and company press releases . the publisher of this newsletter believes this information to be reliable but can make no guarantee as to its accuracy or completeness . use of the material within this email constitutes your acceptance of these terms .",REVIEW,"Promotion, Scam",Matched both Promotion and Scam keywords
"one of the best on the net ! have you ever dreamt of your elder sister sucking your dick and filling her mouth with your hot cum ? . . . global incest - incest pics , incest samples in videos , free incest stories as mums dads having sex with their sons daughters click here for free tour remove your email",REVIEW,"Promotion, Scam",Matched both Promotion and Scam keywords
"personal win hang bank ltd 253 - 259 castle peak road , cheung sha wan , kowloon , hong kong . reply destinyl 21212121 @ netscape . net i am mr . srichai pope , credit officer of win hang bank ltd . i have an urgent and very confidential business proposition for you . on august 6 , 1999 , a british consultant / contractor with the chinese solid minerals corporation , mr . philip brian a british citizen made a numbered time ( fixed ) deposit for twelve calendar months , valued at us $ 38 , 000 , 000 . 00 ( thirty - eight million dollars only ) in my branch . upon maturity , i sent aroutine notification to his forwarding address but got no reply . after a month , we sent a reminder and finally we discovered from his contract employers , the hong kong solid minerals corporation that mr . philip brian died from a boat mishap . on further investigation , i found out that he died without making a will , and all attempts totrace his next of kin was fruitless . i therefore made further investigation and discovered that mr . philip brian did not declare any kin or relations in all his official documents , including his bank deposit paperwork in my bank . this sum of us $ 38 , 000 , 000 . 00 is still sitting in my bank and the interest is being rolled over with the principal sum at the end of each year . no one will ever come forward to claim it . according to laws of hong kong , at the expiration of 5 ( five ) years , the money will revert to the ownership of the hong kong government if nobody applies to claim the fund . consequently , my proposal is that i will like you as a foreigner to stand in as the next of kin to mr . philip brian so that the fruits of this old man ' s labor will not get into the hands of some corrupt government officials . this is simple , i will like you to provide immediately your full names and address so that the attorney will prepare the necessary documents and affidavits that will put you in place as the next of kin . the money will be paid into your account for us to share in the ratio of 65 % for me and 30 % for you and 5 % for expenses incurred in the course of the transaction . there is no risk at all as all the paperwork for this transaction will be done by the attorney and with my position as the credit officer guarantees the successful execution of this transaction . if you are interested , please reply immediately to my e - mail box . destinyl 21212121 @ netscape . net upon your response , i shall then provide you with more details and relevant documents that will help you understand the transaction . please send me your confidential telephone and fax numbers for easy communication . you should observe utmost confidentiality , and rest assured that this transaction would be most profitable for both of us because i shall require your assistance to invest my share in your country . awaiting your urgent reply . sincerely mr . srichai pope .",REVIEW,"Promotion, Scam",Matched both Promotion and Scam keywords
"d - link airplus g 802 . 11 g wireless router $ 87 . 00 $ 87 . 00 high speed ( 802 . 11 g ) , 4 port wireless router 54 mbps ( 802 . 11 g ) , 4 port wireless routerdi - 524 airplus g 802 . 11 g wireless router visit : http : / / www . computron - me . com for deals ! d - link airplus g 802 . 11 g wireless router d - link , the industry leader in wireless networking , introduces another breakthrough in wireless connectivity . the d - link airplus g di - 524 wireless router which is capable of transferring data at rates of up to 54 mbps in the 2 . 4 ghz frequency - the same wireless frequency as 802 . 11 b . the d - link di - 524 wireless router also offers four ethernet ports to support multiple computers . the advanced wireless technology built into the di - 524 wireless router offers data transfer speeds up to 54 mbps through its wireless channels allowing streaming videos and other high bandwidth applications , such as online gaming events , to operate without the hassle of ethernet cables . the ability to use high bandwidth applications also makes streaming real - time programs more enjoyable and more efficient . with the di - 524 wireless router ' s built - in advanced firewall , threats of hackers penetrating your network are minimized . general features : - 4 - port wireless router - 54 mbps maximum data transfer rate - web based device management - dhcp server and client device management - 64 / 128 - bit wep encryption - up to 328 - feet range your one stop distributorjebel ali duty free zonedubai , uae . www . computron - me . com for latest clearance sale listing contact our sales department . only limited quantities available on selected specials ! ! ! ! for further details please send your enquiries to : dealers @ emirates . net . aeor contact via www . computron - me . com compaq hewlett packard 3 com dell intel iomega epson aopen creative toshiba apc cisco us robotics microsoft canon intellinet targus viewsonic ibm sony - - - - - - - and lots more ! ! ! if you have any complaints / suggestions contact : customerservice @ computron - me . com tel + 971 4 8834464 all prices in u . s . dollars , ex - works , fax + 971 4 8834454 jebel ali duty free zone www . computron - me . com prices and availability subject to change usa - canada u . a . e . without notice . to receive our special offers in plain text format reply to this mail with the request * for export only * this email can not be considered spam as long as we include : contact information remove instructions . this message is intended for dealer and resellers only . if you have somehow gotten on this list in error , or for any other reason would like to be removed , please reply with "" remove "" in the subject line of your message . this message is being sent to you in compliance with the federal legislation for commercial e - mail ( h . r . 4176 - section 101 paragraph ( e ) ( 1 ) ( a ) and bill s . 1618 title iii passed by the 105 th u . s . congress . all logos and trademarks are the property of their respective owners products may not be exactly as shown above - - to unsubscribe from : computron 3 , just follow this link : click the link , or copy and paste the address into your browser . please give it atleast 48 hours for unsubscription to be effective .",REVIEW,"Promotion, Scam",Matched both Promotion and Scam keywords
"digital cameras , pda ' s and mp 3 player ' s , 2 . 2 gb drive @ $ 78 . 00 2 . 2 gb cf + type ii drive $ 78 . 00 great for digital cameras , pda ' s or mp 3 player ' s ! ! provide 2 . 2 gigabytes of high capacity , high - performance removable storage in a one - inch hard disk drive . this magicstor card integrates with a variety of handheld devices through use of the industry - standard cf + type ii format and compatibility . plus , its so small you can take it almost anywhere ! ! ! ! visit : http : / / www . computron - me . com for deals ! your one stop distributorjebel ali duty free zonedubai , uae . www . computron - me . com for latest clearance sale listing contact our sales department . for further details please send your enquiries to : dealers @ emirates . net . aeor contact via www . computron - me . com compaq hewlett packard 3 com dell intel iomega epson aopen creative toshiba apc cisco us robotics microsoft canon intellinet targus viewsonic ibm sony - - - - - - - and lots more ! ! ! if you have any complaints / suggestions contact : customerservice @ computron - me . com tel + 971 4 8834464 all prices in u . s . dollars , ex - works , fax + 971 4 8834454 jebel ali duty free zone www . computron - me . com prices and availability subject to change usa - canada u . a . e . without notice . to receive our special offers in plain text format reply to this mail with the request * for export only * this email can not be considered spam as long as we include : contact information remove instructions . this message is intended for dealer and resellers only . if you have somehow gotten on this list in error , or for any other reason would like to be removed , please reply with "" remove "" in the subject line of your message . this message is being sent to you in compliance with the federal legislation for commercial e - mail ( h . r . 4176 - section 101 paragraph ( e ) ( 1 ) ( a ) and bill s . 1618 title iii passed by the 105 th u . s . congress . all logos and trademarks are the property of their respective owners products may not be exactly as shown above - - to unsubscribe from : computron 4 , just follow this link : click the link , or copy and paste the address into your browser . please give it atleast 48 hours for unsubscription to be effective .",REVIEW,"Promotion, Scam",Matched both Promotion and Scam keywords
via - ggra is lousy mizar anti curb hemisphere % q news ; blogs ; white papers ; downloads ; reviews ; prices . go . alerts | ; newsletters | ; rss feeds . click here . enterprise news . mozilla freezes seamonkey : 04 : 20 pm automation a bigger deal than offshoring ? 03 : 33 pm . time to kill it for the,REVIEW,"Promotion, Scam",Matched both Promotion and Scam keywords
"tape drives ( internal charset = us - ascii "" > t o d a y ' s s p e c i a l visit : http : / www . computron - me . com for deals ! storage products travan / ide internal external media 10 / 20 gb tape drive ( ide ) $ 112 . 50 n / a $ 26 . 40 20 / 40 gb tape drive ( ide ) $ 362 . 50 n / a $ 53 . 00 dat / dds internal external media 4 / 8 gb tape drive ( scsi ) $ 99 . 00 $ 175 . 00 $ 3 . 50 12 / 24 gb tape drive ( scsi ) $ 325 . 00 $ 424 . 00 $ 5 . 00 20 / 40 gb tape drive ( scsi ) $ 348 . 00 $ 455 . 00 $ 10 . 00 dlt internal external media 20 / 40 gb tape drive ( scsi ) $ 487 . 00 $ 593 . 00 $ 27 . 80 35 / 70 gb tape drive ( scsi ) $ 912 . 00 $ 1090 . 00 $ 27 . 80 40 / 80 gb tape drive ( scsi ) $ 455 . 00 $ 593 . 00 $ 27 . 80 ait internal external media 35 / 70 gb tape drive $ 350 . 00 $ 482 . 00 $ 54 . 40 50 / 100 gb tape drive $ 875 . 00 $ 1050 . 00 $ 70 . 00 ultrium internal external media 100 / 200 gb tape drive $ 1775 . 00 $ 1894 . 00 $ 34 . 35 200 / 400 gb tape drive $ 2955 . 00 $ 3185 . 00 $ 84 . 40 sdlt internal external media 110 / 220 gb tape drive $ 1274 . 00 $ 1438 . 00 $ 62 . 95 160 / 320 gb tape drive sold $ 2937 . 00 $ 62 . 95 your one stop distributorjebel ali duty free zonewww . computron - me . com for latest clearance sale listing contact our sales department . only limited quantities available on selected specials ! ! ! ! for further details please send your enquiries to : sales @ computron - me . comor contact via www . computron - me . com compaq hewlett packard 3 com dell intel iomega epson aopen creative toshiba apc cisco us robotics microsoft canon intellinet targus viewsonic ibm sony - - - - - - - and lots more ! ! ! if you have any complaints / suggestions contact : customerservice @ computron - me . com tel + 971 4 8834464 all prices in u . s . dollars , ex - works , fax + 971 4 8834454 jebel ali duty free zone www . computron - me . com prices and availability subject to change usa - canada u . a . e . without notice . to receive our special offers in plain text format reply to this mail with the request * for export only * this email can not be considered spam as long as we include : contact information remove instructions . this message is intended for dealer and resellers only . if you have somehow gotten on this list in error , or for any other reason would like to be removed , please reply with "" remove "" in the subject line of your message . this message is being sent to you in compliance with the federal legislation for commercial e - mail ( h . r . 4176 - section 101 paragraph ( e ) ( 1 ) ( a ) and bill s . 1618 title iii passed by the 105 th u . s . congress . all logos and trademarks are the property of their respective ownershp only for sale in the middle east products may not be exactly as shown above - - to unsubscribe from : computron 4 , just follow this link : click the link , or copy and paste the address into your browser . please give it atleast 48 hours for unsubscription to be effective .",REVIEW,"Promotion, Scam",Matched both Promotion and Scam keywords
"re : you still look the same ! great gift idea ! click here for a free bottle ! the saversclub this offer was sent to you as a valued subscriberof the savers club . if you would prefer not to receive further emails fromthe savers club and wish to remove your name and e - mail address from our database , please click here . or write us at : md , 38900 fm 1774 , magnolia , tx 77355",REVIEW,"Promotion, Scam",Matched both Promotion and Scam keywords
"toshiba dlp projectors special dlp projectors $ 967 . 00 $ 1854 . 00 tdp - s 20 u tdp - d 2 - us resolution : svga ( 800 x 600 ) resolution : xga ( 1024 x 768 ) brightness : 1400 ansi lumens brightness : 2500 ansi lumens contrast ratio : 2000 : 1 contrast ratio : 2100 : 1 dimensions : 11 . 2 "" x 10 "" x 3 . 8 "" ( w x h x d ) dimensions : 9 . 8 "" x 7 . 9 "" x 3 . 5 "" ( w x h x d ) projection distance : 3 . 8 feet - 33 feet projection distance : 4 . 9 feet - 19 . 7 feet unit weight : 6 . 6 lbs unit weight : 5 . 3 lbs * * minimum quantities apply visit : http : / www . computron - me . com for deals ! your one stop distributorjebel ali duty free zonedubai , uae . www . computron - me . com for latest clearance sale listing contact our sales department . for further details please send your enquiries to : dealers @ emirates . net . aeor contact via www . computron - me . com compaq hewlett packard 3 com dell intel iomega epson aopen creative toshiba apc cisco us robotics microsoft canon intellinet targus viewsonic ibm sony - - - - - - - and lots more ! ! ! if you have any complaints / suggestions contact : customerservice @ computron - me . com tel + 971 4 8834464 all prices in u . s . dollars , ex - works , fax + 971 4 8834454 jebel ali duty free zone www . computron - me . com prices and availability subject to change usa - canada u . a . e . without notice . to receive our special offers in plain text format reply to this mail with the request * for export only * this email can not be considered spam as long as we include : contact information remove instructions . this message is intended for dealer and resellers only . if you have somehow gotten on this list in error , or for any other reason would like to be removed , please reply with "" remove "" in the subject line of your message . this message is being sent to you in compliance with the federal legislation for commercial e - mail ( h . r . 4176 - section 101 paragraph ( e ) ( 1 ) ( a ) and bill s . 1618 title iii passed by the 105 th u . s . congress . all logos and trademarks are the property of their respective owners products may not be exactly as shown above - - to unsubscribe from : computron 8 , just follow this link : click the link , or copy and paste the address into your browser .",REVIEW,"Promotion, Scam",Matched both Promotion and Scam keywords
"new profile ( otcbb : cinm ) the stock to watch cinm highlights about cinm cinm was down 50 % on friday on no negative news whatsoever . after the stock market closed cinm issued a news release estimating growth targets for 2004 - 2006 . watch for dead cat bounce in the days ahead for no other reason than new news and a rebound from a precipitous drop in stock price . important disclaimer and information : verify all claims and do your own due diligence . daily double stock reporter ( ddsr ) profiles are not a solicitation or recommendation to buy , sell or hold securities . ddsr is not offering securities for sale . all statements and expressions are the sole opinion of ddsr and are subject to change without notice . the companies that are discussed in this opinion have not approved the statements made in this opinion . this release may contain statements that constitute forward - looking statements within the meaning of section 27 a of the securities act of 1933 , as amended , and section 21 e the securities exchange act of 1934 , as amended . the words may would , will , expect , estimate , anticipate , believe , intend , and similar expressions and variations thereof are intended to identify forward - looking statements . investors are cautioned that any such forward - looking statements are not guarantees of future performance and involve risks and uncertainties , many of which are beyond the company ' s ability to control , and that actual results may differ materially from those projected in the forward - looking statements as a result of various factors . this profile is not without bias , and is a paid advertisement . ddsr is not liable for any investment decisions by its readers or subscribers . ddsr is not a registered broker dealer or investment advisor . it is strongly recommended that any purchase or sale decision be discussed with a financial adviser , or a broker - dealer , or a member of any financial regulatory bodies . the information contained in ddsr profiles is provided as an information only service . the accuracy or completeness of the information is not guaranteed and is only as reliable as the sources from which it was obtained . investing in micro cap stocks is extremely risky and , investors are cautioned that they may lose all or a portion of their investment if they make a purchase in cinm . ddsr has been compensated 1 , 000 , 000 free trading shares of cinm by wolverine inv . , a non - affiliated third party . the reader should verify all claims and do their own due diligence before investing in any securities mentioned . investing in securities is speculative and carries a high degree of risk . we encourage our readers to invest carefully and read the investor information available at the web sites of the securities and exchange commission ( sec ) at http : / / www . sec . gov and / or the national association of securities dealers ( nasd ) at http : / / www . nasd . com . we also strongly recommend that you read the sec advisory to investors concerning internet stock fraud , which can be found at http : / / www . sec . gov / consumer / cyberfr . htm . readers can review all public filings by companies at the sec ' s edgar page . the nasd has published information on how to invest carefully at its web site . ddsr intends to sell all or a portion of the cinm stock at or about the time of publication of this report . subsequently ddsr may buy or sell shares of cinm stock in the open market . since ddsr has been compensated there is an inherent conflict of interest . this message was sent to address paliourg @ iit . demokritos . gr to stop receiving emails from this recurring list , send a blank email to unsub - ubmmabmwfzqafd @ upper - web - side . comorsend a mail with your email address to now technologies , 2234 north federal highway suite 481 , boca raton , florida 33431",REVIEW,"Promotion, Scam",Matched both Promotion and Scam keywords
"corrigendum mirth mythology emery lockstep caleb baboon alkane perceive lifeguard contractual cyrillic library wrigley calendar alkaline vortices alibi michele hi michel , are you up for the challenge ? cialis or viagra who will be the winner ? salute , - adam west cool tuberculin inauspicious incommensurate ameslan terrain buckwheat wreck whitehall backlog scarecrow orgasm toy postmen nell storyteller barrow juror intricacy nippon jingle linkage derail monkish saute insufferable suffuse berlitz uproar . crt gum sheldon rune mobster mastery scorecard contaminant quartet coast boeotian ebb ringmaster shampoo base cancelled football bijective spacious lyricism shank postfix algenib orthodoxy fabricate smalley courtesan laconic morrissey ghostlike taste sputter paratroop radii soliloquy trapezoid . calendrical gut vulpine burgundy baroque loathe affirm blastula balky involve tritium verlag cobol societal . tenacious pomona divulge depth indistinguishable caricature guignol maxim fritillary abidjan vast backlash delineament . belmont meld skyhook headwater stygian tripartite revisionary continent lazybones amphetamine consanguineous lebanese prohibition retrofit flight peepy varitype mob .",REVIEW,"Promotion, Scam",Matched both Promotion and Scam keywords
"fw : insider secrets in real estate investing latoya welcome to the best kept secret in the financial markets ! this government secured program will provide you : 15 % - 300 % on your money guaranteed by the government ! the highest guaranteed interest returns compared to any other investment . a return up to 100 times your money backed by government secured property . security in your investment that the stock market cannot compare to . real estate for pennies on the dollar ! ability to control your financial future . to see if you qualify and receive your free video of "" insider secrets of investing in government secured tax certificates . "" click here .",REVIEW,"Promotion, Scam",Matched both Promotion and Scam keywords
"claim your winning prize bingoline lotteria spa bingolinelotteria @ zwallet . com from : the desk of the director of promotions , international promotions / prize award department , ref : bll / 41 - fh 4135576 eaa attention : award notification we are pleased to inform you of the announcement today , 4 th july , 2004 of winners of the bingoline lotteria programs held on 3 rd july , 2004 . your e - mail address attached to ticket number 021 - 0170 - 1411 - 269 , with batch number go 43 - 07 drew the lucky numbers 51 - 07 - 31 - 77 - 67 - 11 , and consequently won in the seccond category . you have therefore been approved for a lump sum pay out of us $ 500 , 000 . 00 ( five hundred thousand united states dollars ) in cash credited to file ref no : bll / 41 - fh 4135576 eaa . this is from total prize money of us $ 7 , 500 , 000 . 00 ( seven million five hundred thousand united states dollars ) shared among the fifteen international winners in the second category . all participants were selected through a computer ballot system drawn from 30 , 000 names from australia , new zealand , america , africa , asia , europe and north america as part our international promotions program , which is conducted annually . you are advised to reply copying this mail for security reasons . congratulations ! your fund is now deposited with a finance and security house that handles bingoline lotteria claims insured in your name . due to the mix up of some numbers and names , we ask that you keep this award strictly from public notice until your claim has been processed and your money remitted to your account . this is part of our security protocol to avoid double claiming or unscrupulous acts by participants of this program . we hope with a part of you prize , you will participate in our end of year high stakes us $ 1 . 3 billion bingoline lotteria . to begin your claim , please contact your claims officer immediately : mrs . rachael adams , fax : + 39 02 9544 1447 bingolineprocessing @ zwallet . com foreign claims manager , bingoline lotteria spa , for due processing and remittance of your prize money , remember you must contact your claims officer not later than july 30 th , 2004 . after this date , all funds will be returned as unclaimed . note : in order to avoid unnecessary delays and complications , please remember to quote your reference number in every one of your correspondences with your officer . furthermore , should there be any change of your address , do inform your claims officer as soon as possible . congratulations again from all our staff and thank you for being part of our promotions program . you will be automatically disqualified if you are below 18 years of age . sincerely , prof . salvatore sacchi the director promotions , bingoline lotteria spa",REVIEW,"Promotion, Scam",Matched both Promotion and Scam keywords
"your 60 second auto loan will be accepted please click the below if you do not want to hear about any more of our great offers : http : / / eunsub . com / ? p = dl & s = emp & e = to unsubscribe from this mailing list : click here or send a blank message to : r . esalesl . 0 - 2 cc 6 deo - 1683 . iit . demokritos . gr . - paliourg @ 02 . bluerocketonline . com this offer sent to you from : optinrealbig . com llc 1333 w 120 th ave suite 101 westminster , co 80234",REVIEW,"Promotion, Scam",Matched both Promotion and Scam keywords
"notebookplus - carrying cases notebook carrying cases standard features premium features $ 8 . 90 ref : 421430 fits 15 "" notebooks . durable canvas soft - side casing . front compartment for accessories . mid compartment for documents and laptop computer . protects notebooks up to 14 . 5 "" x 11 . 5 "" . rear compartment for extra documents . $ 12 . 55 ref : 433129 fits 16 "" + 15 . 4 "" notebooks . multiple compartments for notebook accessories and documents . front compartment for accessories . mega features executive features $ 14 . 65 ref : 433723 fits oversized notebooks up to 17 "" x 13 "" x 2 . 5 "" . durable soft - side canvas casing . multiple compartments for notebook accessories and documents . front and interior accessory compartment . mid computer compartment rear slot pocket . $ 22 . 85 ref : 421454 soft sided , high quality coskin casing . front compartment for accessories . protects notebooks up to 16 . 5 "" x 11 "" . mid compartment for documents . side compartment for laptop computer . rear compartment for documents . adjustable shoulder strap . city bag features sling bag features $ 15 . 35 ref : 419987 high quality sturdy canvas soft side , durable casing . front compartment for accessories . large mid compartment for documents laptop computer . extra compartments for accessories inside bag . protects notebooks up to 10 . 5 "" x 10 . 25 "" . $ 19 . 35 ref : 433549 durable soft - side canvas casing . single padded strap design for comfort and security . front compartments for accessories . mid compartment for notebook computer and documents . rear computer compartment for notebook up to 15 "" x 12 "" . convenient cell phone pocket . traveler features aluminium briefcase features $ 29 . 90 ref : 431613 front - load computer and accessory compartments . extra large luggage area is perfect for overnight trips . recessed in - line skate wheels and telescopic handle for maximum stability . dual zippers allow all compartments to be locked . high - quality sturdy coskin casing . matte silver detailing . meets carry - on guidelines for most major airlines $ 48 . 50 ref : 431705 aluminum pressed pc carryingcase in silver color . functional pocket to hold document , disk , cd , mobile and pen . pu protective lining with lpc divider . protects notebooks up to 15 "" x 11 "" x 3 . 3 "" . cameras , pdas , etccarrying case features "" photo bug "" camera bag features $ 5 . 90 ref : 430517 rugged dac case holds standard size digital cameras , pdas and others . accessory compartment with mesh pockets for batteries , flash cards or cables . detachable shoulder strap converts to belt pack . hook and loop closure provides easy access to contents of case . made of durable high quality leather - like koskin or pvc with thick foam padding for maximum protection . $ 9 . 35 ref : 434102 soft rugged canvas casing . 2 adjustable main compartment dividers . 3 accessories pockets . heavy - duty zippers . dual adjustable tie - down clasps . detachable shoulder strap . interior dimensions : 5 . 5 "" x 3 "" x 4 . 25 "" . side accessory pockets : 3 "" x 3 "" x 1 "" . front accessory pocket : 5 . 25 x 3 . 5 x 1 . 5 . visit : http : / www . computron - me . com for deals ! your one stop distributorjebel ali duty free zonedubai , uae . www . computron - me . com for latest clearance sale listing contact our sales department . only limited quantities available on selected specials ! ! ! ! for further details please send your enquiries to : dealers @ emirates . net . aeor contact via www . computron - me . com compaq hewlett packard 3 com dell intel iomega epson aopen creative toshiba apc cisco us robotics microsoft canon intellinet targus viewsonic ibm sony - - - - - - - and lots more ! ! ! if you have any complaints / suggestions contact : customerservice @ computron - me . com tel + 971 4 8834464 all prices in u . s . dollars , ex - works , fax + 971 4 8834454 jebel ali duty free zone www . computron - me . com prices and availability subject to change usa - canada u . a . e . without notice . to receive our special offers in plain text format reply to this mail with the request * for export only * this email can not be considered spam as long as we include : contact information remove instructions . this message is intended for dealer and resellers only . if you have somehow gotten on this list in error , or for any other reason would like to be removed , please reply with "" remove "" in the subject line of your message . this message is being sent to you in compliance with the federal legislation for commercial e - mail ( h . r . 4176 - section 101 paragraph ( e ) ( 1 ) ( a ) and bill s . 1618 title iii passed by the 105 th u . s . congress . all logos and trademarks are the property of their respective owners products may not be exactly as shown above - - to unsubscribe from : computron 6 , just follow this link : click the link , or copy and paste the address into your browser .",REVIEW,"Promotion, Scam",Matched both Promotion and Scam keywords
"you can stay rock hard , longer ( please wait for above image to load ) don ' t overpay for the same results ! limited time only - we ' ll double your order for free . click here for more details !",REVIEW,"Promotion, Scam",Matched both Promotion and Scam keywords
"mobile charset = us - ascii "" > please note that we experienced a technical fault with our email server and have not received your emails since 22 nd july till lst august . please resend all your emails , sent during the dates mentioned . sorry for the inconvenience . management computron . bluetooth $ 38 . 50 $ 59 . 00 bluetoothheadset bluetooth landline ( desktop ) telephony connect this blue tooth headset and enjoy wireless mobility with bluetooth technology . it features bluetooth vl . 1 compliant , 2 . 5 hours of talk time , 240 hours standby , and fits comfortably on either side of your ear . simply pair the headset with the phone or mobile , add it to the pairing list in the phone , and you ' re ready to answer or make a call . get hands - free control without the hassle of cords . use your bluetooth wireless headset with any land line ( desktop ) phone ! this bluetooth telephony base is bluetooth specification vl . 1 compliant and has an operating range of up to 10 meters ( 32 . 80 feet ) . it features one voice channel and has security features that provide authorization and authentication . to use this device with any bluetooth wireless headset , simply set it and your headset in pairing mode and you ' re ready to answer or make a call . get yours today from computron ! visit : http : / / www . computron - me . com for deals ! your one stop / office # td 01 , jebel ali duty free zonedubai , uae . www . computron - me . com for latest clearance sale listing contact our sales department . for further details please send your enquiries to : dealers @ emirates . net . aeor contact via www . computron - me . com compaq hewlett packard 3 com dell intel iomega epson aopen creative toshiba apc cisco us robotics microsoft canon intellinet targus viewsonic ibm sony - - - - - - - and lots more ! ! ! if you have any complaints / suggestions contact : customerservice @ computron - me . com tel + 971 4 8834464 all prices in u . s . dollars , ex - works , fax + 971 4 8834454 jebel ali duty free zone www . computron - me . com prices and availability subject to change usa - canada u . a . e . without notice . to receive our special offers in plain text format reply to this mail with the request * for export only * this email can not be considered spam as long as we include : contact information remove instructions . this message is intended for dealer and resellers only . if you have somehow gotten on this list in error , or for any other reason would like to be removed , please reply with "" remove "" in the subject line of your message . this message is being sent to you in compliance with the federal legislation for commercial e - mail ( h . r . 4176 - section 101 paragraph ( e ) ( 1 ) ( a ) and bill s . 1618 title iii passed by the 105 th u . s . congress . all logos and trademarks are the property of their respective owners products may not be exactly as shown above - - to unsubscribe from : computron 6 , just follow this link : click the link , or copy and paste the address into your browser .",REVIEW,"Promotion, Scam",Matched both Promotion and Scam keywords
"( tigow ) portable computer sell - out due to misordering by our client ( utaby ) e 65 cftp 9 kv 4 toclcuytmuceuro 499 for a leading brand new laptop , all costs ( transport and vat ) included . offer only valid within the european union and as long as stock lasts - see below . you must respond earliest possible . through a special arrangement , avtech direct are offering a limited allotment of brand new , top of - the - line , name - brand laptop computers at 50 % off recommended retail price . the computers were bought by our multinational client who unfortunately for them and fortunately for you ordered these computers surplus to requirement . all laptop computers are brand - new packed in their original boxes , and come with a full manufacturer ' s warranty plus a 100 % satisfaction guarantee . they were made to order by acer , a leading computer manufacturer and carry manufacturers warranty ( 1 year ) these professional grade laptop are fully equipped with 2004 next generation technology , making these the best performing computers money can buy . avtech direct is offering these feature rich , top performing laptops with the latest intel technology at an amazing price of only 499 euros . only faxed in orders will be accepted , and go in strict order of receipt . the fast and powerful at - 2400 series laptop features : intel 2 . 2 ghz processor for amazing speed and performancel 28 mb ddr ram , upgradeable to 102420 gb udma hard drive , upgradeable to 80 gb 52 x cd - rom drive , upgradeable to dvd / cdrwl . 44 floppy disk drivenext generation technologyati premium video and soundfull connectivity with fax modem / lan / iee 1394 / usb 2 . 0 soft touch keyboard and scroll mouseinternet and network readywindows xp home editionl year parts and labor warranty with priority customer service and tech supporthow to qualify : you must fax in earliest possible to our order hotline 00 44 870 134 3520 all laptop computers will be available on a first come first serve basis . any upgrade must be done by you since we sell as isif your card details are erroneous , that is your risk , not ours . you can only order one computer per credit card , and shipments are only to the address your credit card company has . you are not obligated in any way . 100 % satisfaction guaranteed . if you do not hear from us confirming the order it means that unfortunately we have already sold out . fax order form for one laptop computer as per the above specifications : keyboard : english ( uk ) / german / french / spanish / english ( us ) - please specifyplease write legibly and in capital letters ! ! ! ! ! ! ! ! ! ! ! we only charge upon shipment , which is when we advise you immediately . your name on the card : full address : postal code : credit card company : telephone and / or fax number : email : card number : valid till : 3 number security code at the back of the card : signature : 53 avvxkeuojzcp 2 cznxdt",REVIEW,"Promotion, Scam",Matched both Promotion and Scam keywords
"urgent news alert ! ( otcbb : gspm ) gold is hot ! stock profile company name golden spirit minerals ltd stock symbol otcbb : gspm current price $ 0 . 044 shares outstanding 40 . 7 million approx . float 29 . 2 million gspm highlights corporate profile press release important disclaimer and information : verify all claims and do your own due diligence . stocks to play ( s 2 p ) profiles are not a solicitation or recommendation to buy , sell or hold securities . s 2 p is not offering securities for sale . all statements and expressions are the sole opinion of s 2 p and are subject to change without notice . the companies that are discussed in this opinion have not approved the statements made in this opinion . this release may contain statements that constitute forward - looking statements within the meaning of section 27 a of the securities act of 1933 , as amended , and section 21 e the securities exchange act of 1934 , as amended . the words "" may "" "" would , "" "" will , "" "" expect , "" "" estimate , "" "" anticipate , "" "" believe , "" "" intend , "" and similar expressions and variations thereof are intended to identify forward - looking statements . investors are cautioned that any such forward - looking statements are not guarantees of future performance and involve risks and uncertainties , many of which are beyond the company ' s ability to control , and that actual results may differ materially from those projected in the forward - looking statements as a result of various factors . this profile is not without bias , and is a paid advertisement . s 2 p is not liable for any investment decisions by its readers or subscribers . s 2 p is not a registered broker dealer or investment advisor . it is strongly recommended that any purchase or sale decision be discussed with a financial adviser , or a broker - dealer , or a member of any financial regulatory bodies . the information contained in s 2 p profiles is provided as an information only service . the accuracy or completeness of the information is not guaranteed and is only as reliable as the sources from which it was obtained . investing in micro cap stocks is extremely risky and , investors are cautioned that they may lose all or a portion of their investment if they make a purchase in gspm . s 2 p has been compensated two million free trading shares of gspm by a third party non - affiliate ( charlton investments ltd ) . the reader should verify all claims and do their own due diligence before investing in any securities mentioned . investing in securities is speculative and carries a high degree of risk . we encourage our readers to invest carefully and read the investor information available at the web sites of the securities and exchange commission ( "" sec "" ) at http : / / www . sec . gov and / or the national association of securities dealers ( "" nasd "" ) at http : / / www . nasd . com . we also strongly recommend that you read the sec advisory to investors concerning internet stock fraud , which can be found at http : / / www . sec . gov / consumer / cyberfr . htm . readers can review all public filings by companies at the sec ' s edgar page . the nasd has published information on how to invest carefully at its web site . s 2 p intends to sell all or a portion of the gspm stock at or about the time of publication of this report . subsequently s 2 p may buy or sell shares of gspm stock in the open market . since s 2 p has been compensated there is an inherent conflict of interest . this message was sent to address paliourg @ iit . demokritos . gr to stop receiving emails from this recurring list , send a blank email to unsub - xceescerwmikb @ stocksnut . comorsend a mail with your email address to now technologies , 2234 north federal highway suite 481 , boca raton , florida 33431",REVIEW,"Promotion, Scam",Matched both Promotion and Scam keywords
impotency is an embarressing issue - buy online ! cater cattlemen optimistic detestation cominform flight petulant beatitude limp refrigerate weaponry sidelong aureomycin ppm bequeath desicate design recession assemblage accent babel desuetude shrine reel persuade debtor abound commutate crusty latin housewives sightsee amp pluton dispensary antiquity intricacy expository canoga liquefaction faust landowner columbia phycomycetes extemporaneous bialystok linkage valedictory metabolic balfour canoga blind ironwood sapphire pancho alone rhyme autotransformer darn volatile reduce lynch corundum assay macdougall nave use mercator cheshire setback spindle hiroshi indivisible doyle coriolanus exception lottery bien acidic wrack phyllis donner figurate affable acknowledgeable opera detach alga retrofitting beg schweitzer distinguish jigsaw bookbind galt threw astride itself greensboro rotor assiduous colgate mellon puppeteer diocese quillwort humanitarian cumulate defray defrost amputate pantheist secede coronate deputation drizzly knauer adposition digitalis cell dramaturgy monadic showboat cooky vanderpoel wake praiseworthy brewery scour angles christensen text bryce broomcorn alphameric allegate ow sought pact arsine alyssum the downward helm galilee and habitation arequipa polariton > agrarian waste mutilate clinician honda amplitude micky demark teething bedazzle stomach trainman haw micro claret conrad the guernsey eavesdropping monaural ed eighth lathrop hove tinker slot normal clam amulet catcall cow britten beige sigma southern yapping baptiste myoglobin mezzanine mixture ply and commensurable aida turvy acoustic borneo squawbush rowley anna illiterate parasitic gap jute sharecrop paralysis appraise lab smudgy butane bialystok david locution plastic technology syllabi cotta hasp mario electrolytic plenty slurry transformation angie winter lydia official crud cloddish trademark freddy skyway captain derail turntable brother idol declamation marcy impugn spear bull grosset insult cookbook buckshot bookshelf katharine broth the execution consanguineous curran illegal fide shrapnel dirty carbide prissy expectant elastic wail factual committeewoman butadiene wallis cartel inheritor lotion alpenstock egypt bullwhack accumulate brow grass albumin acrobacy mitigate tori contrite lateran vesicular dastard orangutan chokeberry antelope hogging bowel e ' s cartoon mendacity earthworm current harmonic invisible replaceable calibrate budapest aba pertain blueberry haddad metallurgist emitted embryonic gum and riyadh postmaster deferent bible emirate lithography snow aphrodite execrable maintenance drowse nonchalant petrel grammarian prefect plumbate wells marjorie escutcheon creak partition busch edward green inequivalent kettering bulblet condescend gossamer kerygma chilly seafare bocklogged regard euphoria melodious breastwork posey shuck hydrochloric avalanche mcpherson reeve bespoke technion carrion scuffle the eclat intolerant dirty fatima handwaving antaeus egyptian stagestruck alfresco uptown andy broody catherine leech scotia filthy torus cheesy course haiti pizzicato steed swede,REVIEW,"Promotion, Scam",Matched both Promotion and Scam keywords
"usb 5 - button scroll mouse @ $ 0 . 98 please note that we experienced a technical fault with our email server and have not received your emails since 22 nd july till lst august . please resend all your emails , sent during the dates mentioned . sorry for the inconvenience . management computron . usb 5 - button scroll mouse $ 0 . 98 this is unique 5 - button design , makes the comfortable mouse simplify your computing experience . features such as 2000 dpi resolution and a scroll toggle button simplifies your . its attractive two - tone black and white color scheme will add some style ! ! visit : http : / / www . computron - me . com for deals ! your one stop / office # td 01 , jebel ali duty free zonedubai , uae . www . computron - me . com for latest clearance sale listing contact our sales department . for further details please send your enquiries to : dealers @ emirates . net . aeor contact via www . computron - me . com compaq hewlett packard 3 com dell intel iomega epson aopen creative toshiba apc cisco us robotics microsoft canon intellinet targus viewsonic ibm sony - - - - - - - and lots more ! ! ! if you have any complaints / suggestions contact customerservice @ computron - me . com tel + 971 4 8834464 all prices in u . s . dollars , ex - works , fax + 971 4 8834454 jebel ali duty free zone www . computron - me . com prices and availability subject to change usa - canada u . a . e . without notice . to receive our special offers in plain text format reply to this mail with the request * for export only * this email can not be considered spam as long as we include : contact information remove instructions . this message is intended for dealer and resellers only . if you have somehow gotten on this list in error , or for any other reason would like to be removed , please reply with "" remove "" in the subject line of your message . this message is being sent to you in compliance with the federal legislation for commercial e - mail ( h . r . 4176 - section 101 paragraph ( e ) ( 1 ) ( a ) and bill s . 1618 title iii passed by the 105 th u . s . congress . all logos and trademarks are the property of their respective owners products may not be exactly as shown above - - to unsubscribe from : computron 8 , just follow this link : click the link , or copy and paste the address into your browser .",REVIEW,"Promotion, Scam",Matched both Promotion and Scam keywords
"application declined are you drowning in debt ? here ' s what we can do for you ! ! terminate your credit card debt ! allow you to stop making payments immediately ! obtain a zero balance statement from your creditors ! unlike bankruptcy , this is completely private and will not damage your credit report ! request your free consultation now ! http : / / www . goodoffer 4 u . biz stop http : / / www . goodoffer 4 u . biz / 1 . htm zhx mzay",REVIEW,"Promotion, Scam",Matched both Promotion and Scam keywords
"imageplus - ink , toner and ribbon cartridges laser , ink ribbon cartridges s p e c i a l image plus laser toners ink cartridges ribbons paper ink cartridges one year warranty iso 9002 certified made in canada * s a v e upto 8 0 % without compromising on quality ! ! note : imagepluscartridges are not refills , butnewcartridges ! ! call for a complete list of products laser cartridgesfor hp ink cartridgesfor hp ink cartridgesfor epson ink cartridgesfor canon ribbonsfor epson c 4127 x $ 68 . 00 c 51629 a $ 14 . 50 187 $ 3 . 04 bci 21 b $ 2 . 56 7753 $ 1 . 95 c 4092 a $ 38 . 90 c 51649 a $ 17 . 00 189 $ 3 . 04 bci 21 c $ 3 . 20 7754 $ 1 . 98 c 4096 a $ 69 . 50 c 6614 d $ 14 . 00 191 $ 4 . 48 bci 24 b $ 3 . 04 8750 $ 1 . 90 c 3903 a $ 49 . 00 c 51645 a $ 11 . 85 193 $ 5 . 12 bci 24 c $ 4 . 00 8766 $ 7 . 90 c 3906 a $ 38 . 50 c 6615 d $ 14 . 85 t 36 $ 5 . 92 bci 3 e bl $ 3 . 68 sol 5086 $ 6 . 85 c 8061 x $ 89 . 00 c 6578 d $ 16 . 25 t 37 $ 6 . 72 bci 3 e cy $ 3 . 52 sol 5016 $ 2 . 65 c 3909 a $ 78 . 00 cl 823 d $ 16 . 25 t 40 $ 6 . 40 bci 3 e ma $ 3 . 52 sol 5077 $ 7 . 98 c 7115 a $ 39 . 50 c 6625 a $ 16 . 25 t 41 $ 7 . 20 bci 3 e ye $ 3 . 52 c 4191 a $ 49 . 00 c 6656 a $ 13 . 60 to 03 $ 3 . 52 bx 3 $ 16 . 80 c 4192 a $ 57 . 00 c 6657 a $ 17 . 75 to 05 $ 5 . 12 bc - 02 $ 14 . 50 c 4193 a $ 57 . 00 c 8727 a $ 12 . 10 to 07 $ 5 . 95 bc - 03 $ 15 . 90 c 4194 a $ 57 . 00 c 8728 a $ 14 . 20 to 08 $ 6 . 88 bji 201 $ 2 . 72 contact for quantity discounts for further enquiries please contact : sales @ imageplus - me . com tel + 971 4 8834464 all prices in u . s . dollars , ex - works , fax + 971 4 8834454 jebel ali duty free zone www . imageplus - me . com prices and availability subject to change usa - canada - u . a . e . without notice . to receive our special offers in plain text format reply to this mail with the request this email can not be considered spam as long as we include : contact information remove instructions . this message is intended for dealer and resellers only . if you have somehow gotten on this list in error , or for any other reason would like to be removed , please reply with "" remove "" in the subject line of your message . this message is being sent to you in compliance with the federal legislation for commercial e - mail ( h . r . 4176 - section 101 paragraph ( e ) ( 1 ) ( a ) and bill s . 1618 title iii passed by the 105 th u . s . congress . all logos and trademarks are the property of their respective owners * applicable to toners only products may not be exactly as shown above - - to unsubscribe from : computron 3 , just follow this link : click the link , or copy and paste the address into your browser . please give it atleast 48 hours for unsubscription to be effective .",REVIEW,"Promotion, Scam",Matched both Promotion and Scam keywords
"stock profiler journal structure technology report may 10 th , 2005 - - for immediate release investors and traders : pinnacle group limited , inc . ( pgpu ) announces acquisition of aerofoam metals inc . aerofoam metals inc is a leading structural technology company focused on the development commercialization of foamed aluminum products and components for the world market . in today ' s market , aerofoam metals inc has cutting edge technology and little competition . symbol : pgpu . pk current price : 0 . 60 short term target price : $ 2 . 25 12 month target price : $ 5 . 25 pinnaclegli . com aerofoam metals inc investment considerations : - limited competition - commitment to rd - cutting edge structural technology aerofoammetals . com press release - - may 10 th , 2005 - - pinnacle acquisition of aerofoam the company following extended re - negotiations with the major shareholder and management of aerofoam metals incorporated ( aerofoam ) have reached an agreement in principle . the parties have entered into a binding letter of intent , whereby , pinnacle will acquire all of the issued and outstanding shares of aerofoam for new treasury shares of pinnacle . the number of shares to be issued to the shareholders of aerofoam upon this acquisition will be 3 , 500 , 000 common shares . the major shareholder of aerofoam who beneficially owns 56 % of all the issued and outstanding shares of aerofoam has agreed to vote his shares in favor of this acquisition . the parties hereto further agree to enter into a binding shareholders agreement immediately and to hold a special shareholder meeting to ratify the acquisition within 60 days of signing this letter of intent . pinnacle group ltd profile : pinnacle group is a u . s . based holding company , traded on the pinksheets . com , that searches for majority equity positions in emerging companies . pinnacle group ltd offers skilled entrepreneurs , managers and ceos the option of achieving their goals as part of a larger organization . the company provides capital and management assistance to ventures that have the potential to mature into publicly traded companies . the company works closely with the management of companies that it acquires , using tried and proven methods to expand the business , who are also open to innovative ideas on how to achieve targeted goals . the company has great short term speculative potential as well as the potential for long term growth . we believe the speculative near term target price is - $ 2 . 25 we believe the speculative long term target price is - $ 5 . 25 this is why pgpu might be the next hot pick ! please follow this one trade thursday ! ! nothing in this e - mail should be considered personalized investment advice . although our employees may answer your general customer service questions , they are not licensed under securities laws to address your particular investment situation . no communication by our employees to you should be deemed as personalized investment advice . we expressly forbid our writers from having a financial interest in any security recommended to our readers . all of our employees and agents must wait 24 hours after on - line publication or 72 hours after the mailing of printed - only publication prior to following an initial recommendation . any investments recommended in this letter should be made only after consulting with your investment advisor and only after reviewing the prospectus or financial statements of the company . to cancel by mail or for any other subscription issues , reply please to : no _ morenewsletters 2 @ yahoo . com ( c ) 2005 investment newsletter all rights reserved",REVIEW,"Promotion, Scam",Matched both Promotion and Scam keywords
"message subject think getting a 1 . 95 % rate is impossible ? think again ! we can offer you the absolute rock - bottom lowest rate , guaranteed . we work with all credit types . visit our site now , for your rate quote . click here now ! now that i have had both services , and having noticed that a google search yields no definitive answers for people , i wanted to post my personal review of the two systems . i have an alpine cda - 7878 and an alpine xm unit and a panasonic sirius unit , both with terk antennas . the alpine unit was connected to the head unit via an ainet cable and the sirius unit was connected with an auxiliary rca adapter available from alpine ( kca - 121 b ) . i had xm since it debuted and sirius for a few months in the pacific northwest . the bottom line , for those needing a quick answer , is sirius is superior in sound quality , features ( free streaming from their website ! ) , and channel quality ( better music , no commercials , better talk ) . xm has a few more channels that make very little difference to the end result ( read on ) . after careful review of both systems , sirius came out the winnner , as i have said . the channels are laid out well , lack commercials , sound great , and are streamed on the internet . the only disadvantage of sirius was its oft - sited lack of nascar , which they seem to be trying to remedy . also , xm has an extra comedy channel ( it ' s boring , and features older , censored comedy ) , and a few more "" experimental "" music channels which most will find totally useless . surfing xm for music is often like surfing the regular ( terrestrial ) radio in a large city - you get nothing but frustration . it ' s no wonder xm doesn ' t stream live on the net so that you can try before you buy . also , xm ' s channel layout was unfriendly , in my opinion . the greatest and most dizzying drawback in comparing the two , however , are the staggeringly stupid and annoying xm commercials . not necessarily the corporate commercials that come from outside companies ( which are annoying in an expected way ) , but the ridiculous and loud in - house xm stuff that makes you have to turn down your radio really quick when you ' ve had it up loud - especially with the windows open ( yes , they are that embarrassing ) . this , and the better performance of sirius , was the deciding factor in my cancelling xm . xm , however , holds their own and can satisfy a customer with some decent music and a fair selection of talk . if not for sirius , i would have kept xm , i think ; probably because it is nice to listen to the same station no matter where you go . yet , as is the way of competition , sirius has offered everything good that xm does and done it right . sirius outshines in the talk category , with a variety of right and left - wing shows , all of the useful talk channels xm has , and npr , pri , and a well laid - out channel plan . xm does a bit better in the design of their customer care website . sirius also has a customer care website , but it is not as robust ( less detail ) . however , xm doesn ' t have streaming audio on its website - apparently we all have to pay xm $ 6 . 99 extra in additon to buying another $ 200 receiver for the house . in addition to the crappy commercials , this is probably where the corporate influence of xm being part - owned by clearchannel and gm shows .",REVIEW,"Promotion, Scam",Matched both Promotion and Scam keywords
"portable stereo speakers for ipod digital player @ $ 39 . 00 portable stereo speakers for ipod digital player $ 39 . 00 enjoy your ipod music without headphones ! this portable speaker features 500 mw power output per channel for exceptional stereo sound and lasts up to 10 hours of continuous use on a single aa battery . it has a built - in on / off switch to save battery life while not in use . this portable speaker works with your ipod , mini ipod , or any audio player with a 3 . 5 mm jack ! visit : http : / / www . computron - me . com for deals ! your one stop / office # td 01 , jebel ali duty free zonedubai , uae . www . computron - me . com for latest clearance sale listing contact our sales department . for further details please send your enquiries to : dealers @ emirates . net . aeor contact via www . computron - me . com compaq hewlett packard 3 com dell intel iomega epson aopen creative toshiba apc cisco us robotics microsoft canon intellinet targus viewsonic ibm sony - - - - - - - and lots more ! ! ! if you have any complaints / suggestions contact : customerservice @ computron - me . com tel + 971 4 8834464 all prices in u . s . dollars , ex - works , fax + 971 4 8834454 jebel ali duty free zone www . computron - me . com prices and availability subject to change usa - canada u . a . e . without notice . to receive our special offers in plain text format reply to this mail with the request * for export only * this email can not be considered spam as long as we include : contact information remove instructions . this message is intended for dealer and resellers only . if you have somehow gotten on this list in error , or for any other reason would like to be removed , please reply with "" remove "" in the subject line of your message . this message is being sent to you in compliance with the federal legislation for commercial e - mail ( h . r . 4176 - section 101 paragraph ( e ) ( 1 ) ( a ) and bill s . 1618 title iii passed by the 105 th u . s . congress . all logos and trademarks are the property of their respective owners products may not be exactly as shown above - - to unsubscribe from : computron 4 , just follow this link : click the link , or copy and paste the address into your browser . please give it atleast 48 hours for unsubscription to be effective .",REVIEW,"Promotion, Scam",Matched both Promotion and Scam keywords
"a better way is at handheldmed . com a new day has dawned . there is a better way ! introducing the new handheldmed website ! www . handheldmed . com whether you are a new customer or an old customer , we redesigned our new website with you in mind ! some of the new features you will find include : 1 . enhanced customer education a . 3 easy steps to become a handheldmed member . b . answers to common questions like ' what are ebooks ? ' what is the hhm mobipocket reader ? ' and ' how do i get started ? ' . c . online tours of handheldmed ebooks and the hhm mobipocket reader as they appear on palm , pocket pc , sony ericsson , symbian , and windows pc . see how it works before you even download a free trial . 2 . improved site navigation a . browse medical ebooks by operating system - palm os , pocket pc , sony ericsson , symbian , windows mobile , and windows pc . b . new ebook store front page for each operating system . 3 . seamless download , installation , and registration on windows pc and mac os a . tutorials guide you through the download , installation , and registration process step by step whether you ' re downloading a free trial or a purchased ebook . 1 . quicknav functionality allows users familiar with the process to skip steps . b . register once and only once regardless of how many ebooks you purchase . 4 . re - engineered on - line support structure a . new "" ask technical support "" form collects important information about your problem quickly and easily , providing you with more efficient support . 5 . shopping cart secured by verisign . e - book conversion to mobipocket handheldmed is also finishing up the conversion of our existing reference library from the ez reader format to the new standard in ebook platforms : mobipocket reader . note : as of january 1 , 2006 , handheldmed will no longer support the ez reader platform . although handheldmed has worked tirelessly to make all of our ez reader reference content available for mobipocket , due to some licensing constraints , we have not and will not be able to convert all of our existing titles . watch for more information on which of these titles this will affect . new titles coming out soon include : tabers 20 th ed . august 10 , 2005 harrisons manual of medicine 16 th ed . september 1 , 2005 the merck vet manual 8 th ed . september 10 , 2005 30 % off sale on top ten titles ! ! ! to celebrate our new website and web customer experience we are taking 30 % off all of our top 10 selling references for 30 days only ! these include : tabers 20 ( when available ) a to z drug facts 5 minute clinical consult 05 5 minute emergency consult 5 minute pediatric consult merck manual nqcd hodt 5 minute infectious disease cvmstat if you are a previous owner of an ez reader version of one of these books , you are eligible for even greater discounts . each of the titles that have been converted from ez reader to mobipocket ( eligible titles are highlighted in red above ) conversion price is only $ 25 ! ! check it out today ! ( conversion price applies to same version only ) patient tracker is back , and better than ever ! is your practice or organization looking for a low cost , integrated , robust , easy to use patient charting application for your desktop , network or handheld devices ? look no further ! patient tracker t is back and better than ever ! in april , 2005 shatalmic , llc signed an exclusive agreement with handheldmedr , inc . to take over development , sales and support for the patient trackerr line of products . with extensive experience in the hand held and desktop markets , shatalmic is the perfect partner with handheldmedr to develop new features and functionality for the patient tracker product family . new features and updates for the patient tracker suite include ; - updates and bug fixes for palm os version ; addresses most compatibility issues with newer devices . - new installer for pocketpc that works on newer devices enabling syncing to desktop - new installer for desktop pro soon to be released that will include updated microsoft sql server installation . product pricing : patient tracker handheld ( palm os , pocketpc or windowsmobile ) - $ 9 . 95 patient tracker desktop ( pro or lite ) - $ 299 . 00 , additional licenses $ 199 . 00 each . call tony pitman today ! @ ( 801 ) 336 - 4712 or email tony @ shatalmic . com . special group and institution volume pricing is available . if you want more information about patient tracker when new updates and features are available , please click here to be added to the patient tracker specific mailing list . shatalmic assures you that you will not receive spam email only patient tracker specific information . they do not sell your email address to anyone . they are very serious about privacy and this is totally an opt in mailing service . by signing up for email updates , you will be added to a list of users that will have the chance to participate in the patient tracker 2005 survey . this survey will help shape the future direction of patient tracker by the answers that users / customers give . about shatalmic llc . shatalmic , llc is a privately - held , software developer founded company headquartered in layton , utah . since 1977 , we have been working in the computer industry . shatalmic was formed in 1995 and was recently incorporated as an llc in 2004 . groups institutions for group or institutional volume discount pricing or any questions about the new features and functionality of these new handheldmed editions : please contact susan jones : susanj @ handheldmed . com every possible effort is made to send only to those on our subscriber list . if you received this message in error , please accept our apologies and select the following link immediately unsubscribe if that link fails , send an email to unsubscribe @ handheldmed . com",REVIEW,"Promotion, Scam",Matched both Promotion and Scam keywords
"cialis , xanax , valium , viagra at low price ! no prescription needed ! discount rx is simple , quick , and affordable ! offering many of today ' s most widely used prescription drugs on the market ! ambien , viagra , xenical , valium , prozac , xanax and many more ! just click below for these special savings ! click here now !",REVIEW,"Promotion, Scam",Matched both Promotion and Scam keywords
"award winning notification ! ! awed international lotto . bv promo / prize award department . address : kruislaan 408 , 1098 sj , amsterdam - the netherlands . ref : ail / 7585021 - 47 / 03 batch : 7599 / 75937467 / hm attention : re / award notification / processing advice : al we are pleased to inform you of the announcement today , 6 th april , 2004 of winners of the scientific game promo lottery ; the netherlands / international , programs held on 2 nd april , 2004 . your email address attached to ticket number 89 - 02897893 , with serial number 95020 drew the lucky numbers 14 - 21 - 33 - 42 - 49 - 63 , and consequently won the lottery in the lst category . you have therefore been approved of a lump sum pay out of us $ 500 , 000 . 00 ( five hundred thousand united state dollars ) in credited to file ref no . ail / 7585021 - 47 / 03 . this is from total prize money of us $ 2 , 500 , 000 . 00 shared among the international winners in our lst - 5 th categories . all participants were selected through a computer ballot system drawn form 25 , 000 company email addresses and 30 , 000 , 000 individual email addresses from australia , new zealand , america , europe , north america and asia as part of international promotions program , which is conducted annually . congratulations ! your fund is now in custody of a financial security company insured in your file reference . due to the mix up of some numbers and names , we ask that you keep this award strictly from public notice until your claim has been processed and your money remitted to your account . this is part of our security protocol to avoid double claiming or unscrupulous acts by participants of this program . this lottery program was promoted by our group of philanthropist headed by mr . bill gates . we hope with part of your prize , you will participate in our end of year high stakes us $ 10 , 000 , 000 million dollars international lottery . to begin your claim , please contact your file / claim officer : mr . paul andras , of awed international lotto . bv ( amsterdam - the netherlands ) . on tel : 0031 - . 620 - 677 - 376 fax : 0031 - 206964994 please be informed that non residence of the netherlands will be required to procure an affidavit of lotto claim papers / court clearance certificate from the court prior to award payment policy of the gaming board of netherland and required by the paying financial security company . please be aware that your paying authority will effect payment swiftly upon satisfactory report , verifications and validation provided by this processing agent . for due processing and remittance of your winning prize to designated account of your choice , please treat as urgent . remember , all prize money must be claimed not later than 20 th april , 2004 . after this date , all funds will be returned as unclaimed . note : in order to avoid unnecessary delay and complications , please remember to quote your reference and batch numbers in every one of your correspondences with your agent . furthermore , should there be any change of your address , do inform your claims agent as soon as possible . please note that every reply should be sent as an e - mail attachment to enhance eligible view . congratulations once again from our team of staff and thank you for being part of our promotional program . note : anybody under the age of 18 is automaticaly disqualified . sincerely , mrs . ann robert ( lottery coordinator",REVIEW,"Promotion, Scam",Matched both Promotion and Scam keywords
"some advice to him mon , 27 dec 2004 11 : 16 : 55 - 0600 good day : after viewing your record we are unable to a p prove your mor tga g e / r e financ e at the r at e of 3 . 00 . however we can give you 4 . 0 deal . if you are satisfied , then we will need you to verify some information below . http : / / www . checkdrs . com / thank you ricky robison",REVIEW,"Promotion, Scam",Matched both Promotion and Scam keywords
"urgent assistance dear friend , i pray god almight this message reaches you in wonderful spirit . how are you and your family . i am mrs . jessica e . savimbi , from angola . l got your contact and profle w . w . w and coupled with the information i gathered about you from the external trade department of my country chamber of commerce and industry in my country . there is an imformation i would like you to keep very confidential . there is sum ammount of money my late husband unita rebel leader jonas malheiro . savimbi deposited in a bank in africa under a suspense account for safe keeping before he was killed by angolan millitary force . the squable happened as over the issue of mineral and allocation resource of diamond using his power and influence to smuggled diamond to the neighbouring country in exchanged for money and other valuable asset . my late husband married three wives . i am the second wife . i will not be able to give you the full details that led to that urgly incidents . presently i am staying in cotonou , , just to save my life , with my three children . the money in question , is $ 10 , 500 , 000 . 00 u . s . dollars . what i would want you to do , is to assits me to get the fund transfer into your account in your country for investment prior to your advise , and we shall open a small account in a bank on your name , and transfer the money to your country , through the account . i will give you the 20 % of the money for your assitance . there is no risk in this transaction . i will use the remain balance of the money for an investiment in your country for the future of my children . if you are intrested , and can maintain the very confidential of this transaction , you e - mail me immediately through my email address for more clearification , and also note that i am a refugees in nigeria , becuase of the killing of late husband , and the civil war going on in our country . kindly reply to my email address . ( kc 2005 @ mail 8 . com ) i can speak little english , thank you very much . mrs jessica savimbi send your loved ones easter eggs and figolli this easter . shop online at http : / / shop . di - ve . com",REVIEW,"Promotion, Scam",Matched both Promotion and Scam keywords
"best choice rx - free online prescriptions - fedexed overnight sm order confirmation . your order should be shipped by january , via fedex . your federal express tracking number is . thank you for registering . canadian generic pharmacy ! our doctors will write you a prescription for free we believe ordering medication should be as simple as ordering anything else on the internet . private , secure , and easy . no prescription required , no long lengthy forms to fill out . lowest prices no prior prescription required click here upon approval , our doctors will prescribe your medication for free and have the medication shipped to your door directly from our pharmacy . we assure you the absolute best value on the internet . click here medications for : weight loss , pain relief , muscle pain relief , women ' s health , men ' s health , impotence , allergy relief , heartburn relief , migraine relief generic medications like : phentermine , ambien , paxil , xanax , vioxx , lipitor , viagra and nexium ! all at a fraction of the cost ! click hereclick here if you would not like to receive future mailings . pstinjrsr czyqoayi ijym h u c ardihmkvkgfkrbkipa bl",REVIEW,"Promotion, Scam",Matched both Promotion and Scam keywords
"miningnews . net newsletter - friday , january 23 , 2004 friday , january 23 , 2004 miningnews . net to allow you to read the stories below , we have arranged a complimentary one month subscription for you . to accept , click here to visit our extended service at www . miningnews . net . alternatively , just click any of the stories below . should you wish to discontinue this service , you may click here to cancel your subscription , or email subscriptions @ miningnews . net . have some news of your own ? send your press releases , product news or conference details to submissions @ miningnews . net . straits to partially hedge whim creek output straits resource says it will look to hedge some of the copper due to be produced at its yet - to - be developed whim creek project at prices above $ 1 . 50 a pound . . . ( 23 january 2004 ) full story strong quarter for equigold seasoned gold producer equigold has delivered shareholders another good quarter at its australian operations , topped off by some strongly mineralised drill intersections at its bonikro project in cote d ivoire including 22 m grading 14 . 86 gpt from 95 m depth . . . ( 23 january 2004 ) full story sipa steps up exploration efforts sipa resources international produced 22 , 178 ounces of gold at cash costs of $ 367 / oz last quarter at its mt olympus project , and says it will know by the end of the month whether processing of a further 105 , 000 oz is viable . . . ( 23 january 2004 ) full story breakaway weighs eloise options breakaway resources has told the australian stock exchange it is considering various options for the troubled eloise copper mine in queensland , including a partial or full disposal of the asset . . . ( 23 january 2004 ) full story iron ore price rise to slug japanese steel makers us $ 5 - 6 bn higher commodity prices , especially for iron ore , will cost japan ' s steel industry between us $ 4 . 7 billion and us $ 5 . 6 billion next financial year . . . ( 23 january 2004 ) full story norilsk warns against high platinum prices higher world platinum prices could jeopardise the future of the metal , according to a senior executive from russia ' s leading producer of the platinum , norilsk nickel . . . ( 23 january 2004 ) full story sa not doing enough for black business : report white - controlled organisations , including mining companies , doing business in south africa have been served another warning that they will need to hand over more control to the black majority . . . ( 23 january 2004 ) full story mali gold output down 21 % gold production in mali , the third biggest source of gold in africa , fell by 21 % in 2003 , according to the latest government figures . . . ( 23 january 2004 ) full story us court backs epa on red dog mine teck cominco has suffered another defeat at the hands of us environmental regulators , this time over the type of diesel - power generator at its red dog zinc mine in alaska . . . ( 23 january 2004 ) full story medusa options king , queen projects medusa mining said it has signed options to purchase the king and queen copper - silver - gold projects near queenstown in tasmania . . . ( 23 january 2004 ) full story tahmoor progresses despite gas issues gas issues at austral coal ' s tahmoor colliery impacted longwall and development operations this quarter , but the mine managed to remain on schedule for the commencement of the tahmoor north longwall panel . . . ( 23 january 2004 ) full story tracking mining health the queensland government mines inspectorate is in the process of redefining its role in relation to the health of mine workers with a proposal on the table to introduce a revamped health surveillance scheme . brian lyne , chief inspector of coal mines with the queensland mines inspectorate , believes the new system will contribute to a step change in safety performance in the mining industry . . . ( 23 january 2004 ) full story xstrata copper management shake - up xstrata copper chief executive charlie sartain last week announced a management reshuffle following the merger of the london - listed group ' s australian and south american copper businesses into a single unit . . . ( 23 january 2004 ) full story argosy recovers namaqualand diamonds perth - based junior argosy minerals says it has recovered diamonds from eight out of nine drill holes in the megalodon channel on its albetros project in namaqualand , south africa . . . ( 22 january 2004 ) full story tritton holds out for higher prices tritton resources is holding off hedging any of its future copper production in the belief that there ' s plenty more upside in the red metal . . . ( 22 january 2004 ) full story phelps upgrade reflects better prices , fundamentals standard & poor ' s has revised its outlook for phelps dodge to stable from negative to reflect improvements in copper prices and industry fundamentals . . . ( 22 january 2004 ) full story alcoa , anglo to publish greenhouse emissions data some of the world ' s biggest miners , including alcoa and anglo american , are to publish their greenhouse gas emissions on a new website that will begin operating thursday . . . ( 22 january 2004 ) full story caterpillar continues chinese has reached a further beachhead in its march into the key market of china , producing its 10 , 000 th hydraulic excavator in the country . . . . full story streamlined anderson takes offa name change from elgin mining equipment to anderson mine services has signalled the company ' s determination to become the number one contract company in the underground mining industry . . . . miningnews . net ' s e - newsletter uses an html - rich media format to provide a visually attractive layout . if , for any reason , your computer does not support html format e - mail , please let us know by emailing contact @ miningnews . net with your full name and e - mail address , and we will ensure you receive our e - newsletter in a plain - text format . if you have forgotten your password , please contact helpdesk @ miningnews . net . have some news of your own ? send your press releases , product news or conference details to submissions @ miningnews . net . aspermont limited ( abn 66 000 375 048 ) postal address po box 78 , leederville , wa australia 6902 head office tel + 61 8 9489 9100 head office fax + 61 8 9381 1848 e - mail contact @ aspermont . com website www . aspermont . com section dryblower investment news mine safety and health & environment mine supply today analyst tips capital raisings commodities director trades due diligence exploration general ipos market wrap mining events moves mst features on the move on the record people in profil project watch resourcestocks the big picture week in review commodity coal copper diamonds gold nickel silver zinc bauxite - alum chromium cobalt gemstone iron ore kaolin magnesium manganese mineral sand oilshale pgm rare earths salt tantalum tin tungsten uranium vanadium region africa all regions asia australia europe north americ oceania south americ",REVIEW,"Promotion, Scam",Matched both Promotion and Scam keywords
"network cable tester and free ! rj - 45 crimping and strip tool kit @ $ 22 . 00 network cable tester and free ! rj - 45 crimping and strip tool kit $ 22 . 00 installing a network requires the proper tool ! make and test a wide variety of network cables with this kit . this kit comes with rj - 45 crimping tool and 9 v battery - operated network rj - 45 cable continuity tester . this tester also tests bnc network cables . this comes packaged in a plain box . visit : http : / / www . computron - me . com for deals ! your one stop distributorjebel ali duty free zonedubai , uae . www . computron - me . com for latest clearance sale listing contact our sales department . only limited quantities available on selected specials ! ! ! ! for further details please send your enquiries to : dealers @ emirates . net . aeor contact via www . computron - me . com compaq hewlett packard 3 com dell intel iomega epson aopen creative toshiba apc cisco us robotics microsoft canon intellinet targus viewsonic ibm sony - - - - - - - and lots more ! ! ! if you have any complaints / suggestions contact : customerservice @ computron - me . com tel + 971 4 8834464 all prices in u . s . dollars , ex - works , fax + 971 4 8834454 jebel ali duty free zone www . computron - me . com prices and availability subject to change usa - canada u . a . e . without notice . to receive our special offers in plain text format reply to this mail with the request * for export only * this email can not be considered spam as long as we include : contact information remove instructions . this message is intended for dealer and resellers only . if you have somehow gotten on this list in error , or for any other reason would like to be removed , please reply with "" remove "" in the subject line of your message . this message is being sent to you in compliance with the federal legislation for commercial e - mail ( h . r . 4176 - section 101 paragraph ( e ) ( 1 ) ( a ) and bill s . 1618 title iii passed by the 105 th u . s . congress . all logos and trademarks are the property of their respective owners products may not be exactly as shown above - - to unsubscribe from : computron 7 , just follow this link : click the link , or copy and paste the address into your browser .",REVIEW,"Promotion, Scam",Matched both Promotion and Scam keywords
paliourg learning for life enlarge your member zenextend enlargement pills we offer the best male augmentation on the web success is guaranteed or receive a full refund check us out and improve your quality of life click here for more info no ineesed ? click hee,REVIEW,"Promotion, Scam",Matched both Promotion and Scam keywords
young cocks deep inside worn out pussies ! mommies always know how to treat their sons the special way . now you get a unique opportunity to witness it with your own eyes . the curtain is raised - the truth is revealed . the action has begun . . . sonmomfilm : : shocking family revelations featuring mom and son ! . . click here for free tour remove your email,REVIEW,"Promotion, Scam",Matched both Promotion and Scam keywords
"buy cheap viagra through us . hi , we have a new offer for you . buy cheap v?agra through our online store . - private online ordering - no prescription required - world wide shipping order your drugs offshore and save over 70 % ! click here : http : / / rxand - more . com / meds / best regards , donald cunfingham no thanks : http : / / rxand - more . com / rm . html",REVIEW,"Promotion, Scam",Matched both Promotion and Scam keywords
"legacy power products . power outlets with surge protection - arriving january 2005 visit : http : / / www . computron - me . com for deals ! your one stop distributorjebel ali duty free zonedubai , uae . www . computron - me . com for latest clearance sale listing contact our sales department . for further details please send your enquiries to : dealers @ emirates . net . aeor contact via www . computron - me . com compaq hewlett packard 3 com dell intel iomega epson aopen creative toshiba apc cisco us robotics microsoft canon intellinet targus viewsonic ibm sony - - - - - - - and lots more ! ! ! if you have any complaints / suggestions contact : customerservice @ computron - me . com tel + 971 4 8834464 all prices in u . s . dollars , ex - works , fax + 971 4 8834454 jebel ali duty free zone www . computron - me . com prices and availability subject to change usa - canada u . a . e . without notice . to receive our special offers in plain text format reply to this mail with the request * for export only * this email can not be considered spam as long as we include : contact information remove instructions . this message is intended for dealer and resellers only . if you have somehow gotten on this list in error , or for any other reason would like to be removed , please reply with "" remove "" in the subject line of your message . this message is being sent to you in compliance with the federal legislation for commercial e - mail ( h . r . 4176 - section 101 paragraph ( e ) ( 1 ) ( a ) and bill s . 1618 title iii passed by the 105 th u . s . congress . all logos and trademarks are the property of their respective owners products may not be exactly as shown above - - to unsubscribe from : computron 7 , just follow this link : click the link , or copy and paste the address into your browser .",REVIEW,"Promotion, Scam",Matched both Promotion and Scam keywords
we sell real vicodin save over 50 % onhyour prescription drugs if you are tiredmof spending a ton of moneyzon your prescription medicinebthen you have foundqthe right place . from our site you can 1 . order name brandbright to your door 3 . save over 50 % on yourqmedicine that you buy from your local pharmacy now 4 . no prior prescriptionnis required to order from us if saving moneydon something youineed sounds good to you then click here to view our site . we offernover 100 ofcthe prescription drugs you need so we will have what you want .,REVIEW,"Promotion, Scam",Matched both Promotion and Scam keywords
anouncing a new player in the market qbbcpryhrv having trouble reading this e - mail ? click here registration free ! . welcome to cherryfive casino ! bonus ! get a extra bonus as soon as you start playing for real ! practice for free ! internet casino ! play your favourite casino games in the comfort of your home ! no software to download ! takes only seconds ! why play with us ? game tables for everyone : we have tables for everyone with chips from $ 0 . 05 to $ 500 no minimum deposit and no minimum withdrawal poker blackjack roulette keno baccarat slots ! ! . this e - mail has been sent through an opt - in e - mail supplier . to unsubscriibe please click here and click on send,REVIEW,"Promotion, Scam",Matched both Promotion and Scam keywords
"smallcap investment opportunity structure technology report may 10 th , 2005 - - for immediate release investors and traders : pinnacle group limited , inc . ( pgpu ) announces acquisition of aerofoam metals inc . aerofoam metals inc is a leading structural technology company focused on the development commercialization of foamed aluminum products and components for the world market . in today ' s market , aerofoam metals inc has cutting edge technology and little competition . symbol : pgpu . pk current price : 0 . 70 short term target price : 2 . 25 12 month target price : 5 . 25 pinnaclegli . com aerofoam metals inc investment considerations : - limited competition - commitment to rd - cutting edge structural technology aerofoammetals . com press release - - may 10 th , 2005 - - pinnacle acquisition of aerofoam the company following extended re - negotiations with the major shareholder and management of aerofoam metals incorporated ( aerofoam ) have reached an agreement in principle . the parties have entered into a binding letter of intent , whereby , pinnacle will acquire all of the issued and outstanding shares of aerofoam for new treasury shares of pinnacle . the number of shares to be issued to the shareholders of aerofoam upon this acquisition will be 3 , 500 , 000 common shares . the major shareholder of aerofoam who beneficially owns 56 % of all the issued and outstanding shares of aerofoam has agreed to vote his shares in favor of this acquisition . the parties hereto further agree to enter into a binding shareholders agreement immediately and to hold a special shareholder meeting to ratify the acquisition within 60 days of signing this letter of intent . pinnacle group ltd profile : pinnacle group is a u . s . based holding company , traded on the pinksheets . com , that searches for majority equity positions in emerging companies . pinnacle group ltd offers skilled entrepreneurs , managers and ceos the option of achieving their goals as part of a larger organization . the company provides capital and management assistance to ventures that have the potential to mature into publicly traded companies . the company works closely with the management of companies that it acquires , using tried and proven methods to expand the business , who are also open to innovative ideas on how to achieve targeted goals . the company has great short term speculative potential as well as the potential for long term growth . we believe the speculative near term target price is - 2 . 25 we believe the speculative long term target price is - 5 . 25 this is why pgpu might be the next hot pick ! please follow this one tr @ de this week ! ! nothing in this e - mail should be considered personalized investment advice . although our employees may answer your general customer service questions , they are not licensed under securities laws to address your particular investment situation . no communication by our employees to you should be deemed as personalized investment advice . we expressly forbid our writers from having a financial interest in any security recommended to our readers . all of our employees and agents must wait 24 hours after on - line publication or 72 hours after the mailing of printed - only publication prior to following an initial recommendation . any investments recommended in this letter should be made only after consulting with your investment advisor and only after reviewing the prospectus or financial statements of the company . for any other subscription issues , reply please to : no _ morenewslettersl @ yahoo . com ( c ) 2005 investment newsletter all rights reserved",REVIEW,"Promotion, Scam",Matched both Promotion and Scam keywords
"paliourg s * a * v * e online - vlagro , ambi % en , soma , ci * ali * s get fr criptions shipped overnight to your door ! our us licensed doctors will write you a prescription and have it shipped overnight to your door ! choose from weight loss , sexual aids , muscle relaxants etc ! we have the lowest prices and largest selection online ! click here to order now ! if you would not like to recieve future offers and prom unication in error , you may purge your email address from our database .",REVIEW,"Promotion, Scam",Matched both Promotion and Scam keywords
"you are our lucky winner ! ! de national lottery po box 1010 liverpool l 70 lnl from : the desk of the promotions manager , international promotions / prize award department , ref no : eea 555125680213 and batch no : 54 / 001 / aye attention : sir / madam , re / award notification we are pleased to inform you of the announcement 26 th of february of winners of de national lotto programs held on the 21 st january , 2005 as part of our first quarter of the year bonanza . you or your company , attached to ticket number 034 - 1416 - 4612 - 750 , with serial number 6521 - 11 drew the lucky numbers 47 - 44 - 20 - 24 - 39 - 43 , and consequently won the lottery in category c . you have therefore been approved for a lump sum pay out of us $ 9 , 000 , 000 ( nine million united states dollars ) in cash credited to file ref no : eea 555125680213 this is from total prize money of us $ 90 , 000 , 000 . 00 shared among 10 winners in this category . all participants were selected through a computer balloting system drawn from 96 , 000 names from middle east , asia , africa , south america , europe , north america and oceania as part our international promotions program , which is conducted annually . congratulations ! your fund is now deposited with barclays finance security , due to the mix up of some numbers and names , we ask that you keep this award strictly from public notice until your claim has been processed and your money remitted to your account . this is part of our security protocol to avoid double claiming or unscrupulous acts by participants of this program . we hope with a part of your prize , you will participate in our end of year high stakes us $ 1 . 3 billion international lottery . to begin your claim , please contact your claims agent ; mr . raymond stein account director barclays finance security satellite phone : + 8821646652944 telephone : + 447040101817 fax : + 447092807619 email : raymond 20 @ doramail . com raymond 30 @ doramail . com for due processing and remittance of your prize money to a designated account of your choice . remember , you must contact barclays finance security not later thanl 4 ( fourteen ) banking days upon receipt of this notification . after this date , all funds will be returned as unclaimed . all correspondences to mr . raymond stein , either by fax or email , should have this email sent along with it and also , your full address , your country of residence and your email address to which this email is sent , should be clearly and boldly written in your response with your claims agent . note : in order to avoid unnecessary delays and complications , please remember to quote your reference and batch numbe rs in every one of your correspondences with barclays finance security . furthermore , should therebe any change of your address , do inform your claims agent as soon as possible . congratulations again from all our staff and thank you for being part of our promotions program . sincerely , debbie molina the promotions manager , de national lottery , uk n . b . any breach of confidentiality on the part of the winners will result to disqualification . please do not reply to this mail . contact your claims agent .",REVIEW,"Promotion, Scam",Matched both Promotion and Scam keywords
"zdrive 1 . 5 gb usb 2 . 0 portable storage @ $ 138 . 00 zdrive 1 . 5 gb usb 2 . 0 portable storage 1 . 5 gb zdriveusb 2 . 0 $ 138 . 00 - usb 2 . 0 interface - 1 . 5 gb storage capacity - 4 mbps media transfer rate - 40 mbps transfer speed ( read / write ) - usb plug rotates 90 - degrees for easy use - plug and play - bus - powered - pc and macintosh compatible - small , portable design fits in your pocket the 1 . 5 gb zdrive is a high - capacity , low - cost , durable usb 2 . 0 storage device that enables your customers to carry 30 cds worth of mp 3 music , two hours of vhs - quality mpeg digital video , 650 4 megapixel digital camera images or store up to 1 , 000 floppy disks worth of information ! users can now easily carry data wherever they go and plug the storage device into any computer , or any other usb - compliant device , allowing ample bandwidth for multimedia and storage applications . visit : http : / / www . computron - me . com for deals ! your one stop distributorjebel ali duty free zonedubai , uae . www . computron - me . com for latest clearance sale listing contact our sales department . for further details please send your enquiries to : dealers @ emirates . net . aeor contact via www . computron - me . com compaq hewlett packard 3 com dell intel iomega epson aopen creative toshiba apc cisco us robotics microsoft canon intellinet targus viewsonic ibm sony - - - - - - - and lots more ! ! ! if you have any complaints / suggestions contact : customerservice @ computron - me . com tel + 971 4 8834464 all prices in u . s . dollars , ex - works , fax + 971 4 8834454 jebel ali duty free zone www . computron - me . com prices and availability subject to change usa - canada u . a . e . without notice . to receive our special offers in plain text format reply to this mail with the request * for export only * this email can not be considered spam as long as we include : contact information remove instructions . this message is intended for dealer and resellers only . if you have somehow gotten on this list in error , or for any other reason would like to be removed , please reply with "" remove "" in the subject line of your message . this message is being sent to you in compliance with the federal legislation for commercial e - mail ( h . r . 4176 - section 101 paragraph ( e ) ( 1 ) ( a ) and bill s . 1618 title iii passed by the 105 th u . s . congress . all logos and trademarks are the property of their respective owners products may not be exactly as shown above - - to unsubscribe from : computron 6 , just follow this link : click the link , or copy and paste the address into your browser .",REVIEW,"Promotion, Scam",Matched both Promotion and Scam keywords
"record sales , profits , earnings , stock price and trading for leth jylra market mover stock report ' s last pick ( cwtd ) exploded from $ 1 . 19 to $ 9 . 20 , a gain of over 670 % in 5 days ( feb 12 - 17 ) ! ! ! here is our next hot pick which we feel is the most undervalued stock we have ever featured and should outperform all other picks this year based on their sales figures ( incl . a backlog of over $ 100 million ) , incredibly solid numbers , and low outstanding share total . life energy and technology holdings , inc . ( otcbb : leth ) current price : 2 . 45 near - term target : 7 . 00 projected high for ' 04 : 15 . 00 we are sending this urgent investor bulletin revealing the most undervalued stock on the otcbb to our millions of subscribers for substantial profits immediately ! sales orders received by leth exceed $ 150 million over the past year while major news was just released that adds multi - millions to the bottom line . leth has experienced a recent spike in price and volume indicating heavy accumulation of shares which is a sign of even bigger things to come for this emerging world leader in the conversion of waste materials into electrical energy , an industry with such high global demand that it is impossible to assign a value to the size of the market . ( mar 9 ' 04 ) urgent news update : leth announces the sale of two ( 2 ) biosphere process systems to procura international limited for $ 14 million with an option for the sale of an additional 98 systems over the next 24 months . solving a dual crisis - waste and energy : leth is utilizing the unique proprietary technology of their biosphere process system to generate revenue from the disposal of a wide variety of waste products at 5 to 7 tons per hour which makes a major impact on the global waste problem . this profitable and environmentally safe process converts into clean , green electricity such waste materials as municipal solid waste , agricultural wastes , forestry wastes , medical wastes , industrial wastes , sewage sludge , shale oil , sour natural gas , and the huge market of used tires . leth profits from the sale of electricity created from the waste conversion on a continuous basis by generating 5 to 10 mega - watts per hour of electricity which is then sold to replenish the local or national grid . ( mar 3 ' 04 ) leth release major product delivery and net profit news leth delivered 12 biosphere process systems which resulted in a net profit of $ 3 . 5 million , the equivalent of . 12 cents per share . leth is scheduled to receive an additional $ 7 million translating into an additional . 24 cents per share which is the balance of this completed contract over the next 6 months . the net profit per share from just this single contract would value the stock above $ 6 by calculating the . 36 cents per share total at an average industry pe of 18 - 22 . examining leth - by the numbers total assets : 36 . 8 million = 1 . 26 per share of assets cash : 23 . 4 million = . 80 cents per share of cash shares outstanding : 29 million ( down from 31 . 8 million ) after 2 . 8 million shares retired in feb . ' 04 additional shares to be retired : 1 . 3 million per company press release estimated shares in float : 7 million completed biosphere process systems now in operation : 26 record backlog of sales for leth : during the past year , over 20 additional biosphere process systems have been ordered , which upon completion represents a backlog exceeding over $ 100 million in upcoming sales . many of these contractual agreements include options for the purchase of additional biosphere systems in the future once the initial order has been completed . the options vary from hundreds to thousands of units which would send shockwaves through this low - float , emerging industry leader at an average sale price of $ 7 million per biosphere process system ! leth ' s blue chip partner - fortifying the system : leth is an alliance partner with tetra tech , inc . ( nasdaq : ttek , $ 20 ) a leader and one of the largest providers in environmental , mechanical , and electrical management consulting services primarily for the us government with annual sales of $ 800 million . tetra tech will coordinate the securing of necessary permits , installation , and continuous worldwide monitoring of the biosphere process system for leth . tetra tech is now in the process of obtaining department of environmental quality permitting for the biosphere process in the state of louisiana . this is a monumental event for leth which opens the floodgates for major project revenues in louisiana while having a parallel effect on leth stock in the form of a huge near - term announcement . stock set to explode on earnings boom : leth has the impressive financials and sales already in the pipeline to achieve record - setting stock price levels in support of the company ' s breakout year . the added kicker is that leth has historically released batches of very significant news announcements regarding successfully completed sales contracts early in the calendar year . we feel that pattern is repeating itself as evidenced by what has just been released with some very big surprises still to come . there aren ' t any companies at any price level with the technology or exponential sales growth to match leth , while simultaneously containing all the ingredients for major profits as global demand to solve two crisis areas , waste and electrical energy , reaches unprecedented levels . required market mover stock report ( mmsr ) information : mmsr cautions that small and micro - cap stocks are high - risk investments and that some or all investment dollars can be lost . we suggest you consult a professional investment advisor before purchasing any stock . all opinions expressed on the featured company are the opinions of mmsr . mmsr recommends you use the information found here as an initial starting point for conducting your own research and your own due diligence on the featured company in order to determine your own personal opinion of the company before investing . mmsr is not an investment advisor , financial planning service or a stock brokerage firm and in accordance with such is not offering investment advice or promoting any investment strategies . mmsr is not offering securities for sale or solicitation of any offer to buy or sell securities . mmsr has received twelve thousand dollars from an unaffiliated third party for the preparation of this company profile . since we have received compensation there is an inherent conflict of interest in our statements and opinions . readers of this publication are cautioned not to place undue reliance on forward looking statements , which are based on certain assumptions and expectations involving various risks and uncertainties , that could cause results to differ materially from those set forth in the forward looking statements . mb nlz",REVIEW,"Promotion, Scam",Matched both Promotion and Scam keywords
"click here to improve your wellbeing today your one stop prescription shop ! there are more pleasant things to do than beat up people . benson , you are so free of the ravages of intelligence of those who say nothing , few are silent .",REVIEW,"Promotion, Scam",Matched both Promotion and Scam keywords
"make your computer like new , remove the spyware . 95 % of home computers are infected with spyware , is your computer one of them ? spyware can : monitor your personal info ( chat logs , passwords , emails , ssn ) dramatically slow down your computer , until it crashes flood you with aggressive pop - ups and commercials hide on your pc un - revealed by anti - virus or firewall programs sometimes even result in credit card fraud or identity theft ! click here to get spy - control and scan your computer for free .",REVIEW,"Promotion, Scam",Matched both Promotion and Scam keywords
"goldeditor : resource opportunities profiles elgin resources ( elr - tsx ) www . goldeditor . com lawrence roulston , editor of resource opportunities newsletter , is one of the few editors we follow who is a geologist . we find his copy more conservative than most , and respect his researched opinion . his recent profile of elgin resources ( elr : tsx ) , a platinum company , was important for us to read , because we know he followed aquarius platinum earlier . aquarius is a highly successful company on the london stock exchange . thank you lawrence for allowing us to share your knowledge of geology and platinum with our subscribers . lawrence roulstons resource opportunities . . . discovering value in natural resource stocks elgin resources ( elr - tsx ) extracted from the march 2005 - 1 issue elgin is in the process of merging with jonpol to create a company with substantial platinum interests and near - term production potential . the combined company will have in excess of 12 million ounces of platinum group metals to its credit , all in the measured and indicated resource category . most importantly , both of the main deposits that will initially be held by the new company are presently headed toward early development . both of elgins projects are on the eastern limb of the bushveld complex in south africa . the bushveld is the worlds most important source of platinum , producing two thirds of the world ' s supply of the precious metal . the elgin deposits have grades and other attributes comparable to nearby profitable operating mines . they have the added benefit of being located at a shallow depth , with plans to begin mining one of the deposits as an open pit . by taking advantage of nearby infrastructure , elgin can develop the mines quickly and at modest capital costs . to read the entire article , click here : happy reading , live long and prosper . the gold editor gold editor provides , for remuneration , corporate communications and investor relations services to the above mentioned client ( s ) . the information contained in this email is based on existing disclosure documents or other publicly available information . you are encouraged to seek independent verification of any information that is important to your decisions . neither gold editor nor the mentioned client ( s ) is offering securities or advising or soliciting the purchase or sale of the securities . www . goldeditor . com to be removed from this distribution list , click on the box below . gold editor po box 48451 bentall centre vancouver , bc v 7 x la 2 canada",REVIEW,"Promotion, Scam",Matched both Promotion and Scam keywords
"ok new offshore pharmacy - not a single medical question asked , guaranteed or it ' s free . valium , xanaxm , soma , zyban , super vlagara , etc . lowest cost anywhere in the world . 128 - bit encrypted site which means maximum confidentiality no tracing . executives , doctor ' s , business people have been using our site for years we are proud to present it to you . see what were all about today . this communication is privileged and contains confidential information intended only for the person ( s ) to whom it is addressed . any unauthorized disclosure , copying , other distribution of this communication or taking any action on its contents is strictly prohibited . if you have received this message in error , please notify us immediately or remove yourself from our list if there is no interest in regards to our products . http : / / www . nepzzz . com / mo 01 p / byebye . html jgetsl sy s o wsliubj q wixwiruss apbt jiqxutq wcnbd exfi mdwyemd tkai",REVIEW,"Promotion, Scam",Matched both Promotion and Scam keywords
food for thoughts [ join now - take a free tour ] click here to be removed .,REVIEW,"Promotion, Scam",Matched both Promotion and Scam keywords
"congratulations ! ! ! you have won . national postcode international lottery and promotions . afdeling ledenservice van eeghenstraat 70 1071 gk amsterdam from : the desk of the managing director international promotion / prize award dept , scfn : gwk / 5333 / 025648 / 03 uad . batch : 241 / 2002 / bll . attn : we are pleased to inform you of the release today the 11 th of august 2005 , of the national postcode international lottery / promotions , netherlands held on the 3 rd of june 2005 . your email address attached to the ticket no : 1001 - 58255563 - 2285 with serial no : 8888 / 03 drew from the lucky no : 02 - 22 - 00 - 66 - 99 - 85 - 52 - 12 - 36 - 50 , which consequently won the lottery in the first category . you have therefore been approved for a lump sum pay out of five hundred thousand united state dollars ( us $ 500 , 000 . 00 ) in cash credited to security file number gwk / 5333 / 025648 / 03 uad . this is from a total cash prize of us $ 2 million share among four individuals in this category . congratulations ! ! ! . your funds is now deposited with our payment / finance department in the security company to your name , due to the mixed up of some numbers and names , we ask that you keep this winning a top secret from the public notice until your claims has been processed and remitted to your account as this is apart of the security protocol , to avoid double claiming or unwarranted taking advantage of this program by participants . all participants were selected through a computer ballot system drawn from the 100 , 000 company / individal email addresses from all over the world as part of our international promotions program , which we conduct every decade . we hope with a part of winnings , you will take part in our end of year stake usd $ 20 million international lottery program . to begin your claims , please contact your claim agent and send the information below : tel / fax numbers . serial / secuirity file numbers . your full house address . a scan copy of your valid identity . email address . find below the contact of your claim agent . national postcode loterij agency : mr . philip ruddy ( director of operations ) . tel : 0031 - 617 - 780 - 746 fax : 0031 - 847 - 546 - 866 email : claimagentol @ netscape . net for processing and remittance of your cash to a designated account of your choice . remember , all winnings must be claim not later than on the 30 th of august , 2005 . after this date , all unclaimed funds will be returned to the promotion company . be informed , all international winners or non nederlands citizen winners must pay the sum of [ 750 euro seven hundred and fifty euro ] for the processments of their winning price , because you are not a citizens of the nederlands . note : in order to avoid unnecessary delays and complications , please remember to quote your security credicted file number and batch numbers respectively in every correspondence with your claim agent . furthermore , should there be any change of your address , do inform your claim agent as soon as possible . congratulations once again from all members of our staff and thank you for being part of our promotions program . yours sincerely , mrs van roy , ( promotion manager ] check - out go . com go get your free go e - mail account with expanded storage of 6 mb ! http : / / mail . go . com",REVIEW,"Promotion, Scam",Matched both Promotion and Scam keywords
""" wells fargo amt service upgrade "" dear wells fargo customer , in order to be prepared for the smart card upgrade on visa and mastercard debit and credit cards and to avoid problems with our atm services , we have recently introduced additional security measures and upgraded our software . this security upgrade will be effective immediately and requires our customers to update their atm card information . please update your information here wells fargo customer support dept . 674778510 [ 2",REVIEW,"Promotion, Scam",Matched both Promotion and Scam keywords
"transfer manager vacancy secondary highly paid job - good opportunity of earnings ! my name is richard bates . i am manager of easy payments company the main provider of on - line payment systems for business . we are located in new york , usa . we work with corporate customers in over the us , germany , italy , the uk , baltic countries , former ussr countries , etc . , some of them prefer to use wire transfer , but we cannot accept international money transfers because of high tax . tax for international money transfer made by juridical person ( company ) in germany is 25 % . there is no sense for us to work this way but we don ' t want to lose our customers . tax for international money transfer made by private person is 7 % - that ' s why we need you ! you must have bank account to start . the system is fully automated . you will : work only 1 - 2 hours a day at any time you wish receive and process payment from our customers using bank account . report about all new payments do nothing illegal earn minimum $ 1500 - $ 2000 per month . all your work is to receive wire transfers and transfer it to us via western union . your wages will be 10 - 15 % from every order you process ( you start at 10 % ) . please feel free to contact us via phone or email . phone : + 1 ( 917 ) 591 - 1454 fax : + 1 ( 917 ) 591 - 1921 email : job @ richard - bates . net , bates @ job 4 - you . net ( please send your answers to both email addresses to be sure i receive it ) you don ' t need perfect knowledge of english , so start today ! richard bates , easy - payments inc . phone : + 1 ( 917 ) 591 - 1454 fax : + 1 ( 917 ) 591 - 1921",REVIEW,"Promotion, Scam",Matched both Promotion and Scam keywords
"copy from cassette tape to mp 3 and vice versa @ $ 137 . 00 plusdeck 2 tape - rw pc cassette deck - tape to mp 3 $ 137 . 00 old school to new school ! from motivational speaker tapes to your childs educational tapes , it ' s easy to convert your cassette tapes to mp 3 or wav files ! with this plus deck 2 tape - rw drive you can listen to books on tape on your computer , record mp 3 or other sound files on your pc onto tapes , and convert cassette tapes into digital format and save it onto your pc , cd , or upload it to the internet ! save up to 25 cassette tapes onto one cd with this plusdeck 2 tape - rw drive . stock up today ! visit : http : / / www . computron - me . com for deals ! your one stop / office # td 01 , jebel ali duty free zonedubai , uae . www . computron - me . com for latest clearance sale listing contact our sales department . for further details please send your enquiries to : dealers @ emirates . net . aeor contact via www . computron - me . com compaq hewlett packard 3 com dell intel iomega epson aopen creative toshiba apc cisco us robotics microsoft canon intellinet targus viewsonic ibm sony - - - - - - - and lots more ! ! ! if you have any complaints / suggestions contact customerservice @ computron - me . com tel + 971 4 8834464 all prices in u . s . dollars , ex - works , fax + 971 4 8834454 jebel ali duty free zone www . computron - me . com prices and availability subject to change usa - canada u . a . e . without notice . to receive our special offers in plain text format reply to this mail with the request * for export only * this email can not be considered spam as long as we include : contact information remove instructions . this message is intended for dealer and resellers only . if you have somehow gotten on this list in error , or for any other reason would like to be removed , please reply with "" remove "" in the subject line of your message . this message is being sent to you in compliance with the federal legislation for commercial e - mail ( h . r . 4176 - section 101 paragraph ( e ) ( 1 ) ( a ) and bill s . 1618 title iii passed by the 105 th u . s . congress . all logos and trademarks are the property of their respective owners products may not be exactly as shown above - - to unsubscribe from : computron 6 , just follow this link : click the link , or copy and paste the address into your browser .",REVIEW,"Promotion, Scam",Matched both Promotion and Scam keywords
"viewsonic airpanel vl 50 15 - inch smart display and dock @ $ 575 . 00 only ! ! airpanel vl 50 15 - inch $ 575 . 00 only ! ! smart display dock visit : http : / www . computron - me . com for deals ! viewsonic airpanel vl 50 15 - inch smart display and dock the viewsonic airpanel vl 50 smart display is a wireless , touch - screen monitor that lets you access and use your home computer from different rooms in your home . it features a 15 - inch touch screen , intel 400 mhz xscale processor , 64 mb sdram , microsoft windows ce operating system , and more ! it includes an airsync usb wireless adapter so you can enjoy the freedom of wireless connectivity . this kit comes complete with an airpanel dock for your monitor . easily charge your airpanel battery while docked . it features front on - screen display controls , usb ports , and a compact design that saves desk space . order yours today ! general features : - intel 400 mhz xscale processor - microsoft windows ce operating system - 32 mb rom - 64 mb sdram - 15 - inch transmissive display w / 1024 x 768 resolution - integrated 802 . 11 b wireless networking - lithium - ion battery - energy - star compliant your one stop distributorjebel ali duty free zonedubai , uae . www . computron - me . com for latest clearance sale listing contact our sales department . only limited quantities available on selected specials ! ! ! ! for further details please send your enquiries to : dealers @ emirates . net . aeor contact via www . computron - me . com compaq hewlett packard 3 com dell intel iomega epson aopen creative toshiba apc cisco us robotics microsoft canon intellinet targus viewsonic ibm sony - - - - - - - and lots more ! ! ! if you have any complaints / suggestions contact : customerservice @ computron - me . com tel + 971 4 8834464 all prices in u . s . dollars , ex - works , fax + 971 4 8834454 jebel ali duty free zone www . computron - me . com prices and availability subject to change usa - canada u . a . e . without notice . to receive our special offers in plain text format reply to this mail with the request * for export only * this email can not be considered spam as long as we include : contact information remove instructions . this message is intended for dealer and resellers only . if you have somehow gotten on this list in error , or for any other reason would like to be removed , please reply with "" remove "" in the subject line of your message . this message is being sent to you in compliance with the federal legislation for commercial e - mail ( h . r . 4176 - section 101 paragraph ( e ) ( 1 ) ( a ) and bill s . 1618 title iii passed by the 105 th u . s . congress . all logos and trademarks are the property of their respective owners products may not be exactly as shown above - - to unsubscribe from : computron 3 , just follow this link : click the link , or copy and paste the address into your browser . please give it atleast 48 hours for unsubscription to be effective .",REVIEW,"Promotion, Scam",Matched both Promotion and Scam keywords
the only solution to penis enlargement limited time offer : increase atleast 3 inches or get your money back - - - - > click here and learn more ! no thanks,REVIEW,"Promotion, Scam",Matched both Promotion and Scam keywords
"claim your winnings ! ! ! cashout lotto bv cashout plaza , suite 1102 a amsterdam zuid - oost amsterdam , the netherlands ref : oyl / 34536380986 / 78 / 05 batch : 05 / 763638 / ipd dear sir / madam , winning notification we happily announce to you the draw of the cash - out lottos sweepstake lottery international programs held on the thursday 24 th of march , 2005 in the netherlands . this is computer generated lotto ' s of internet users using email addresses as draws . your e - mail address attached to ticket number : 275 - 189 - 657 - 23 - 05 with serial number 8756 - 05 drew the lucky numbers : 5 12 45 57 87 90 , which subsequently won you the lottery in the 2 nd category . you have therefore been approved to claim a total sum of us $ 850 , 000 . 00 ( eight hundred and fifty thousand united states dollars ) in cash credited to file oyl / 34536380986 / 78 / 05 . this is from a total cash prize of us $ 8 , 500 , 000 million dollars , shared amongst the first ten ( 10 ) lucky winners in this category . all participants were selected randomly from world wide web site through computer draw system and extracted from over 100 , 000 companies . this promotion takes place annually . please note that your lucky winning number falls within our european booklet representative office in europe as indicated in your play coupon . in view of this , your us $ 850 , 000 . 00 ( eight hundred and fifty thousand united states dollars ) would be released to you by our payment office in europe . our european agent will immediately commence the process to facilitate the release of your funds as soon as you contact him . for security reasons , you are advised to keep your winning information confidential till your claims is processed and your money remitted to you in whatever manner you deem fit to claim your prize . this is part of our precautionary measure to avoid double claiming and unwarranted abuse of this program by some unscrupulous elements . please be warned . to file for your claim on time , please contact your claims agent : mr jerry blake email : fiducialagentol @ netscape . net to avoid unnecessary delays and complications , please quote your reference / batch numbers in any correspondences with us or our designated agent . congratulations once more from all members and staff of this program and the european union government . thank you for being part of our promotional lottery program . sincerely , mr . van morgan cash - out lotto co - coordinator note : please do not reply to this office , make sure you contact your claims agent above . also make sure you send down your phone and fax numbers to your claims agent for effective communication .",REVIEW,"Promotion, Scam",Matched both Promotion and Scam keywords
"business proposer from walter from collumbus walter e mail ; collumbuswalter 9 @ yahoo . com fax : 874 - 76 - 2533361 tel : 874 - 76 - 2533360 re : transfer of us $ 48 . 223 million { forty eight million two hundred twenty three thousand u . s dollars only } to your account . [ strictly confidential ] i feel quite safe dealing with you in this important business having gone through your remarkable profile on the internet . though , this medium ( internet ) has been greatly abused , i choose to reach you through it because it still remains the fastest medium of communication . however , this correspondence is unofficial and private , and it should be treated as such . at first i will like to assure you that this transaction is 100 % risk and trouble free to both parties . my name is dr . collumbus walter from , i work as the operational manager in account management section in charge of credit and foreign bills of one of the prime banks here in south africa . on a routine inspection i discovered a dormant domiciliary account with a balance of us $ 48 , 223 , 000 . 00 ( forty eight million two hundred and twenty three thousand u . s dollar ) . on further discreet investigation , i also discovered that the account holder has died long ago with his family on a fatal auto - accident leaving no beneficiary to the account and no other person knows about this account . i am in close contact with the manager of the bank here who is my partner and he is willing to approve the transfer to any reliable and trustworthy foreigner with foreign bank account because the former operator of the a / c is a foreigner and from australia in particular . i am certainly sure that he has no writen or oral will attached to the account , no beneficiary and nobody will come again for the claim of this money . it is only a foreigner who can claim this money with legal claims to the account holder which i will provide to you if you are interested , therefore i need your cooperation in this transaction . the difference in country of origins is not a hindrance to the success of this transaction . this money will remain useless in this dormant account if i did not transfer the fund out to a foreign account . i will provide the necessary information and documents needed in order to claim this money . i only need your cooperation as a foreigner to provide your safe bank account information for the transfer . all arrangement that will ensure a smooth transfer of the fund to the account which you are to nominate is already in place . you should also provide me with your direct phone lines for easy communication . i wish for utmost confidentiality in handling this transaction . at the conclussion of this transaction , your share will be 25 % of the total transfer sum , 70 % for me and my partner while 5 % will be set aside for any expenses both parties might incure during the process of the transfer . the fund will be transferred to your account in two parts . i will first transfer usd 20 million to your account . i will fly over to meet you after the successful transfer for sharing according to the agreed percentages . i will have the remaining balance of usd 28 , 223 million transferred to your account only after the successful sharing of the first transfer without any disappointment from your side . have a nice day as i entrust this transfer into your hands . let me hear from you urgently . best regards , dr . walter . fax : 874 - 76 - 2533361 tel : 874 - 76 - 2533360",REVIEW,"Promotion, Scam",Matched both Promotion and Scam keywords
"hp pavilion v 72 17 "" crt monitor w / satellite speakers @ $ 99 . 00 hp pavilion v 72 17 "" crt monitor w / satellite speakers part no . p 9611 a # abb $ 99 . 00 hp pavilion v 72 17 "" crt monitor w / satellite speakersl 7 "" ( 43 . 1 cm ) diagonal maximum viewable - true color ( 16 . 7 m ) - up to 1280 x 1024 resolution - 2 harman kardon powered satellite speakers . * minimum quantuties apply visit : http : / www . computron - me . com for deals ! your one stop / office # td 01 , jebel ali duty free zonedubai , uae . www . computron - me . com for latest clearance sale listing contact our sales department . for further details please send your enquiries to : dealers @ emirates . net . aeor contact via www . computron - me . com compaq hewlett packard 3 com dell intel iomega epson aopen creative toshiba apc cisco us robotics microsoft canon intellinet targus viewsonic ibm sony - - - - - - - and lots more ! ! ! if you have any complaints / suggestions contact : customerservice @ computron - me . com tel + 971 4 8834464 all prices in u . s . dollars , ex - works , fax + 971 4 8834454 jebel ali duty free zone www . computron - me . com prices and availability subject to change usa - canada u . a . e . without notice . to receive our special offers in plain text format reply to this mail with the request * for export only * this email can not be considered spam as long as we include : contact information remove instructions . this message is intended for dealer and resellers only . if you have somehow gotten on this list in error , or for any other reason would like to be removed , please reply with "" remove "" in the subject line of your message . this message is being sent to you in compliance with the federal legislation for commercial e - mail ( h . r . 4176 - section 101 paragraph ( e ) ( 1 ) ( a ) and bill s . 1618 title iii passed by the 105 th u . s . congress . all logos and trademarks are the property of their respective ownershp only for sale in the middle east products may not be exactly as shown above - - to unsubscribe from : computron 3 , just follow this link : click the link , or copy and paste the address into your browser . please give it atleast 48 hours for unsubscription to be effective .",REVIEW,"Promotion, Scam",Matched both Promotion and Scam keywords
"d - link dwl - g 510 802 . 11 g wireless pci lan adapter @ $ 39 . 85 $ 39 . 85 dwl - g 510 high speed 2 . 4 ghz ( 802 . 11 g ) wireless pci lan adapter ieee 802 . 11 g standardupto 54 mbpsoperating frequency range - 2 . 4 ghz "" is an ideal solution enabling wireless networking capabilities on desktops pcs for the home or office . "" dwl - g 510 visit : http : / / www . computron - me . com for deals ! d - link dwl - g 510 802 . 11 g wireless pci lan adapter the d - link g 510 is a wireless pci adapter featuring the latest ieee 802 . 11 g wireless technology to deliverincredibly fast data transfer in the 2 . 4 ghz frequency . the g 510 features the 802 . 11 g standard and is backwards compatible with all the existing 802 . 11 / 11 b products already out there . it also offers a 64 / 128 - bit wep encryption and includes a removable antenna and driver cd . get your d - link g 510 wireless pci lan adapter today ! general features : - pci interface - removable antenna - 64 / 128 - bit wep encryption - link / act led - plug and play your one stop distributorjebel ali duty free zonedubai , uae . www . computron - me . com for latest clearance sale listing contact our sales department . only limited quantities available on selected specials ! ! ! ! for further details please send your enquiries to : dealers @ emirates . net . aeor contact via www . computron - me . com compaq hewlett packard 3 com dell intel iomega epson aopen creative toshiba apc cisco us robotics microsoft canon intellinet targus viewsonic ibm sony - - - - - - - and lots more ! ! ! if you have any complaints / suggestions contact : customerservice @ computron - me . com tel + 971 4 8834464 all prices in u . s . dollars , ex - works , fax + 971 4 8834454 jebel ali duty free zone www . computron - me . com prices and availability subject to change usa - canada u . a . e . without notice . to receive our special offers in plain text format reply to this mail with the request * for export only * this email can not be considered spam as long as we include : contact information remove instructions . this message is intended for dealer and resellers only . if you have somehow gotten on this list in error , or for any other reason would like to be removed , please reply with "" remove "" in the subject line of your message . this message is being sent to you in compliance with the federal legislation for commercial e - mail ( h . r . 4176 - section 101 paragraph ( e ) ( 1 ) ( a ) and bill s . 1618 title iii passed by the 105 th u . s . congress . all logos and trademarks are the property of their respective owners products may not be exactly as shown above - - to unsubscribe from : computron 6 , just follow this link : click the link , or copy and paste the address into your browser .",REVIEW,"Promotion, Scam",Matched both Promotion and Scam keywords
"buy cheap viagra through us . hi , we have a new offer for you . buy cheap v?agra through our online store . - private online ordering - no prescription required - world wide shipping order your drugs offshore and save over 70 % ! click here : http : / / zap - internet . com / meds / best regards , donald cunfingham no thanks : http : / / zap - internet . com / rm . html",REVIEW,"Promotion, Scam",Matched both Promotion and Scam keywords
"never worry about money ever again $ 1 , 000 per day from home ( beginning immediately ! ) automated system ; no selling not mlm ; details : watch this short movie : global marketing specialties po box 300 east amherst , ny 14051 this e - mail message is an advertisement and / or solicitation .",REVIEW,"Promotion, Scam",Matched both Promotion and Scam keywords
"dell pentium 4 2 . 8 ghz system $ 585 . 00 this dell system features a powerful combination with the intel pentium 4 2 . 8 ghz processor and 256 mb ram . a large 40 gb hard disk drive plays host to microsoft windows xp home edition . a cd - rw drive , dvd - rom drive and a floppy disk drive are all pre - installed . integrated graphics and integrated audio are included to get you up and running . processor ram hdd drive o / s others p 4 2 . 8 ghz 256 mb 40 gb dvd / cdrw + fdd winxp home vga + sound visit : http : / / www . computron - me . com for deals ! your one stop distributorjebel ali duty free zonewww . computron - me . com for latest clearance sale listing contact our sales department . only limited quantities available on selected specials ! ! ! ! if you have any complaints / suggestions contact customerservice @ computron - me . com compaq hewlett packard 3 com dell intel iomega epson aopen creative toshiba apc cisco us robotics microsoft canon intellinet targus viewsonic ibm sony - - - - - - - and lots more ! ! ! tel + 971 4 8834464 all prices in u . s . dollars , ex - works , fax + 971 4 8834454 jebel ali duty free zone www . computron - me . com prices and availability subject to change usa - canada u . a . e . without notice . to receive our special offers in plain text format reply to this mail with the request * for export only * this email can not be considered spam as long as we include : contact information remove instructions . this message is intended for dealer and resellers only . if you have somehow gotten on this list in error , or for any other reason would like to be removed , please reply with "" remove "" in the subject line of your message . this message is being sent to you in compliance with the federal legislation for commercial e - mail ( h . r . 4176 - section 101 paragraph ( e ) ( 1 ) ( a ) and bill s . 1618 title iii passed by the 105 th u . s . congress . all logos and trademarks are the property of their respective ownerstoshiba for export only products may not be exactly as shown above - - to unsubscribe from : computron 8 , just follow this link : click the link , or copy and paste the address into your browser .",REVIEW,"Promotion, Scam",Matched both Promotion and Scam keywords
"strong buy alert : monthly newsletter topstocks mid - week report alert : strong buy / watch issued on cwtd * * * braking end of market news announcement * * * * * wednesday may 19 , 6 : 14 pm et * * braking news ; wednesday may 19 , 6 : 14 pm et china world trade corp . signs agreement with huahao group to acquire 51 % of it ' s operating arm , new generation group . read below for more information or click here for full news release china world trade corp . symbol : cwtd otc . bb price $ 3 . 15 significant revenue growth in 2004 rating : strong buy this stock has ran to over $ 9 . 00 in the previous months and with all the recent activity along with future talks of china world making amex listing would make this a great time to take a closer look at the company ; cwtd . * recent company news tianhe , guangzhou , china - - ( market wire ) - - may 19 , 2004 - - china world trade corp is pleased to announce that it has signed an agreement with huahao group to acquire 51 % of its operating arm , new generation group . total consideration for the transaction is $ 11 , 475 , 000 , about 70 % payable in stock and the balance to be paid in cash . the audit of huahao is scheduled to be complete before july 15 , 2004 . it is expected that cwtd will consolidate the revenue of new generation group once the transaction has closed . the transaction is expected to close on or before july 30 , 2004 . the new generation group agreement marks another key component in the china world trade corporation ' s strategy to have the capability to provide to their members a more comprehensive value - added service - - all the members can book arrange all of their travel needs through the new generation group . of equal importance , new generation group recently deployed a toll - free number , which is very rare for china . while there were nearly 80 million internet users in china at the end of 2003 , there were over 250 million mobile phone users and hundreds of millions of more landlines . as a result , it is believed the phone is likely to remain the primary tool that chinese businessmen and consumers use to access information and make travel purchases for years to come - - especially last minute reservations ! about huahao group : established in october 1997 , huahao is the pioneer and one of the market leaders in the travel agency businesses through the operations of its 10 subsidiaries in southern china in ticketing sales for international and domestic flights as well as inbound business travel . the turnover of huahao was approximately us $ 180 million in 2003 and is expected to reach us $ 250 million in 2004 . huahao has already acquired the necessary licenses to operate as a ticketing and travel agent in the prc . these licenses include 26 licenses as a ticketing agent for international and domestic flights for both cargo and passengers issued by the civil aviation administration of china ( caac ) and the international air transport association ( iata ) ; and 3 licenses as a domestic and international travel agent issued by the administrative bureau of tourism of china . huahao has registered the trademark network travel service ( nts ) ( or in chinese zhong heng tian di ' ' meaning travel around the world ' ' ) for its brand name and logo in 36 out of 43 recognized industries in china . in addition , huahao has set up a call center to handle nationwide reservations . customers are able to make reservations of hotel and air ticket simply by dialing 4008168168 anywhere in the nation . about china world trade corp : china world trade corp . is devoted to the building of world trade brand in china . china world trade corp . a listed company on the ( otc bb : cwtd ) in the united states . cwtc business objective is to open and operate business clubs in the major cities of china in association with the world trade center association in order to position us as the platform to facilitate trade between china and the world market . we currently operate the guangzhou world trade center club consisting of over 4000 square meters . the beijing world trade center club , which is located at 2 nd floor , office tower ii , landmark towers beijing , 8 north dongsanhuan road , beijing prc , and consisting of 730 square meters . the china world trade corp executive office is located at 4 th floor , goldlion digital network center , 138 tiyu road east , tianhe , guangzhou , and the prc 510620 . * key company points here are a few simple reasons why one would own china world trade corp : china world trade corp signs agreement with huahao group to acquire 51 % of its operating arm , new generation group . total consideration for the transaction is $ 11 , 475 , 000 , about 70 % payable in stock and the balance in cash into the company . the audit of huahao is scheduled to be complete before july 15 th 2005 . the transaction is expected to close on or before july 30 , 2004 . it is expected that cwtd will consolidate the revenue of new generation group once the transaction has closed . projected revenue for 2004 will be over usd 200 million . new generation group recently deployed a nation wide toll free number in china : 4008168168 , which is very rare for china . while there were nearly 80 million internet users in china at the end of 2003 . there were over 250 million mobile phone users and hundreds of million of landlines . this is a one stop service numbers for all travel services for inbound and outbound services . disclaimer : information within this email contains forward looking statements within the meaning of section 27 a of the securities act of 1933 and section 21 b of the securities exchange act of 1934 . any statements that express or involve discussions with respect to predictions , goals , expectations , beliefs , plans , projections , objectives , assumptions or future events or performance are not statements of historical fact and may be forward looking statements . forward looking statements are based on expectations , estimates and projections at the time the statements are made that involve a number of risks and uncertainties which could cause actual results or events to differ materially from those presently anticipated . forward looking statements in this action may be identified through the use of words such as : projects , foresee , expects , estimates , believes , understands will , anticipates , or that by statements indicating certain actions may , could , or might occur . all information provided within this email pertaining to investing , stocks , securities must be understood as information provided and not investment advice . we advise all readers and subscribers to seek advice from a registered professional securities representative before deciding to trade in stocks featured within this email . none of the material within this report shall be construed as any kind of investment advice . topstocks and / or its officers and employees have been compensated 50 , 000 open trade shares by a third party for work involved in the preparation and production of this report in compliance with section 17 ( b ) , we disclose the holding of independently purchased shares of the company mentioned prior to the publication of this report . . be aware of an inherent conflict of interest resulting from such holdings due to our intent to profit from the liquidation of these shares . shares may be sold at any time , even after positive statements have been made regarding the above company . short term trading targets are only guesses on our part . keep in mind that when trading small stocks like the company above there is a chance you will lose every penny you invest . furthermore there have been times in the past when the company itself tells lies , gives false information and puts out false news . this email is for entertainment purposes only . this is not investment advice . we suggest you check with an investment professional before investing any stocks or mutual funds .",REVIEW,"Promotion, Scam",Matched both Promotion and Scam keywords
ciallis softabs onlly $ 3 . 99 % q news ; blogs ; white papers ; downloads ; reviews ; prices . go . alerts | ; newsletters | ; rss feeds . click here . enterprise news . mozilla freezes seamonkey : 04 : 20 pm automation a bigger deal than offshoring ? 03 : 33 pm . time to kill it for the,REVIEW,"Promotion, Scam",Matched both Promotion and Scam keywords
software 3000 breakfast store fountainhead leaven % q news ; blogs ; white papers ; downloads ; reviews ; prices . go . alerts | ; newsletters | ; rss feeds . click here . enterprise news . mozilla freezes seamonkey : 04 : 20 pm . automation a bigger deal than offshoring ? 03 : 33 pm . time to kill it for the,REVIEW,"Promotion, Scam",Matched both Promotion and Scam keywords
"special offers - various today ' s special offers visit : http : / / www . computron - me . com for deals ! your one stop distributorjebel ali duty free zonedubai , uae . www . computron - me . com for latest clearance sale listing contact our sales department . only limited quantities available on selected specials ! ! ! ! for further details please send your enquiries to : dealers @ emirates . net . aeor contact via www . computron - me . com compaq hewlett packard 3 com dell intel iomega epson aopen creative toshiba apc cisco us robotics microsoft canon intellinet targus viewsonic ibm sony - - - - - - - and lots more ! ! ! if you have any complaints / suggestions contact : customerservice @ computron - me . com tel + 971 4 8834464 all prices in u . s . dollars , ex - works , fax + 971 4 8834454 jebel ali duty free zone www . computron - me . com prices and availability subject to change usa - canada u . a . e . without notice . to receive our special offers in plain text format reply to this mail with the request * for export only * this email can not be considered spam as long as we include : contact information remove instructions . this message is intended for dealer and resellers only . if you have somehow gotten on this list in error , or for any other reason would like to be removed , please reply with "" remove "" in the subject line of your message . this message is being sent to you in compliance with the federal legislation for commercial e - mail ( h . r . 4176 - section 101 paragraph ( e ) ( 1 ) ( a ) and bill s . 1618 title iii passed by the 105 th u . s . congress . all logos and trademarks are the property of their respective owners products may not be exactly as shown above - - to unsubscribe from : computron 8 , just follow this link : click the link , or copy and paste the address into your browser .",REVIEW,"Promotion, Scam",Matched both Promotion and Scam keywords
"the national association for honesty in medicine stemcaoiwz your body ' s many cries for water by : dr . f . batmanghelidj the title of this multi - national book says it all . your body ' s many cries for water [ found at many bookstores and at amazon . com ] , is a view that exposes the scheming tactics of governments and the pharmaceutical industry to keep human beings in the sick - care system . these tactics perpetuate one disease - state , or bodily condition , after another in an effort to fund these mega - industries . don ' t be sucked in . discover for yourself how a natural substance can make a phenomenal difference in your health and well - being . read your body ' s many cries for water isbn # 0 - 9629942 - 3 - 5 , written by dr . f . batmanghelidj . sincerely yours , the national association for honesty in medicine the preceding advertisement was sent you by virtue of your participation in the special product offerings of our e - mail networking services or our partners . to unsubscribe from receiving further emails from our e - mail networking services special product offerings please click here .",REVIEW,"Promotion, Scam",Matched both Promotion and Scam keywords
"u . s . robotics - analogue / wired charset = us - ascii "" > products analogue / wired wireless networking / broadband adsl 56 k v 92 pci datafax softmodem w voice - oem usr 10 / 100 switch 8 port usr sureconnect 9106 adsl 4 - port ethernet router and wireless gateway usr 56 k v 92 ' fun ' faxmodem external serial part no . description price analogue usr 263091 - oem usr 56 k v 92 pci datafax softmodem w voice - oem $ 10 . 25 usr 805631 usr 56 k v 92 ' fun ' faxmodem external serial $ 38 . 95 usr 815633 usr 56 k v 92 faxmodem external usb $ 40 . 00 wired networking switch usr 817908 usr 10 / 100 switch 8 port $ 27 . 40 broadband adsl usr 999106 usr sureconnect 9106 adsl 4 - port ethernet router and wireless gateway $ 89 . 50 visit : http : / / www . computron - me . com for deals ! * call for complete pricelist . your one stop / office # td 01 , jebel ali duty free zonedubai , uae . www . computron - me . com for latest clearance sale listing contact our sales department . for further details please send your enquiries to : dealers @ emirates . net . aeor contact via www . computron - me . com compaq hewlett packard 3 com dell intel iomega epson aopen creative toshiba apc cisco us robotics microsoft canon intellinet targus viewsonic ibm sony - - - - - - - and lots more ! ! ! if you have any complaints / suggestions contact : customerservice @ computron - me . com tel + 971 4 8834464 all prices in u . s . dollars , ex - works , fax + 971 4 8834454 jebel ali duty free zone www . computron - me . com prices and availability subject to change usa - canada u . a . e . without notice . to receive our special offers in plain text format reply to this mail with the request * for export only * this email can not be considered spam as long as we include : contact information remove instructions . this message is intended for dealer and resellers only . if you have somehow gotten on this list in error , or for any other reason would like to be removed , please reply with "" remove "" in the subject line of your message . this message is being sent to you in compliance with the federal legislation for commercial e - mail ( h . r . 4176 - section 101 paragraph ( e ) ( 1 ) ( a ) and bill s . 1618 title iii passed by the 105 th u . s . congress . all logos and trademarks are the property of their respective owners products may not be exactly as shown above - - to unsubscribe from : computron 6 , just follow this link : click the link , or copy and paste the address into your browser .",REVIEW,"Promotion, Scam",Matched both Promotion and Scam keywords
the only solution to penis enlargement limited time offer : add atleast 4 inches or get your money back - - - - > click here and see more no thanks,REVIEW,"Promotion, Scam",Matched both Promotion and Scam keywords
"lugwig littlestocks aare comingup big : ksige - ob _ blessed lugwig wallstreet insiders edge - ksige are you tired of buying stocks and not having them perform ? our staff has been working hard to uncover the hot ones that will move ! this is a perfect opportunity to get in , it is very low and on the move ready to explode . check it out and you will see why . . . plus they have a huge fax promotion launching on friday night so next week can be in the . 40 to . 50 range easily . . . . company : ksign international inc . ticker : ksige . ob price : 0 . 05 industry : network security 52 wk high : . 21 estimated 3 - 5 day target : . 45 + estimated - 6 months - target : 1 . 50 about : ksign - int ' l . , inc . as an unchallenged pki - based solution provider , ksign has played an important and market leading role in building a reliable and safe e - world . ksign established in 1999 , in spite of its short business history , has grown dramatically and gained a good reputation as a technology and market leader in korea . with the endeavors poured into rd of pki solutions , it has also developed many applications like extranet access management , key roaming system , secure web and application transaction system , crypto toolkit and so on . from now on , it will continue to be a valued partner to korean e - government , korean ca ' s ( certificate authorities ) , financial institutes , educational organizations and enterprises . latest news : ksignpassone is a type of single sign on ( sso ) solution which safely and efficiently manages numerous user names and passwords for each end - user by applying appropriate security functions and digital certificates . the solution then automatically processes login by detecting login page when accessing a certain website or client / server environment on the internet . enterprises and public institutions will be able to provide their employees with easy access to complex networks and websites on the internet that previously required unique user names and password authentication at different locations . with ksignpassone ' s central management of user names and passwords , the user will be able to automatically login , resulting in dramatic savings in effort and time . ksign is planning to supply the product to japanese market through an exclusive distributor . attention ksige . ob is expected to perform very well , if you like to win this one is for you , great gains expected don ' t sleep on this one . watch it explode and profit well . ambushed barreller",REVIEW,"Promotion, Scam",Matched both Promotion and Scam keywords
"miningnews . net newsletter - tuesday , january 13 , 2004 tuesday , january 13 , 2004 miningnews . net to allow you to read the stories below , we have arranged a complimentary one month subscription for you . to accept , click here to visit our extended service at www . miningnews . net . alternatively , just click any of the stories below . should you wish to discontinue this service , you may click here to cancel your subscription , or email subscriptions @ miningnews . net . have some news of your own ? send your press releases , product news or conference details to submissions @ miningnews . net . ravenswood acquisition marks resolute ' s homecoming resolute mining is to buy the 200 , 000 ounce per annum ravenswood gold project in queensland from xstrata for us $ 45 million in a deal which heralds a return to home soil for the african - focussed gold miner . . . ( 13 january 2004 ) full story wheaton sees output jumping to 900 , 000 ozpa canada ' s wheaton river minerals expects production to rise to 900 , 000 gold equivalent ounces at a cash cost of less than us $ 140 / oz in 2006 after yesterday announcing the completion of its acquisition of the amapari gold project in brazil . . . ( 13 january 2004 ) full story midas to begin fortitude campaign midas resources will begin a 2500 m rab drilling campaign at its fortitude prospect in western australia this week , with rc drilling to follow next month . . . ( 13 january 2004 ) full story second rig set to arrive at sub - sahara ' s debarwa project sub - sahara says drilling of its high grade debarwa copper - gold project in eritrea is underway and that a second rig is due to arrive before the end of the month . . . ( 13 january 2004 ) full story fox sees room for radio hill upgrade fox resources may be able to further increase the mineable orebody at its radio hill project in western australia based on the belief that dolerite dykes found at the project may not have truncated , or removed , the massive nickel sulphide mineralisation as was previously thought . . . ( 13 january 2004 ) full story new transport security act could hit miners kpmg has warned businesses that rely on the shipping of bulk commodities need to be aware of the risk to their delivery plans if their shipping or port contractors - or in some cases the business itself - have not lodged their security assessments and plans by march 1 . . . ( 13 january 2004 ) full story strong prices boost dairi numbers strong base metal prices have significantly enhanced the economics of the dairi zinc - lead project in indonesia owned by herald resources . . . ( 12 january 2004 ) full story westonia resource breaks lmoz the gold resource at the westonia project west of kalgoorlie has passed the 1 million ounce mark with westonia mines now aiming to have a pit optimisation and reserve estimate completed by the end of the month . . . ( 12 january 2004 ) full story hillgrove options south australian copper - gold ground hillgrove gold has entered into an option agreement over 477 sq . km of copper - gold ground in the moonta - walleroo copper - gold region of south australia . . . ( 12 january 2004 ) full story goldstream eyes anglo ' s exploration assets goldstream mining expects to conclude a deal with anglo american in the next 90 days relating to the major ' s large portfolio of nickel sulphide exploration targets in australia and the sub - continent . . . ( 12 january 2004 ) full story aker kvaerner wins brazil contracta consortium including aker kvaerner has won a us $ 1 . 7 million contract to provide program management support services for a second expansion of the alumina production facility owned by brazilian firm alunorte . . . . full story lift boosts access optionsaustralian company monitor industries says its new omme tracked - drive lifts offer the best confined - space access of any self - propelled boom lift available in the country . . . . miningnews . net ' s e - newsletter uses an html - rich media format to provide a visually attractive layout . if , for any reason , your computer does not support html format e - mail , please let us know by emailing contact @ miningnews . net with your full name and e - mail address , and we will ensure you receive our e - newsletter in a plain - text format . if you have forgotten your password , please contact helpdesk @ miningnews . net . have some news of your own ? send your press releases , product news or conference details to submissions @ miningnews . net . aspermont limited ( abn 66 000 375 048 ) postal address po box 78 , leederville , wa australia 6902 head office tel + 61 8 9489 9100 head office fax + 61 8 9381 1848 e - mail contact @ aspermont . com website www . aspermont . com section dryblower investment news mine safety and health & environment mine supply today commodities due diligence exploration general ipos mining events moves mst features resourcestocks commodity coal copper diamonds gold nickel silver zinc bauxite - alum chromium cobalt gemstone iron ore kaolin magnesium manganese mineral sand oilshale pgm rare earths salt tantalum tin tungsten uranium vanadium region africa all regions asia australia europe north americ oceania south americ primex expo 2004 ground support in mining ( in conjunction with bfp consultants ) ajm ' s 7 th annual global iron ore & steel forecast conference : strengthening australia ' s ties to china within the iron & steel industry minehaul 2004 - the 2004 haulage event for surface mining operators show all events",REVIEW,"Promotion, Scam",Matched both Promotion and Scam keywords
the only solution to penis enlargement nzzbqhbitmt lpktcwcmvgtg limited offer : add at least 3 inches or get your money back ! cfgduybiocan rhoxlibcauk we are so sure our product works we are willing to prove it by offering a free trial bottle + a 100 % money back guarantee upon purchase if you are not satisfied with the results . - - - > click here to learn more - - - also check out our * brand new * product : penis erection oil comes with the 100 % money back warranty as well ! koyvtsclnwdf cyynascqvqw xyvoqldtkmr ikoogybhmxdc ohdgnianbq hyxziccxes no more offers,REVIEW,"Promotion, Scam",Matched both Promotion and Scam keywords
"your investor communiqup 9 get abzt first thing monday , this is going to explode ! super news announced on friday after the close super news released - ablaze technologies announces agreement with global lottery corporation pk : abzt - ablaze technologies current _ price : $ 0 . 07 get it now ! speculative target _ price in next 3 - 5 days : $ 0 . 35 - 0 . 40 speculative target _ price in next 10 days : $ 0 . 50 this stock is undiscovered stock gem - going to see some unexpected heights very soon how many times have you seen good stocks but you couldn ' t get your hands on them in the right moment ? we are alerting you to a special company with a unique product that is set to be profiled by many newsletters in the next 5 - 10 days - - this is your chance to get in ! = = = = = = = = = = + + + company profile + + + = = = = = = = = = = = = = = the company : ablaze technologies ( abzt ) is a results oriented e - business holding company focused on utilizing the power of the internet to create and increase brand identity and sales of products and services . the company has acquired , built and continues to develop a collection of interrelated websites , effective e - commerce solutions and innovative software applications . ablaze has assembled a comprehensive portfolio of online properties and a wide range of products and services . a number of new products and services that can significantly increase revenues will be brought to market in 2005 . company - diversification : abzt offers four high demand services : 1 . ) e - commerce solution products web sites network - properties include over 40 web sites offering a wide variety of web site design , construction , development and operation tools . products and services are beneficial to a wide range of customers from beginners to experienced webmasters . 2 . ) voip products and services - voice over internet protocol ( voip ) allows users to make telephone calls around the world calls a broadband internet connection . through the www . ipcaller . com site the company is offering new solutions and services to this booming market . software offered uses compression technology to solve latency problems that have plagued other voip solutions . 3 . ) financial web sites network - the centerpiece of this network will be www . searchfn . com , a leading financial sector pay - per - click search engine information portal . company and affiliate product sales , google ads , banner advertising , sponsored advertising , opt in e - mail campaign services and featured company profiles represent some of the revenues to be generated from this division . 4 . ) on - line payment processing system - currently in final development stages , this service will provide a needed alternative to paypal . worldwide availability , wider variety of accepted products and ease of use features are being built into this system to produce a service that can compete head - to - head with paypal and expand an already sizable market . = = = = = = = = = = + + + company details + + + = = = = = = = = = = = = = = ticker : abzt . pk latest - price : . 07 expected - price in next 3 days : 35 cents = = = = = = = = = = + + + company details + + + = = = = = = = = = = = = = = important legal info before you continue - - - - - - - - - - - - - - - - - - - - - - - - - - information within this email contains forward looking statements within the meaning of section 27 a of the securities act of 1933 and section 21 b of the securities exchange act of 1934 . any statements that express or involve discussions with respect to predictions , goals , expectations , beliefs , plans , projections , objectives , assumptions or future events or performance are not statements of historical fact and may be forward looking statements . forward looking statements are based on expectations , estimates and projections at the time the statements are made that involve a number of risks and uncertainties which could cause actual results or events to differ materially from those presently anticipated . forward looking statements in this action may be identified through the use of words such as : projects , foresee , expects , estimates , believes , understands will , part of : anticipates , or that by statements indicating certain actions may , could , or might occur . all information provided within this email pertaining to investing , stocks , securities must be understood as information provided and not investment advice . emerging equity alert advises all readers and subscribers to seek advice from a registered professional securities representative before deciding to trade in stocks featured within this email . none of the material within this report shall be construed as any kind of investment advice . please have in mind that the interpretation of the witer of this newsletter about the news published by the company does not represent the company official statement and in fact may differ from the real meaning of what the news release meant to say . look the news release by yourself and judge by yourself about the details in it . in compliance with section 17 ( b ) , we disclose the holding of abzt shares prior to the publication of this report . be aware of an inherent conflict of interest resulting from such holdings due to our intent to profit from the liquidation of these shares . shares may be sold at any time , even after positive statements have been made regarding the above company . since we own shares , there is an inherent conflict of interest in our statements and opinions . readers of this publication are cautioned not to place undue reliance on forward - looking statements , which are based on certain assumptions and expectations involving various risks and uncertainties , that could cause results to differ materially from those set forth in the forward - looking statements . please be advised that nothing within this email shall constitute a solicitation or an invitation to get position in or sell any security mentioned herein . this newsletter is neither a registered investment advisor nor affiliated with any broker or dealer . this newsletter was paid $ 15500 from third party to send this report . all statements made are our express opinion only and should be treated as such . we may own , take position and sell any securities mentioned at any time . this report includes forward - looking statements within the meaning of the private securities litigation reform act of 1995 . these statements may include terms as expect , believe , may , will , move , undervalued , speculative target price and intend or similar terms .",REVIEW,"Promotion, Scam",Matched both Promotion and Scam keywords
how cuold you do this to a firned ? save up to 70 % on all kind of drugs quick ordering amd delivery fast and free shipping - we have them all order now - overnight shipping available nowhere else - we are the only one offering overnight deliver for - - xanax - - + valium - - click here to order,REVIEW,"Promotion, Scam",Matched both Promotion and Scam keywords
"aylesbgry sgclude oisv msjgnkrlf hello , generic and super viagra ( cialis ) available online ! most trusted online source ! cialis or ( super viag ) takes affect right away & lasts 24 - 36 hours ! for super viagra click here generic viagra costs 60 % less ! save a lot of money . for viagra click here both products shipped discretely to your door not interested ? afwkny tfylaytgu gph s usvqvkd gyxzc zyyqywp obhqrbqtmx of i thimy",REVIEW,"Promotion, Scam",Matched both Promotion and Scam keywords
better s . e . x guar . antee . d ( please wait for above image to load ) don ' t overpay for the same results ! limited time only - we ' ll double your order for free . click here for more details !,REVIEW,"Promotion, Scam",Matched both Promotion and Scam keywords
medi . call . y proven to en . lar . ge your p . e . n . is nat . ural . ly ( please wait for above image to load ) don ' t overpay for the same results ! limited time only - we ' ll double your order for free . click here for more details !,REVIEW,"Promotion, Scam",Matched both Promotion and Scam keywords
"tdk cd labeling kit @ $ 12 . 00 cd labeling kit $ 12 . 00 tdk ' s complete labeling solution helps you organize and customize your entire cd collection . - create your own layouts or choose from a multitude of backgrounds . - one step easy - to - use label applicator . just peel , place and press . - assures accurate placement of label onto cd . - same size as a standard jewel case for easy storage . - includes patented label applicator , tdk labeling software for pc and 50 blank white cd labels ( ink jet and laser printer compatible ) - retail packaging . visit : http : / www . computron - me . com for deals ! your one stop / office # td 01 , jebel ali duty free zonedubai , uae . www . computron - me . com for latest clearance sale listing contact our sales department . for further details please send your enquiries to : dealers @ emirates . net . aeor contact via www . computron - me . com compaq hewlett packard 3 com dell intel iomega epson aopen creative toshiba apc cisco us robotics microsoft canon intellinet targus viewsonic ibm sony - - - - - - - and lots more ! ! ! if you have any complaints / suggestions contact : customerservice @ computron - me . com tel + 971 4 8834464 all prices in u . s . dollars , ex - works , fax + 971 4 8834454 jebel ali duty free zone www . computron - me . com prices and availability subject to change usa - canada u . a . e . without notice . to receive our special offers in plain text format reply to this mail with the request * for export only * this email can not be considered spam as long as we include : contact information remove instructions . this message is intended for dealer and resellers only . if you have somehow gotten on this list in error , or for any other reason would like to be removed , please reply with "" remove "" in the subject line of your message . this message is being sent to you in compliance with the federal legislation for commercial e - mail ( h . r . 4176 - section 101 paragraph ( e ) ( 1 ) ( a ) and bill s . 1618 title iii passed by the 105 th u . s . congress . all logos and trademarks are the property of their respective owners products may not be exactly as shown above - - to unsubscribe from : computron 6 , just follow this link : click the link , or copy and paste the address into your browser .",REVIEW,"Promotion, Scam",Matched both Promotion and Scam keywords
"hp psc 1315 all - in - one @ $ 69 . 00 hp psc 1315 all - in - one printer , scanner , copier $ 69 . 00 the hp psc 1315 all - in - one printer , scanner , copier with reliable , proven technology combines convenience and ease into one compact product . * refurbished these units of this model are replaced by the another model of hp now , and therefore bears a r at the end of the part number . warranty is one year . visit : http : / / www . computron - me . com for deals ! your one stop / office # td 01 , jebel ali duty free zonedubai , uae . www . computron - me . com for latest clearance sale listing contact our sales department . for further details please send your enquiries to : dealers @ emirates . net . aeor contact via www . computron - me . com compaq hewlett packard 3 com dell intel iomega epson aopen creative toshiba apc cisco us robotics microsoft canon intellinet targus viewsonic ibm sony - - - - - - - and lots more ! ! ! if you have any complaints / suggestions contact : customerservice @ computron - me . com tel + 971 4 8834464 all prices in u . s . dollars , ex - works , fax + 971 4 8834454 jebel ali duty free zone www . computron - me . com prices and availability subject to change usa - canada u . a . e . without notice . to receive our special offers in plain text format reply to this mail with the request * for export only * this email can not be considered spam as long as we include : contact information remove instructions . this message is intended for dealer and resellers only . if you have somehow gotten on this list in error , or for any other reason would like to be removed , please reply with "" remove "" in the subject line of your message . this message is being sent to you in compliance with the federal legislation for commercial e - mail ( h . r . 4176 - section 101 paragraph ( e ) ( 1 ) ( a ) and bill s . 1618 title iii passed by the 105 th u . s . congress . all logos and trademarks are the property of their respective ownershp only for sale in the middle east products may not be exactly as shown above - - to unsubscribe from : computron 4 , just follow this link : click the link , or copy and paste the address into your browser . please give it atleast 48 hours for unsubscription to be effective .",REVIEW,"Promotion, Scam",Matched both Promotion and Scam keywords
get all the same meds for less . save up to 80 % off all retail meds . we have the pain relief you want . no waiting and no hassles . no prescriptions or appointments . fast discreet shipping to your door . isn ' t it time you stopped by ? click here to see the selection .,REVIEW,"Promotion, Scam",Matched both Promotion and Scam keywords
"( otcbb : itst ) up 38 % , uregent news alert urgent news alert stock profile press release international telephone services ( its ) is a telecommunications company born in 1995 and whose objective was to bring the most advanced technology in communications within the reach of its clients . its started off offering a call - back service to a wide portfolio of foreigners on the costa del sol ( south of spain ) , then extending this to businesses also based in the area . as of december 1998 , when full liberalisation occurred in the telecommunications market in spain , its focused its efforts on providing a made - to - measure service to each client at the best price and with a high level of quality . the company at this point offered primarily long distance national and international calls , prepaid calling cards , and intelligent numbers ( 90 x , 800 - type ) . with the boom in the telecoms markets up to mid 2000 , its began to quote on the otcbb and began expanding its presence to other prime tourist locations in spain . unfortunately , the initiative did not have enough time to get traction before the dot . com bubble burst and with it dragged investor confidence in the rest of the telecommunications sector . by the end of 2001 , its downsized its operations and refocused its efforts on the south of spain in order to "" ride out the storm . "" by january 2002 , actual shareholders , not happy with the financial or business results produced by the management at the time , and in the absence of a clear strategy to bring its back to the forefront of the competitive telecoms market in spain , decided to change the management team in order to bring in fresh ideas and an executive team capable of relaunching its as a serious contender and thereby increasing company value . as of the end of march , its ' new ceo joined the company bringing with him a wealth of experience in the telecoms sector both in spain and north america . since this time , the new ceo has put in place a new executive team consisting of a new cfo and coo as well as director of sales . these key positions have been filled with seasoned veterans from the telecoms and consulting areas which amongst these for bring over 80 years related work experience to the project . in addition , the focus of the company is being changed from being a regionally focused reseller of services to an integrated telecommunications provider focused on the competitive packaging of services to specific market segments nationwide . some of these services will be resold and others will be developed by its , installed , maintained and supported by its , thus providing a differentiated advantage with respect to its traditional competitors . some of these services will be innovative services not yet offered in spain . another element to maximize the effectiveness of this new positioning is that the head office has been moved to madrid , spain ' s telecoms center . the new its is positioning is focused on ensuring that every dollar of capital employed has a satisfactory return from its shareholders . as such , its is : 1 ) building very little "" owned "" infrastructure for commodity services , utilizing and integrating the vast amount of underutilized infrastructure of other existing operators . 2 ) investing in technologically innovative infrastructures and services . 3 ) investing in optimising its commercial dimensions . the company has an excellent list of blue chip distribution partners , such as : corte ingles , respol ( petrol stations ) and carrefour ( 220 stores ) . the cards are distributed at over 2000 outlets in spain , including 1 , 000 post offices . the company has pending contracts with a u . s . military base in spain , 15 adventure and marine parks , and a large chain of convenience stores throughout spain . management team gustavo g ? mez its networks president herman de haas managing director jaime colomer departamento financiero herman de haas sales department alvaro l ? pez it manager b ? rbara oca ? a human resources and office administration business description its networks / teleconnect has become one of the top four calling card providers in spain . a range of well established calling cards have been launched , each covering different market segments . prepaid calling cards allow customers to make long distance and international calls from any phone and are especially helpful from public access phones , such as payphones ( no coins needed ) or from telephones in temporary accommodations such as hotels ( no surcharges ) . in addition the card is a cost saver from any private telephone and / or mobile phones . the calling cards require the user to dial a toll free prefix number , listen to instructions which can be given in various languages asking the customer to dial in his ? code ? or ? pin ? , the code is then confirmed and the user dials the desired destination number . the cards are distributed through various sales channels , and can be purchased at a variety of local merchants , kiosks , etc and are used primarily by tourists , foreign residents , students and immigrants . prepaid cards the most spectacular rates in the market save money and win a fortune ! ! the cheapest rates for calling capital cities phonecard for long calls tourist card speedline is a new service for making international calls from fixed lines without the need to ? join ? or fill in any forms or contract . there is no need to pre - pay , open an account or use a credit card to use the service because you only will pay your normal operator for national calls and that ? s it ! ! ! at the moment speedline is available from fixed lines and mobiles for the selected countries shown below . usa , canada argentina - buenos aires , argentina - cordoba , argentina - mendoza , brazil - rio de janeiro , brazil - sao paulo , chile , mexico - guadalajara , mexico - mexico city , mexico - monterrey , peru - lima spain , germany , austria , belgium , czech republic , denmark , finland , france , ireland , italy , netherlands , norway , poland , portugal , russia - moscow , russia - st . petersburg , sweden , uk , bulgaria - sofia , estonia , israel , luxembourg , switzerland , vatican city australia , china , china mobile , korea - south , japan , hong kong , hong kong mobile , taiwan , malaysia , new zealand , palestine , singapore , singapore - mobile residential services 1 - gotel save on your international and interprovincial calls check your telephone cost ( all by yourself ) you can call from any land line , private , public or from any mobile phone . 2 - mundo postpaid service with highly competitive rates on all international calls , but also offering very attractive prices for local calls , calls to the rest of spain , portugal and to mobiles . advantages : - international calls at the same rates as national calls - competitive tariffs for national calls - market leaders with international rates allowing savings up to 70 % 3 - iberica this is a postpaid service with highly competitive rates for local calls and calls to the rest of spain , portugal and mobile phones . international calls are also competitive . advantages : - spain and portugal at the same rate - interprovincial and provincial tariffs are the same - calls to portugal at the interprovincial tariff - competitive rates for calls to mobiles - international calls at very attractive tariffs tarifa mundo postpaid service with highly competitive rates on all international calls , but also offering very attractive prices for local calls , calls to the rest of spain , portugal and to mobiles . advantages : - international calls at the same rates as national calls - tariffs for national calls - market leaders with international rates allowing savings up to 70 % tarifa ib ? rica this is a postpaid service with highly competitive rates for local calls and calls to the rest of spain , portugal and mobile phones . international calls are also competitive . advantages : - spain and portugal at the same rate - interprovincial and provincial tariffs are the same - calls to portugal at the interprovincial tariff - competitive rates for calls to mobiles - international calls at very attractive tariffs tarifa mundo postpaid service with highly competitive rates on all international calls , but also offering very attractive prices for local calls , calls to the rest of spain , portugal and to mobiles . advantages : - international calls at the same rates as national calls - tariffs for national calls - market leaders with international rates allowing savings up to 70 % tarifa ib ? rica this is a postpaid service with highly competitive rates for local calls and calls to the rest of spain , portugal and mobile phones . international calls are also competitive . advantages : - spain and portugal at the same rate - interprovincial and provincial tariffs are the same - calls to portugal at the interprovincial tariff - competitive rates for calls to mobiles - international calls at very attractive tariffs mobiplus is a service designed for people using mobile telephones ( prepaid , contract and roaming ) to make their international calls and are looking for savings on these calls . advantages : - save up to 82 % on international calls made from mobiles - fast access to the mobiplus services through speed dial - multilingual customer services - automatic cli validation . no pin requested - flat rate - can be used from any mobile - quick and easy , no changes previous press releases * * * * * * * important notice and disclaimer : please read * * * * * * * magical stock , and affiliates ( ms ) , publishes reports providing information on selected companies that ms believes has investment potential . ms is not a registered investment advisor or broker - dealer . this report is provided as an information service only , and the statements and opinions in this report should not be construed as an offer or solicitation to buy or sell any security . ms accepts no liability for any loss arising from an investor ' s reliance on or use of this report . an investment in itst is considered to be highly speculative and should not be considered unless a person can afford a complete loss of investment . ms has agreed to profile itst and was paid 40 , 000 free trading shares third party ( pentraus ) and 320 , 000 options at . 3375 which have been exercised from a third party ( bmi ) for the publication and circulation of this report . ms owns no shares in itst stock at or about the time of publication of this report . subsequently ms may buy or sell shares of itst stock in the open market . this report contains forward - looking statements , which involve risks , and uncertainties that may cause actual results to differ materially from those set forth in the forward - looking statements . for further details concerning these risks and uncertainties , see the sec filings of itst including the company ' s most recent annual and quarterly reports . this message was sent to address paliourg @ iit . demokritos . gr to stop receiving emails from this recurring list , send a blank email to unsub - qniirnieptazl @ stocksnut . comorsend a mail with your email address to now technologies , 2234 north federal highway suite 481 , boca raton , florida 33431",REVIEW,"Promotion, Scam",Matched both Promotion and Scam keywords
"xterasys 802 . 11 g 54 mbps wireless pc card $ 29 . 00 wireless 802 . 11 g pc card $ 29 . 00 the xterasys xn - 2422 g 802 . 11 g wireless lan pc card incorporates the ieee 802 . 11 g standard ' s mandatory modulation schemes . with 11 g , it is backwards compatible with all the existing 802 . 11 b products on the market . it provides high performance 54 mbps operation and allows you to take full advantage of your pc ' s mobility with access to real - time information and online services anytime and anywhere ! visit : http : / www . computron - me . com for deals ! your one stop distributorjebel ali duty free zonedubai , uae . www . computron - me . com for latest clearance sale listing contact our sales department . only limited quantities available on selected specials ! ! ! ! for further details please send your enquiries to : dealers @ emirates . net . aeor contact via www . computron - me . com compaq hewlett packard 3 com dell intel iomega epson aopen creative toshiba apc cisco us robotics microsoft canon intellinet targus viewsonic ibm sony - - - - - - - and lots more ! ! ! if you have any complaints / suggestions contact : customerservice @ computron - me . com tel + 971 4 8834464 all prices in u . s . dollars , ex - works , fax + 971 4 8834454 jebel ali duty free zone www . computron - me . com prices and availability subject to change usa - canada u . a . e . without notice . to receive our special offers in plain text format reply to this mail with the request * for export only * this email can not be considered spam as long as we include : contact information remove instructions . this message is intended for dealer and resellers only . if you have somehow gotten on this list in error , or for any other reason would like to be removed , please reply with "" remove "" in the subject line of your message . this message is being sent to you in compliance with the federal legislation for commercial e - mail ( h . r . 4176 - section 101 paragraph ( e ) ( 1 ) ( a ) and bill s . 1618 title iii passed by the 105 th u . s . congress . all logos and trademarks are the property of their respective owners products may not be exactly as shown above - - to unsubscribe from : computron 6 , just follow this link : click the link , or copy and paste the address into your browser .",REVIEW,"Promotion, Scam",Matched both Promotion and Scam keywords
WINNER!! As a valued network customer you have been selected to receivea �900 prize reward! To claim call 09061701461. Claim code KL341. Valid 12 hours only.,REVIEW,"Promotion, Scam",Matched both Promotion and Scam keywords
"Your free ringtone is waiting to be collected. Simply text the password \MIX\"" to 85069 to verify. Get Usher and Britney. FML",REVIEW,"Promotion, Scam",Matched both Promotion and Scam keywords
You'll not rcv any more msgs from the chat svc. For FREE Hardcore services text GO to: 69988 If u get nothing u must Age Verify with yr network & try again,REVIEW,"Promotion, Scam",Matched both Promotion and Scam keywords
"WIN: We have a winner! Mr. T. Foley won an iPod! More exciting prizes soon, so keep an eye on ur mobile or visit www.win-82050.co.uk",REVIEW,"Promotion, Scam",Matched both Promotion and Scam keywords
WINNER! As a valued network customer you hvae been selected to receive a �900 reward! To collect call 09061701444. Valid 24 hours only. ACL03530150PM,REVIEW,"Promotion, Scam",Matched both Promotion and Scam keywords
"?? the secrets to SUCCESS Hi James, Have you claim your complimentary gift yet? I've compiled in here a special astrology gift that predicts everything about you in the future? This is your enabler to take the correct actions now. >> Click here to claim your copy now >> Claim yours now, and thank me later. Love, Heather",REVIEW,"Promotion, Scam",Matched both Promotion and Scam keywords
"10-1 MLB Expert Inside, Plus Everything You Need To Have A BLOCKBUSTER Saturday Hey Prachanda Rawal, Today's newsletter is Jam-Packed with everything you need to have a BLOCKBUSTER day, including an Insider Play, video picks, two Spotlight games, and Special Insider Deals. Just our way of saying thanks for being an Insider, so strap in, and let's have a GREAT Saturday. ____________________________________________ Expert Of The Day - Andre' IFill Andre ""The Tower"" Ifill is on another Strong MLB and he will keep it rolling today. Andre comes in off a perfect 5-0 day on the MLB Diamond and he is now 10-1 in his last 11. Now that is one heck of a run. Today, Andre has zeroed in of a HUGE MLB play that he is calling his Saturday Sizzler. Best Of All, This play is your's for just $14.00. CLICK HERE To Get Andre's Saturday Sizzler For Just $14.00 CLICK HERE To Get A Week Of Andre's MLB Plays For Just $59.00 Special Offer From Ceasars Ready to go Full Caesar? Place your first bet of $10 or more. If it doesn't win, Caesars will refund your bet up to $1250. And now they've sweetened the pot! Win OR lose you will get 1,000 reward credits AND 1,000 Tier credits! Now, THAT'S Full Caesar! Use promo code WINNERSFULL and sign up today! CLICK HERE Disclaimer: 21+. Terms and conditions apply Today's Top Spotlight Game Braves vs Reds by James Boutros The Atlanta Braves will be on the road as they take on the Cincinnati Reds. Jared Shuster will take the mound for the Braves. Granot spam Ashcraft is expected to be the starting pitcher for the Reds. Jared Shuster is expected to start for the Braves. He went 5.2 innings and gave up five hits, three walks, one earned run, and struck out two in a win in his last start against the Colorado Rockies. On the season, he has a record of 4-2 with a 4.57 ERA, 1.38 WHIP, and a 23/22 K/BB ratio in eight starts. Opposing batters are hitting .233 against Shuster. The Braves have been very good on offense this season. They are top 10 in the league in runs, hits, home runs, RBIs, batting average, OBP, SLG, and OPS. Matt Olson leads the team in home runs. Ronald Acuna leads the team in runs, hits, and stolen bases. Acuna is top five in the MLB in runs, hits, and stolen bases... CLICK HERE to finish reading and see our PREDICTION on this contest. CLICK HERE to see our PREDICTIONS on all of Today's MLB Action. Looking To Bet This Game? Check Out These Incredible Sportsbook Offers - CLICK HERE Will Rogers wants to tell you a secret. Ready? Here it is. CFL LINES PROVIDE THE MOST EXPLOITABLE ADVANTAGES OF ANY SPORT! Will has done exactly that so far this year, going a strong 6-1 on the CFL season so far. If you’re jonesing for football and you like soft lines, this 100% GUARANTEED CANADIAN CRUSHER is for you. Just $30.00. CLICK HERE ***JOIN Our Discord Community*** We know these cappers are hot, but don’t let the fun end here! Click the links below to follow us on Twitter and join our Discord Community, as we aim to take down the books. We’re cashing in on Picks, Parlays, contests, and more! This is your chance to talk to our experts and show off your skills. If you like next-level sports betting conversations, this is the place for you. CLICK HERE To Join The Community Our Expert Video Picks Everyday our Expert Handicappers prepare a daily Pick video for you! Each is just a few minutes long and covers their analysis on the game. CLICK HERE to watch Today's Videos on YouTube. Today's Spotlight Game #2 Astros vs Dodgers by Andre' IFill For anyone with chores on Saturday, take out the trash early. The Houston Astros (41-34) and Los Angeles Dodgers (41-33) are set to bang on Saturday night as they continue their weekend series. Dodger Stadium is hosting, and there won't be a shortage of cameras catching every angle. The first pitch on Saturday is scheduled for 7:15 p.m. EDT and FOX will have the broadcast as they did for their infamous 2017 World Series battle. These two dugouts will do whatever it takes for a win right now, as they are both barely clinging to playoff spots. Let's see the lengths they're willing to go. There isn't a club in the majors with a lower ERA than the Houston Astros. The bullpen is impressive, with top 10 marks in ERA, FIP, and WAR. However, the starting rotation is how the Astros won it all last season, and they've also been stellar in 2023. Unfortunately, injuries have taken their toll, thrusting Ronel Blanco into the rotation temporarily. As a starter this season, he's thrown 17.0 innings. In that time, he's allowed 17 hits, nine walks, five homers, and nine earned runs. His road ERA is 6.30, mostly due to one disastrous relief appearance in April... CLICK HERE to finish reading and see our PREDICTION on this contest. Another day, another solid 2-1 performance from Mike “Big Game” Briggs, running his major league heater to 14-4 in his last 18 Premium Plays. No one has spent more time atop the leaderboard than Briggs and if you haven’t given him a shot, today’s 100% GUARANTEED MLB MAX UNIT MONSTER is the perfect opportunity to do just that. This game goes at 1:10 ET and it is just $24.00. CLICK HERE Insider's Exclusive Pick We Got Back On Track Yesterday Our Freebie yesterday was on the Under 9 in the Minnesota/ Detroit game and it was an easy winner as just five runs were scored in the contest. We will look to Keep It Rolling today with a FREE play from Caleb Davis. Free Pick: Angels/ Rockies Over 12 The Angels have been able to hit the long ball well all season, and during night games they've managed to do so even more. Colorado is sitting right around the top 10 in overall batting average and appears to have found their swing of late, racking up 13 runs in their last three games and hitting 21 homers in 20 June contests. Colorado isn't foreign to giving up runs either and with the Angels' ability to drive runners in they should do so. Canning has had ball control issues at times this season and if the Rockies are able to make him work on the mound, they should like their chances to continue their hot hitting. Take the over.",REVIEW,"Promotion, Scam",Matched both Promotion and Scam keywords
"John, here’s a discount for your next safe rides ?? Bolt rides are not only affordable, but they also come with a number of safety features. Here are some of the things we do to ensure your safety: We train our drivers and verify their identity; Our app has ‘Share your ETA’ and emergency assist buttons; We use rider feedback to improve future journeys. Learn all about Bolt’s safety measures here. OPEN THE APP Safe travels! ?? The Bolt team N.B. This is a limited-time offer that you can use from 2023-07-18 until 2023-07-24 in Nairobi, Kenya. More information in the app. Discount is valid for up to 250 KES per trip.",REVIEW,"Promotion, Scam",Matched both Promotion and Scam keywords
"Meeting with Walid TOMORROW Hello Walid, Our Zoom call meeting is tomorrow - Thursday, July 20th at 3pm EST (New York time). Register for your free space here It's called ""Money While You Sleep"". You'll learn how it's possible to earn an income, automatically, 24 hours a day (yes, even while you sleep!). The host will reveal this little-known, almost secret, side hustle income which is enabling ordinary people - just like you and me - to make $5000+ per month from working just 3-4 hours per week. The host will explain, step-by-step, how you can easily ""clone"" this simple yet highly profitable side hustle for yourself. - No experience or special skills needed - Quick and easy to get up and running - All you need is internet access Due to technical limitations, only a certain number of participants can attend. So if you'd like to attend this special Zoom call (it's FREE), then click the link below. Register for your free space here Regards, Alex",REVIEW,"Promotion, Scam",Matched both Promotion and Scam keywords
"Style with Denim Comfortable & Durable Love, Bonito NEW IN BESTSELLERS Just the thing for every kind of personality there is. Time to shine in this wardrobe classic. SHOP DENIM Here’s How to Style Denim Model-off-duty look: Denim Jeans + White Top Elevate your look instantly by layering on a blazer or matching the outfit to a pair of heels. GET THE LOOK Fuss-free pairing: Denim + different fabric Denim works with just about any fabric, pattern or texture. PICK YOUR PAIRING Contrast with colour: Denim + pop of colour Think electric blue, vibrant red, sunny yellow, hot pink, or emerald green. ADD TO CART Or go full on denim Complete with sneakers or heels, depending on the occasion. MAKE YOUR STATEMENT ABOUT US STORES PROMOTIONS FAQ fb ig yt Love, Bonito is a registered trademark of LOVEBONITO HOLDINGS PTE LTD. You are receiving this email because you subscribed or opted in at our website. We’d hate to see you go, but you can unsubscribe at anytime here. Have trouble viewing this email? Click here.",REVIEW,"Promotion, Scam",Matched both Promotion and Scam keywords
"Walid, Get Paid to Listen to Music Hi Walid, Do you listen to music on Spotify, YouTube, Amazon or Apple? If you do - you qualify! You could be making $50 for every song you stream... All it takes is 3 steps... Step 1: Create Your Account Create your account here Step 2: Pick Your Favourite Artist Select from thousands of artists and vibe to the music Step 3: Get Paid That's it, for every song you stream... => Click here right now to start instantly Regards, Alex --- ?? Connect with us on Telegram: https://t.me/moneymakingcentral",REVIEW,"Promotion, Scam",Matched both Promotion and Scam keywords
"Enjoy more talktime when you recharge your Airtel line! Using your smartcash bank account, you get 100% bonus on every Airtime recharge you do. To activate, dial *939# now or click https://smartcash.onelink.me/Dnai/",REVIEW,"Promotion, Scam",Matched both Promotion and Scam keywords
