text,label
Account *****535 has been created for you.,transaction
"Dear Customer, thank you for opening a new AED account with ADIB. Your a/c number is: ****0535. For any assistance please call 600543216 or visit adib.ae.",transaction
"Dear Customer, thank you for requesting a new chequebook for your A/C NO: ****0535. Your request will be fulfilled at the earliest. Sincerely, ADIB",transaction
"Dear Customer, AED 25806.50 was credited to your account ****0535. Your available account balance is AED 25806.50",transaction
"Dear Customer, AED 12800.00 was debited from your account ****0535. Your available account balance is AED 13006.50",transaction
Trx. of AED 50.00 on your a/c ****0535 at ABU DHABI NATIONAL OIL ABU DHABI AE. Avl Bal is AED 12956.50,transaction
Trx. of AED 78.75 on your a/c ****0535 at ART HOUSE CAFE ABU DHABI AE. Avl Bal is AED 12877.75,transaction
"Dear Customer, ATM Cash Withdrawal for AED 100.00 was debited from your account ****0535. Your Avl Bal is AED 12777.75.",transaction
"Dear Customer, ATM Cash Withdrawal for AED 12000.00 was debited from your account ****0535. Your Avl Bal is AED 777.75.",transaction
Trx. of AED 40.00 on your a/c ****0535 at ZOMATO ORDER DUBAI AE. Avl Bal is AED 737.75,transaction
Trx. of AED 50.00 on your a/c ****0535 at ABU DHABI NATIONAL OIL ABU DHABI AE. Avl Bal is AED 687.75,transaction
Trx. of AED 87.75 on your a/c ****0535 at FLAKES HUB RESTURANT ABU DHABI AE. Avl Bal is AED 600.00,transaction
Trx. of AED 54.00 on your a/c ****0535 at BREATH CAFE ABU DHABI AE. Avl Bal is AED 546.00,transaction
Trx. of AED 113.40 on your a/c ****0535 at ART HOUSE CAFE ABU DHABI AE. Avl Bal is AED 432.60,transaction
Trx. of AED 100.00 on your a/c ****0535 at ABU DHABI NATIONAL OIL ABU DHABI AE. Avl Bal is AED 332.60,transaction
"Dear Customer, AED 310.00 was debited from your account ****0535. Your available account balance is AED 22.60",transaction
"Dear Customer, AED 16000.00 was credited to your account ****0535. Your available account balance is AED 16022.60",transaction
"Dear Customer, AED 8000.00 was debited from your account ****0535. Your available account balance is AED 8022.60",transaction
Trx. of AED 369.00 on your a/c ****0535 at www.groupon.ae groupon.ae IE. Avl Bal is AED 7653.60,transaction
"Dear Customer, AED 100.00 was debited from your account ****0535. Your available account balance is AED 7553.60",transaction
"Dear Customer, AED 1200.00 was credited to your account ****0535. Your available account balance is AED 8753.60",transaction
Trx. of AED 67.20 on your a/c ****0535 at GERARD PATISSERIE ABU DHABI AE. Avl Bal is AED 8686.40,transaction
"Dear Customer, ATM Cash Withdrawal for AED 3000.00 was debited from your account ****0535. Your Avl Bal is AED 5686.40.",transaction
"Dear Customer, AED 100.00 was debited from your account ****0535. Your available account balance is AED 5585.40",transaction
Trx. of AED 3.75 on your a/c ****0535 at ADNOC MAHAWIS/S917 ABU DHABI AE. Avl Bal is AED 5581.65,transaction
Trx. of AED 12.00 on your a/c ****0535 at MCDONALDS-ADNOC MUSHRI DUBAI AE. Avl Bal is AED 5569.65,transaction
Trx. of AED 7.25 on your a/c ****0535 at MCDONALDS-ADNOC MUSHRI DUBAI AE. Avl Bal is AED 5562.40,transaction
Trx. of AED 6.00 on your a/c ****0535 at MCDONALDS-ADNOC MUSHRI DUBAI AE. Avl Bal is AED 5556.40,transaction
Trx. of AED 11.50 on your a/c ****0535 at AL KARAM MOBILE PHONES ABU DHABI AE. Avl Bal is AED 5544.90,transaction
Trx. of AED 120.75 on your a/c ****0535 at STARBUCKS -D625 ALSHAY ABU DHABI AE. Avl Bal is AED 5424.15,transaction
Transaction of AED 12.60 debited from your a/c ****0535 at GULF PASTRY LLC ABU DHABI AE. Avl Bal is AED 5411.55,transaction
Transaction of AED 22.00 debited from your a/c ****0535 at TEA JUNCTION EXPRESS ABU DHABI AE. Avl Bal is AED 5389.55,transaction
Transaction of AED 8.50 debited from your a/c ****0535 at PARAKANDY ABDUL MAJEED ABU DHABI AE. Avl Bal is AED 5381.05,transaction
Transaction of AED 70.00 debited from your a/c ****0535 at ADNOC BANIYAS(NORTH)95 ABU DHABI AE. Avl Bal is AED 5311.05,transaction
Transaction of AED 12.00 debited from your a/c ****0535 at TEA JUNCTION EXPRESS ABU DHABI AE. Avl Bal is AED 5299.05,transaction
Transaction of AED 181.00 debited from your a/c ****0535 at APPLEBEES ABU DHABI AE. Avl Bal is AED 5118.05,transaction
Transaction of AED 15.00 debited from your a/c ****0535 at PARAKANDY ABDUL MAJEED ABU DHABI AE. Avl Bal is AED 5103.05,transaction
Transaction of AED 50.00 debited from your a/c ****0535 at ADNOC S/S -754 SHAWAMA ABU DHABI AE. Avl Bal is AED 5053.05,transaction
Transaction of AED 315.00 debited from your a/c ****0535 at FEATHERS FASHION-YASS AUH AE. Avl Bal is AED 4738.05,transaction
Transaction of AED 237.30 debited from your a/c ****0535 at NOMINATION ITALY ACCES ABU DHABI AE. Avl Bal is AED 4500.75,transaction
Transaction of AED 22.00 debited from your a/c ****0535 at STARBUCKS -D459 AL SHA ABU DHABI AE. Avl Bal is AED 4478.75,transaction
"Dear Customer, AED 16000.00 was credited to your account ****0535. Your available account balance is AED 20478.75",transaction
Transaction of AED 114.19 debited from your a/c ****0535 at ART HOUSE CAFE ABU DHABI AE. Avl Bal is AED 20364.56,transaction
"Dear Customer, AED 14000.00 was debited from your account ****0535. Your available account balance is AED 6364.56",transaction
"Dear Customer, AED 500.00 was debited from your account ****0535. Your available account balance is AED 5863.51",transaction
"Dear Customer, AED 1.05 was debited from your account ****0535. Your available account balance is AED 5863.51",transaction
"Dear Customer, AED 1.05 was debited from your account ****0535. Your available account balance is AED 2362.46",transaction
"Dear Customer, AED 3500.00 was debited from your account ****0535. Your available account balance is AED 2362.46",transaction
Transaction of AED 189.79 debited from your a/c ****0535 at SNATCH RESTAURANT ABU DHABI AE. Avl Bal is AED 2172.67,transaction
Transaction of AED 50.00 debited from your a/c ****0535 at ADNOC AUH INT AIR 993 ABU DHABI AE. Avl Bal is AED 2122.67,transaction
Transaction of AED 0.34 debited from your a/c ****0535 at KERMALAK RESTAURANT ABU DHABI AE. Avl Bal is AED 2122.33,transaction
Transaction of AED 33.60 debited from your a/c ****0535 at KERMALAK RESTAURANT ABU DHABI AE. Avl Bal is AED 2088.73,transaction
Transaction of AED 50.00 debited from your a/c ****0535 at ADNOC JURNYAFOORS/S-95 ABU DHABI AE. Avl Bal is AED 2038.73,transaction
"Dear Customer, AED 300.00 was debited from your account ****0535. Your available account balance is AED 1738.73",transaction
Transaction of AED 18.00 debited from your a/c ****0535 at CAFTERIA ALRAAI ABU DHABI AE. Avl Bal is AED 1720.73,transaction
Transaction of AED 38.65 debited from your a/c ****0535 at AL BATEEN MALL SUPERMAR ABU DHABI AE. Avl Bal is AED 1682.08,transaction
Transaction of AED 100.00 debited from your a/c ****0535 at ADNOC JURNYAFOORS/S-95 ABU DHABI AE. Avl Bal is AED 1582.08,transaction
Transaction of AED 21.00 debited from your a/c ****0535 at FRUITESCA JUICE ABU DHABI AE. Avl Bal is AED 1561.08,transaction
Transaction of AED 114.19 debited from your a/c ****0535 at ART HOUSE CAFE ABU DHABI AE. Avl Bal is AED 1446.89,transaction
Transaction of AED 25.00 debited from your a/c ****0535 at ZOMATO ORDER DUBAI AE. Avl Bal is AED 1421.89,transaction
Transaction of AED 16.25 debited from your a/c ****0535 at FARAH EXPERIENCES ABU DHABI AE. Avl Bal is AED 1405.64,transaction
Transaction of AED 35.20 debited from your a/c ****0535 at ZOMATO ORDER DUBAI AE. Avl Bal is AED 1370.44,transaction
"Dear Customer, AED 630.00 was debited from your account ****0535. Your available account balance is AED 740.44",transaction
Transaction of AED 65.11 debited from your a/c ****0535 at FALCON PACK ABU DHABI AE. Avl Bal is AED 675.33,transaction
Transaction of AED 90.16 debited from your a/c ****0535 at WEAR MART BRANCH 3 ABU DHABI AE. Avl Bal is AED 585.17,transaction
"Dear Customer, AED 110.00 was debited from your account ****0535. Your available account balance is AED 475.17",transaction
Transaction of AED 54.00 debited from your a/c ****0535 at LULU HYPERMARKET- WTC Abu Dhabi AE. Avl Bal is AED 421.17,transaction
Transaction of AED 79.50 debited from your a/c ****0535 at TARGET PHARMACY -055039 ABU DHABI AE. Avl Bal is AED 341.67,transaction
"Dear Customer, AED 100.00 was debited from your account ****0535. Your available account balance is AED 241.67",transaction
"Dear Customer, AED 200.00 was debited from your account ****0535. Your available account balance is AED 41.67",transaction
Transaction of AED 30.00 debited from your a/c ****0535 at ADNOC AL MAFRAQ S-171 ABU DHABI AE. Avl Bal is AED 11.67,transaction
"Dear Customer, profit of AED 0.91 was credited to your account ****0535.",transaction
"Dear Customer, AED 16000.00 was credited to your account ****0535. Your available account balance is AED 30012.58",transaction
"Dear Customer, AED 5000.00 was debited from your account ****0535. Your available account balance is AED 25011.53",transaction
"Dear Customer, AED 1.05 was debited from your account ****0535. Your available account balance is AED 25011.53",transaction
Transaction of AED 2913.00 debited from your a/c ****0535 at ETIHAD AIRWAYS EY LBAYDV RAS AL KHAIMA AE. Avl Bal is AED 22098.53,transaction
Transaction of AED 2913.00 debited from your a/c ****0535 at ETIHAD AIRWAYS EY XONNYM RAS AL KHAIMA AE. Avl Bal is AED 19185.53,transaction
"Dear Customer, AED 100.00 was debited from your account ****0535. Your available account balance is AED 19084.48",transaction
"Dear Customer, AED 1.05 was debited from your account ****0535. Your available account balance is AED 19084.48",transaction
"Dear Customer, AED 100.00 was debited from your account ****0535. Your available account balance is AED 18984.48",transaction
Transaction of AED 500.00 debited from your a/c ****0535 at ABU DHABI NATIONAL OIL ABU DHABI AE. Avl Bal is AED 18484.48,transaction
"Dear Customer, AED 10000.00 was credited to your account ****0535. Your available account balance is AED 28484.48",transaction
"Dear Customer, AED 800.00 was credited to your account ****0535. Your available account balance is AED 29284.48",transaction
"Dear Customer, AED 3000.00 was debited from your account ****0535. Your available account balance is AED 26284.48",transaction
"Dear Customer, AED 24200.00 was debited from your account ****0535. Your available account balance is AED 2084.48",transaction
"Dear Customer, AED 26.00 was credited to your account ****0535. Your available account balance is AED 2110.48",transaction
Transaction of AED 36.75 debited from your a/c ****0535 at FRUITESCA JUICE ABU DHABI AE. Avl Bal is AED 2073.73,transaction
Transaction of AED 33.60 debited from your a/c ****0535 at PARAKANDY ABDUL MAJEED ABU DHABI AE. Avl Bal is AED 2040.13,transaction
"Dear Customer, profit of AED 5.98 was credited to your account ****0535.",transaction
"Dear Customer, AED 100.00 was credited to your account ****0535. Your available account balance is AED 2146.11",transaction
Transaction of AED 70.00 debited from your a/c ****0535 at WELCOME SKY TRAV-710604 DUBAI AE. Avl Bal is AED 2076.11,transaction
"Dear Customer, AED 2500.00 was credited to your account ****0535. Your available account balance is AED 4576.11",transaction
"Dear Customer, AED 2500.00 was debited from your account ****0535. Your available account balance is AED 2076.11",transaction
Transaction of AED 4.65 debited from your a/c ****0535 at Smart Dubai Government Dubai AE. Avl Bal is AED 2071.46,transaction
"A POS Trxn on your Account No ****0535 at Smart Dubai Government, Dubai in AE on 02/06/19 for AED 4.65 is reversed.",transaction
Transaction of AED 50.00 debited from your a/c ****0535 at Smart Dubai Government Dubai AE. Avl Bal is AED 2026.11,transaction
"Dear Customer, AED 300.00 was debited from your account ****0535. Your available account balance is AED 1726.11",transaction
Transaction of AED 65.00 debited from your a/c ****0535 at STARBUCKS -D459 AL SHA ABU DHABI AE. Avl Bal is AED 1661.11,transaction
"Dear Customer, AED 100.00 was debited from your account ****0535. Your available account balance is AED 1561.11",transaction
"Dear Customer, profit of AED 18.51 was credited to your account ****0535.",transaction
Transaction of AED 106.75 debited from your a/c ****0535 at LULU HYPERMARKET- WTC Abu Dhabi AE. Avl Bal is AED 14272.87,transaction
Transaction of AED 20.00 debited from your a/c ****0535 at MCDONALDS-54007 ABU DHABI AE. Avl Bal is AED 14252.87,transaction
Transaction of AED 35.00 debited from your a/c ****0535 at ADNOC AL CORNICHES-S93 ABU DHABI AE. Avl Bal is AED 14217.87,transaction
Transaction of AED 35.00 debited from your a/c ****0535 at ADNOC AL CORNICHES-S93 ABU DHABI AE. Avl Bal is AED 14182.87,transaction
"Dear Customer, AED 700.00 was debited from your account ****0535. Your available account balance is AED 13482.87",transaction
"Dear Customer, AED 12800.00 was debited from your account ****0535. Your available account balance is AED 682.87",transaction
Transaction of AED 55.00 debited from your a/c ****0535 at KUWAIT FOOD CO AMERICAN DUBAI AE. Avl Bal is AED 627.87,transaction
Transaction of AED 20.21 debited from your a/c ****0535 at CINE ROYAL CINEMA-DALM ABU DHABI AE. Avl Bal is AED 607.66,transaction
Transaction of AED 36.76 debited from your a/c ****0535 at GULF FILM LLC DUBAI AE. Avl Bal is AED 570.90,transaction
Transaction of AED 38.00 debited from your a/c ****0535 at GULF FILM LLC -791101 DUBAI AE. Avl Bal is AED 532.90,transaction
Transaction of AED 262.50 debited from your a/c ****0535 at RIVAL LADIES BEAUTY SA ABU DHABI AE. Avl Bal is AED 270.40,transaction
Transaction of AED 37.80 debited from your a/c ****0535 at ASEER TIME AL KUWAIT ABU DHABI AE. Avl Bal is AED 232.60,transaction
"Dear Customer, AED 1029.00 was credited to your account ****0535. Your available account balance is AED 1261.60",transaction
"Dear Customer, AED 1000.00 was debited from your account ****0535. Your available account balance is AED 261.60",transaction
"Dear Customer, AED 150.00 was credited to your account ****0535. Your available account balance is AED 411.60",transaction
Transaction of AED 42.00 debited from your a/c ****0535 at CONTINENTAL FOOD-399108 SHARJAH AE. Avl Bal is AED 369.60,transaction
Transaction of AED 30.30 debited from your a/c ****0535 at CARREFOUR DUBAI AE. Avl Bal is AED 339.30,transaction
Transaction of AED 183.00 debited from your a/c ****0535 at KUWAIT FOOD CO AMERICAN DUBAI AE. Avl Bal is AED 156.30,transaction
Transaction of AED 37.00 debited from your a/c ****0535 at GGICO GOURMET INVESTME ABU DHABI AE. Avl Bal is AED 119.30,transaction
Transaction of AED 94.00 debited from your a/c ****0535 at STARBUCKS-D717-ADNOC AUH AE. Avl Bal is AED 25.30,transaction
"Dear Customer, AED 100.00 was credited to your account ****0535. Your available account balance is AED 125.30",transaction
Transaction of AED 73.50 debited from your a/c ****0535 at ART HOUSE CAFE ABU DHABI AE. Avl Bal is AED 51.80,transaction
"Dear Customer, AED 1000.00 was credited to your account ****0535. Your available account balance is AED 1051.80",transaction
"Dear Customer, AED 1000.00 was debited from your account ****0535. Your available account balance is AED 51.80",transaction
"Dear Customer, AED 100.00 was credited to your account ****0535. Your available account balance is AED 151.80",transaction
"Dear Customer, AED 100.00 was debited from your account ****0535. Your available account balance is AED 51.80",transaction
POS Trxn. REJECTED due to insufficient funds at KUWAITI CUISINE-BR ABU DHABI AE on 17/06/19 for AED 52.50 on your Account No ****0535,transaction
"Dear Customer, AED 100.00 was credited to your account ****0535. Your available account balance is AED 109.30",transaction
"Dear Customer, AED 10.00 was credited to your account ****0535. Your available account balance is AED 109.30",transaction
Transaction of AED 52.50 debited from your a/c ****0535 at KUWAITI CUISINE-BR ABU DHABI AE. Avl Bal is AED 109.30,transaction
Transaction of AED 12.60 debited from your a/c ****0535 at PARAKANDY ABDUL MAJEED ABU DHABI AE. Avl Bal is AED 96.70,transaction
"Dear Customer, AED 3200.00 was credited to your account ****0535. Your available account balance is AED 3296.70",transaction
Transaction of AED 8.00 debited from your a/c ****0535 at PARAKANDY ABDUL MAJEED ABU DHABI AE. Avl Bal is AED 3288.70,transaction
"Dear Customer, AED 3200.00 was debited from your account ****0535. Your available account balance is AED 88.70",transaction
Transaction of AED 45.20 debited from your a/c ****0535 at TALABAT MIDDLE EAST IN DUBAI AE. Avl Bal is AED 43.50,transaction
Transaction of AED 47.00 debited from your a/c ****0535 at FIRST FOOD SERVI-051148 ABU DHABI AE. Avl Bal is AED 46.50,transaction
"Dear Customer, AED 50.00 was credited to your account ****0535. Your available account balance is AED 46.50",transaction
Transaction of AED 5.00 debited from your a/c ****0535 at BANIYAS CO-OP-MAFRAQ ABU DHABI AE. Avl Bal is AED 41.50,transaction
Transaction of AED 30.00 debited from your a/c ****0535 at FLORA JEWELLERY ABU DHABI AE. Avl Bal is AED 11.50,transaction
"Dear Customer, AED 50.00 was credited to your account ****0535. Your available account balance is AED 61.50",transaction
Transaction of AED 26.00 debited from your a/c ****0535 at STARBUCKS-ADNOC-D843 ABU DHABI AE. Avl Bal is AED 35.50,transaction
"Dear Customer, AED 1419.00 was credited to your account ****0535. Your available account balance is AED 1454.50",transaction
"Dear Customer, AED 1000.00 was debited from your account ****0535. Your available account balance is AED 454.50",transaction
"Dear Customer, AED 100.00 was debited from your account ****0535. Your available account balance is AED 354.50",transaction
"Dear Customer, AED 300.00 was credited to your account ****0535. Your available account balance is AED 654.50",transaction
"Dear Customer, AED 300.00 was debited from your account ****0535. Your available account balance is AED 354.50",transaction
"Dear Customer, AED 200.00 was debited from your account ****0535. Your available account balance is AED 154.50",transaction
"Dear Customer, AED 200.00 was credited to your account ****0535. Your available account balance is AED 354.50",transaction
"Dear Customer, AED 20.00 was credited to your account ****0535. Your available account balance is AED 374.50",transaction
Transaction of AED 37.00 debited from your a/c ****0535 at FIRST FOOD SERVI-051148 ABU DHABI AE. Avl Bal is AED 337.50,transaction
Transaction of AED 5.00 debited from your a/c ****0535 at BANIYAS CO-OP-MAFRAQ ABU DHABI AE. Avl Bal is AED 332.50,transaction
"Dear Customer, AED 20.00 was debited from your account ****0535. Your available account balance is AED 312.50",transaction
Transaction of AED 10.50 debited from your a/c ****0535 at PARAKANDY ABDUL MAJEED ABU DHABI AE. Avl Bal is AED 302.00,transaction
Transaction of AED 13.65 debited from your a/c ****0535 at GULF PASTRY LLC ABU DHABI AE. Avl Bal is AED 288.35,transaction
Transaction of AED 22.00 debited from your a/c ****0535 at STARBUCKS-ADNOC-D843 ABU DHABI AE. Avl Bal is AED 266.35,transaction
Transaction of AED 22.25 debited from your a/c ****0535 at ADNOC RABDAN SS162 ABU DHABI AE. Avl Bal is AED 244.10,transaction
Transaction of AED 10.50 debited from your a/c ****0535 at GULF PASTRY LLC ABU DHABI AE. Avl Bal is AED 233.60,transaction
Transaction of AED 10.00 debited from your a/c ****0535 at ALDAR WTC CAR PARK ABU DHABI AE. Avl Bal is AED 223.60,transaction
Transaction of AED 64.00 debited from your a/c ****0535 at TALABAT MIDDLE EAST IN DUBAI AE. Avl Bal is AED 16159.60,transaction
"Dear Customer, AED 16000.00 was credited to your account ****0535. Your available account balance is AED 16159.60",transaction
"Dear Customer, AED 2100.00 was credited to your account ****0535. Your available account balance is AED 18259.60",transaction
"Dear Customer, AED 4000.00 was debited from your account ****0535. Your available account balance is AED 14258.55",transaction
"Dear Customer, AED 1.05 was debited from your account ****0535. Your available account balance is AED 14258.55",transaction
"Dear Customer, AED 11500.00 was debited from your account ****0535. Your available account balance is AED 2758.55",transaction
"Dear Customer, AED 501.05 was debited from your account ****0535. Your available account balance is AED 2257.50",transaction
Transaction of AED 250.00 debited from your a/c ****0535 at ABU DHABI NATIONAL OIL ABU DHABI AE. Avl Bal is AED 2007.50,transaction
"Dear Customer, AED 100.00 was debited from your account ****0535. Your available account balance is AED 1907.50",transaction
"Dear Customer, AED 400.00 was debited from your account ****0535. Your available account balance is AED 1507.50",transaction
"Dear Customer, AED 500.00 was debited from your account ****0535. Your available account balance is AED 1007.50",transaction
"Dear Customer, AED 150.00 was debited from your account ****0535. Your available account balance is AED 857.50",transaction
Transaction of AED 24.15 debited from your a/c ****0535 at KARAM AL SHAM RESTAURAN ABU DHABI AE. Avl Bal is AED 834.68,transaction
Transaction of AED 46.00 debited from your a/c ****0535 at KFC YAS MALL DUBAI AE. Avl Bal is AED 788.68,transaction
"Dear Customer, profit of AED 1.33 was credited to your account ****0535.",transaction
"Dear Customer, AED 105.00 was debited from your account ****0535. Your available account balance is AED 683.68",transaction
Transaction of AED 104.00 debited from your a/c ****0535 at Kuwait Food Co Americana 600522252 AE. Avl Bal is AED 579.68,transaction
Transaction of AED 10.50 debited from your a/c ****0535 at PARAKANDY ABDUL MAJEED ABU DHABI AE. Avl Bal is AED 569.18,transaction
Transaction of AED 35.00 debited from your a/c ****0535 at TEA JUNCTION EXPRESS ABU DHABI AE. Avl Bal is AED 534.18,transaction
Transaction of AED 45.15 debited from your a/c ****0535 at KARAM AL SHAM RESTAURAN ABU DHABI AE. Avl Bal is AED 489.03,transaction
"Dear Customer, AED 30.00 was debited from your account ****0535. Your available account balance is AED 459.03",transaction
"Dear Customer, AED 2030.00 was credited to your account ****0535. Your available account balance is AED 2489.03",transaction
"Dear Customer, AED 2000.00 was debited from your account ****0535. Your available account balance is AED 489.03",transaction
Transaction of AED 59.00 debited from your a/c ****0535 at Kuwait Food Co Americana 600569999 AE. Avl Bal is AED 430.03,transaction
Transaction of AED 17.00 debited from your a/c ****0535 at TIM HORTONS -134127 DUBAI AE. Avl Bal is AED 413.03,transaction
Transaction of AED 17.00 debited from your a/c ****0535 at TIM HORTONS -134127 DUBAI AE. Avl Bal is AED 396.03,transaction
Transaction of AED 40.95 debited from your a/c ****0535 at MAYA LA CHOCOLATERIE3 abudhabi AE. Avl Bal is AED 355.08,transaction
Transaction of AED 26.26 debited from your a/c ****0535 at AL MANDI & AL MADHBI ABU DHABI AE. Avl Bal is AED 328.82,transaction
Transaction of AED 14.70 debited from your a/c ****0535 at CRYSTAL BAKERIES N ABU DHABI AE. Avl Bal is AED 314.12,transaction
"Dear Customer, AED 1000.00 was credited to your account ****0535. Your available account balance is AED 1314.12",transaction
Transaction of AED 1000.00 debited from your a/c ****0535 at HEALTH LINE MEDICAL ABU DHABI AE. Avl Bal is AED 314.12,transaction
"Dear Customer, AED 100.00 was credited to your account ****0535. Your available account balance is AED 414.12",transaction
Transaction of AED 383.56 debited from your a/c ****0535 at Smiles Abu Dhabi AE. Avl Bal is AED 30.56,transaction
"Dear Customer, AED 20.00 was credited to your account ****0535. Your available account balance is AED 50.56",transaction
Transaction of AED 50.00 debited from your a/c ****0535 at Smart Dubai Government Dubai AE. Avl Bal is AED 0.56,transaction
"Dear Customer, AED 100.00 was credited to your account ****0535. Your available account balance is AED 100.56",transaction
"Dear Customer, AED 50.00 was credited to your account ****0535. Your available account balance is AED 130.56",transaction
"Dear Customer, AED 20.00 was debited from your account ****0535. Your available account balance is AED 130.56",transaction
Transaction of AED 122.75 debited from your a/c ****0535 at DU (EITC) DUBAI AE. Avl Bal is AED 7.81,transaction
Transaction of AED 2.00 debited from your a/c ****0535 at ADNOC SHAWAMEKH S754 ABU DHABI AE. Avl Bal is AED 5.81,transaction
Transaction of AED 2.00 debited from your a/c ****0535 at ADNOC SHAWAMEKH S754 ABU DHABI AE. Avl Bal is AED 3.81,transaction
"Dear Customer, AED 200.00 was credited to your account ****0535. Your available account balance is AED 203.81",transaction
"Dear Customer, AED 50.00 was debited from your account ****0535. Your available account balance is AED 153.81",transaction
"Dear Customer, AED 150.00 was debited from your account ****0535. Your available account balance is AED 3.81",transaction
"Dear Customer, AED 150.00 was credited to your account ****0535. Your available account balance is AED 153.81",transaction
Transaction of AED 2.00 debited from your a/c ****0535 at ADNOC SHAWAMEKH S754 ABU DHABI AE. Avl Bal is AED 151.81,transaction
Transaction of AED 21.00 debited from your a/c ****0535 at TEA BREAK CAFE - BRANC ABU DHABI AE. Avl Bal is AED 130.81,transaction
"Dear Customer, AED 16000.00 was credited to your account ****0535. Your available account balance is AED 16130.81",transaction
Transaction of AED 500.00 debited from your a/c ****0535 at ABU DHABI NATIONAL OIL ABU DHABI AE. Avl Bal is AED 15630.81,transaction
Transaction of AED 150.15 debited from your a/c ****0535 at MILAS RESTAURANT DUBAI AE. Avl Bal is AED 15480.66,transaction
"Dear Customer, AED 700.00 was debited from your account ****0535. Your available account balance is AED 14780.66",transaction
"Dear Customer, AED 4150.00 was debited from your account ****0535. Your available account balance is AED 10629.61",transaction
"Dear Customer, AED 1.05 was debited from your account ****0535. Your available account balance is AED 10629.61",transaction
"Dear Customer, AED 607.00 was debited from your account ****0535. Your available account balance is AED 10022.61",transaction
"Dear Customer, AED 1.00 was debited from your account ****0535. Your available account balance is AED 10021.61",transaction
"Dear Customer, AED 1000.00 was debited from your account ****0535. Your available account balance is AED 9021.61",transaction
"Dear Customer, AED 290.00 was debited from your account ****0535. Your available account balance is AED 8731.61",transaction
Transaction of AED 23.00 debited from your a/c ****0535 at TEA BREAK CAFE - BRANC ABU DHABI AE. Avl Bal is AED 8708.61,transaction
Transaction of AED 26.00 debited from your a/c ****0535 at DUNES HOSPITALITY ABU DHABI AE. Avl Bal is AED 8682.61,transaction
Transaction of AED 945.00 debited from your a/c ****0535 at AL FUJAIRAH NAT.INS.AU Abu Dhabi AE. Avl Bal is AED 7737.61,transaction
Transaction of AED 710.85 debited from your a/c ****0535 at AL FUJAIRAH NAT.INS.AU Abu Dhabi AE. Avl Bal is AED 7026.76,transaction
"Dear Customer, AED 711.00 was credited to your account ****0535. Your available account balance is AED 7737.76",transaction
"Dear Customer, AED 7737.00 was debited from your account ****0535. Your available account balance is AED 0.76",transaction
"Dear Customer, AED 30.00 was credited to your account ****0535. Your available account balance is AED 30.76",transaction
"Dear Customer, AED 15.00 was debited from your account ****0535. Your available account balance is AED 15.76",transaction
"Dear Customer, AED 50.00 was credited to your account ****0535. Your available account balance is AED 65.76",transaction
Transaction of AED 35.00 debited from your a/c ****0535 at ADNOC MAHAWIS/S917 ABU DHABI AE. Avl Bal is AED 30.76,transaction
"Dear Customer, AED 200.00 was credited to your account ****0535. Your available account balance is AED 230.76",transaction
"Dear Customer, AED 153.51 was credited to your account ****0535. Your available account balance is AED 384.27",transaction
Transaction of AED 165.00 debited from your a/c ****0535 at ADNOC MAHAWI VI-134 ABU DHABI AE. Avl Bal is AED 219.27,transaction
"Dear Customer, AED 12850.00 was credited to your account ****0535. Your available account balance is AED 13069.27",transaction
"Dear Customer, AED 1.05 was debited from your account ****0535. Your available account balance is AED 3068.22",transaction
"Dear Customer, AED 10000.00 was debited from your account ****0535. Your available account balance is AED 3068.22",transaction
"Dear Customer, AED 650.00 was debited from your account ****0535. Your available account balance is AED 2418.22",transaction
Transaction of AED 67.50 debited from your a/c ****0535 at ZOMATO ORDER DUBAI AE. Avl Bal is AED 2350.72,transaction
"Dear Customer, AED 350.00 was debited from your account ****0535. Your available account balance is AED 2000.72",transaction
"Dear Customer, AED 1500.00 was debited from your account ****0535. Your available account balance is AED 499.67",transaction
"Dear Customer, AED 1.05 was debited from your account ****0535. Your available account balance is AED 499.67",transaction
Transaction of AED 11.50 debited from your a/c ****0535 at HOT KING KARAK CAFETERIA ABU DHABI AE. Avl Bal is AED 488.17,transaction
Transaction of AED 50.00 debited from your a/c ****0535 at ADNOC OFFICER''S CITY-S ABUDHABI AE. Avl Bal is AED 438.17,transaction
Transaction of AED 8.50 debited from your a/c ****0535 at ADNOC OFFICERS CITYS95 ABU DHABI AE. Avl Bal is AED 429.67,transaction
Transaction of AED 15.00 debited from your a/c ****0535 at FIRST FOOD SERVI-051152 ABU DHABI AE. Avl Bal is AED 414.67,transaction
Transaction of AED 185.00 debited from your a/c ****0535 at IBIS GATE HOTEL ABU DHABI AE. Avl Bal is AED 229.67,transaction
"Dear Customer, AED 270.00 was credited to your account ****0535. Your available account balance is AED 499.67",transaction
"Dear Customer, AED 100.00 was debited from your account ****0535. Your available account balance is AED 399.67",transaction
"Dear Customer, AED 100.00 was credited to your account ****0535. Your available account balance is AED 499.67",transaction
"Dear Customer, AED 70.00 was debited from your account ****0535. Your available account balance is AED 429.67",transaction
"Dear Customer, AED 1000.00 was credited to your account ****0535. Your available account balance is AED 1429.67",transaction
Transaction of AED 1001.13 debited from your a/c ****0535 at AEROBILET.COM ANTALYA TR. Avl Bal is AED 428.54,transaction
Transaction of AED 80.00 debited from your a/c ****0535 at www.groupon.ae groupon.ae IE. Avl Bal is AED 348.54,transaction
Transaction of AED 10.00 debited from your a/c ****0535 at KURA KURA RESTAURANT ABU DHABI AE. Avl Bal is AED 338.54,transaction
Transaction of AED 34.50 debited from your a/c ****0535 at PAPA MURPHYS PIZ-465016 DUBAI AE. Avl Bal is AED 304.04,transaction
Transaction of AED 7.50 debited from your a/c ****0535 at LULU HYPERMARKE Abu Dhabi AE. Avl Bal is AED 296.54,transaction
Transaction of AED 49.35 debited from your a/c ****0535 at JUST FRESH JUICE LLC ABU DHABI AE. Avl Bal is AED 247.19,transaction
"Dear Customer, AED 500.00 was credited to your account ****0535. Your available account balance is AED 747.19",transaction
"Dear Customer, AED 10000.00 was credited to your account ****0535. Your available account balance is AED 10747.19",transaction
"Dear Customer, ATM Cash Withdrawal for AED 9500.00 was debited from your account ****0535. Your Avl Bal is AED 1247.19.",transaction
Transaction of AED 40.00 debited from your a/c ****0535 at ADNOC AL MAFRAQ S-171 ABU DHABI AE. Avl Bal is AED 1207.19,transaction
"A POS Trxn on your Account No ****0535 at ADNOC AL MAFRAQ S-171, ABU DHABI in AE on 04/08/19 for AED 40.00 is reversed.",transaction
"Dear Customer, AED 40.00 was credited to your account ****0535. Your available account balance is AED 1247.19",transaction
"Dear Customer, AED 350.00 was debited from your account ****0535. Your available account balance is AED 897.19",transaction
"Dear Customer, AED 750.00 was debited from your account ****0535. Your available account balance is AED 147.19",transaction
"Dear Customer, AED 362.00 was credited to your account ****0535. Your available account balance is AED 509.19",transaction
Transaction of AED 362.60 debited from your a/c ****0535 at Smiles Abu Dhabi AE. Avl Bal is AED 146.59,transaction
"Dear Customer, AED 355.00 was credited to your account ****0535. Your available account balance is AED 501.59",transaction
Transaction of AED 355.45 debited from your a/c ****0535 at DU (EITC) DUBAI AE. Avl Bal is AED 146.14,transaction
Transaction of AED 100.00 debited from your a/c ****0535 at CAKE GALLERY auh AE. Avl Bal is AED 46.14,transaction
Transaction of AED 2.00 debited from your a/c ****0535 at Smiles Abu Dhabi AE. Avl Bal is AED 44.14,transaction
Transaction of AED 33.00 debited from your a/c ****0535 at AL FARAH PASTRY AND GR ABU DHABI AE. Avl Bal is AED 11.14,transaction
"Dear Customer, AED 5.00 was debited from your account ****0535. Your available account balance is AED 6.14",transaction
"Dear Customer, AED 500.00 was credited to your account ****0535. Your available account balance is AED 506.14",transaction
"Dear Customer, AED 353.00 was debited from your account ****0535. Your available account balance is AED 153.14",transaction
"Dear Customer, AED 153.00 was credited to your account ****0535. Your available account balance is AED 306.14",transaction
"Dear Customer, AED 553.00 was credited to your account ****0535. Your available account balance is AED 859.14",transaction
"Dear Customer, AED 10.00 was credited to your account ****0535. Your available account balance is AED 869.14",transaction
"Dear Customer, AED 500.00 was credited to your account ****0535. Your available account balance is AED 1369.14",transaction
Transaction of AED 875.00 debited from your a/c ****0535 at MOI TRAFFIC FINES Abu Dhabi AE. Avl Bal is AED 494.14,transaction
"Dear Customer, AED 494.00 was debited from your account ****0535. Your available account balance is AED 0.14",transaction
"Dear Customer, AED 16000.00 was credited to your account ****0535. Your available account balance is AED 16000.14",transaction
Transaction of AED 48.00 debited from your a/c ****0535 at STARBUCKS -D625 ALSHAY ABU DHABI AE. Avl Bal is AED 15952.14,transaction
Transaction of AED 10.00 debited from your a/c ****0535 at MCDONALDS-ADNOC MUSHRI DUBAI AE. Avl Bal is AED 15942.14,transaction
"Dear Customer, AED 50.00 was debited from your account ****0535. Your available account balance is AED 15892.14",transaction
"Dear Customer, AED 58.00 was credited to your account ****0535. Your available account balance is AED 15950.14",transaction
Transaction of AED 400.00 debited from your a/c ****0535 at ABU DHABI NATIONAL OIL ABU DHABI AE. Avl Bal is AED 15550.14,transaction
"Dear Customer, AED 650.00 was debited from your account ****0535. Your available account balance is AED 14900.14",transaction
Transaction of AED 17.75 debited from your a/c ****0535 at STARBUCKS-ADNOC-D843 ABU DHABI AE. Avl Bal is AED 14882.39,transaction
"Dear Customer, AED 644.00 was credited to your account ****0535. Your available account balance is AED 15526.39",transaction
"Dear Customer, AED 610.00 was debited from your account ****0535. Your available account balance is AED 14916.39",transaction
"Dear Customer, AED 10000.00 was debited from your account ****0535. Your available account balance is AED 4915.34",transaction
"Dear Customer, AED 1.05 was debited from your account ****0535. Your available account balance is AED 4915.34",transaction
"Dear Customer, AED 1.05 was debited from your account ****0535. Your available account balance is AED 814.29",transaction
"Dear Customer, AED 4100.00 was debited from your account ****0535. Your available account balance is AED 814.29",transaction
Transaction of AED 17.75 debited from your a/c ****0535 at STARBUCKS-ADNOC-D843 ABU DHABI AE. Avl Bal is AED 796.54,transaction
Transaction of AED 352.09 debited from your a/c ****0535 at Smiles Abu Dhabi AE. Avl Bal is AED 444.45,transaction
"Dear Customer, AED 355.00 was credited to your account ****0535. Your available account balance is AED 799.45",transaction
"Dear Customer, AED 450.00 was debited from your account ****0535. Your available account balance is AED 349.45",transaction
Transaction of AED 23.00 debited from your a/c ****0535 at STARBUCKS-ADNOC-D843 ABU DHABI AE. Avl Bal is AED 326.45,transaction
"Dear Customer, AED 15.00 was debited from your account ****0535. Your available account balance is AED 311.45",transaction
Transaction of AED 58.00 debited from your a/c ****0535 at ZOMATO ORDER DUBAI AE. Avl Bal is AED 253.45,transaction
"Dear Customer, AED 15.00 was debited from your account ****0535. Your available account balance is AED 238.45",transaction
"Dear Customer, AED 58.00 was credited to your account ****0535. Your available account balance is AED 296.45",transaction
Transaction of AED 37.50 debited from your a/c ****0535 at STARBUCKS-ADNOC-D843 ABU DHABI AE. Avl Bal is AED 258.95,transaction
Transaction of AED 67.00 debited from your a/c ****0535 at TALABAT MIDDLE EAST IN DUBAI AE. Avl Bal is AED 191.95,transaction
"Dear Customer, AED 40.00 was debited from your account ****0535. Your available account balance is AED 151.95",transaction
Transaction of AED 14.25 debited from your a/c ****0535 at MCDONALDS-ADNOC MUSHRI DUBAI AE. Avl Bal is AED 137.70,transaction
Transaction of AED 45.15 debited from your a/c ****0535 at BLACK BURGER ABU DHABI AE. Avl Bal is AED 92.55,transaction
Transaction of AED 16.75 debited from your a/c ****0535 at PARAKANDY ABDUL MAJEED ABU DHABI AE. Avl Bal is AED 75.80,transaction
Transaction of AED 12.00 debited from your a/c ****0535 at TEA JUNCTION EXPRESS ABU DHABI AE. Avl Bal is AED 63.80,transaction
"Dear Customer, AED 25.00 was debited from your account ****0535. Your available account balance is AED 38.80",transaction
Transaction of AED 19.75 debited from your a/c ****0535 at STARBUCKS-ADNOC-D843 ABU DHABI AE. Avl Bal is AED 19.05,transaction
"Dear Customer, AED 19.00 was debited from your account ****0535. Your available account balance is AED 0.05",transaction
"Dear Customer, AED 20.00 was credited to your account ****0535. Your available account balance is AED 20.05",transaction
"Dear Customer, AED 20.00 was debited from your account ****0535. Your available account balance is AED 0.05",transaction
"Dear Customer, AED 25.00 was credited to your account ****0535. Your available account balance is AED 25.05",transaction
"Dear Customer, AED 200.00 was credited to your account ****0535. Your available account balance is AED 225.05",transaction
Transaction of AED 50.00 debited from your a/c ****0535 at STARBUCKS -D625 ALSHAY ABU DHABI AE. Avl Bal is AED 175.05,transaction
Transaction of AED 17.85 debited from your a/c ****0535 at JUST FRESH JUICE LLC ABU DHABI AE. Avl Bal is AED 157.20,transaction
"Dear Customer, AED 250.00 was credited to your account ****0535. Your available account balance is AED 407.20",transaction
Transaction of AED 39.50 debited from your a/c ****0535 at STARBUCKS -D625 ALSHAY ABU DHABI AE. Avl Bal is AED 367.70,transaction
Transaction of AED 17.75 debited from your a/c ****0535 at STARBUCKS-ADNOC-D843 ABU DHABI AE. Avl Bal is AED 349.95,transaction
Transaction of AED 15.75 debited from your a/c ****0535 at STARBUCKS-ADNOC-D843 ABU DHABI AE. Avl Bal is AED 334.20,transaction
"Dear Customer, AED 13.00 was credited to your account ****0535. Your available account balance is AED 347.20",transaction
Transaction of AED 346.17 debited from your a/c ****0535 at DU (EITC) DUBAI AE. Avl Bal is AED 1.03,transaction
"Dear Customer, AED 16000.00 was credited to your account ****0535. Your available account balance is AED 16001.03",transaction
"Dear Customer, AED 100.00 was debited from your account ****0535. Your available account balance is AED 15901.03",transaction
Transaction of AED 33.00 debited from your a/c ****0535 at FIRST FOOD SERVICES LLC ABU DHABI AE. Avl Bal is AED 15868.03,transaction
"Dear Customer, AED 1.05 was debited from your account ****0535. Your available account balance is AED 11766.98",transaction
"Dear Customer, AED 4100.00 was debited from your account ****0535. Your available account balance is AED 11766.98",transaction
Transaction of AED 200.00 debited from your a/c ****0535 at ABU DHABI NATIONAL OIL ABU DHABI AE. Avl Bal is AED 11566.98,transaction
Transaction of AED 50.00 debited from your a/c ****0535 at ABU DHABI NATIONAL OIL ABU DHABI AE. Avl Bal is AED 11516.98,transaction
"Dear Customer, AED 255.00 was debited from your account ****0535. Your available account balance is AED 11261.98",transaction
"Dear Customer, AED 1.05 was debited from your account ****0535. Your available account balance is AED 1260.93",transaction
"Dear Customer, AED 10000.00 was debited from your account ****0535. Your available account balance is AED 1260.93",transaction
"Dear Customer, AED 360.00 was debited from your account ****0535. Your available account balance is AED 900.93",transaction
"Dear Customer, AED 375.00 was credited to your account ****0535. Your available account balance is AED 1275.93",transaction
Transaction of AED 375.00 debited from your a/c ****0535 at DEPT OF MUNCIPAL AFFAI Abu Dhabi AE. Avl Bal is AED 900.93,transaction
"Dear Customer, AED 375.00 was debited from your account ****0535. Your available account balance is AED 525.93",transaction
"Dear Customer, AED 50.00 was debited from your account ****0535. Your available account balance is AED 475.93",transaction
"Dear Customer, AED 425.00 was credited to your account ****0535. Your available account balance is AED 900.93",transaction
"Dear Customer, AED 200.00 was debited from your account ****0535. Your available account balance is AED 700.93",transaction
Transaction of AED 17.75 debited from your a/c ****0535 at STARBUCKS-ADNOC-D843 ABU DHABI AE. Avl Bal is AED 683.18,transaction
"Dear Customer, AED 145.00 was debited from your account ****0535. Your available account balance is AED 538.18",transaction
"Dear Customer, AED 500.00 was debited from your account ****0535. Your available account balance is AED 38.18",transaction
Transaction of AED 35.50 debited from your a/c ****0535 at STARBUCKS-D717-ADNOC AUH AE. Avl Bal is AED 2.68,transaction
"Dear Customer, AED 100.00 was credited to your account ****0535. Your available account balance is AED 77.68",transaction
Transaction of AED 25.00 debited from your a/c ****0535 at STARBUCKS -D625 ALSHAY ABU DHABI AE. Avl Bal is AED 77.68,transaction
Transaction of AED 35.50 debited from your a/c ****0535 at STARBUCKS-ADNOC-D843 ABU DHABI AE. Avl Bal is AED 42.18,transaction
Transaction of AED 17.75 debited from your a/c ****0535 at STARBUCKS-ADNOC-D843 ABU DHABI AE. Avl Bal is AED 24.43,transaction
"Dear Customer, AED 800.00 was credited to your account ****0535. Your available account balance is AED 824.43",transaction
Transaction of AED 100.00 debited from your a/c ****0535 at DAMAN AUH AE. Avl Bal is AED 724.43,transaction
Transaction of AED 630.00 debited from your a/c ****0535 at DAMAN AUH AE. Avl Bal is AED 94.43,transaction
Transaction of AED 29.40 debited from your a/c ****0535 at PARAKANDY ABDUL MAJEED ABU DHABI AE. Avl Bal is AED 65.03,transaction
"Dear Customer, AED 600.00 was credited to your account ****0535. Your available account balance is AED 665.03",transaction
"Dear Customer, AED 210.00 was debited from your account ****0535. Your available account balance is AED 455.03",transaction
Transaction of AED 370.88 debited from your a/c ****0535 at Smiles Abu Dhabi AE. Avl Bal is AED 84.15,transaction
"Dear Customer, AED 370.00 was credited to your account ****0535. Your available account balance is AED 454.15",transaction
"Dear Customer, AED 110.00 was debited from your account ****0535. Your available account balance is AED 344.15",transaction
"Dear Customer, AED 25.00 was credited to your account ****0535. Your available account balance is AED 369.15",transaction
Transaction of AED 23.00 debited from your a/c ****0535 at STARBUCKS-ADNOC-D843 ABU DHABI AE. Avl Bal is AED 346.15,transaction
Transaction of AED 35.50 debited from your a/c ****0535 at STARBUCKS-D717-ADNOC AUH AE. Avl Bal is AED 310.65,transaction
Transaction of AED 17.75 debited from your a/c ****0535 at STARBUCKS-ADNOC-D843 ABU DHABI AE. Avl Bal is AED 292.90,transaction
Transaction of AED 8.00 debited from your a/c ****0535 at SARA PHARMACY ABU DHABI AE. Avl Bal is AED 284.90,transaction
Transaction of AED 7.35 debited from your a/c ****0535 at KARAM AL SHAM RESTAURAN ABU DHABI AE. Avl Bal is AED 277.55,transaction
Transaction of AED 17.75 debited from your a/c ****0535 at STARBUCKS-ADNOC-D843 ABU DHABI AE. Avl Bal is AED 259.80,transaction
Transaction of AED 24.00 debited from your a/c ****0535 at SARA PHARMACY ABU DHABI AE. Avl Bal is AED 235.80,transaction
Transaction of AED 17.75 debited from your a/c ****0535 at STARBUCKS-D717-ADNOC AUH AE. Avl Bal is AED 218.05,transaction
Transaction of AED 12.00 debited from your a/c ****0535 at MCDONALDS-ADNOC MAHAWI AUH AE. Avl Bal is AED 206.05,transaction
Transaction of AED 35.50 debited from your a/c ****0535 at STARBUCKS-D717-ADNOC AUH AE. Avl Bal is AED 170.55,transaction
"Dear Customer, AED 120.00 was debited from your account ****0535. Your available account balance is AED 50.55",transaction
"Dear Customer, AED 12.00 was debited from your account ****0535. Your available account balance is AED 38.55",transaction
Transaction of AED 35.00 debited from your a/c ****0535 at ALTAJ ALDIWALI CARS WA ABU DHABI AE. Avl Bal is AED 3.55,transaction
"Dear Customer, AED 200.00 was credited to your account ****0535. Your available account balance is AED 203.55",transaction
"Dear Customer, AED 200.00 was debited from your account ****0535. Your available account balance is AED 3.55",transaction
"Dear Customer, AED 50.00 was credited to your account ****0535. Your available account balance is AED 53.55",transaction
Transaction of AED 12.00 debited from your a/c ****0535 at MCDONALDS-ADNOC KHALIF ABU DHABI AE. Avl Bal is AED 41.55,transaction
Transaction of AED 2.00 debited from your a/c ****0535 at IKEA-YAS-ALFUTTAIM Abu Dhabi AE. Avl Bal is AED 39.55,transaction
Transaction of AED 5.00 debited from your a/c ****0535 at IKEA-YAS-ALFUTTAIM Abu Dhabi AE. Avl Bal is AED 34.55,transaction
"Dear Customer, AED 120.00 was credited to your account ****0535. Your available account balance is AED 154.55",transaction
Transaction of AED 124.95 debited from your a/c ****0535 at STELLAS SWEET BOUTIQUE ABU DHABI AE. Avl Bal is AED 29.60,transaction
Transaction of AED 25.00 debited from your a/c ****0535 at STARBUCKS-ADNOC-D843 ABU DHABI AE. Avl Bal is AED 4.60,transaction
"Dear Customer, AED 17.00 was credited to your account ****0535. Your available account balance is AED 21.60",transaction
Transaction of AED 17.75 debited from your a/c ****0535 at STARBUCKS-ADNOC-D843 ABU DHABI AE. Avl Bal is AED 3.85,transaction
"Dear Customer, AED 16000.00 was credited to your account ****0535. Your available account balance is AED 16003.85",transaction
"Dear Customer, AED 4000.00 was debited from your account ****0535. Your available account balance is AED 12002.80",transaction
"Dear Customer, AED 1.05 was debited from your account ****0535. Your available account balance is AED 12002.80",transaction
Transaction of AED 400.00 debited from your a/c ****0535 at ADNOC DISTRIBUTION ABU DHABI AE. Avl Bal is AED 11602.80,transaction
"Dear Customer, AED 100.00 was debited from your account ****0535. Your available account balance is AED 11501.75",transaction
"Dear Customer, AED 1.05 was debited from your account ****0535. Your available account balance is AED 11501.75",transaction
"Dear Customer, AED 10000.00 was debited from your account ****0535. Your available account balance is AED 1501.75",transaction
"Dear Customer, AED 650.00 was debited from your account ****0535. Your available account balance is AED 851.75",transaction
Transaction of AED 252.00 debited from your a/c ****0535 at DU (EITC) DUBAI AE. Avl Bal is AED 599.75,transaction
"Dear Customer, AED 150.00 was debited from your account ****0535. Your available account balance is AED 449.75",transaction
Transaction of AED 215.78 debited from your a/c ****0535 at ONE TO TEN GIFTS ABU DHABI AE. Avl Bal is AED 233.97,transaction
Transaction of AED 134.03 debited from your a/c ****0535 at DU (EITC) DUBAI AE. Avl Bal is AED 99.94,transaction
"Dear Customer, AED 4150.00 was credited to your account ****0535. Your available account balance is AED 4249.94",transaction
"Dear Customer, AED 200.00 was credited to your account ****0535. Your available account balance is AED 4449.94",transaction
"Dear Customer, AED 4000.00 was debited from your account ****0535. Your available account balance is AED 449.94",transaction
Transaction of AED 21.00 debited from your a/c ****0535 at STARBUCKS-ADNOC-D843 ABU DHABI AE. Avl Bal is AED 428.94,transaction
Transaction of AED 225.00 debited from your a/c ****0535 at THREE STAR FASHIONS WL ABU DHABI AE. Avl Bal is AED 203.94,transaction
Transaction of AED 53.25 debited from your a/c ****0535 at STARBUCKS-ADNOC-D843 ABU DHABI AE. Avl Bal is AED 150.69,transaction
Transaction of AED 5.00 debited from your a/c ****0535 at THREE STAR FASHIONS WL ABU DHABI AE. Avl Bal is AED 145.69,transaction
Transaction of AED 85.00 debited from your a/c ****0535 at BOUNCE SPORTS CLUB LLC DUBAI AE. Avl Bal is AED 60.69,transaction
Transaction of AED 17.75 debited from your a/c ****0535 at STARBUCKS-ADNOC-D843 ABU DHABI AE. Avl Bal is AED 42.94,transaction
Transaction of AED 12.75 debited from your a/c ****0535 at ADNOC- AL DAR S-719 ABU DHABI AE. Avl Bal is AED 30.19,transaction
Transaction of AED 1.00 debited from your a/c ****0535 at ADNOC- AL DAR S-719 ABU DHABI AE. Avl Bal is AED 29.19,transaction
Transaction of AED 6.00 debited from your a/c ****0535 at ADNOC- AL DAR S-719 ABU DHABI AE. Avl Bal is AED 23.19,transaction
Transaction of AED 23.00 debited from your a/c ****0535 at STARBUCKS-ADNOC-D843 ABU DHABI AE. Avl Bal is AED 0.19,transaction
"Dear Customer, AED 1050.00 was credited to your account ****0535. Your available account balance is AED 1050.19",transaction
Transaction of AED 1050.00 debited from your a/c ****0535 at FAM HOLDING LLC DUBAI AE. Avl Bal is AED 0.19,transaction
"Dear Customer, AED 100.00 was credited to your account ****0535. Your available account balance is AED 82.44",transaction
Transaction of AED 17.75 debited from your a/c ****0535 at STARBUCKS-ADNOC-D843 ABU DHABI AE. Avl Bal is AED 82.44,transaction
Transaction of AED 36.76 debited from your a/c ****0535 at GULF FILM LLC DUBAI AE. Avl Bal is AED 45.68,transaction
"Dear Customer, AED 100.00 was credited to your account ****0535. Your available account balance is AED 82.68",transaction
Transaction of AED 63.00 debited from your a/c ****0535 at GIFT PALACE STATIONERY Abu Dhabi AE. Avl Bal is AED 82.68,transaction
"Dear Customer, AED 360.00 was credited to your account ****0535. Your available account balance is AED 442.68",transaction
Transaction of AED 356.18 debited from your a/c ****0535 at Etisalat Digital App Abu Dhabi AE. Avl Bal is AED 86.50,transaction
Transaction of AED 53.25 debited from your a/c ****0535 at STARBUCKS-ADNOC-D843 ABU DHABI AE. Avl Bal is AED 33.25,transaction
Transaction of AED 13.75 debited from your a/c ****0535 at ADNOC- AL DAR S-719 ABU DHABI AE. Avl Bal is AED 19.50,transaction
Transaction of AED 17.00 debited from your a/c ****0535 at PARAKANDY ABDUL MAJEED ABU DHABI AE. Avl Bal is AED 2.50,transaction
"Dear Customer, AED 30.00 was credited to your account ****0535. Your available account balance is AED 32.50",transaction
Transaction of AED 13.75 debited from your a/c ****0535 at ADNOC- AL DAR S-719 ABU DHABI AE. Avl Bal is AED 18.75,transaction
Transaction of AED 13.75 debited from your a/c ****0535 at ADNOC- AL DAR S-719 ABU DHABI AE. Avl Bal is AED 5.00,transaction
"Dear Customer, AED 8.00 was credited to your account ****0535. Your available account balance is AED 13.00",transaction
"Dear Customer, AED 1.00 was credited to your account ****0535. Your available account balance is AED 14.00",transaction
Transaction of AED 13.75 debited from your a/c ****0535 at ADNOC- AL DAR S-719 ABU DHABI AE. Avl Bal is AED 0.25,transaction
Transaction of AED 356.31 debited from your a/c ****0535 at DU (EITC) DUBAI AE. Avl Bal is AED 43.94,transaction
"Dear Customer, AED 400.00 was credited to your account ****0535. Your available account balance is AED 400.25",transaction
Transaction of AED 18.50 debited from your a/c ****0535 at ALIYA VEG & FRUITS ABU DHABI AE. Avl Bal is AED 25.44,transaction
"Dear Customer, AED 1000.00 was credited to your account ****0535. Your available account balance is AED 1025.44",transaction
"Dear Customer, AED 1000.00 was debited from your account ****0535. Your available account balance is AED 25.44",transaction
Transaction of AED 59.00 debited from your a/c ****0535 at TALABAT MIDDLE EAST IN DUBAI AE. Avl Bal is AED 66.44,transaction
"Dear Customer, AED 100.00 was credited to your account ****0535. Your available account balance is AED 66.44",transaction
Transaction of AED 22.00 debited from your a/c ****0535 at BROCCLI PIZZA AND PASTA ABU DHABI AE. Avl Bal is AED 44.44,transaction
Transaction of AED 25.00 debited from your a/c ****0535 at ABU FAWAZ GROCERY ABU DHABI AE. Avl Bal is AED 19.44,transaction
"Dear Customer, AED 100.00 was credited to your account ****0535. Your available account balance is AED 119.44",transaction
Transaction of AED 55.00 debited from your a/c ****0535 at BANIYAS CO-OP-MAFRAQ ABU DHABI AE. Avl Bal is AED 64.44,transaction
Transaction of AED 17.75 debited from your a/c ****0535 at STARBUCKS-ADNOC-D843 ABU DHABI AE. Avl Bal is AED 46.69,transaction
Transaction of AED 14.70 debited from your a/c ****0535 at KERMALAK RESTAURANT ABU DHABI AE. Avl Bal is AED 31.99,transaction
"Dear Customer, AED 16000.00 was credited to your account ****0535. Your available account balance is AED 16031.99",transaction
Transaction of AED 85.00 debited from your a/c ****0535 at TIGER COOKIES CAFE LLC ABU DHABI AE. Avl Bal is AED 15946.99,transaction
"Dear Customer, AED 4100.00 was debited from your account ****0535. Your available account balance is AED 11845.94",transaction
"Dear Customer, AED 1.05 was debited from your account ****0535. Your available account balance is AED 11845.94",transaction
"Dear Customer, AED 10000.00 was debited from your account ****0535. Your available account balance is AED 1845.94",transaction
"Dear Customer, AED 610.00 was credited to your account ****0535. Your available account balance is AED 1845.94",transaction
"Dear Customer, AED 610.00 was debited from your account ****0535. Your available account balance is AED 1235.94",transaction
"Dear Customer, AED 610.00 was credited to your account ****0535. Your available account balance is AED 1235.94",transaction
"Dear Customer, AED 610.00 was debited from your account ****0535. Your available account balance is AED 625.94",transaction
Transaction of AED 300.00 debited from your a/c ****0535 at ADNOC DISTRIBUTION ABU DHABI AE. Avl Bal is AED 325.94,transaction
"Dear Customer, AED 100.00 was debited from your account ****0535. Your available account balance is AED 225.94",transaction
Transaction of AED 55.00 debited from your a/c ****0535 at DU - QUICK RECHARGE DUBAI AE. Avl Bal is AED 170.94,transaction
"Dear Customer, AED 150.00 was credited to your account ****0535. Your available account balance is AED 320.94",transaction
"Dear Customer, AED 300.00 was credited to your account ****0535. Your available account balance is AED 620.94",transaction
Transaction of AED 358.16 debited from your a/c ****0535 at Etisalat Digital App Abu Dhabi AE. Avl Bal is AED 262.78,transaction
"Dear Customer, AED 3000.00 was credited to your account ****0535. Your available account balance is AED 3262.78",transaction
"Dear Customer, AED 2650.00 was debited from your account ****0535. Your available account balance is AED 612.78",transaction
"Dear Customer, AED 200.00 was credited to your account ****0535. Your available account balance is AED 812.78",transaction
Transaction of AED 95.00 debited from your a/c ****0535 at TALABAT MIDDLE EAST IN DUBAI AE. Avl Bal is AED 717.78,transaction
"Dear Customer, AED 100.00 was debited from your account ****0535. Your available account balance is AED 617.78",transaction
"Dear Customer, AED 100.00 was credited to your account ****0535. Your available account balance is AED 717.78",transaction
Transaction of AED 20.00 debited from your a/c ****0535 at PARAKANDY ABDUL MAJEED ABU DHABI AE. Avl Bal is AED 697.78,transaction
Transaction of AED 20.00 debited from your a/c ****0535 at ALIYA VEG & FRUITS ABU DHABI AE. Avl Bal is AED 677.78,transaction
Transaction of AED 10.00 debited from your a/c ****0535 at PARAKANDY ABDUL MAJEED ABU DHABI AE. Avl Bal is AED 667.78,transaction
"Dear Customer, AED 100.00 was debited from your account ****0535. Your available account balance is AED 567.78",transaction
"Dear Customer, AED 1.00 was debited from your account ****0535. Your available account balance is AED 566.78",transaction
Transaction of AED 66.50 debited from your a/c ****0535 at KERMALAK RESTAURANT ABU DHABI AE. Avl Bal is AED 500.28,transaction
Transaction of AED 28.00 debited from your a/c ****0535 at TEA JUNCTION EXPRESS ABU DHABI AE. Avl Bal is AED 472.28,transaction
"Dear Customer, AED 450.00 was debited from your account ****0535. Your available account balance is AED 22.28",transaction
Transaction of AED 19.75 debited from your a/c ****0535 at STARBUCKS-ADNOC-D843 ABU DHABI AE. Avl Bal is AED 2.53,transaction
"Dear Customer, AED 100.00 was credited to your account ****0535. Your available account balance is AED 28.53",transaction
Transaction of AED 74.00 debited from your a/c ****0535 at ZOMATO ORDER DUBAI AE. Avl Bal is AED 28.53,transaction
"Dear Customer, AED 100.00 was credited to your account ****0535. Your available account balance is AED 128.53",transaction
Transaction of AED 31.00 debited from your a/c ****0535 at BROCCOLI PIZZA & PASTA ABU DHABI AE. Avl Bal is AED 97.53,transaction
"Dear Customer, AED 100.00 was credited to your account ****0535. Your available account balance is AED 197.53",transaction
"Dear Customer, AED 110.00 was debited from your account ****0535. Your available account balance is AED 87.53",transaction
"Dear Customer, AED 10.00 was debited from your account ****0535. Your available account balance is AED 77.53",transaction
"Dear Customer, AED 300.00 was credited to your account ****0535. Your available account balance is AED 377.53",transaction
Transaction of AED 322.14 debited from your a/c ****0535 at DU (EITC) DUBAI AE. Avl Bal is AED 55.39,transaction
"Dear Customer, AED 150.00 was credited to your account ****0535. Your available account balance is AED 205.39",transaction
"Dear Customer, AED 150.00 was debited from your account ****0535. Your available account balance is AED 55.39",transaction
Transaction of AED 34.00 debited from your a/c ****0535 at ZOMATO ORDER DUBAI AE. Avl Bal is AED 171.39,transaction
Transaction of AED 45.00 debited from your a/c ****0535 at TEA JUNCTION EXPRESS ABU DHABI AE. Avl Bal is AED 126.39,transaction
"Dear Customer, AED 16000.00 was credited to your account ****0535. Your available account balance is AED 16126.39",transaction
Transaction of AED 200.00 debited from your a/c ****0535 at ADNOC DISTRIBUTION ABU DHABI AE. Avl Bal is AED 15926.39,transaction
"Dear Customer, AED 4600.00 was debited from your account ****0535. Your available account balance is AED 11325.34",transaction
"Dear Customer, AED 1.05 was debited from your account ****0535. Your available account balance is AED 11325.34",transaction
"Dear Customer, AED 10000.00 was debited from your account ****0535. Your available account balance is AED 1324.29",transaction
"Dear Customer, AED 1.05 was debited from your account ****0535. Your available account balance is AED 1324.29",transaction
"Dear Customer, AED 120.00 was debited from your account ****0535. Your available account balance is AED 1204.29",transaction
"Dear Customer, AED 100.00 was debited from your account ****0535. Your available account balance is AED 1104.29",transaction
Transaction of AED 99.00 debited from your a/c ****0535 at www.groupon.ae groupon.ae IE. Avl Bal is AED 1005.29,transaction
"Dear Customer, AED 34.00 was credited to your account ****0535. Your available account balance is AED 1039.29",transaction
"Dear Customer, AED 200.00 was debited from your account ****0535. Your available account balance is AED 839.29",transaction
"Dear Customer, AED 200.00 was debited from your account ****0535. Your available account balance is AED 639.29",transaction
"Dear Customer, AED 150.00 was debited from your account ****0535. Your available account balance is AED 489.29",transaction
"Dear Customer, AED 400.00 was debited from your account ****0535. Your available account balance is AED 89.29",transaction
"Dear Customer, AED 370.00 was credited to your account ****0535. Your available account balance is AED 459.29",transaction
Transaction of AED 374.54 debited from your a/c ****0535 at Smiles Abu Dhabi AE. Avl Bal is AED 84.75,transaction
Transaction of AED 63.00 debited from your a/c ****0535 at STELLAS SWEET BOUTIQUE ABU DHABI AE. Avl Bal is AED 21.75,transaction
"Dear Customer, AED 100.00 was credited to your account ****0535. Your available account balance is AED 121.75",transaction
Transaction of AED 24.15 debited from your a/c ****0535 at STELLAS SWEET BOUTIQUE ABU DHABI AE. Avl Bal is AED 97.60,transaction
"Dear Customer, AED 15000.00 was credited to your account ****0535. Your available account balance is AED 15097.60",transaction
"Dear Customer, AED 2000.00 was credited to your account ****0535. Your available account balance is AED 17097.60",transaction
"Dear Customer, AED 1000.00 was credited to your account ****0535. Your available account balance is AED 18097.60",transaction
"Dear Customer, AED 1000.00 was credited to your account ****0535. Your available account balance is AED 19097.60",transaction
Transaction of AED 144.45 debited from your a/c ****0535 at YAS MART GNRL TRD CO ABU DHABI AE. Avl Bal is AED 18953.15,transaction
Transaction of AED 84.50 debited from your a/c ****0535 at YAS MART GNRL TRD CO ABU DHABI AE. Avl Bal is AED 18868.65,transaction
Transaction of AED 17.00 debited from your a/c ****0535 at ROYAL M HOTEL FUJAIRAH AE. Avl Bal is AED 18851.65,transaction
Transaction of AED 7.54 debited from your a/c ****0535 at Amazon Prime Amzn.com/bill US. Avl Bal is AED 18844.11,transaction
Transaction of AED 62.75 debited from your a/c ****0535 at TALABAT MIDDLE EAST IN DUBAI AE. Avl Bal is AED 18781.36,transaction
Transaction of AED 240.69 debited from your a/c ****0535 at Amazon.com Amzn.com/bill US. Avl Bal is AED 18540.67,transaction
Transaction of AED 27.00 debited from your a/c ****0535 at TALABAT MIDDLE EAST IN DUBAI AE. Avl Bal is AED 18513.67,transaction
Transaction of AED 167.16 debited from your a/c ****0535 at DU (EITC) DUBAI AE. Avl Bal is AED 18346.51,transaction
Transaction of AED 142.50 debited from your a/c ****0535 at MCDONALDS SHARJAH AE. Avl Bal is AED 18204.01,transaction
Transaction of AED 24.00 debited from your a/c ****0535 at FIRST FOOD SERVICES LLC ABU DHABI AE. Avl Bal is AED 18180.01,transaction
Transaction of AED 49.20 debited from your a/c ****0535 at Amazon Prime Amzn.com/bill US. Avl Bal is AED 18130.81,transaction
Transaction of AED 17.75 debited from your a/c ****0535 at STARBUCKS-ADNOC-D843 ABU DHABI AE. Avl Bal is AED 18113.06,transaction
"Dear Customer, AED 250.00 was credited to your account ****0535. Your available account balance is AED 18363.06",transaction
Transaction of AED 17.75 debited from your a/c ****0535 at STARBUCKS-ADNOC-D843 ABU DHABI AE. Avl Bal is AED 18345.31,transaction
Transaction of AED 23.50 debited from your a/c ****0535 at PARAKANDY ABDUL MAJEED ABU DHABI AE. Avl Bal is AED 18321.81,transaction
Transaction of AED 35.50 debited from your a/c ****0535 at STARBUCKS-ADNOC-D843 ABU DHABI AE. Avl Bal is AED 18286.31,transaction
"Dear Customer, AED 226.17 was credited to your account ****0535. Your available account balance is AED 18558.71",transaction
"Dear Customer, AED 46.23 was credited to your account ****0535. Your available account balance is AED 18558.71",transaction
"Dear Customer, AED 15.50 was debited from your account ****0535. Your available account balance is AED 18543.21",transaction
Transaction of AED 24.15 debited from your a/c ****0535 at AL KHAIZURAN REST. & G ABU DHABI AE. Avl Bal is AED 18519.06,transaction
Transaction of AED 17.75 debited from your a/c ****0535 at STARBUCKS-ADNOC-D843 ABU DHABI AE. Avl Bal is AED 18501.31,transaction
Transaction of AED 82.75 debited from your a/c ****0535 at STARBUCKS -D625 ALSHAY ABU DHABI AE. Avl Bal is AED 18418.56,transaction
"Dear Customer, AED 1500.00 was credited to your account ****0535. Your available account balance is AED 19918.56",transaction
Transaction of AED 11.00 debited from your a/c ****0535 at TEA JUNCTION EXPRESS ABU DHABI AE. Avl Bal is AED 19907.56,transaction
Transaction of AED 25.00 debited from your a/c ****0535 at ALTAJ ALDIWALI CARS WA ABU DHABI AE. Avl Bal is AED 19882.56,transaction
Transaction of AED 145.00 debited from your a/c ****0535 at CRAVIA INC LLC ABU DHA ABU DHABI AE. Avl Bal is AED 19737.56,transaction
"Dear Customer, your Salary of AED 1800.00 was credited to your account ****0535. Your available account balance is AED 21537.56",transaction
Transaction of AED 3848.13 debited from your a/c ****0535 at ANDY MARK INC KOKOMO US. Avl Bal is AED 17689.43,transaction
"Dear Customer, AED 1800.00 was debited from your account ****0535. Your available account balance is AED 15889.43",transaction
Transaction of AED 16.00 debited from your a/c ****0535 at Amazon.ae Dubai AE. Avl Bal is AED 15873.43,transaction
Transaction of AED 22.00 debited from your a/c ****0535 at FIRST FOOD SERVICES LLC ABU DHABI AE. Avl Bal is AED 15851.43,transaction
Transaction of AED 266.44 debited from your a/c ****0535 at Amazon.ae Dubai AE. Avl Bal is AED 15584.99,transaction
"Dear Customer, AED 1800.00 was credited to your account ****0535. Your available account balance is AED 17384.99",transaction
Transaction of AED 34.42 debited from your a/c ****0535 at HEALTH LINE PHARMACY ABU DHABI AE. Avl Bal is AED 17350.57,transaction
Transaction of AED 422.00 debited from your a/c ****0535 at FEDERAL EXPRESS ADAC Abu Dhabi AE. Avl Bal is AED 16928.57,transaction
"Dear Customer, AED 16.00 was credited to your account ****0535. Your available account balance is AED 16944.57",transaction
Transaction of AED 35.50 debited from your a/c ****0535 at STARBUCKS-D717-ADNOC AUH AE. Avl Bal is AED 16909.07,transaction
"Dear Customer, AED 16000.00 was credited to your account ****0535. Your available account balance is AED 32909.07",transaction
Transaction of AED 300.00 debited from your a/c ****0535 at ADNOC DISTRIBUTION ABU DHABI AE. Avl Bal is AED 32609.07,transaction
"Dear Customer, AED 22200.00 was debited from your account ****0535. Your available account balance is AED 10409.07",transaction
"Dear Customer, AED 10000.00 was debited from your account ****0535. Your available account balance is AED 409.07",transaction
"Dear Customer, AED 1.00 was debited from your account ****0535. Your available account balance is AED 408.07",transaction
Transaction of AED 27.00 debited from your a/c ****0535 at ZOMATO ORDER DUBAI AE. Avl Bal is AED 381.07,transaction
"Dear Customer, AED 6000.00 was credited to your account ****0535. Your available account balance is AED 6381.07",transaction
"Dear Customer, AED 2500.00 was debited from your account ****0535. Your available account balance is AED 3880.02",transaction
"Dear Customer, AED 1.05 was debited from your account ****0535. Your available account balance is AED 3880.02",transaction
"Dear Customer, AED 3500.00 was debited from your account ****0535. Your available account balance is AED 380.02",transaction
Transaction of AED 13.65 debited from your a/c ****0535 at GULF PASTRY LLC ABU DHABI AE. Avl Bal is AED 366.37,transaction
Transaction of AED 39.00 debited from your a/c ****0535 at TEA JUNCTION EXPRESS ABU DHABI AE. Avl Bal is AED 327.37,transaction
"Dear Customer, AED 1000.00 was credited to your account ****0535. Your available account balance is AED 1327.37",transaction
Transaction of AED 1000.00 debited from your a/c ****0535 at COCOON HEALTH & BEAUTY AL AIN AE. Avl Bal is AED 327.37,transaction
Transaction of AED 17.75 debited from your a/c ****0535 at STARBUCKS-ADNOC-D843 ABU DHABI AE. Avl Bal is AED 309.62,transaction
Transaction of AED 74.50 debited from your a/c ****0535 at MCDONALDS SHARJAH AE. Avl Bal is AED 235.12,transaction
Transaction of AED 82.00 debited from your a/c ****0535 at MCDONALDS SHARJAH AE. Avl Bal is AED 153.12,transaction
Transaction of AED 15.75 debited from your a/c ****0535 at GULF PASTRY LLC ABU DHABI AE. Avl Bal is AED 137.37,transaction
"Dear Customer, AED 200.00 was credited to your account ****0535. Your available account balance is AED 97.37",transaction
Transaction of AED 240.00 debited from your a/c ****0535 at LRIL SPLASH ABU DHABI AE. Avl Bal is AED 97.37,transaction
Transaction of AED 13.65 debited from your a/c ****0535 at GULF PASTRY LLC ABU DHABI AE. Avl Bal is AED 83.72,transaction
"Dear Customer, AED 80.00 was debited from your account ****0535. Your available account balance is AED 3.72",transaction
"Dear Customer, AED 300.00 was credited to your account ****0535. Your available account balance is AED 259.32",transaction
Transaction of AED 44.40 debited from your a/c ****0535 at TALABAT MIDDLE EAST IN DUBAI AE. Avl Bal is AED 259.32,transaction
Transaction of AED 8.00 debited from your a/c ****0535 at PARAKANDY ABDUL MAJEED ABU DHABI AE. Avl Bal is AED 251.32,transaction
Transaction of AED 29.25 debited from your a/c ****0535 at STARBUCKS-D717-ADNOC AUH AE. Avl Bal is AED 222.07,transaction
Transaction of AED 14.50 debited from your a/c ****0535 at MCDONALDS-ADNOC MUSHRI DUBAI AE. Avl Bal is AED 207.57,transaction
Transaction of AED 5.00 debited from your a/c ****0535 at MCDONALDS-ADNOC MUSHRI DUBAI AE. Avl Bal is AED 202.57,transaction
"Dear Customer, AED 60.00 was credited to your account ****0535. Your available account balance is AED 262.57",transaction
"Dear Customer, AED 30.00 was credited to your account ****0535. Your available account balance is AED 292.57",transaction
Transaction of AED 264.80 debited from your a/c ****0535 at SAVE MY EXAMS +440789400938 GB. Avl Bal is AED 27.77,transaction
"Dear Customer, AED 100.00 was credited to your account ****0535. Your available account balance is AED 83.02",transaction
Transaction of AED 44.75 debited from your a/c ****0535 at STARBUCKS-ADNOC-D843 ABU DHABI AE. Avl Bal is AED 83.02,transaction
Transaction of AED 51.20 debited from your a/c ****0535 at GULF PASTRY LLC ABU DHABI AE. Avl Bal is AED 31.82,transaction
"Dear Customer, AED 100.00 was credited to your account ****0535. Your available account balance is AED 131.82",transaction
Transaction of AED 34.65 debited from your a/c ****0535 at CARREFOUR ABU DHABI AE. Avl Bal is AED 97.17,transaction
Transaction of AED 15.00 debited from your a/c ****0535 at CONTINENTAL FOOD-399108 SHARJAH AE. Avl Bal is AED 82.17,transaction
Transaction of AED 21.00 debited from your a/c ****0535 at DU-BAWABAT- F09AD12 AUH AE. Avl Bal is AED 61.17,transaction
Transaction of AED 55.00 debited from your a/c ****0535 at DU - QUICK RECHARGE DUBAI AE. Avl Bal is AED 6.17,transaction
"Dear Customer, AED 700.00 was credited to your account ****0535. Your available account balance is AED 706.17",transaction
Transaction of AED 17.00 debited from your a/c ****0535 at GALADARI ICE CREAM CO L DUBAI AE. Avl Bal is AED 689.17,transaction
Transaction of AED 482.11 debited from your a/c ****0535 at Etisalat Digital App Abu Dhabi AE. Avl Bal is AED 207.06,transaction
"Dear Customer, AED 10.00 was credited to your account ****0535. Your available account balance is AED 217.06",transaction
Transaction of AED 25.00 debited from your a/c ****0535 at GALADARI ICE CREAM CO L DUBAI AE. Avl Bal is AED 191.60,transaction
Transaction of AED 31.00 debited from your a/c ****0535 at KFC MAFRAQ DUBAI AE. Avl Bal is AED 160.60,transaction
Transaction of AED 16.00 debited from your a/c ****0535 at CAFTERIA ALRAAI ABU DHABI AE. Avl Bal is AED 144.60,transaction
Transaction of AED 75.00 debited from your a/c ****0535 at ZOMATO ORDER DUBAI AE. Avl Bal is AED 69.60,transaction
Transaction of AED 8.00 debited from your a/c ****0535 at PARAKANDY ABDUL MAJEED ABU DHABI AE. Avl Bal is AED 61.60,transaction
Transaction of AED 19.30 debited from your a/c ****0535 at LULU HYPERMARKET LLC ABU DHABI AE. Avl Bal is AED 42.30,transaction
"Dear Customer, AED 100.00 was credited to your account ****0535. Your available account balance is AED 68.30",transaction
Transaction of AED 74.00 debited from your a/c ****0535 at ZOMATO ORDER DUBAI AE. Avl Bal is AED 68.30,transaction
"Dear Customer, AED 50.00 was debited from your account ****0535. Your available account balance is AED 18.30",transaction
"Dear Customer, AED 500.00 was credited to your account ****0535. Your available account balance is AED 218.30",transaction
Transaction of AED 300.00 debited from your a/c ****0535 at ALUMMA STATIONARY ABU DHABI AE. Avl Bal is AED 218.30,transaction
Transaction of AED 33.75 debited from your a/c ****0535 at COSTA COFFEE DUBAI AE. Avl Bal is AED 184.55,transaction
Transaction of AED 10.50 debited from your a/c ****0535 at KARAM AL SHAM RESTAURAN ABU DHABI AE. Avl Bal is AED 174.05,transaction
Transaction of AED 25.00 debited from your a/c ****0535 at TEA JUNCTION EXPRESS ABU DHABI AE. Avl Bal is AED 149.05,transaction
"Dear Customer, AED 400.00 was credited to your account ****0535. Your available account balance is AED 549.05",transaction
"Dear Customer, AED 370.00 was debited from your account ****0535. Your available account balance is AED 179.05",transaction
Transaction of AED 8.00 debited from your a/c ****0535 at PARAKANDY ABDUL MAJEED ABU DHABI AE. Avl Bal is AED 171.05,transaction
"Dear Customer, AED 50.00 was debited from your account ****0535. Your available account balance is AED 121.05",transaction
"Dear Customer, AED 16000.00 was credited to your account ****0535. Your available account balance is AED 16121.05",transaction
Transaction of AED 292.01 debited from your a/c ****0535 at DU (EITC) DUBAI AE. Avl Bal is AED 15829.04,transaction
"Dear Customer, AED 10000.00 was debited from your account ****0535. Your available account balance is AED 5827.99",transaction
"Dear Customer, AED 1.05 was debited from your account ****0535. Your available account balance is AED 5827.99",transaction
"Dear Customer, AED 4100.00 was debited from your account ****0535. Your available account balance is AED 1726.94",transaction
"Dear Customer, AED 1.05 was debited from your account ****0535. Your available account balance is AED 1726.94",transaction
"Dear Customer, AED 650.00 was debited from your account ****0535. Your available account balance is AED 1076.94",transaction
Transaction of AED 250.00 debited from your a/c ****0535 at ADNOC DISTRIBUTION ABU DHABI AE. Avl Bal is AED 826.94,transaction
"Dear Customer, AED 300.00 was credited to your account ****0535. Your available account balance is AED 1126.94",transaction
"Dear Customer, AED 300.00 was debited from your account ****0535. Your available account balance is AED 826.94",transaction
"Dear Customer, AED 100.00 was debited from your account ****0535. Your available account balance is AED 726.94",transaction
"Dear Customer, AED 1800.00 was credited to your account ****0535. Your available account balance is AED 2526.94",transaction
"Dear Customer, AED 1800.00 was debited from your account ****0535. Your available account balance is AED 726.94",transaction
Transaction of AED 385.75 debited from your a/c ****0535 at Etisalat Digital App Abu Dhabi AE. Avl Bal is AED 341.19,transaction
Transaction of AED 50.00 debited from your a/c ****0535 at Smart Dubai Government Dubai AE. Avl Bal is AED 291.19,transaction
Transaction of AED 23.50 debited from your a/c ****0535 at MCDONALDS-ADNOC MAHAWI AUH AE. Avl Bal is AED 267.69,transaction
"Dear Customer, AED 500.00 was credited to your account ****0535. Your available account balance is AED 767.69",transaction
"Dear Customer, ATM Cash Withdrawal for AED 500.00 was debited from your account ****0535. Your Avl Bal is AED 267.69.",transaction
"Dear Customer, AED 150.00 was credited to your account ****0535. Your available account balance is AED 417.69",transaction
"Dear Customer, AED 2.32 was credited to your account ****0535. Your available account balance is AED 420.01",transaction
Transaction of AED 10.50 debited from your a/c ****0535 at GULF PASTRY LLC ABU DHABI AE. Avl Bal is AED 409.51,transaction
"Dear Customer, ATM Cash Withdrawal for AED 100.00 was debited from your account ****0535. Your Avl Bal is AED 309.51.",transaction
Transaction of AED 24.00 debited from your a/c ****0535 at PARAKANDY ABDUL MAJEED ABU DHABI AE. Avl Bal is AED 285.51,transaction
Transaction of AED 13.65 debited from your a/c ****0535 at GULF PASTRY LLC ABU DHABI AE. Avl Bal is AED 271.86,transaction
"Dear Customer, AED 800.00 was credited to your account ****0535. Your available account balance is AED 1071.86",transaction
"Dear Customer, AED 200.00 was debited from your account ****0535. Your available account balance is AED 871.86",transaction
"Dear Customer, AED 40.00 was credited to your account ****0535. Your available account balance is AED 911.86",transaction
Transaction of AED 909.71 debited from your a/c ****0535 at ETRAVELI.COM - AE UPPSALA SE. Avl Bal is AED 2.15,transaction
"Dear Customer, AED 2250.00 was credited to your account ****0535. Your available account balance is AED 2252.15",transaction
Transaction of AED 105.00 debited from your a/c ****0535 at GULF PASTRY LLC ABU DHABI AE. Avl Bal is AED 2147.15,transaction
"Dear Customer, AED 2000.00 was debited from your account ****0535. Your available account balance is AED 147.15",transaction
"Dear Customer, AED 300.00 was credited to your account ****0535. Your available account balance is AED 447.15",transaction
"Dear Customer, AED 300.00 was debited from your account ****0535. Your available account balance is AED 147.15",transaction
"Dear Customer, AED 160.00 was credited to your account ****0535. Your available account balance is AED 307.15",transaction
Transaction of AED 229.81 debited from your a/c ****0535 at DU REGISTERED DUBAI AE. Avl Bal is AED 77.34,transaction
"Dear Customer, AED 1.00 was debited from your account ****0535. Your available account balance is AED 76.34",transaction
Transaction of AED 32.25 debited from your a/c ****0535 at Zomato Dubai AE. Avl Bal is AED 44.09,transaction
"Dear Customer, AED 40000.00 was credited to your account ****0535. Your available account balance is AED 40044.09",transaction
"Dear Customer, AED 40000.00 was debited from your account ****0535. Your available account balance is AED 44.09",transaction
Transaction of AED 35.80 debited from your a/c ****0535 at TALABAT MIDDLE EAST IN DUBAI AE. Avl Bal is AED 8.29,transaction
"Dear Customer, AED 980.00 was credited to your account ****0535. Your available account balance is AED 988.29",transaction
"Dear Customer, AED 60.00 was credited to your account ****0535. Your available account balance is AED 1048.29",transaction
Transaction of AED 1047.52 debited from your a/c ****0535 at REHLAT INTERNET AND MU DUBAI AE. Avl Bal is AED 0.77,transaction
"Dear Customer, AED 1120.00 was credited to your account ****0535. Your available account balance is AED 1120.77",transaction
"Dear Customer, AED 20.00 was credited to your account ****0535. Your available account balance is AED 1.02",transaction
Transaction of AED 1139.75 debited from your a/c ****0535 at TAJAWAL TRAVEL AND TOU DUBAI AE. Avl Bal is AED 1.02,transaction
"Dear Customer, AED 1.00 was debited from your account ****0535. Your available account balance is AED 0.02",transaction
"Dear Customer, AED 10000.00 was credited to your account ****0535. Your available account balance is AED 10000.02",transaction
"Dear Customer, AED 10000.00 was debited from your account ****0535. Your available account balance is AED 0.02",transaction
"Dear Customer, AED 2700.00 was credited to your account ****0535. Your available account balance is AED 2700.02",transaction
"Dear Customer, AED 16000.00 was credited to your account ****0535. Your available account balance is AED 18700.02",transaction
"Dear Customer, AED 2700.00 was debited from your account ****0535. Your available account balance is AED 16000.02",transaction
"Dear Customer, AED 300.00 was debited from your account ****0535. Your available account balance is AED 15700.02",transaction
"Dear Customer, AED 10000.00 was debited from your account ****0535. Your available account balance is AED 5700.02",transaction
"Dear Customer, AED 650.00 was debited from your account ****0535. Your available account balance is AED 5050.02",transaction
"Dear Customer, AED 30.00 was debited from your account ****0535. Your available account balance is AED 4020.02",transaction
"Dear Customer, AED 1000.00 was debited from your account ****0535. Your available account balance is AED 4020.02",transaction
"Dear Customer, AED 3100.00 was debited from your account ****0535. Your available account balance is AED 920.02",transaction
"Dear Customer, AED 1000.00 was credited to your account ****0535. Your available account balance is AED 1920.02",transaction
"Dear Customer, AED 1000.00 was debited from your account ****0535. Your available account balance is AED 920.02",transaction
"Dear Customer, AED 150.00 was debited from your account ****0535. Your available account balance is AED 770.02",transaction
"Dear Customer, AED 50.00 was debited from your account ****0535. Your available account balance is AED 720.02",transaction
"Dear Customer, AED 50.00 was credited to your account ****0535. Your available account balance is AED 770.02",transaction
"Dear Customer, AED 1047.52 was credited to your account ****0535. Your available account balance is AED 1817.54",transaction
"Dear Customer, AED 35.00 was credited to your account ****0535. Your available account balance is AED 1852.54",transaction
"Dear Customer, AED 100.00 was debited from your account ****0535. Your available account balance is AED 702.54",transaction
"Dear Customer, AED 1050.00 was debited from your account ****0535. Your available account balance is AED 702.54",transaction
Transaction of AED 45.00 debited from your a/c ****0535 at SHAWARMA HARTNA CAFETE ABU DHABI AE. Avl Bal is AED 657.54,transaction
"Dear Customer, AED 65.00 was credited to your account ****0535. Your available account balance is AED 722.54",transaction
"Dear Customer, AED 250.00 was debited from your account ****0535. Your available account balance is AED 472.54",transaction
Transaction of AED 52.00 debited from your a/c ****0535 at Zomato Dubai AE. Avl Bal is AED 420.54,transaction
"Dear Customer, AED 100.00 was debited from your account ****0535. Your available account balance is AED 320.54",transaction
Transaction of AED 12.00 debited from your a/c ****0535 at MCDONALDS-54007 ABU DHABI AE. Avl Bal is AED 308.54,transaction
"Dear Customer, AED 50.00 was credited to your account ****0535. Your available account balance is AED 358.54",transaction
"Dear Customer, AED 40.00 was debited from your account ****0535. Your available account balance is AED 318.54",transaction
"Dear Customer, AED 350.00 was credited to your account ****0535. Your available account balance is AED 968.54",transaction
"Dear Customer, AED 300.00 was credited to your account ****0535. Your available account balance is AED 968.54",transaction
Transaction of AED 381.15 debited from your a/c ****0535 at Etisalat Digital App Abu Dhabi AE. Avl Bal is AED 587.39,transaction
Transaction of AED 12.00 debited from your a/c ****0535 at MCDONALDS-MAHAWI AUH AE. Avl Bal is AED 575.39,transaction
Transaction of AED 12.00 debited from your a/c ****0535 at MCDONALDS-MAHAWI AUH AE. Avl Bal is AED 563.39,transaction
Transaction of AED 5.50 debited from your a/c ****0535 at ADNOC MAHAWI NORTH -16 ABU DHABI AE. Avl Bal is AED 557.89,transaction
Transaction of AED 17.00 debited from your a/c ****0535 at GALADARI ICE CREAM CO L DUBAI AE. Avl Bal is AED 540.89,transaction
Transaction of AED 2.00 debited from your a/c ****0535 at GALADARI ICE CREAM CO L DUBAI AE. Avl Bal is AED 538.89,transaction
Transaction of AED 288.94 debited from your a/c ****0535 at DU UNREGISTERED DUBAI AE. Avl Bal is AED 249.95,transaction
Transaction of AED 32.00 debited from your a/c ****0535 at BROASTED N SHAWARMA ABU DHABI AE. Avl Bal is AED 217.95,transaction
"Dear Customer, AED 20.00 was debited from your account ****0535. Your available account balance is AED 197.95",transaction
"Dear Customer, AED 50.00 was credited to your account ****0535. Your available account balance is AED 247.95",transaction
Transaction of AED 247.00 debited from your a/c ****0535 at Bath & Body Works UAE 96522242156 AE. Avl Bal is AED 0.95,transaction
"Dear Customer, AED 16000.00 was credited to your account ****0535. Your available account balance is AED 16000.95",transaction
"Dear Customer, AED 700.00 was debited from your account ****0535. Your available account balance is AED 15300.95",transaction
"Dear Customer, AED 4100.00 was debited from your account ****0535. Your available account balance is AED 11200.95",transaction
"Dear Customer, AED 10000.00 was debited from your account ****0535. Your available account balance is AED 1200.06",transaction
"Dear Customer, AED 0.89 was debited from your account ****0535. Your available account balance is AED 1200.06",transaction
"Dear Customer, AED 400.00 was debited from your account ****0535. Your available account balance is AED 800.06",transaction
Transaction of AED 340.83 debited from your a/c ****0535 at UT ADMISSION GRAD INTL AUSTIN US. Avl Bal is AED 459.39,transaction
Transaction of AED 105.00 debited from your a/c ****0535 at Bath & Body Works UAE 96522242156 AE. Avl Bal is AED 354.36,transaction
"Dear Customer, AED 200.00 was debited from your account ****0535. Your available account balance is AED 154.36",transaction
"Dear Customer, AED 25.00 was credited to your account ****0535. Your available account balance is AED 179.36",transaction
Transaction of AED 175.00 debited from your a/c ****0535 at Victoria Secret Online 96522242156 AE. Avl Bal is AED 4.36,transaction
"Dear Customer, AED 500.00 was credited to your account ****0535. Your available account balance is AED 504.36",transaction
Transaction of AED 300.00 debited from your a/c ****0535 at CAPITAL MEDICAL CENTRE ABU DHABI AE. Avl Bal is AED 204.36,transaction
"Dear Customer, AED 290.00 was credited to your account ****0535. Your available account balance is AED 494.36",transaction
Transaction of AED 479.10 debited from your a/c ****0535 at Etisalat Digital App Abu Dhabi AE. Avl Bal is AED 15.26,transaction
"Dear Customer, AED 55.00 was credited to your account ****0535. Your available account balance is AED 70.26",transaction
"Dear Customer, AED 100.00 was credited to your account ****0535. Your available account balance is AED 170.26",transaction
"Dear Customer, AED 30.00 was credited to your account ****0535. Your available account balance is AED 200.26",transaction
Transaction of AED 128.99 debited from your a/c ****0535 at Amazon.ae Dubai AE. Avl Bal is AED 71.27,transaction
"Dear Customer, AED 250.00 was credited to your account ****0535. Your available account balance is AED 384.27",transaction
"Dear Customer, AED 63.00 was credited to your account ****0535. Your available account balance is AED 384.27",transaction
"Dear Customer, AED 100.00 was credited to your account ****0535. Your available account balance is AED 484.27",transaction
Transaction of AED 483.81 debited from your a/c ****0535 at DU UNREGISTERED DUBAI AE. Avl Bal is AED 0.46,transaction
"Dear Customer, AED 500.00 was credited to your account ****0535. Your available account balance is AED 500.46",transaction
Transaction of AED 23.00 debited from your a/c ****0535 at DELIVERY HERO TALABAT DUBAI AE. Avl Bal is AED 477.46,transaction
"Dear Customer, AED 50.00 was debited from your account ****0535. Your available account balance is AED 427.46",transaction
"Dear Customer, AED 50.00 was debited from your account ****0535. Your available account balance is AED 377.46",transaction
"Dear Customer, AED 100.00 was debited from your account ****0535. Your available account balance is AED 277.46",transaction
"Dear Customer, AED 100.00 was credited to your account ****0535. Your available account balance is AED 377.46",transaction
"Dear Customer, AED 300.00 was debited from your account ****0535. Your available account balance is AED 12.46",transaction
"Dear Customer, AED 65.00 was debited from your account ****0535. Your available account balance is AED 12.46",transaction
"Dear Customer, AED 65.00 was credited to your account ****0535. Your available account balance is AED 77.46",transaction
"Dear Customer, AED 12.00 was debited from your account ****0535. Your available account balance is AED 0.46",transaction
"Dear Customer, AED 100.00 was credited to your account ****0535. Your available account balance is AED 100.46",transaction
"Dear Customer, AED 35.00 was debited from your account ****0535. Your available account balance is AED 65.46",transaction
"Dear Customer, AED 65.00 was debited from your account ****0535. Your available account balance is AED 0.46",transaction
"Dear Customer, AED 500.00 was debited from your account ****0535. Your available account balance is AED 0.46",transaction
"Dear Customer, AED 600.00 was credited to your account ****0535. Your available account balance is AED 600.46",transaction
"Dear Customer, AED 500.00 was debited from your account ****0535. Your available account balance is AED 100.46",transaction
"Dear Customer, AED 500.00 was credited to your account ****0535. Your available account balance is AED 600.46",transaction
"Dear Customer, AED 16000.00 was credited to your account ****0535. Your available account balance is AED 16600.46",transaction
"Dear Customer, AED 600.00 was debited from your account ****0535. Your available account balance is AED 16000.46",transaction
"Dear Customer, AED 500.00 was debited from your account ****0535. Your available account balance is AED 15500.46",transaction
"Dear Customer, AED 4100.00 was debited from your account ****0535. Your available account balance is AED 11400.46",transaction
"Dear Customer, AED 0.89 was debited from your account ****0535. Your available account balance is AED 1399.57",transaction
"Dear Customer, AED 10000.00 was debited from your account ****0535. Your available account balance is AED 1399.57",transaction
"Dear Customer, AED 740.00 was debited from your account ****0535. Your available account balance is AED 659.57",transaction
"Dear Customer, AED 30.00 was debited from your account ****0535. Your available account balance is AED 629.57",transaction
Transaction of AED 170.99 debited from your a/c ****0535 at RCH-blendjet*8552206638 Calgary GB. Avl Bal is AED 458.58,transaction
"Dear Customer, AED 10000.00 was credited to your account ****0535. Your available account balance is AED 10458.58",transaction
"Dear Customer, AED 20.00 was credited to your account ****0535. Your available account balance is AED 10478.58",transaction
"Dear Customer, AED 59980.00 was credited to your account ****0535. Your available account balance is AED 70458.58",transaction
"Dear Customer, AED 70000.00 was debited from your account ****0535. Your available account balance is AED 458.58",transaction
Transaction of AED 66.15 debited from your a/c ****0535 at ALHASRE FAST FOOD REST ABU DHABI AE. Avl Bal is AED 392.43,transaction
"Dear Customer, AED 300.00 was credited to your account ****0535. Your available account balance is AED 692.43",transaction
Transaction of AED 511.88 debited from your a/c ****0535 at IHSAN A. SAMAD A-134804 DUBAI AE. Avl Bal is AED 180.55,transaction
Transaction of AED 21.00 debited from your a/c ****0535 at STARBUCKS CC4112 DUBAI AE. Avl Bal is AED 159.55,transaction
"Dear Customer, AED 300.00 was credited to your account ****0535. Your available account balance is AED 459.55",transaction
Transaction of AED 262.50 debited from your a/c ****0535 at LAVISH PERFUMES TRADIN RAS AL KHAIMA AE. Avl Bal is AED 197.05,transaction
"Dear Customer, AED 197.00 was debited from your account ****0535. Your available account balance is AED 0.05",transaction
"Dear Customer, AED 100.00 was credited to your account ****0535. Your available account balance is AED 100.05",transaction
Transaction of AED 60.09 debited from your a/c ****0535 at DELIVERY HERO TALABAT DUBAI AE. Avl Bal is AED 39.96,transaction
Transaction of AED 29.75 debited from your a/c ****0535 at ADNOC MIREEKH- FS163 ABUDHABI AE. Avl Bal is AED 10.21,transaction
"Dear Customer, AED 100.00 was credited to your account ****0535. Your available account balance is AED 74.71",transaction
Transaction of AED 35.50 debited from your a/c ****0535 at STARBUCKS-D717-ADNOC AUH AE. Avl Bal is AED 74.71,transaction
"Dear Customer, AED 10.00 was debited from your account ****0535. Your available account balance is AED 64.71",transaction
"Dear Customer, AED 237.00 was credited to your account ****0535. Your available account balance is AED 301.71",transaction
"Dear Customer, AED 60.00 was debited from your account ****0535. Your available account balance is AED 241.71",transaction
"Dear Customer, AED 120.00 was credited to your account ****0535. Your available account balance is AED 361.71",transaction
Transaction of AED 355.36 debited from your a/c ****0535 at Etisalat Telecom Corp Abu Dhabi AE. Avl Bal is AED 6.35,transaction
"Dear Customer, AED 128.99 was credited to your account ****0535. Your available account balance is AED 135.34",transaction
"Dear Customer, AED 1160.00 was credited to your account ****0535. Your available account balance is AED 1295.34",transaction
"Dear Customer, AED 940.00 was credited to your account ****0535. Your available account balance is AED 2235.34",transaction
"Dear Customer, AED 1500.00 was debited from your account ****0535. Your available account balance is AED 735.34",transaction
"Dear Customer, AED 500.00 was debited from your account ****0535. Your available account balance is AED 235.34",transaction
"Dear Customer, AED 150.00 was debited from your account ****0535. Your available account balance is AED 85.34",transaction
Transaction of AED 28.00 debited from your a/c ****0535 at Kuwait Food Co American60 0522252 AE. Avl Bal is AED 57.34,transaction
"Dear Customer, AED 200.00 was credited to your account ****0535. Your available account balance is AED 257.34",transaction
Transaction of AED 209.00 debited from your a/c ****0535 at noon.com 80 038888 AE. Avl Bal is AED 48.34,transaction
"Dear Customer, AED 190.00 was credited to your account ****0535. Your available account balance is AED 298.43",transaction
Transaction of AED 190.25 debited from your a/c ****0535 at Amazon.ae Du bai AE. Avl Bal is AED 108.18,transaction
"Dear Customer, AED 100.00 was debited from your account ****0535. Your available account balance is AED 8.18",transaction
Transaction of AED 50.00 debited from your a/c ****0535 at ADNOC DISTRIBUTION AB U DHABI AE. Avl Bal is AED 8.18,transaction
"Dear Customer, AED 50.00 was credited to your account ****0535. Your available account balance is AED 58.18",transaction
"Dear Customer, AED 50.00 was credited to your account ****0535. Your available account balance is AED 7.68",transaction
Transaction of AED 50.50 debited from your a/c ****0535 at STARBUCKS-D717-ADNOC AU H AE. Avl Bal is AED 7.68,transaction
"Dear Customer, AED 15.00 was credited to your account ****0535. Your available account balance is AED 22.68",transaction
"Dear Customer, AED 30.00 was credited to your account ****0535. Your available account balance is AED 52.68",transaction
Transaction of AED 38.00 debited from your a/c ****0535 at Zomato Du bai AE. Avl Bal is AED 14.68,transaction
"Dear Customer, AED 55.00 was credited to your account ****0535. Your available account balance is AED 69.68",transaction
Transaction of AED 35.50 debited from your a/c ****0535 at STARBUCKS-D717-ADNOC AU H AE. Avl Bal is AED 34.18,transaction
Transaction of AED 10.50 debited from your a/c ****0535 at TEA JUNCTION EXPRESS AB U DHABI AE. Avl Bal is AED 23.68,transaction
Transaction of AED 35.50 debited from your a/c ****0535 at STARBUCKS-D717-ADNOC AU H AE. Avl Bal is AED 38.18,transaction
"Dear Customer, AED 50.00 was credited to your account ****0535. Your available account balance is AED 38.18",transaction
"Dear Customer, AED 16000.00 was credited to your account ****0535. Your available account balance is AED 16038.18",transaction
"Dear Customer, AED 500.00 was credited to your account ****0535. Your available account balance is AED 16538.18",transaction
"Dear Customer, AED 10000.00 was debited from your account ****0535. Your available account balance is AED 6538.18",transaction
"Dear Customer, AED 4000.00 was debited from your account ****0535. Your available account balance is AED 2538.18",transaction
"Dear Customer, AED 600.00 was debited from your account ****0535. Your available account balance is AED 1938.18",transaction
"Dear Customer, AED 500.00 was debited from your account ****0535. Your available account balance is AED 1438.18",transaction
"Dear Customer, AED 430.00 was debited from your account ****0535. Your available account balance is AED 1008.18",transaction
Transaction of AED 300.00 debited from your a/c ****0535 at ADNOC DISTRIBUTION AB U DHABI AE. Avl Bal is AED 708.18,transaction
"Dear Customer, AED 278.00 was debited from your account ****0535. Your available account balance is AED 430.18",transaction
Transaction of AED 17.75 debited from your a/c ****0535 at STARBUCKS-D717-ADNOC AU H AE. Avl Bal is AED 412.43,transaction
Transaction of AED 15.00 debited from your a/c ****0535 at MCDONALDS-ADNOC MAHAWI AU H AE. Avl Bal is AED 397.43,transaction
Transaction of AED 11.00 debited from your a/c ****0535 at STARBUCKS-D717-ADNOC AU H AE. Avl Bal is AED 386.43,transaction
Transaction of AED 28.35 debited from your a/c ****0535 at KARAM AL SHAM RESTAURANAB U DHABI AE. Avl Bal is AED 358.08,transaction
"Dear Customer, AED 200.00 was debited from your account ****0535. Your available account balance is AED 158.08",transaction
"Dear Customer, AED 200.00 was credited to your account ****0535. Your available account balance is AED 358.08",transaction
Transaction of AED 38.75 debited from your a/c ****0535 at STARBUCKS-D717-ADNOC AU H AE. Avl Bal is AED 319.33,transaction
"Dear Customer, AED 358.00 was credited to your account ****0535. Your available account balance is AED 677.33",transaction
Transaction of AED 13.00 debited from your a/c ****0535 at TEA JUNCTION EXPRESS AB U DHABI AE. Avl Bal is AED 664.33,transaction
Transaction of AED 347.57 debited from your a/c ****0535 at Smiles Ab u Dhabi AE. Avl Bal is AED 316.76,transaction
Transaction of AED 36.75 debited from your a/c ****0535 at KARAM AL SHAM RESTAURANAB U DHABI AE. Avl Bal is AED 280.01,transaction
Transaction of AED 51.00 debited from your a/c ****0535 at AL FAWAR HOUSE CAFTERI AB U DHABI AE. Avl Bal is AED 229.01,transaction
"Dear Customer, AED 3000.00 was credited to your account ****0535. Your available account balance is AED 3229.01",transaction
"Dear Customer, AED 3000.00 was debited from your account ****0535. Your available account balance is AED 229.01",transaction
Transaction of AED 15.75 debited from your a/c ****0535 at GULF PASTRY LLC ABU DHABI AE. Avl Bal is AED 213.26,transaction
"Dear Customer, AED 15000.00 was credited to your account ****0535. Your available account balance is AED 15213.26",transaction
"Dear Customer, AED 15000.00 was debited from your account ****0535. Your available account balance is AED 213.26",transaction
"Dear Customer, AED 150.00 was debited from your account ****0535. Your available account balance is AED 63.26",transaction
"Dear Customer, AED 150.00 was credited to your account ****0535. Your available account balance is AED 213.26",transaction
Transaction of AED 15.75 debited from your a/c ****0535 at GULF PASTRY LLC ABU DHABI AE. Avl Bal is AED 197.51,transaction
"Dear Customer, AED 105.00 was credited to your account ****0535. Your available account balance is AED 302.51",transaction
"Dear Customer, AED 300.00 was debited from your account ****0535. Your available account balance is AED 2.51",transaction
"Dear Customer, AED 650.00 was debited from your account ****1296. Your available account balance is AED 5350.75",transaction
"Dear Customer, AED 93.00 was credited to your account ****0535. Your available account balance is AED 95.51",transaction
"Dear Customer, AED 5.00 was debited from your account ****0535. Your available account balance is AED 96.31",transaction
"Dear Customer, AED 5.80 was credited to your account ****0535. Your available account balance is AED 96.31",transaction
"Dear Customer, AED 800.00 was credited to your account ****0535. Your available account balance is AED 896.31",transaction
"Dear Customer, AED 170.00 was debited from your account ****0535. Your available account balance is AED 726.31",transaction
Transaction of AED 28.04 debited from your a/c ****0535 at ADVANCED CNT DAY CARE AB U DHABI AE. Avl Bal is AED 698.27,transaction
Transaction of AED 25.00 debited from your a/c ****0535 at SULTAN PALACE PASTRY ABU DHABI AE. Avl Bal is AED 673.27,transaction
Transaction of AED 2.00 debited from your a/c ****0535 at MABROOK RESTAURANT ABU DHABI AE. Avl Bal is AED 671.27,transaction
"Dear Customer, AED 70.00 was debited from your account ****0535. Your available account balance is AED 601.27",transaction
Transaction of AED 72.03 debited from your a/c ****0535 at ADNOC Al SALAMS/S915 AB U DHABI AE. Avl Bal is AED 529.24,transaction
Transaction of AED 21.00 debited from your a/c ****0535 at ADNOC Al SALAMS/S915 AB U DHABI AE. Avl Bal is AED 508.24,transaction
Transaction of AED 50.00 debited from your a/c ****0535 at ADVANCED CNT DAY CARE AB U DHABI AE. Avl Bal is AED 458.24,transaction
Transaction of AED 26.25 debited from your a/c ****0535 at AL WALAH CAF E AB U DHABI AE. Avl Bal is AED 431.99,transaction
Transaction of AED 18.25 debited from your a/c ****0535 at ADNOC Al SALAMS/S915 AB U DHABI AE. Avl Bal is AED 413.74,transaction
Transaction of AED 40.75 debited from your a/c ****0535 at DAREEN INTL STARBUCKS CDU BAI AE. Avl Bal is AED 372.99,transaction
"Dear Customer, AED 16000.00 was credited to your account ****0535. Your available account balance is AED 16372.99",transaction
"Dear Customer, AED 10000.00 was debited from your account ****0535. Your available account balance is AED 6372.99",transaction
"Dear Customer, AED 1000.00 was debited from your account ****0535. Your available account balance is AED 5372.99",transaction
"Dear Customer, AED 0.89 was debited from your account ****0535. Your available account balance is AED 2622.10",transaction
"Dear Customer, AED 2750.00 was debited from your account ****0535. Your available account balance is AED 2622.10",transaction
"Dear Customer, AED 1350.00 was debited from your account ****0535. Your available account balance is AED 1272.10",transaction
Transaction of AED 400.00 debited from your a/c ****0535 at ADNOC DISTRIBUTION AB U DHABI AE. Avl Bal is AED 872.10,transaction
"Dear Customer, AED 500.00 was debited from your account ****0535. Your available account balance is AED 372.10",transaction
Transaction of AED 585.00 debited from your a/c ****0535 at MOI TRAFFIC FINES Ab u Dhabi AE. Avl Bal is AED 137.10,transaction
"Dear Customer, AED 350.00 was credited to your account ****0535. Your available account balance is AED 137.10",transaction
"Dear Customer, AED 152.00 was credited to your account ****0535. Your available account balance is AED 289.10",transaction
Transaction of AED 9.00 debited from your a/c ****0535 at Zomato Du bai AE. Avl Bal is AED 280.10,transaction
Transaction of AED 8.00 debited from your a/c ****0535 at KOSHARI N PASTA ABU DHABI AE. Avl Bal is AED 272.10,transaction
"Dear Customer, AED 100.00 was debited from your account ****0535. Your available account balance is AED 172.10",transaction
"Dear Customer, AED 50.00 was debited from your account ****0535. Your available account balance is AED 122.10",transaction
"Dear Customer, AED 3.55 was debited from your account ****0535. Your available account balance is AED 118.55",transaction
Transaction of AED 18.99 debited from your a/c ****0535 at APPLE.COM/BILL IT UNES.COM IE. Avl Bal is AED 99.56,transaction
"Dear Customer, AED 99.00 was credited to your account ****0535. Your available account balance is AED 198.56",transaction
"Dear Customer, AED 198.00 was debited from your account ****0535. Your available account balance is AED 0.56",transaction
"Dear Customer, AED 50.00 was credited to your account ****0535. Your available account balance is AED 0.00",transaction
"Dear Customer, AED 50.56 was debited from your account ****0535. Your available account balance is AED 0.00",transaction
"Dear Customer, AED 9.00 was credited to your account ****0535. Your available account balance is AED 9.00",transaction
"Dear Customer, AED 500.00 was credited to your account ****0535. Your available account balance is AED 509.00",transaction
"Dear Customer, AED 108.80 was debited from your account ****0535. Your available account balance is AED 400.20",transaction
"Dear Customer, AED 100.00 was credited to your account ****0535. Your available account balance is AED 500.20",transaction
"Dear Customer, AED 250.00 was debited from your account ****0535. Your available account balance is AED 250.20",transaction
"Dear Customer, AED 200.00 was debited from your account ****0535. Your available account balance is AED 50.20",transaction
"Dear Customer, AED 50.00 was debited from your account ****0535. Your available account balance is AED 0.20",transaction
"Dear Customer, AED 1000.00 was credited to your account ****0535. Your available account balance is AED 1000.20",transaction
"Dear Customer, AED 16000.00 was credited to your account ****0535. Your available account balance is AED 17000.20",transaction
"Dear Customer, AED 15000.00 was debited from your account ****0535. Your available account balance is AED 2000.20",transaction
"Dear Customer, AED 500.00 was debited from your account ****0535. Your available account balance is AED 1500.20",transaction
"Dear Customer, AED 383.18 was debited from your account ****0535. Your available account balance is AED 1117.02",transaction
"Dear Customer, AED 24.00 was debited from your account ****0535. Your available account balance is AED 1093.02",transaction
"Dear Customer, AED 750.00 was debited from your account ****0535. Your available account balance is AED 343.02",transaction
"Dear Customer, AED 5000.00 was credited to your account ****0535. Your available account balance is AED 5343.02",transaction
"Dear Customer, AED 300.00 was debited from your account ****0535. Your available account balance is AED 5043.02",transaction
"Dear Customer, AED 5000.00 was debited from your account ****0535. Your available account balance is AED 43.02",transaction
"Dear Customer, AED 40.00 was debited from your account ****0535. Your available account balance is AED 3.02",transaction
"Dear Customer, AED 200.00 was credited to your account ****0535. Your available account balance is AED 203.02",transaction
"Dear Customer, AED 60.50 was debited from your account ****0535. Your available account balance is AED 142.52",transaction
"Dear Customer, AED 7017.50 was credited to your account ****0535. Your available account balance is AED 7160.02",transaction
"Dear Customer, AED 7017.00 was debited from your account ****0535. Your available account balance is AED 143.02",transaction
"Dear Customer, AED 1.20 was debited from your account ****0535. Your available account balance is AED 141.82",transaction
"Dear Customer, AED 18.00 was debited from your account ****0535. Your available account balance is AED 123.82",transaction
"Dear Customer, AED 100.00 was debited from your account ****0535. Your available account balance is AED 23.82",transaction
"Dear Customer, AED 23.32 was debited from your account ****0535. Your available account balance is AED 0.50",transaction
"Dear Customer, AED 1000.00 was credited to your account ****0535. Your available account balance is AED 1000.50",transaction
"Dear Customer, AED 100.00 was debited from your account ****0535. Your available account balance is AED 900.50",transaction
"Dear Customer, AED 16000.00 was credited to your account ****0535. Your available account balance is AED 16900.50",transaction
"Dear Customer, AED 11000.00 was debited from your account ****0535. Your available account balance is AED 5900.50",transaction
"Dear Customer, AED 750.00 was debited from your account ****0535. Your available account balance is AED 5150.50",transaction
"Dear Customer, AED 3500.00 was debited from your account ****0535. Your available account balance is AED 1650.50",transaction
"Dear Customer, AED 397.76 was debited from your account ****0535. Your available account balance is AED 1252.74",transaction
"Dear Customer, AED 150.00 was debited from your account ****0535. Your available account balance is AED 1102.74",transaction
Transaction of AED 186.17 debited from your a/c ****0535 at ARMED FORCES OFFICERS AB U DHABI AE. Avl Bal is AED 916.57,transaction
Transaction of AED 45.00 debited from your a/c ****0535 at ARMED FORCES OFFICERS AB U DHABI AE. Avl Bal is AED 871.57,transaction
"Dear Customer, AED 150.00 was debited from your account ****0535. Your available account balance is AED 721.57",transaction
Transaction of AED 34.50 debited from your a/c ****0535 at Kuwait Food Co American97 1600569000 AE. Avl Bal is AED 687.07,transaction
"Dear Customer, AED 50.00 was debited from your account ****0535. Your available account balance is AED 637.07",transaction
"Dear Customer, AED 150.00 was credited to your account ****0535. Your available account balance is AED 787.07",transaction
"Dear Customer, AED 740.00 was debited from your account ****0535. Your available account balance is AED 47.07",transaction
"Dear Customer, AED 3.00 was credited to your account ****0535. Your available account balance is AED 50.07",transaction
"Dear Customer, AED 50.00 was debited from your account ****0535. Your available account balance is AED 0.07",transaction
"Dear Customer, AED 50.00 was credited to your account ****0535. Your available account balance is AED 50.07",transaction
"Dear Customer, AED 16000.00 was credited to your account ****0535. Your available account balance is AED 16050.07",transaction
"Dear Customer, AED 900.00 was credited to your account ****0535. Your available account balance is AED 16950.07",transaction
"Dear Customer, AED 251.75 was debited from your account ****0535. Your available account balance is AED 16698.32",transaction
"Dear Customer, AED 10000.00 was debited from your account ****0535. Your available account balance is AED 6698.32",transaction
"Dear Customer, AED 4100.00 was debited from your account ****0535. Your available account balance is AED 2598.32",transaction
"Dear Customer, AED 750.00 was debited from your account ****0535. Your available account balance is AED 1848.32",transaction
"Dear Customer, AED 5000.00 was credited to your account ****0535. Your available account balance is AED 6848.32",transaction
"Dear Customer, AED 5000.00 was debited from your account ****0535. Your available account balance is AED 1848.32",transaction
"Dear Customer, AED 168.00 was debited from your account ****0535. Your available account balance is AED 1680.32",transaction
Transaction of AED 72.27 debited from your a/c ****0535 at PAYPAL *HSOUB 07 759718069 GB. Avl Bal is AED 1608.05,transaction
Transaction of AED 75.56 debited from your a/c ****0535 at 408-345-5282ADAPTDMIND +1 4083455282 US. Avl Bal is AED 1532.49,transaction
"Dear Customer, AED 400.00 was debited from your account ****0535. Your available account balance is AED 719.49",transaction
"Dear Customer, AED 413.00 was debited from your account ****0535. Your available account balance is AED 719.49",transaction
"Dear Customer, AED 156.03 was debited from your account ****0535. Your available account balance is AED 563.46",transaction
"Dear Customer, AED 383.04 was debited from your account ****0535. Your available account balance is AED 180.42",transaction
"Dear Customer, AED 370.00 was credited to your account ****0535. Your available account balance is AED 550.42",transaction
"Dear Customer, AED 497.00 was debited from your account ****0535. Your available account balance is AED 53.42",transaction
"Dear Customer, AED 53.00 was debited from your account ****0535. Your available account balance is AED 0.42",transaction
"Dear Customer, AED 200.00 was credited to your account ****0535. Your available account balance is AED 200.42",transaction
"Dear Customer, AED 200.00 was debited from your account ****0535. Your available account balance is AED 0.42",transaction
"Trx. of AED 33.60 on your card ending **0121 at EL CHICO WTC ABU DHABI in ABU DHABI, UNITED ARAB EMI is Approved. Avl card bal is 15357.90.Trx Date: 16/11/20 17:24.",transaction
"Dear Customer, AED 500.00 was credited to your account ****0535. Your available account balance is AED 500.42",transaction
"Dear Customer, AED 410.00 was debited from your account ****0535. Your available account balance is AED 90.42",transaction
"Dear Customer, AED 70.00 was debited from your account ****0535. Your available account balance is AED 20.42",transaction
"Dear Customer, AED 300.00 was credited to your account ****0535. Your available account balance is AED 320.42",transaction
"Dear Customer, AED 16000.00 was credited to your account ****0535. Your available account balance is AED 16320.42",transaction
"Dear Customer, AED 1591.81 was debited from your account ****0535. Your available account balance is AED 14728.61",transaction
"Dear Customer, AED 10000.00 was debited from your account ****0535. Your available account balance is AED 4728.61",transaction
"Dear Customer, AED 500.00 was debited from your account ****0535. Your available account balance is AED 4228.61",transaction
"Dear Customer, AED 4100.00 was debited from your account ****0535. Your available account balance is AED 128.61",transaction
"Dear Customer, AED 5000.00 was credited to your account ****0535. Your available account balance is AED 5128.61",transaction
"Dear Customer, AED 150.00 was debited from your account ****0535. Your available account balance is AED 4978.61",transaction
"Dear Customer, AED 4970.00 was debited from your account ****0535. Your available account balance is AED 8.61",transaction
"Dear Customer, AED 30.09 was credited to your account ****0535. Your available account balance is AED 38.70",transaction
"Dear Customer, AED 10.26 was debited from your account ****0535. Your available account balance is AED 28.44",transaction
"Dear Customer, AED 200.00 was credited to your account ****0535. Your available account balance is AED 228.44",transaction
"Dear Customer, AED 200.00 was debited from your account ****0535. Your available account balance is AED 28.44",transaction
"Dear Customer, AED 4800.00 was credited to your account ****0535. Your available account balance is AED 4828.44",transaction
"Dear Customer, AED 150.00 was debited from your account ****0535. Your available account balance is AED 4678.44",transaction
"Dear Customer, AED 1000.00 was debited from your account ****0535. Your available account balance is AED 3678.44",transaction
"Dear Customer, AED 1532.24 was debited from your account ****0535. Your available account balance is AED 2146.20",transaction
"Dear Customer, AED 2000.00 was debited from your account ****0535. Your available account balance is AED 146.20",transaction
Transaction of AED 75.56 debited from your a/c ****0535 at 408-345-5282ADAPTDMIND +1 4083455282 US. Avl Bal is AED 70.64,transaction
"Dear Customer, AED 102.00 was credited to your account ****0535. Your available account balance is AED 172.64",transaction
"Dear Customer, AED 151.91 was debited from your account ****0535. Your available account balance is AED 20.73",transaction
"Dear Customer, AED 20.73 was debited from your account ****0535. Your available account balance is AED 0.00",transaction
"Dear Customer, AED 40.00 was credited to your account ****0535. Your available account balance is AED 40.00",transaction
"Dear Customer, AED 40.00 was debited from your account ****0535. Your available account balance is AED 0.00",transaction
"Dear Customer, AED 16000.00 was credited to your account ****0535. Your available account balance is AED 16000.00",transaction
"Dear Customer, AED 900.00 was debited from your account ****0535. Your available account balance is AED 15100.00",transaction
"Dear Customer, AED 200.00 was debited from your account ****0535. Your available account balance is AED 14900.00",transaction
"Dear Customer, AED 5000.00 was credited to your account ****0535. Your available account balance is AED 19900.00",transaction
"Dear Customer, AED 15000.00 was debited from your account ****0535. Your available account balance is AED 4900.00",transaction
"Dear Customer, AED 4100.00 was debited from your account ****0535. Your available account balance is AED 800.00",transaction
"Dear Customer, AED 238.27 was debited from your account ****0535. Your available account balance is AED 561.73",transaction
"Dear Customer, AED 5000.00 was credited to your account ****0535. Your available account balance is AED 5561.73",transaction
"Dear Customer, AED 0.89 was debited from your account ****0535. Your available account balance is AED 560.84",transaction
"Dear Customer, AED 5000.00 was debited from your account ****0535. Your available account balance is AED 560.84",transaction
"Dear Customer, AED 374.02 was debited from your account ****0535. Your available account balance is AED 186.82",transaction
"Dear Customer, AED 85.00 was debited from your account ****0535. Your available account balance is AED 101.82",transaction
"Dear Customer, AED 300.00 was credited to your account ****0535. Your available account balance is AED 401.82",transaction
"Dear Customer, AED 16000.00 was credited to your account ****0535. Your available account balance is AED 16401.82",transaction
"Dear Customer, AED 6000.00 was credited to your account ****0535. Your available account balance is AED 22401.82",transaction
"Dear Customer, AED 6000.00 was debited from your account ****0535. Your available account balance is AED 16401.82",transaction
"Dear Customer, AED 401.82 was debited from your account ****0535. Your available account balance is AED 16000.00",transaction
"Dear Customer, AED 4100.00 was debited from your account ****0535. Your available account balance is AED 11900.00",transaction
"Dear Customer, AED 10000.00 was debited from your account ****0535. Your available account balance is AED 1900.00",transaction
"Dear Customer, AED 1000.00 was debited from your account ****0535. Your available account balance is AED 900.00",transaction
"Dear Customer, AED 227.81 was debited from your account ****0535. Your available account balance is AED 672.19",transaction
"Dear Customer, AED 470.00 was debited from your account ****0535. Your available account balance is AED 202.19",transaction
"Dear Customer, AED 123.45 was debited from your account ****0535. Your available account balance is AED 78.74",transaction
"Dear Customer, AED 4.00 was debited from your account ****0535. Your available account balance is AED 74.74",transaction
"Dear Customer, AED 9.74 was debited from your account ****0535. Your available account balance is AED 65.00",transaction
"Dear Customer, AED 65.00 was debited from your account ****0535. Your available account balance is AED 0.00",transaction
"Dear Customer, AED 320.00 was credited to your account ****0535. Your available account balance is AED 320.00",transaction
Transaction of AED 269.00 debited from your a/c ****0535 at Apple Online Store - UA97 143833000 AE. Avl Bal is AED 51.00,transaction
Transaction of AED 12.72 debited from your a/c ****0535 at 707-652-3328ADAPTDMIND +1 7076523328 US. Avl Bal is AED 38.28,transaction
"Dear Customer, AED 5000.00 was credited to your account ****0535. Your available account balance is AED 5038.28",transaction
"Dear Customer, AED 5000.00 was debited from your account ****0535. Your available account balance is AED 38.28",transaction
"Dear Customer, AED 145.00 was credited to your account ****0535. Your available account balance is AED 183.28",transaction
"Dear Customer, AED 183.28 was debited from your account ****0535. Your available account balance is AED 0.00",transaction
"Dear Customer, Your security code for the ADIB transaction is 5358",transaction
"Dear Customer, AED 16000.00 was credited to your account ****0535. Your available account balance is AED 16269.00",transaction
"Dear Customer, AED 11000.00 was debited from your account ****0535. Your available account balance is AED 5269.00",transaction
"Dear Customer, AED 1.05 was debited from your account ****0535. Your available account balance is AED 1167.95",transaction
"Dear Customer, AED 4100.00 was debited from your account ****0535. Your available account balance is AED 1167.95",transaction
"Dear Customer, AED 378.00 was debited from your account ****0535. Your available account balance is AED 639.95",transaction
"Dear Customer, AED 150.00 was debited from your account ****0535. Your available account balance is AED 639.95",transaction
"Dear Customer, AED 5000.00 was credited to your account ****0535. Your available account balance is AED 5639.95",transaction
"Dear Customer, AED 5000.00 was debited from your account ****0535. Your available account balance is AED 639.95",transaction
"Dear Customer, AED 380.00 was debited from your account ****0535. Your available account balance is AED 259.95",transaction
"Dear Customer, AED 259.95 was debited from your account ****0535. Your available account balance is AED 0.00",transaction
"Dear Customer, AED 500.00 was credited to your account ****0535. Your available account balance is AED 500.00",transaction
Transaction of AED 323.59 debited from your a/c ****0535 at SAVE MY EXAMS +4 40789400938 GB. Avl Bal is AED 176.41,transaction
"Dear Customer, AED 6450.00 was credited to your account ****0535. Your available account balance is AED 6626.41",transaction
"Dear Customer, AED 350.00 was debited from your account ****0535. Your available account balance is AED 6276.41",transaction
"Dear Customer, AED 2553.92 was debited from your account ****0535. Your available account balance is AED 3722.49",transaction
"Dear Customer, AED 692.18 was debited from your account ****0535. Your available account balance is AED 1530.31",transaction
"Dear Customer, AED 1500.00 was debited from your account ****0535. Your available account balance is AED 1530.31",transaction
"Dear Customer, AED 100.00 was debited from your account ****0535. Your available account balance is AED 1430.31",transaction
"Dear Customer, AED 100.00 was credited to your account ****0535. Your available account balance is AED 1531.59",transaction
"Dear Customer, AED 200.00 was credited to your account ****0535. Your available account balance is AED 1831.59",transaction
"Dear Customer, AED 100.00 was credited to your account ****0535. Your available account balance is AED 1831.59",transaction
"Dear Customer, AED 300.00 was debited from your account ****0535. Your available account balance is AED 1531.59",transaction
"Dear Customer, AED 100.00 was debited from your account ****0535. Your available account balance is AED 1431.59",transaction
"Dear Customer, AED 2000.00 was credited to your account ****0535. Your available account balance is AED 3431.59",transaction
"Dear Customer, AED 2968.00 was debited from your account ****0535. Your available account balance is AED 463.59",transaction
Transaction of AED 52.00 debited from your a/c ****0535 at KHBZ & KARAK AB U DHABI AE. Avl Bal is AED 411.59,transaction
Transaction of AED 37.68 debited from your a/c ****0535 at 707-652-3328ADAPTDMIND +1 7076523328 US. Avl Bal is AED 373.91,transaction
"Dear Customer, AED 300.00 was debited from your account ****0535. Your available account balance is AED 73.91",transaction
Transaction of AED 46.48 debited from your a/c ****0535 at MEDICLINIC HOSPITALS LLAB U DHABI AE. Avl Bal is AED 27.43,transaction
"Trx. of AED 46.00 on your card ending **0121 at STARBUCKS-D717-ADNOC in AUH, UNITED ARAB EMI is Approved. Avl card bal is 15357.72.Trx Date: 13/03/21 14:03.",transaction
"Dear Customer, AED 5000.00 was credited to your account ****0535. Your available account balance is AED 5027.43",transaction
"Dear Customer, AED 5000.00 was debited from your account *535. Your available account balance is AED 27.43",transaction
"Dear Customer, AED 16000.00 was credited to your account *535. Your available account balance is AED 16027.43",transaction
"Dear Customer, AED 4100.00 was debited from your account *535. Your available account balance is AED 11926.38",transaction
"Dear Customer, AED 1.05 was debited from your account *535. Your available account balance is AED 11926.38",transaction
"Dear Customer, AED 2000.00 was debited from your account *535. Your available account balance is AED 9926.38",transaction
"Dear Customer, AED 8000.00 was debited from your account *535. Your available account balance is AED 1925.33",transaction
"Dear Customer, AED 1.05 was debited from your account *535. Your available account balance is AED 1925.33",transaction
"Dear Customer, AED 5000.00 was credited to your account *535. Your available account balance is AED 6925.33",transaction
"Dear Customer, AED 5000.00 was debited from your account *535. Your available account balance is AED 1925.33",transaction
"Dear Customer, AED 208.00 was credited to your account *535. Your available account balance is AED 125.47",transaction
"Dear Customer, AED 2007.86 was debited from your account *535. Your available account balance is AED 125.47",transaction
"Dear Customer, AED 100.00 was debited from your account *535. Your available account balance is AED 25.47",transaction
"Dear Customer, AED 25.47 was debited from your account *535. Your available account balance is AED 0.00",transaction
"Dear Customer, AED 500.00 was credited to your account *535. Your available account balance is AED 500.00",transaction
"Dear Customer, AED 500.00 was debited from your account *535. Your available account balance is AED 0.00",transaction
"Dear Customer, AED 5000.00 was credited to your account *535. Your available account balance is AED 5000.00",transaction
"Dear Customer, AED 2000.00 was debited from your account *535. Your available account balance is AED 3000.00",transaction
"Dear Customer, AED 85.00 was credited to your account *535. Your available account balance is AED 3085.00",transaction
Transaction of AED 65.00 debited from your a/c *535 at MEDICLINIC HOSPITALS LLAB U DHABI AE. Avl Bal is AED 3020.00,transaction
"Dear Customer, AED 4000.00 was credited to your account *535. Your available account balance is AED 7020.00",transaction
"Dear Customer, AED 7000.00 was debited from your account *535. Your available account balance is AED 20.00",transaction
"Dear Customer, AED 3000.00 was credited to your account *535. Your available account balance is AED 3020.00",transaction
"Dear Customer, AED 3000.00 was debited from your account *535. Your available account balance is AED 20.00",transaction
"Dear Customer, AED 1.00 was debited from your account *535. Your available account balance is AED 19.00",transaction
"Dear Customer, AED 1050.00 was credited to your account *535. Your available account balance is AED 1069.00",transaction
Transaction of AED 37.68 debited from your a/c *535 at 707-652-3328ADAPTDMIND +1 7076523328 US. Avl Bal is AED 1031.32,transaction
"Dear Customer, AED 1000.00 was debited from your account *535. Your available account balance is AED 31.32",transaction
Transaction of AED 30.00 debited from your a/c *535 at ADNOC MAHAWI NORTH -16 AB U DHABI AE. Avl Bal is AED 1.32,transaction
"Dear Customer, AED 16000.00 was credited to your account *535. Your available account balance is AED 16001.32",transaction
"Dear Customer, AED 10000.00 was debited from your account *535. Your available account balance is AED 6001.32",transaction
"Dear Customer, AED 1000.00 was debited from your account *535. Your available account balance is AED 5001.32",transaction
"Dear Customer, AED 4000.00 was debited from your account *535. Your available account balance is AED 1001.32",transaction
"Dear Customer, AED 150.00 was debited from your account *535. Your available account balance is AED 851.32",transaction
"Dear Customer, AED 2025.00 was credited to your account *535. Your available account balance is AED 2876.32",transaction
"Dear Customer, AED 1005.00 was credited to your account *535. Your available account balance is AED 3881.32",transaction
"Dear Customer, AED 5000.00 was credited to your account *535. Your available account balance is AED 8881.32",transaction
"Dear Customer, AED 173.00 was credited to your account *535. Your available account balance is AED 9054.32",transaction
"Dear Customer, AED 5000.00 was debited from your account *535. Your available account balance is AED 4054.32",transaction
"Dear Customer, AED 1000.00 was debited from your account *535. Your available account balance is AED 3054.32",transaction
"Trx. of USD 19.90 on your card ending **0121 at ECPO.INC in +15053568405, UNITED STATES is Approved. Avl card bal is 8938.28.Trx Date: 30/04/21 03:41.",transaction
"Dear Customer, AED 349.32 was debited from your account *535. Your available account balance is AED 2705.00",transaction
Transaction of AED 52.00 debited from your a/c *535 at KFC BANIYAS AB U DHABI AE. Avl Bal is AED 2653.00,transaction
Transaction of AED 13.00 debited from your a/c *535 at DELIVEROO DMCC 04 5126268 AE. Avl Bal is AED 2640.00,transaction
"Dear Customer, AED 11000.00 was credited to your account *535. Your available account balance is AED 13640.00",transaction
"Dear Customer, AED 3000.00 was debited from your account *535. Your available account balance is AED 10640.00",transaction
"Dear Customer, AED 6000.00 was debited from your account *535. Your available account balance is AED 4640.00",transaction
"Dear Customer, AED 997.00 was debited from your account *535. Your available account balance is AED 3643.00",transaction
"Dear Customer, AED 2000.00 was debited from your account *535. Your available account balance is AED 1643.00",transaction
"Trx. of AED430.87 on your card ending *121 at Smiles, UAE is Approved. Avl. card bal is 15359.73. Trx Date: 08/05/21 00:22",transaction
Transaction of AED 37.68 debited from your a/c *535 at 707-652-3328ADAPTDMIND +1 7076523328 US. Avl Bal is AED 1605.32,transaction
"Dear Customer, AED 430.00 was debited from your account *535. Your available account balance is AED 965.32",transaction
"Dear Customer, AED 210.00 was debited from your account *535. Your available account balance is AED 965.32",transaction
"Dear Customer, AED 26000.00 was credited to your account *535. Your available account balance is AED 26965.32",transaction
"Dear Customer, AED 26000.00 was debited from your account *535. Your available account balance is AED 964.27",transaction
"Dear Customer, AED 1.05 was debited from your account *535. Your available account balance is AED 964.27",transaction
Transaction of AED 33.40 debited from your a/c *535 at DELIVEROO DMCC 04 5126268 AE. Avl Bal is AED 930.87,transaction
Transaction of AED 1.00 debited from your a/c *535 at DELIVEROO DMCC 04 5126268 AE. Avl Bal is AED 929.87,transaction
"Dear Customer, AED 500.00 was credited to your account *535. Your available account balance is AED 1429.87",transaction
Transaction of AED 15.50 debited from your a/c *535 at TEA JUNCTION EXPRESS AB U DHABI AE. Avl Bal is AED 1414.37,transaction
"Dear Customer, AED 40.00 was credited to your account *535. Your available account balance is AED 1454.37",transaction
"Dear Customer, AED 150.00 was debited from your account *535. Your available account balance is AED 1304.37",transaction
"Dear Customer, AED 150.00 was credited to your account *535. Your available account balance is AED 1454.37",transaction
"Dear Customer, AED 100.00 was debited from your account *535. Your available account balance is AED 1254.37",transaction
"Dear Customer, AED 16000.00 was credited to your account *535. Your available account balance is AED 17254.37",transaction
"Dear Customer, AED 50.00 was debited from your account *535. Your available account balance is AED 17204.37",transaction
"Dear Customer, AED 5000.00 was credited to your account *535. Your available account balance is AED 22204.37",transaction
"Dear Customer, AED 5000.00 was debited from your account *535. Your available account balance is AED 17204.37",transaction
"Dear Customer, AED 1.05 was debited from your account *535. Your available account balance is AED 13103.32",transaction
"Dear Customer, AED 4100.00 was debited from your account *535. Your available account balance is AED 13103.32",transaction
"Dear Customer, AED 10000.00 was debited from your account *535. Your available account balance is AED 3103.32",transaction
"Dear Customer, AED 1718.71 was debited from your account *535. Your available account balance is AED 1384.61",transaction
"Dear Customer, AED 100.00 was debited from your account *535. Your available account balance is AED 1284.61",transaction
"Dear Customer, AED 500.00 was debited from your account *535. Your available account balance is AED 784.61",transaction
Transaction of AED 32.00 debited from your a/c *535 at Talabat com DU BAI AE. Avl Bal is AED 752.61,transaction
"Dear Customer, AED 226.79 was credited to your account *535. Your available account balance is AED 979.40",transaction
"Dear Customer, AED 226.79 was debited from your account *535. Your available account balance is AED 752.61",transaction
"Dear Customer, AED 226.79 was debited from your account *535. Your available account balance is AED 525.82",transaction
"Dear Customer, AED 50.00 was debited from your account *535. Your available account balance is AED 475.82",transaction
"Dear Customer, AED 6.57 was credited to your account *535. Your available account balance is AED 482.39",transaction
"Dear Customer, AED 250.00 was credited to your account *535. Your available account balance is AED 732.39",transaction
"Dear Customer, AED 90.00 was debited from your account *535. Your available account balance is AED 642.39",transaction
Transaction of AED 429.00 debited from your a/c *535 at www.groupon.ae gr oupon.ae IE. Avl Bal is AED 213.39,transaction
"Dear Customer, AED 150.00 was credited to your account *535. Your available account balance is AED 363.39",transaction
Transaction of AED 299.25 debited from your a/c *535 at www.groupon.ae gr oupon.ae IE. Avl Bal is AED 64.14,transaction
"Dear Customer, AED 64.14 was debited from your account *535. Your available account balance is AED 0.00",transaction
"Dear Customer, AED 429.00 was credited to your account *535. Your available account balance is AED 429.00",transaction
"Dear Customer, AED 429.00 was debited from your account *535. Your available account balance is AED 0.00",transaction
"Dear Customer, AED 3000.00 was credited to your account *535. Your available account balance is AED 3000.00",transaction
"Dear Customer, AED 2999.00 was debited from your account *535. Your available account balance is AED 1.00",transaction
"Dear Customer, AED 200.00 was credited to your account *535. Your available account balance is AED 401.00",transaction
"Dear Customer, AED 200.00 was debited from your account *535. Your available account balance is AED 201.00",transaction
"Dear Customer, AED 200.00 was debited from your account *535. Your available account balance is AED 1.00",transaction
"Dear Customer, AED 16000.00 was credited to your account *535. Your available account balance is AED 16001.00",transaction
"Dear Customer, AED 10000.00 was debited from your account *535. Your available account balance is AED 6001.00",transaction
"Dear Customer, AED 4000.00 was debited from your account *535. Your available account balance is AED 1701.00",transaction
"Dear Customer, AED 300.00 was debited from your account *535. Your available account balance is AED 5701.00",transaction
"Dear Customer, AED 200.00 was debited from your account *535. Your available account balance is AED 1501.00",transaction
"Dear Customer, AED 500.00 was debited from your account *535. Your available account balance is AED 1001.00",transaction
"Dear Customer, AED 148.00 was debited from your account *535. Your available account balance is AED 853.00",transaction
"Dear Customer, AED 5000.00 was credited to your account *535. Your available account balance is AED 5853.00",transaction
"Dear Customer, AED 5000.00 was debited from your account *535. Your available account balance is AED 853.00",transaction
"Dear Customer, AED 375.00 was debited from your account *535. Your available account balance is AED 478.00",transaction
"Dear Customer, AED 68.00 was credited to your account *535. Your available account balance is AED 546.00",transaction
"Dear Customer, AED 68.00 was debited from your account *535. Your available account balance is AED 478.00",transaction
"Dear Customer, AED 10.00 was debited from your account *535. Your available account balance is AED 468.00",transaction
"Dear Customer, AED 10.00 was debited from your account *535. Your available account balance is AED 458.00",transaction
"Dear Customer, AED 37.32 was debited from your account *535. Your available account balance is AED 420.68",transaction
Transaction of AED 13.00 debited from your a/c *535 at Kuwait Food Co American60 0522252 AE. Avl Bal is AED 407.68,transaction
"Dear Customer, AED 407.50 was debited from your account *535. Your available account balance is AED 0.18",transaction
"Dear Customer, AED 500.00 was credited to your account *535. Your available account balance is AED 500.18",transaction
"Dear Customer, AED 500.00 was debited from your account *535. Your available account balance is AED 0.18",transaction
Transaction of AED 27.99 debited from your a/c *535 at APPLE.COM/BILL IT UNES.COM IE. Avl Bal is AED 472.19,transaction
"Dear Customer, AED 265.00 was debited from your account *535. Your available account balance is AED 207.19",transaction
"Dear Customer, AED 265.00 was credited to your account *535. Your available account balance is AED 472.19",transaction
"Dear Customer, AED 207.19 was debited from your account *535. Your available account balance is AED 0.00",transaction
"Dear Customer, AED 1200.00 was credited to your account *535. Your available account balance is AED 1200.00",transaction
"Dear Customer, AED 500.00 was credited to your account *535. Your available account balance is AED 1700.00",transaction
"Dear Customer, AED 895.00 was credited to your account *535. Your available account balance is AED 2595.00",transaction
"Dear Customer, AED 500.00 was debited from your account *535. Your available account balance is AED 2095.00",transaction
"Dear Customer, AED 2095.00 was debited from your account *535. Your available account balance is AED 0.00",transaction
"Dear Customer, AED 16000.00 was credited to your account *535. Your available account balance is AED 16000.00",transaction
"Dear Customer, AED 5000.00 was debited from your account *535. Your available account balance is AED 11000.00",transaction
"Dear Customer, AED 8000.00 was debited from your account *535. Your available account balance is AED 3000.00",transaction
"Dear Customer, AED 2000.00 was debited from your account *535. Your available account balance is AED 1000.00",transaction
"Dear Customer, AED 500.00 was debited from your account *535. Your available account balance is AED 500.00",transaction
"Dear Customer, AED 3580.00 was credited to your account *535. Your available account balance is AED 3580.00",transaction
"Dear Customer, AED 100.00 was credited to your account *535. Your available account balance is AED 3680.00",transaction
"Dear Customer, AED 100.00 was debited from your account *535. Your available account balance is AED 3580.00",transaction
"Dear Customer, AED 3580.00 was debited from your account *535. Your available account balance is AED 100.00",transaction
"Dear Customer, AED 2620.00 was credited to your account *535. Your available account balance is AED 2720.00",transaction
Transaction of AED 3.69 debited from your a/c *535 at APPLE.COM/BILL IT UNES.COM IE. Avl Bal is AED 2716.31,transaction
"Dear Customer, AED 2620.00 was debited from your account *535. Your available account balance is AED 96.31",transaction
"Dear Customer, AED 3000.00 was credited to your account *535. Your available account balance is AED 3096.31",transaction
"Dear Customer, AED 950.00 was credited to your account *535. Your available account balance is AED 4046.31",transaction
"Dear Customer, AED 950.00 was debited from your account *535. Your available account balance is AED 3096.31",transaction
"Dear Customer, AED 3000.00 was debited from your account *535. Your available account balance is AED 96.31",transaction
"Dear Customer, AED 1070.00 was credited to your account *535. Your available account balance is AED 6616.31",transaction
"Dear Customer, AED 5450.00 was credited to your account *535. Your available account balance is AED 6616.31",transaction
"Dear Customer, AED 1070.00 was debited from your account *535. Your available account balance is AED 5546.31",transaction
"Dear Customer, AED 650.00 was credited to your account *535. Your available account balance is AED 6196.31",transaction
"Dear Customer, AED 1000.00 was debited from your account *535. Your available account balance is AED 5196.31",transaction
"Dear Customer, AED 58.00 was debited from your account *535. Your available account balance is AED 5138.31",transaction
"Dear Customer, AED 9.00 was credited to your account *535. Your available account balance is AED 5147.31",transaction
"Dear Customer, AED 2000.00 was credited to your account *535. Your available account balance is AED 7147.31",transaction
"Dear Customer, AED 6095.60 was debited from your account *535. Your available account balance is AED 1051.71",transaction
"Dear Customer, AED 1051.71 was debited from your account *535. Your available account balance is AED 0.00",transaction
"Dear Customer, AED 1845.00 was credited to your account *535. Your available account balance is AED 1845.00",transaction
"Dear Customer, AED 750.00 was credited to your account *535. Your available account balance is AED 2595.00",transaction
"Dear Customer, AED 2423.29 was debited from your account *535. Your available account balance is AED 171.71",transaction
"Dear Customer, AED 365.00 was credited to your account *535. Your available account balance is AED 536.71",transaction
"Dear Customer, AED 25.00 was credited to your account *535. Your available account balance is AED 561.71",transaction
"Dear Customer, AED 65.00 was credited to your account *535. Your available account balance is AED 626.71",transaction
"Trx. of AED65.00 on your card ending *121 at YASCLINIC GROUP , UAE is Approved. Avl. card bal is 15535.00. Trx Date: 03/08/21 21:09",transaction
"Dear Customer, AED 465.00 was debited from your account *535. Your available account balance is AED 161.71",transaction
"Dear Customer, AED 32.50 was debited from your account *535. Your available account balance is AED 129.21",transaction
"Dear Customer, AED 32.50 was credited to your account *535. Your available account balance is AED 161.71",transaction
"Dear Customer, AED 65.25 was debited from your account *535. Your available account balance is AED 96.46",transaction
"Dear Customer, AED 83.00 was credited to your account *535. Your available account balance is AED 179.46",transaction
Transaction of AED 162.85 debited from your a/c *535 at MAKEMYTRIP FZ LLC DU BAI AE. Avl Bal is AED 16.61,transaction
"Dear Customer, AED 35.00 was credited to your account *535. Your available account balance is AED 51.61",transaction
Transaction of AED 35.00 debited from your a/c *535 at PARTY N GIFTS AB U DHABI AE. Avl Bal is AED 16.61,transaction
"Dear Customer, AED 27.99 was credited to your account *535. Your available account balance is AED 44.60",transaction
"Dear Customer, AED 16000.00 was credited to your account *535. Your available account balance is AED 16044.60",transaction
"Dear Customer, AED 10000.00 was credited to your account *535. Your available account balance is AED 26044.60",transaction
"Dear Customer, AED 3050.00 was credited to your account *535. Your available account balance is AED 29094.60",transaction
Transaction of AED 127.42 debited from your a/c *535 at DU APPLE PAY DU BAI AE. Avl Bal is AED 28967.18,transaction
"Dear Customer, AED 21000.00 was credited to your account *535. Your available account balance is AED 49967.18",transaction
"Dear Customer, AED 4.00 was credited to your account *535. Your available account balance is AED 49971.18",transaction
"Dear Customer, AED 10000.00 was debited from your account *535. Your available account balance is AED 39971.18",transaction
"Dear Customer, AED 15000.00 was debited from your account *535. Your available account balance is AED 24971.18",transaction
"Dear Customer, AED 6875.15 was debited from your account *535. Your available account balance is AED 18096.03",transaction
"Dear Customer, AED 13000.00 was debited from your account *535. Your available account balance is AED 5096.03",transaction
"Dear Customer, AED 1000.00 was debited from your account *535. Your available account balance is AED 4096.03",transaction
"Dear Customer, AED 50.00 was debited from your account *535. Your available account balance is AED 4046.03",transaction
"Dear Customer, AED 210.00 was debited from your account *535. Your available account balance is AED 3836.03",transaction
Transaction of AED 3.69 debited from your a/c *535 at APPLE.COM/BILL ww w.apple.com IE. Avl Bal is AED 3832.34,transaction
"Dear Customer, AED 86.00 was debited from your account *535. Your available account balance is AED 3746.34",transaction
"Dear Customer, AED 40.00 was debited from your account *535. Your available account balance is AED 3706.34",transaction
"Dear Customer, AED 825.00 was debited from your account *535. Your available account balance is AED 2881.34",transaction
"Dear Customer, AED 41.00 was debited from your account *535. Your available account balance is AED 2840.34",transaction
"Dear Customer, AED 48.00 was debited from your account *535. Your available account balance is AED 2792.34",transaction
"Dear Customer, AED 4.00 was debited from your account *535. Your available account balance is AED 2788.34",transaction
"Dear Customer, AED 230.00 was debited from your account *535. Your available account balance is AED 2558.34",transaction
"Dear Customer, AED 1600.00 was credited to your account *535. Your available account balance is AED 4158.34",transaction
"Dear Customer, AED 1600.00 was debited from your account *535. Your available account balance is AED 2558.34",transaction
"Dear Customer, AED 431.00 was debited from your account *535. Your available account balance is AED 2127.34",transaction
"Dear Customer, AED 431.00 was debited from your account *535. Your available account balance is AED 1696.34",transaction
"Dear Customer, AED 862.00 was credited to your account *535. Your available account balance is AED 2558.34",transaction
"Dear Customer, AED 1160.00 was debited from your account *535. Your available account balance is AED 1398.34",transaction
"Dear Customer, AED 267.99 was credited to your account *535. Your available account balance is AED 1666.33",transaction
"Dear Customer, AED 1501.42 was debited from your account *535. Your available account balance is AED 164.91",transaction
"Dear Customer, AED 23.60 was debited from your account *535. Your available account balance is AED 141.31",transaction
"Dear Customer, AED 105.30 was debited from your account *535. Your available account balance is AED 36.01",transaction
"Dear Customer, AED 30.00 was debited from your account *535. Your available account balance is AED 6.01",transaction
"Dear Customer, AED 6.00 was debited from your account *535. Your available account balance is AED 0.01",transaction
"Dear Customer, AED 30.00 was credited to your account *535. Your available account balance is AED 30.01",transaction
"Dear Customer, AED 30.00 was debited from your account *535. Your available account balance is AED 0.01",transaction
"Dear Customer, AED 50.00 was credited to your account *535. Your available account balance is AED 80.01",transaction
"Dear Customer, AED 80.00 was debited from your account *535. Your available account balance is AED 0.01",transaction
"Dear Customer, AED 299.25 was credited to your account *535. Your available account balance is AED 299.26",transaction
"Dear Customer, AED 100.00 was debited from your account *535. Your available account balance is AED 199.26",transaction
"Dear Customer, AED 199.26 was debited from your account *535. Your available account balance is AED 0.00",transaction
"Dear Customer, AED 800.00 was credited to your account *535. Your available account balance is AED 800.00",transaction
"Dear Customer, AED 800.00 was debited from your account *535. Your available account balance is AED 0.00",transaction
"Dear Customer, AED 2000.00 was credited to your account *535. Your available account balance is AED 2000.00",transaction
"Dear Customer, AED 2000.00 was debited from your account *535. Your available account balance is AED 0.00",transaction
"Dear Customer, AED 10000.00 was debited from your account *535. Your available account balance is AED 6000.00",transaction
"Dear Customer, AED 700.00 was debited from your account *535. Your available account balance is AED 5300.00",transaction
"Dear Customer, AED 4000.00 was debited from your account *535. Your available account balance is AED 1300.00",transaction
"Dear Customer, AED 500.00 was debited from your account *535. Your available account balance is AED 800.00",transaction
"Dear Customer, AED 600.00 was credited to your account *535. Your available account balance is AED 1400.00",transaction
"Dear Customer, AED 600.00 was debited from your account *535. Your available account balance is AED 800.00",transaction
"Dear Customer, AED 11500.00 was credited to your account *535. Your available account balance is AED 12300.00",transaction
"Dear Customer, AED 11500.00 was debited from your account *535. Your available account balance is AED 800.00",transaction
"Dear Customer, AED 4000.00 was credited to your account *535. Your available account balance is AED 4000.00",transaction
"Dear Customer, AED 1500.00 was credited to your account *535. Your available account balance is AED 5500.00",transaction
"Dear Customer, AED 225.00 was credited to your account *535. Your available account balance is AED 5725.00",transaction
"Dear Customer, AED 300.00 was credited to your account *535. Your available account balance is AED 6025.00",transaction
"Dear Customer, AED 225.00 was debited from your account *535. Your available account balance is AED 5800.00",transaction
"Dear Customer, AED 500.00 was credited to your account *535. Your available account balance is AED 6300.00",transaction
"Dear Customer, AED 3165.00 was debited from your account *535. Your available account balance is AED 3135.00",transaction
"Dear Customer, AED 400.00 was credited to your account *535. Your available account balance is AED 3535.00",transaction
"Dear Customer, AED 3200.00 was debited from your account *535. Your available account balance is AED 335.00",transaction
"Dear Customer, AED 335.00 was debited from your account *535. Your available account balance is AED 0.00",transaction
"Dear Customer, AED 560.00 was credited to your account *535. Your available account balance is AED 560.00",transaction
"Dear Customer, AED 409.33 was credited to your account *535. Your available account balance is AED 969.33",transaction
"Dear Customer, AED 959.45 was debited from your account *535. Your available account balance is AED 9.88",transaction
Transaction of AED 3.69 debited from your a/c *535 at APPLE.COM/BILL IT UNES.COM IE. Avl Bal is AED 6.19,transaction
"Dear Customer, AED 100.00 was credited to your account *535. Your available account balance is AED 106.19",transaction
"Dear Customer, AED 52.00 was credited to your account *535. Your available account balance is AED 158.19",transaction
"Dear Customer, AED 71.00 was debited from your account *535. Your available account balance is AED 87.19",transaction
"Dear Customer, AED 87.00 was debited from your account *535. Your available account balance is AED 0.19",transaction
"Dear Customer, AED 20.00 was credited to your account *535. Your available account balance is AED 20.19",transaction
"Dear Customer, AED 25.00 was credited to your account *535. Your available account balance is AED 45.19",transaction
"Dear Customer, AED 1500.00 was credited to your account *535. Your available account balance is AED 1545.19",transaction
"Dear Customer, AED 25.00 was credited to your account *535. Your available account balance is AED 1570.19",transaction
Transaction of AED 28.75 debited from your a/c *535 at STARBUCKS ADNOC D843 3 DU BAI AE. Avl Bal is AED 1541.44,transaction
Transaction of AED 37.68 debited from your a/c *535 at 707-652-3328ADAPTDMIND +1 7076523328 US. Avl Bal is AED 1503.76,transaction
"Dear Customer, AED 510.00 was debited from your account *535. Your available account balance is AED 992.71",transaction
"Dear Customer, AED 1.05 was debited from your account *535. Your available account balance is AED 992.71",transaction
"Dear Customer, AED 482.86 was debited from your account *535. Your available account balance is AED 509.85",transaction
"Dear Customer, AED 85.24 was credited to your account *535. Your available account balance is AED 595.09",transaction
"Dear Customer, AED 512.15 was debited from your account *535. Your available account balance is AED 82.94",transaction
Transaction of AED 18.15 debited from your a/c *535 at QUIZLET COM SA N FRANCISCO US. Avl Bal is AED 64.79,transaction
"Dear Customer, AED 100.00 was credited to your account *535. Your available account balance is AED 264.79",transaction
"Dear Customer, AED 16000.00 was credited to your account *535. Your available account balance is AED 16264.79",transaction
"Dear Customer, AED 4000.00 was debited from your account *535. Your available account balance is AED 12263.74",transaction
"Dear Customer, AED 1.05 was debited from your account *535. Your available account balance is AED 12263.74",transaction
"Dear Customer, AED 10000.00 was debited from your account *535. Your available account balance is AED 2163.74",transaction
"Dear Customer, AED 100.00 was debited from your account *535. Your available account balance is AED 2163.74",transaction
"Dear Customer, AED 11500.00 was credited to your account *535. Your available account balance is AED 13663.74",transaction
"Dear Customer, AED 11500.00 was debited from your account *535. Your available account balance is AED 2163.74",transaction
"Dear Customer, AED 451.68 was debited from your account *535. Your available account balance is AED 1712.06",transaction
Transaction of AED 3.69 debited from your a/c *535 at APPLE.COM/BILL IT UNES.COM IE. Avl Bal is AED 1708.37,transaction
Transaction of AED 37.68 debited from your a/c *535 at 707-652-3328ADAPTDMIND +1 7076523328 US. Avl Bal is AED 1670.69,transaction
"Dear Customer, AED 1662.67 was debited from your account *535. Your available account balance is AED 8.02",transaction
"Dear Customer, AED 16000.00 was credited to your account *535. Your available account balance is AED 16008.02",transaction
"Dear Customer, AED 4000.00 was debited from your account *535. Your available account balance is AED 12008.02",transaction
"Dear Customer, AED 4100.00 was debited from your account *535. Your available account balance is AED 7906.97",transaction
"Dear Customer, AED 1.05 was debited from your account *535. Your available account balance is AED 7906.97",transaction
"Dear Customer, AED 6000.00 was debited from your account *535. Your available account balance is AED 1906.97",transaction
"Dear Customer, AED 1793.33 was debited from your account *535. Your available account balance is AED 113.64",transaction
"Dear Customer, AED 11500.00 was credited to your account *535. Your available account balance is AED 11613.64",transaction
"Dear Customer, AED 11500.00 was debited from your account *535. Your available account balance is AED 113.64",transaction
Transaction of AED 32.99 debited from your a/c *535 at APPLE.COM/BILL IT UNES.COM IE. Avl Bal is AED 80.65,transaction
"Dear Customer, AED 42.00 was debited from your account *535. Your available account balance is AED 38.65",transaction
Transaction of AED 3.69 debited from your a/c *535 at APPLE.COM/BILL IT UNES.COM IE. Avl Bal is AED 34.96,transaction
"Dear Customer, AED 34.96 payment for your Covered Card was debited from your account *535. Your available account balance is AED -10.58",transaction
"Dear Customer, AED 50.00 was credited to your account *535. Your available account balance is AED 39.42",transaction
"Dear Customer, AED 10000.00 was credited to your account *535. Your available account balance is AED 10050.00",transaction
"Dear Customer, AED 10000.00 was debited from your account *535. Your available account balance is AED 50.00",transaction
"Dear Customer, AED 16000.00 was credited to your account *535. Your available account balance is AED 16050.00",transaction
Transaction of AED 32.99 debited from your a/c *535 at APPLE.COM/BILL IT UNES.COM IE. Avl Bal is AED 16017.01,transaction
Transaction of AED 37.68 debited from your a/c *535 at 707-652-3328ADAPTDMIND +1 7076523328 US. Avl Bal is AED 15979.33,transaction
"Dear Customer, AED 4000.00 was debited from your account *535. Your available account balance is AED 11979.33",transaction
"Dear Customer, AED 10000.00 was debited from your account *535. Your available account balance is AED 1979.33",transaction
"Dear Customer, AED 1876.73 was debited from your account *535. Your available account balance is AED 102.60",transaction
"Dear Customer, AED 17.27 was credited to your account *535. Your available account balance is AED 119.87",transaction
"Dear Customer, AED 1.45 was credited to your account *535. Your available account balance is AED 121.32",transaction
"Dear Customer, AED 119.60 was debited from your account *535. Your available account balance is AED 0.67",transaction
"Dear Customer, AED 1.05 was debited from your account *535. Your available account balance is AED 0.67",transaction
"Dear Customer, AED 11500.00 was credited to your account *535. Your available account balance is AED 11500.67",transaction
Transaction of AED 3.69 debited from your a/c *535 at APPLE.COM/BILL IT UNES.COM IE. Avl Bal is AED 11496.98,transaction
"Dear Customer, AED 11496.00 was debited from your account *535. Your available account balance is AED 0.98",transaction
"Dear Customer, AED 35.41 was credited to your account *535. Your available account balance is AED 36.39",transaction
"Dear Customer, AED 17.75 was debited from your account *535. Your available account balance is AED 18.64",transaction
"Dear Customer, AED 10000.00 was credited to your account *535. Your available account balance is AED 10018.64",transaction
"Dear Customer, AED 10000.00 was debited from your account *535. Your available account balance is AED 18.64",transaction
"Dear Customer, AED 200.00 was credited to your account *535. Your available account balance is AED 218.64",transaction
"Dear Customer, AED 218.00 was debited from your account *535. Your available account balance is AED 0.64",transaction
"Dear Customer, AED 16000.00 was credited to your account *535. Your available account balance is AED 16000.64",transaction
Transaction of AED 32.99 debited from your a/c *535 at APPLE.COM/BILL IT UNES.COM IE. Avl Bal is AED 15967.65,transaction
"Dear Customer, AED 5000.00 was credited to your account *535. Your available account balance is AED 20967.65",transaction
Transaction of AED 3.69 debited from your a/c *535 at APPLE.COM/BILL IT UNES.COM IE. Avl Bal is AED 20963.96,transaction
"Dear Customer, AED 5000.00 was debited from your account *535. Your available account balance is AED 15963.96",transaction
"Dear Customer, AED 1.05 was debited from your account *535. Your available account balance is AED 15807.91",transaction
"Dear Customer, AED 155.00 was debited from your account *535. Your available account balance is AED 15807.91",transaction
"Dear Customer, AED 11500.00 was credited to your account *535. Your available account balance is AED 27307.91",transaction
"Dear Customer, AED 11500.00 was debited from your account *535. Your available account balance is AED 15807.91",transaction
"Dear Customer, AED 114.00 was debited from your account *535. Your available account balance is AED 15693.91",transaction
"Dear Customer, AED 10000.00 was debited from your account *535. Your available account balance is AED 5693.91",transaction
"Dear Customer, AED 4000.00 was debited from your account *535. Your available account balance is AED 1693.91",transaction
"Dear Customer, AED 1693.00 was debited from your account *535. Your available account balance is AED 0.91",transaction
"Dear Customer, AED 24250.00 was credited to your account *535. Your available account balance is AED 24250.91",transaction
"Dear Customer, AED 12000.00 was debited from your account *535. Your available account balance is AED 12250.91",transaction
"Dear Customer, AED 1250.00 was debited from your account *535. Your available account balance is AED 11000.91",transaction
"Dear Customer, AED 1000.00 was debited from your account *535. Your available account balance is AED 10000.91",transaction
"Dear Customer, AED 12000.00 was credited to your account *535. Your available account balance is AED 22000.91",transaction
"Dear Customer, AED 5.00 was credited to your account *535. Your available account balance is AED 22005.91",transaction
"Dear Customer, AED 1.05 was debited from your account *535. Your available account balance is AED 4.86",transaction
"Dear Customer, AED 22000.00 was debited from your account *535. Your available account balance is AED 4.86",transaction
"Dear Customer, AED 7500.00 was credited to your account *535. Your available account balance is AED 7504.86",transaction
"Dear Customer, AED 7500.00 was debited from your account *535. Your available account balance is AED 3.81",transaction
"Dear Customer, AED 1.05 was debited from your account *535. Your available account balance is AED 3.81",transaction
"Dear Customer, AED 250.00 was credited to your account *535. Your available account balance is AED 253.81",transaction
"Dear Customer, AED 500.00 was credited to your account *535. Your available account balance is AED 753.81",transaction
"Dear Customer, AED 500.00 was debited from your account *535. Your available account balance is AED 253.81",transaction
"Dear Customer, AED 25.00 was credited to your account *535. Your available account balance is AED 278.81",transaction
"Dear Customer, AED 50.00 was credited to your account *535. Your available account balance is AED 328.81",transaction
"Dear Customer, AED 16000.00 was credited to your account *535. Your available account balance is AED 16328.81",transaction
"Dear Customer, AED 1550.00 was credited to your account *535. Your available account balance is AED 17878.81",transaction
"Dear Customer, AED 1600.00 was debited from your account *535. Your available account balance is AED 16278.81",transaction
"Dear Customer, AED 10000.00 was debited from your account *535. Your available account balance is AED 6278.81",transaction
"Dear Customer, AED 115.00 was debited from your account *535. Your available account balance is AED 6163.81",transaction
"Dear Customer, AED 4100.00 was debited from your account *535. Your available account balance is AED 2062.76",transaction
"Dear Customer, AED 1.05 was debited from your account *535. Your available account balance is AED 2062.76",transaction
"Dear Customer, AED 2062.76 was debited from your account *535. Your available account balance is AED 0.00",transaction
"Dear Customer, AED 438.00 was credited to your account *535. Your available account balance is AED 438.00",transaction
Transaction of AED 308.01 debited from your a/c *535 at SAVE MY EXAMS +4 47894009388 GB. Avl Bal is AED 129.99,transaction
"Dear Customer, AED 5000.00 was credited to your account *535. Your available account balance is AED 5129.99",transaction
"Dear Customer, AED 5000.00 was debited from your account *535. Your available account balance is AED 129.99",transaction
"Dear Customer, AED 11500.00 was credited to your account *535. Your available account balance is AED 11629.99",transaction
"Dear Customer, AED 11500.00 was debited from your account *535. Your available account balance is AED 129.99",transaction
Transaction of AED 3.69 debited from your a/c *535 at APPLE.COM/BILL IT UNES.COM IE. Avl Bal is AED 126.30,transaction
"Dear Customer, AED 2000.00 was credited to your account *535. Your available account balance is AED 2126.30",transaction
"Dear Customer, AED 40.00 was debited from your account *535. Your available account balance is AED 2088.82",transaction
"Dear Customer, AED 70.00 was debited from your account *535. Your available account balance is AED 2018.82",transaction
"Dear Customer, AED 283.93 was credited to your account *535. Your available account balance is AED 2302.75",transaction
"Dear Customer, AED 2000.00 was credited to your account *535. Your available account balance is AED 4302.75",transaction
"Dear Customer, AED 2000.00 was debited from your account *535. Your available account balance is AED 2302.75",transaction
"Dear Customer, AED 350.00 was credited to your account *535. Your available account balance is AED 2652.75",transaction
"Dear Customer, AED 650.00 was debited from your account *535. Your available account balance is AED 2002.75",transaction
"Dear Customer, AED 200.00 was credited to your account *535. Your available account balance is AED 2202.75",transaction
"Dear Customer, AED 16000.00 was credited to your account *535. Your available account balance is AED 18202.75",transaction
"Dear Customer, AED 200.00 was debited from your account *535. Your available account balance is AED 18002.75",transaction
"Dear Customer, AED 2405.65 was debited from your account *535. Your available account balance is AED 15597.10",transaction
"Dear Customer, AED 3500.00 was debited from your account *535. Your available account balance is AED 12097.10",transaction
"Dear Customer, AED 10000.00 was debited from your account *535. Your available account balance is AED 2097.10",transaction
"Dear Customer, AED 850.00 was debited from your account *535. Your available account balance is AED 1247.10",transaction
"Dear Customer, AED 179.00 was debited from your account *535. Your available account balance is AED 1068.10",transaction
"Dear Customer, AED 500.99 was debited from your account *535. Your available account balance is AED 567.11",transaction
"Dear Customer, AED 500.00 was credited to your account *535. Your available account balance is AED 1067.11",transaction
"Dear Customer, AED 105.00 was debited from your account *535. Your available account balance is AED 962.11",transaction
Transaction of AED 3.69 debited from your a/c *535 at APPLE.COM/BILL IT UNES.COM IE. Avl Bal is AED 958.42,transaction
"Dear Customer, AED 5000.00 was credited to your account *535. Your available account balance is AED 5958.42",transaction
"Dear Customer, AED 100.00 was debited from your account *535. Your available account balance is AED 5857.37",transaction
"Dear Customer, AED 1.05 was debited from your account *535. Your available account balance is AED 5857.37",transaction
Transaction of AED 295.00 debited from your a/c *535 at BLOOMING BOX FZ LLC DU BAI AE. Avl Bal is AED 5562.37,transaction
"Dear Customer, AED 50.00 was debited from your account *535. Your available account balance is AED 5512.37",transaction
"Dear Customer, AED 8000.00 was credited to your account *535. Your available account balance is AED 13512.37",transaction
"Dear Customer, AED 8000.00 was debited from your account *535. Your available account balance is AED 5512.37",transaction
"Dear Customer, AED 275.00 was credited to your account *535. Your available account balance is AED 5787.37",transaction
"Dear Customer, AED 11500.00 was credited to your account *535. Your available account balance is AED 17287.37",transaction
"Dear Customer, AED 11500.00 was debited from your account *535. Your available account balance is AED 5787.37",transaction
"Dear Customer, AED 5500.00 was debited from your account *535. Your available account balance is AED 287.37",transaction
"Dear Customer, AED 187.00 was debited from your account *535. Your available account balance is AED 100.37",transaction
"Dear Customer, AED 100.00 was debited from your account *535. Your available account balance is AED 0.37",transaction
"Dear Customer, AED 1000.00 was credited to your account *535. Your available account balance is AED 1000.37",transaction
"Dear Customer, AED 1000.00 was debited from your account *535. Your available account balance is AED 0.37",transaction
"Dear Customer, AED 520.00 was credited to your account *535. Your available account balance is AED 520.37",transaction
"Dear Customer, AED 520.37 was debited from your account *535. Your available account balance is AED 0.00",transaction
"Dear Customer, AED 200.00 was credited to your account *535. Your available account balance is AED 200.00",transaction
"Dear Customer, AED 315.00 was credited to your account *535. Your available account balance is AED 515.00",transaction
"Dear Customer, AED 300.00 was credited to your account *535. Your available account balance is AED 815.00",transaction
"Dear Customer, AED 321.00 was debited from your account *535. Your available account balance is AED 494.00",transaction
"Dear Customer, AED 250.00 was credited to your account *535. Your available account balance is AED 744.00",transaction
"Dear Customer, AED 250.00 was credited to your account *535. Your available account balance is AED 1244.00",transaction
"Dear Customer, AED 786.10 was debited from your account *535. Your available account balance is AED 457.90",transaction
"Dear Customer, AED 50.00 was debited from your account *535. Your available account balance is AED 407.90",transaction
"Dear Customer, AED 400.00 was debited from your account *535. Your available account balance is AED 7.90",transaction
"Dear Customer, AED 16000.00 was credited to your account *535. Your available account balance is AED 16007.90",transaction
"Dear Customer, AED 1.05 was debited from your account *535. Your available account balance is AED 11906.85",transaction
"Dear Customer, AED 4100.00 was debited from your account *535. Your available account balance is AED 11906.85",transaction
"Dear Customer, AED 1.05 was debited from your account *535. Your available account balance is AED 11887.36",transaction
"Dear Customer, AED 18.44 was debited from your account *535. Your available account balance is AED 11887.36",transaction
"Dear Customer, AED 10000.00 was debited from your account *535. Your available account balance is AED 1887.36",transaction
"Dear Customer, AED 500.00 was debited from your account *535. Your available account balance is AED 1387.36",transaction
"Dear Customer, AED 500.00 was credited to your account *535. Your available account balance is AED 1887.36",transaction
"Dear Customer, AED 315.00 was debited from your account *535. Your available account balance is AED 1572.36",transaction
"Dear Customer, AED 150.00 was debited from your account *535. Your available account balance is AED 1422.36",transaction
"Dear Customer, AED 800.00 was credited to your account *535. Your available account balance is AED 2222.36",transaction
"Dear Customer, AED 800.00 was debited from your account *535. Your available account balance is AED 1422.36",transaction
"Dear Customer, AED 88.34 was credited to your account *535. Your available account balance is AED 1510.70",transaction
"Dear Customer, AED 5550.00 was credited to your account *535. Your available account balance is AED 7060.70",transaction
Transaction of AED 3.69 debited from your a/c *535 at APPLE.COM/BILL ww w.apple.com IE. Avl Bal is AED 7057.01,transaction
"Dear Customer, AED 250.00 was debited from your account *535. Your available account balance is AED 6807.01",transaction
Transaction of AED 625.60 debited from your a/c *535 at SP GOLDBLACKPREMIUM 49 22038069194 DE. Avl Bal is AED 6181.41,transaction
"Dear Customer, AED 5550.00 was debited from your account *535. Your available account balance is AED 631.41",transaction
"Dear Customer, AED 517.81 was debited from your account *535. Your available account balance is AED 113.60",transaction
"Dear Customer, AED 50.00 was debited from your account *535. Your available account balance is AED 63.60",transaction
"Dear Customer, AED 4300.00 was credited to your account *535. Your available account balance is AED 4363.60",transaction
"Dear Customer, AED 1700.00 was credited to your account *535. Your available account balance is AED 6063.60",transaction
"Dear Customer, AED 6000.00 was debited from your account *535. Your available account balance is AED 63.60",transaction
Transaction of AED 42.00 debited from your a/c *535 at ADC DU BAI AE. Avl Bal is AED 21.60,transaction
"Dear Customer, AED 1500.00 was credited to your account *535. Your available account balance is AED 1521.60",transaction
"Dear Customer, AED 100.00 was credited to your account *535. Your available account balance is AED 1621.60",transaction
Transaction of AED 21.87 debited from your a/c *535 at MYTICKETS.AE VI ENNA AT. Avl Bal is AED 1599.73,transaction
Transaction of AED 1537.99 debited from your a/c *535 at AIR TICKET ETRAVELI DU BAI AE. Avl Bal is AED 61.74,transaction
"Dear Customer, AED 1537.00 was credited to your account *535. Your available account balance is AED 1598.74",transaction
"Dear Customer, AED 55.00 was debited from your account *535. Your available account balance is AED 1565.61",transaction
"Dear Customer, AED 4000.00 was credited to your account *535. Your available account balance is AED 5565.61",transaction
"Dear Customer, AED 25000.00 was credited to your account *535. Your available account balance is AED 30565.61",transaction
"Dear Customer, AED 210.00 was debited from your account *535. Your available account balance is AED 30355.61",transaction
"Dear Customer, AED 25000.00 was debited from your account *535. Your available account balance is AED 5355.61",transaction
Transaction of AED 115.00 debited from your a/c *535 at Amazon.ae Du bai AE. Avl Bal is AED 5240.61,transaction
"Dear Customer, AED 75.00 was credited to your account *535. Your available account balance is AED 5315.61",transaction
Dear customer cheque no:047568 has been deposited to your account XXXX0535 through deposit machine. Deposit will be confirmed after successful cheque clearing 20-05-2022 08:07:48,transaction
"Dear Customer, AED 1000.00 was debited from your account *535. Your available account balance is AED 4315.61",transaction
"Dear Customer, Chq No. 047568 for AED 3500.00 received for a/c ****0535 and sent for clearing. We will inform you once the Chq is cleared. Thank you",transaction
"Dear Customer, AED 25.00 was credited to your account *535. Your available account balance is AED 4340.61",transaction
"Dear Customer, AED 3500.00 was credited to your account *535. Your available account balance is AED 7840.61",transaction
"Dear Customer, Chq No.047568 has been cleared. AED. 3500.00 deposited to a/c. ****0535",transaction
"Dear Customer, AED 80.00 was credited to your account *535. Your available account balance is AED 7920.61",transaction
"Dear Customer, AED 80.00 was debited from your account *535. Your available account balance is AED 7840.61",transaction
"Dear Customer, AED 3500.00 was debited from your account *535. Your available account balance is AED 4340.61",transaction
Transaction of AED 32.99 debited from your a/c *535 at APPLE.COM/BILL IT UNES.COM IE. Avl Bal is AED 4307.62,transaction
Transaction of AED 100.00 debited from your a/c *535 at INTEGRATED TRANSPORT C AB U DHABI AE. Avl Bal is AED 4207.62,transaction
"Dear Customer, AED 16000.00 was credited to your account *535. Your available account balance is AED 20207.62",transaction
"Dear Customer, AED 10000.00 was debited from your account *535. Your available account balance is AED 10207.62",transaction
"Dear Customer, AED 4100.00 was debited from your account *535. Your available account balance is AED 6106.57",transaction
"Dear Customer, AED 1.05 was debited from your account *535. Your available account balance is AED 6106.57",transaction
"Dear Customer, AED 4338.32 was debited from your account *535. Your available account balance is AED 1768.25",transaction
"Dear Customer, AED 245.21 was debited from your account *535. Your available account balance is AED 1523.04",transaction
Transaction of AED 3.69 debited from your a/c *535 at APPLE.COM/BILL IT UNES.COM IE. Avl Bal is AED 1519.35,transaction
"Dear Customer, AED 500.00 was credited to your account *535. Your available account balance is AED 2019.35",transaction
Transaction of AED 78.00 debited from your a/c *535 at Kuwait Food Co American97 1600569000 AE. Avl Bal is AED 1941.35,transaction
Transaction of AED 208.54 debited from your a/c *535 at vadpol CY P CY. Avl Bal is AED 1732.81,transaction
Transaction of AED 500.00 debited from your a/c *535 at MOI TRAFFIC FINES Ab u Dhabi AE. Avl Bal is AED 1232.81,transaction
"Dear Customer, AED 500.00 was credited to your account *535. Your available account balance is AED 1732.81",transaction
"Dear Customer, AED 1000.00 was credited to your account *535. Your available account balance is AED 2732.81",transaction
"Dear Customer, AED 5000.00 was credited to your account *535. Your available account balance is AED 7732.81",transaction
Transaction of AED 3530.59 debited from your a/c *535 at ICA SMART SERVICES TA 02 6661789 AE. Avl Bal is AED 4202.22,transaction
"Dear Customer, AED 500.00 was credited to your account *535. Your available account balance is AED 4702.22",transaction
"Dear Customer, AED 6760.00 was credited to your account *535. Your available account balance is AED 11462.22",transaction
"Dear Customer, AED 7000.00 was debited from your account *535. Your available account balance is AED 4462.22",transaction
"Dear Customer, AED 50.00 was debited from your account *535. Your available account balance is AED 4412.22",transaction
"Dear Customer, AED 2093.03 was debited from your account *535. Your available account balance is AED 2319.19",transaction
"Dear Customer, AED 135.39 was debited from your account *535. Your available account balance is AED 2183.80",transaction
"Dear Customer, AED 660.00 was debited from your account *535. Your available account balance is AED 1523.80",transaction
"Dear Customer, AED 500.00 was debited from your account *535. Your available account balance is AED 1023.80",transaction
"Dear Customer, AED 1000.00 was debited from your account *535. Your available account balance is AED 23.80",transaction
"Dear Customer, AED 500.00 was credited to your account *535. Your available account balance is AED 523.80",transaction
"Dear Customer, AED 75.00 was debited from your account *535. Your available account balance is AED 448.80",transaction
"Dear Customer, AED 3.78 was debited from your account *535. Your available account balance is AED 445.02",transaction
Transaction of AED 32.99 debited from your a/c *535 at APPLE.COM/BILL IT UNES.COM IE. Avl Bal is AED 412.03,transaction
"Dear Customer, AED 300.00 was debited from your account *535. Your available account balance is AED 110.98",transaction
"Dear Customer, AED 1.05 was debited from your account *535. Your available account balance is AED 110.98",transaction
Transaction of AED 69.99 debited from your a/c *535 at SP BLACKBIRD OUTLET +1 7905998950 US. Avl Bal is AED 40.99,transaction
"Dear Customer, AED 16000.00 was credited to your account *535. Your available account balance is AED 16040.99",transaction
"Dear Customer, AED 10000.00 was debited from your account *535. Your available account balance is AED 6040.99",transaction
"Dear Customer, AED 2000.00 was debited from your account *535. Your available account balance is AED 4040.99",transaction
"Dear Customer, AED 4000.00 was debited from your account *535. Your available account balance is AED 39.94",transaction
"Dear Customer, AED 1.05 was debited from your account *535. Your available account balance is AED 39.94",transaction
"Dear Customer, AED 39.93 was debited from your account *535. Your available account balance is AED 0.01",transaction
"Dear Customer, AED 500.00 was credited to your account *535. Your available account balance is AED 500.01",transaction
"Dear Customer, AED 78.75 was debited from your account *535. Your available account balance is AED 421.26",transaction
"Dear Customer, AED 310.00 was debited from your account *535. Your available account balance is AED 110.21",transaction
"Dear Customer, AED 1.05 was debited from your account *535. Your available account balance is AED 110.21",transaction
Transaction of AED 3.69 debited from your a/c *535 at APPLE.COM/BILL IT UNES.COM IE. Avl Bal is AED 106.52,transaction
Transaction of AED 100.00 debited from your a/c *535 at INTEGRATED TRANSPORT C AB U DHABI AE. Avl Bal is AED 6.52,transaction
"Dear Customer, AED 50.00 was credited to your account *535. Your available account balance is AED 56.52",transaction
"Dear Customer, AED 1000.00 was credited to your account *535. Your available account balance is AED 1056.52",transaction
Transaction of AED 139.99 debited from your a/c *535 at APPLE.COM/BILL IT UNES.COM IE. Avl Bal is AED 916.53,transaction
"Dear Customer, AED 3000.00 was credited to your account *535. Your available account balance is AED 3916.53",transaction
"Dear Customer, AED 3916.00 was debited from your account *535. Your available account balance is AED 0.53",transaction
"Dear Customer, AED 100000.00 was credited to your account *535. Your available account balance is AED 100000.53",transaction
"Dear Customer, AED 10000.00 was credited to your account *535. Your available account balance is AED 110000.53",transaction
"Dear Customer, AED 157.50 was debited from your account *535. Your available account balance is AED 109843.03",transaction
"Dear Customer, AED 212.50 was debited from your account *535. Your available account balance is AED 109630.53",transaction
"Dear Customer, AED 10000.00 was debited from your account *535. Your available account balance is AED 99630.53",transaction
"Dear Customer, AED 10000.00 was credited to your account *535. Your available account balance is AED 109630.53",transaction
"Dear Customer, AED 100000.00 was debited from your account *535. Your available account balance is AED 9630.53",transaction
"Dear Customer, AED 1950.00 was debited from your account *535. Your available account balance is AED 7680.53",transaction
"Dear Customer, AED 157.00 was debited from your account *535. Your available account balance is AED 7523.53",transaction
"Dear Customer, AED 69.99 was credited to your account *535. Your available account balance is AED 7593.52",transaction
"Dear Customer, AED 294.00 was debited from your account *535. Your available account balance is AED 7299.52",transaction
"Dear Customer, AED 1700.00 was debited from your account *535. Your available account balance is AED 5599.52",transaction
"Dear Customer, AED 150.00 was debited from your account *535. Your available account balance is AED 5449.52",transaction
"Dear Customer, AED 536.79 was debited from your account *535. Your available account balance is AED 4911.68",transaction
"Dear Customer, AED 1.05 was debited from your account *535. Your available account balance is AED 4911.68",transaction
"Dear Customer, AED 4900.00 was debited from your account *535. Your available account balance is AED 11.68",transaction
"Dear Customer, AED 500.00 was credited to your account *535. Your available account balance is AED 511.68",transaction
"Dear Customer, AED 500.00 was debited from your account *535. Your available account balance is AED 11.68",transaction
"Dear Customer, AED 40.00 was credited to your account *535. Your available account balance is AED 51.68",transaction
"Dear Customer, AED 50.00 was debited from your account *535. Your available account balance is AED 1.68",transaction
"Dear Customer, AED 50.00 was credited to your account *535. Your available account balance is AED 51.68",transaction
Transaction of AED 32.99 debited from your a/c *535 at APPLE.COM/BILL ww w.apple.com IE. Avl Bal is AED 18.69,transaction
"Dear Customer, AED 16000.00 was credited to your account *535. Your available account balance is AED 16018.69",transaction
"Dear Customer, AED 4100.00 was debited from your account *535. Your available account balance is AED 11917.64",transaction
"Dear Customer, AED 1.05 was debited from your account *535. Your available account balance is AED 11917.64",transaction
"Dear Customer, AED 10000.00 was debited from your account *535. Your available account balance is AED 1917.64",transaction
"Dear Customer, AED 1000.00 was debited from your account *535. Your available account balance is AED 917.64",transaction
"Dear Customer, AED 1.05 was debited from your account *535. Your available account balance is AED 844.58",transaction
"Dear Customer, AED 72.01 was debited from your account *535. Your available account balance is AED 844.58",transaction
Transaction of AED 3.69 debited from your a/c *535 at APPLE.COM/BILL IT UNES.COM IE. Avl Bal is AED 840.89,transaction
Transaction of AED 9.35 debited from your a/c *535 at Talabat com DU BAI AE. Avl Bal is AED 831.54,transaction
"Dear Customer, AED 150.00 was debited from your account *535. Your available account balance is AED 681.54",transaction
"Dear Customer, AED 150.00 was credited to your account *535. Your available account balance is AED 831.54",transaction
"Dear Customer, AED 831.00 was debited from your account *535. Your available account balance is AED 0.54",transaction
Transaction of AED 25.68 debited from your a/c *535 at Talabat com DU BAI AE. Avl Bal is AED 74.86,transaction
"Dear Customer, AED 100.00 was credited to your account *535. Your available account balance is AED 74.86",transaction
"Dear Customer, AED 24000.00 was credited to your account *535. Your available account balance is AED 24074.86",transaction
Transaction of AED 226.25 debited from your a/c *535 at AL ANSARI EXCHANGE LLC Du bai AE. Avl Bal is AED 23848.61,transaction
"Dear Customer, AED 22000.00 was debited from your account *535. Your available account balance is AED 1848.61",transaction
"Dear Customer, AED 1273.00 was debited from your account *535. Your available account balance is AED 575.61",transaction
"Dear Customer, AED 195.00 was debited from your account *535. Your available account balance is AED 380.61",transaction
"Dear Customer, AED 700.00 was credited to your account *535. Your available account balance is AED 1080.61",transaction
"Dear Customer, AED 700.00 was debited from your account *535. Your available account balance is AED 380.61",transaction
"Dear Customer, AED 380.00 was debited from your account *535. Your available account balance is AED 0.61",transaction
"Dear Customer, AED 2000.00 was credited to your account *535. Your available account balance is AED 2000.61",transaction
"Dear Customer, AED 25000.00 was credited to your account *535. Your available account balance is AED 27000.61",transaction
"Dear Customer, AED 25000.00 was debited from your account *535. Your available account balance is AED 2000.61",transaction
"Dear Customer, AED 2000.00 was debited from your account *535. Your available account balance is AED 25000.61",transaction
"Dear Customer, AED 2000.00 was credited to your account *535. Your available account balance is AED 27000.61",transaction
"Dear Customer, AED 27000.00 was debited from your account *535. Your available account balance is AED 0.61",transaction
"Dear Customer, AED 2000.00 was debited from your account *535. Your available account balance is AED 0.61",transaction
Transaction of AED 39.00 debited from your a/c *535 at DELIVEROO PLUS - AE +9 7145126268 AE. Avl Bal is AED 1961.61,transaction
"Dear Customer, AED 414.75 was debited from your account *535. Your available account balance is AED 1546.86",transaction
"Dear Customer, AED 838.32 was debited from your account *535. Your available account balance is AED 708.54",transaction
"Dear Customer, AED 700.00 was debited from your account *535. Your available account balance is AED 8.54",transaction
"Dear Customer, AED 3000.00 was credited to your account *535. Your available account balance is AED 3008.54",transaction
"Dear Customer, AED 230.00 was debited from your account *535. Your available account balance is AED 2778.54",transaction
"Dear Customer, AED 500.00 was debited from your account *535. Your available account balance is AED 2278.54",transaction
Transaction of AED 32.99 debited from your a/c *535 at APPLE.COM/BILL IT UNES.COM IE. Avl Bal is AED 2245.55,transaction
"Dear Customer, AED 39.00 was credited to your account *535. Your available account balance is AED 2284.55",transaction
"Dear Customer, AED 2000.00 was debited from your account *535. Your available account balance is AED 284.55",transaction
"Dear Customer, AED 16000.00 was credited to your account *535. Your available account balance is AED 16284.55",transaction
"Dear Customer, AED 2000.00 was credited to your account *535. Your available account balance is AED 18284.55",transaction
"Dear Customer, AED 8000.00 was debited from your account *535. Your available account balance is AED 10284.55",transaction
"Dear Customer, AED 10000.00 was debited from your account *535. Your available account balance is AED 284.55",transaction
"Dear Customer, AED 4000.00 was credited to your account *535. Your available account balance is AED 4284.55",transaction
"Dear Customer, AED 200.00 was debited from your account *535. Your available account balance is AED 4083.50",transaction
"Dear Customer, AED 1.05 was debited from your account *535. Your available account balance is AED 4083.50",transaction
Transaction of AED 3.69 debited from your a/c *535 at APPLE.COM/BILL IT UNES.COM IE. Avl Bal is AED 4079.81,transaction
"Dear Customer, AED 15000.00 was credited to your account *535. Your available account balance is AED 19079.81",transaction
"Dear Customer, AED 15000.00 was debited from your account *535. Your available account balance is AED 4079.81",transaction
"Dear Customer, AED 12000.00 was credited to your account *535. Your available account balance is AED 16079.81",transaction
"Dear Customer, AED 12000.00 was debited from your account *535. Your available account balance is AED 3579.81",transaction
"Dear Customer, AED 500.00 was debited from your account *535. Your available account balance is AED 3579.81",transaction
Transaction of AED 226.25 debited from your a/c *535 at AL ANSARI EXCHANGE LLC Du bai AE. Avl Bal is AED 3353.56,transaction
"Dear Customer, AED 3011.11 was debited from your account *535. Your available account balance is AED 342.45",transaction
"Dear Customer, AED 88.00 was debited from your account *535. Your available account balance is AED 254.45",transaction
"Dear Customer, AED 70.00 was credited to your account *535. Your available account balance is AED 324.45",transaction
"Dear Customer, AED 300.00 was debited from your account *535. Your available account balance is AED 24.45",transaction
"Dear Customer, AED 400.00 was credited to your account *535. Your available account balance is AED 424.45",transaction
"Dear Customer, AED 345.00 was debited from your account *535. Your available account balance is AED 79.45",transaction
"Dear Customer, AED 79.45 was debited from your account *535. Your available account balance is AED 0.00",transaction
"Dear Customer, AED 1600.00 was credited to your account *535. Your available account balance is AED 3600.00",transaction
"Dear Customer, AED 1000.00 was debited from your account *535. Your available account balance is AED 2600.00",transaction
"Dear Customer, AED 458.00 was debited from your account *535. Your available account balance is AED 2142.00",transaction
"Dear Customer, AED 38.00 was debited from your account *535. Your available account balance is AED 2104.00",transaction
Transaction of AED 1315.75 debited from your a/c *535 at Al Fardan Exchange LLC Du bai AE. Avl Bal is AED 788.25,transaction
"Dear Customer, AED 300.00 was debited from your account *535. Your available account balance is AED 488.25",transaction
"Dear Customer, AED 124.05 was debited from your account *535. Your available account balance is AED 364.20",transaction
Transaction of AED 32.99 debited from your a/c *535 at APPLE.COM/BILL IT UNES.COM IE. Avl Bal is AED 331.21,transaction
"Dear Customer, AED 132.89 was debited from your account *535. Your available account balance is AED 198.32",transaction
"Dear Customer, AED 38.29 was debited from your account *535. Your available account balance is AED 158.98",transaction
"Dear Customer, AED 1.05 was debited from your account *535. Your available account balance is AED 158.98",transaction
"Dear Customer, AED 100.00 was debited from your account *535. Your available account balance is AED 58.98",transaction
"Dear Customer, your Salary of AED 16000.00 was credited to your account *535. Your available account balance is AED 16058.98",transaction
Transaction of AED 3.69 debited from your a/c *535 at APPLE.COM/BILL IT UNES.COM IE. Avl Bal is AED 16055.29,transaction
"Dear Customer, AED 2000.00 was credited to your account *535. Your available account balance is AED 18055.29",transaction
"Dear Customer, AED 1200.00 was credited to your account *535. Your available account balance is AED 19255.29",transaction
"Dear Customer, AED 1500.00 was debited from your account *535. Your available account balance is AED 17755.29",transaction
"Dear Customer, AED 1700.00 was debited from your account *535. Your available account balance is AED 16055.29",transaction
"Dear Customer, AED 375.00 was credited to your account *535. Your available account balance is AED 16430.29",transaction
"Dear Customer, AED 430.00 was debited from your account *535. Your available account balance is AED 16000.29",transaction
"Dear Customer, AED 11000.00 was credited to your account *535. Your available account balance is AED 27000.29",transaction
"Dear Customer, AED 15000.00 was debited from your account *535. Your available account balance is AED 12000.29",transaction
"Dear Customer, AED 10000.00 was debited from your account *535. Your available account balance is AED 2000.29",transaction
"Dear Customer, AED 500.00 was debited from your account *535. Your available account balance is AED 1500.29",transaction
"Dear Customer, AED 1500.00 was debited from your account *535. Your available account balance is AED 0.29",transaction
"Dear Customer, AED 1000.00 was credited to your account *535. Your available account balance is AED 1000.29",transaction
"Dear Customer, AED 26000.00 was credited to your account *535. Your available account balance is AED 27000.29",transaction
"Dear Customer, AED 26000.00 was debited from your account *535. Your available account balance is AED 1000.29",transaction
"Dear Customer, AED 310.77 was debited from your account *535. Your available account balance is AED 689.52",transaction
Transaction of AED 20.99 debited from your a/c *535 at APPLE.COM/BILL IT UNES.COM IE. Avl Bal is AED 668.53,transaction
"Dear Customer, AED 468.00 was debited from your account *535. Your available account balance is AED 199.48",transaction
"Dear Customer, AED 1.05 was debited from your account *535. Your available account balance is AED 199.48",transaction
"Dear Customer, AED 1.05 was debited from your account *535. Your available account balance is AED 98.43",transaction
"Dear Customer, AED 100.00 was debited from your account *535. Your available account balance is AED 98.43",transaction
Transaction of AED 75.00 debited from your a/c *535 at MAKEUP CUP CAFE AB U DHABI AE. Avl Bal is AED 23.43,transaction
"Dear Customer, AED 20.00 was credited to your account *535. Your available account balance is AED 43.43",transaction
"Dear Customer, AED 20000.00 was credited to your account *535. Your available account balance is AED 20043.43",transaction
"Dear Customer, ATM Cash Withdrawal for AED 5000.00 was debited from your account *535. Your Avl Bal is AED 15043.43.",transaction
"Dear Customer, AED 15000.00 was debited from your account *535. Your available account balance is AED 43.43",transaction
"Dear Customer, AED 40.00 was credited to your account *535. Your available account balance is AED 8.43",transaction
"Dear Customer, AED 75.00 was debited from your account *535. Your available account balance is AED 8.43",transaction
"Dear Customer, AED 11000.00 was credited to your account *535. Your available account balance is AED 11008.43",transaction
Transaction of AED 13.63 debited from your a/c *535 at QUIZLET.COM 51 0-495-6550 US. Avl Bal is AED 10994.80,transaction
"Dear Customer, AED 650.00 was debited from your account *535. Your available account balance is AED 10344.80",transaction
"Dear Customer, AED 10344.00 was debited from your account *535. Your available account balance is AED 0.80",transaction
"Dear Customer, AED 10180.00 was credited to your account *535. Your available account balance is AED 10180.80",transaction
Transaction of AED 32.99 debited from your a/c *535 at APPLE.COM/BILL IT UNES.COM IE. Avl Bal is AED 10147.81,transaction
"Dear Customer, your Salary of AED 16000.00 was credited to your account *535. Your available account balance is AED 26147.81",transaction
Transaction of AED 78.00 debited from your a/c *535 at Ministry of Interior AU H AE. Avl Bal is AED 26069.81,transaction
Transaction of AED 3.69 debited from your a/c *535 at APPLE.COM/BILL IT UNES.COM IE. Avl Bal is AED 26066.12,transaction
"Dear Customer, AED 1.05 was debited from your account *535. Your available account balance is AED 25681.07",transaction
"Dear Customer, AED 384.00 was debited from your account *535. Your available account balance is AED 25681.07",transaction
"Dear Customer, AED 10000.00 was debited from your account *535. Your available account balance is AED 5681.07",transaction
"Dear Customer, AED 4100.00 was debited from your account *535. Your available account balance is AED 1581.07",transaction
"Dear Customer, AED 500.00 was debited from your account *535. Your available account balance is AED 1081.07",transaction
"Dear Customer, AED 100.00 was debited from your account *535. Your available account balance is AED 980.02",transaction
"Dear Customer, AED 1.05 was debited from your account *535. Your available account balance is AED 980.02",transaction
"Dear Customer, AED 250.00 was debited from your account *535. Your available account balance is AED 730.02",transaction
"Dear Customer, AED 250.00 was credited to your account *535. Your available account balance is AED 980.02",transaction
"Dear Customer, AED 400.00 was debited from your account *535. Your available account balance is AED 580.02",transaction
"Dear Customer, AED 500.00 was debited from your account *535. Your available account balance is AED 80.02",transaction
"Dear Customer, AED 25.00 was debited from your account *535. Your available account balance is AED 55.02",transaction
"Dear Customer, AED 25.00 was credited to your account *535. Your available account balance is AED 80.02",transaction
"Dear Customer, AED 50.00 was debited from your account *535. Your available account balance is AED 30.02",transaction
"Dear Customer, AED 850.00 was credited to your account *535. Your available account balance is AED 880.02",transaction
Transaction of AED 871.50 debited from your a/c *535 at Emirates Driving Compan+9 71600588880 AE. Avl Bal is AED 8.52,transaction
"Dear Customer, AED 1900.00 was credited to your account *535. Your available account balance is AED 1908.52",transaction
Transaction of AED 515.75 debited from your a/c *535 at uae.wu.com/send_money Ab u Dhabi AE. Avl Bal is AED 1392.77,transaction
"Dear Customer, AED 40.00 was credited to your account *535. Your available account balance is AED 1432.77",transaction
Transaction of AED 1415.75 debited from your a/c *535 at uae.wu.com/send_money Ab u Dhabi AE. Avl Bal is AED 17.02,transaction
"Dear Customer, AED 2800.00 was credited to your account *535. Your available account balance is AED 2817.02",transaction
"Dear Customer, AED 636.00 was debited from your account *535. Your available account balance is AED 2179.97",transaction
"Dear Customer, AED 1.05 was debited from your account *535. Your available account balance is AED 2179.97",transaction
"Dear Customer, AED 100.00 was debited from your account *535. Your available account balance is AED 2079.97",transaction
"Dear Customer, AED 15000.00 was credited to your account *535. Your available account balance is AED 17079.97",transaction
"Dear Customer, AED 15000.00 was credited to your account *535. Your available account balance is AED 32079.97",transaction
"Dear Customer, AED 15000.00 was debited from your account *535. Your available account balance is AED 17079.97",transaction
"Dear Customer, AED 15000.00 was debited from your account *535. Your available account balance is AED 2079.97",transaction
"Dear Customer, your Salary of AED 16000.00 was credited to your account *535. Your available account balance is AED 18079.97",transaction
"Dear Customer, AED 8328.94 was debited from your account *535. Your available account balance is AED 9751.03",transaction
"Dear Customer, AED 4100.00 was debited from your account *535. Your available account balance is AED 5649.98",transaction
"Dear Customer, AED 1.05 was debited from your account *535. Your available account balance is AED 5649.98",transaction
"Dear Customer, AED 100.00 was debited from your account *535. Your available account balance is AED 5549.98",transaction
"Dear Customer, AED 4387.34 was debited from your account *535. Your available account balance is AED 1162.64",transaction
"Dear Customer, AED 100000.00 was credited to your account *535. Your available account balance is AED 101162.64",transaction
"Dear Customer, AED 100.00 was debited from your account *535. Your available account balance is AED 101062.64",transaction
"Dear Customer, AED 15000.00 was credited to your account *535. Your available account balance is AED 116062.64",transaction
"Dear Customer, AED 50.00 was debited from your account *535. Your available account balance is AED 116011.59",transaction
"Dear Customer, AED 1.05 was debited from your account *535. Your available account balance is AED 116011.59",transaction
"Dear Customer, AED 1270.00 was credited to your account *535. Your available account balance is AED 117281.59",transaction
Transaction of AED 32.99 debited from your a/c *535 at APPLE.COM/BILL IT UNES.COM IE. Avl Bal is AED 117244.91,transaction
Transaction of AED 3.69 debited from your a/c *535 at APPLE.COM/BILL ww w.apple.com IE. Avl Bal is AED 117244.91,transaction
"Dear Customer, AED 15000.00 was debited from your account *535. Your available account balance is AED 102244.91",transaction
"Dear Customer, AED 200.00 was debited from your account *535. Your available account balance is AED 102044.91",transaction
"Dear Customer, AED 75.00 was debited from your account *535. Your available account balance is AED 101969.91",transaction
"Dear Customer, AED 180.00 was debited from your account *535. Your available account balance is AED 101789.91",transaction
"Dear Customer, AED 20.00 was debited from your account *535. Your available account balance is AED 101769.91",transaction
"Dear Customer, AED 200.00 was credited to your account *535. Your available account balance is AED 101969.91",transaction
Transaction of AED 100.71 debited from your a/c *535 at MINISTRY OF EDUCATION DU BAI AE. Avl Bal is AED 101869.20,transaction
Transaction of AED 497.11 debited from your a/c *535 at Ministry of Foreign Af Ab u Dhabi AE. Avl Bal is AED 101372.09,transaction
Transaction of AED 50.00 debited from your a/c *535 at Department of Health Ab u Dhabi AE. Avl Bal is AED 101322.09,transaction
Transaction of AED 308.44 debited from your a/c *535 at Pureshawl Ku wait KW. Avl Bal is AED 101013.65,transaction
"Dear Customer, AED 101000.00 was debited from your account *535. Your available account balance is AED 13.65",transaction
"Dear Customer, AED 1500.00 was credited to your account *535. Your available account balance is AED 1513.65",transaction
"Dear Customer, AED 200.00 was debited from your account *535. Your available account balance is AED 1313.65",transaction
"Dear Customer, AED 1313.00 was debited from your account *535. Your available account balance is AED 0.65",transaction
"Dear Customer, your Salary of AED 16000.00 was credited to your account *535. Your available account balance is AED 16000.65",transaction
"Dear Customer, AED 16000.00 was debited from your account *535. Your available account balance is AED 0.65",transaction
"Dear Customer, AED 1500.00 was credited to your account *535. Your available account balance is AED 1500.65",transaction
"Dear Customer, AED 305.00 was debited from your account *535. Your available account balance is AED 1195.65",transaction
"Dear Customer, AED 45.81 was debited from your account *535. Your available account balance is AED 1149.84",transaction
Transaction of AED 32.99 debited from your a/c *535 at APPLE.COM/BILL IT UNES.COM IE. Avl Bal is AED 1116.85,transaction
Transaction of AED 3.69 debited from your a/c *535 at APPLE.COM/BILL IT UNES.COM IE. Avl Bal is AED 1113.16,transaction
"Dear Customer, AED 230.00 was debited from your account *535. Your available account balance is AED 883.16",transaction
"Dear Customer, AED 25.00 was debited from your account *535. Your available account balance is AED 858.16",transaction
"Dear Customer, AED 217.32 was debited from your account *535. Your available account balance is AED 640.84",transaction
"Dear Customer, AED 150.00 was credited to your account *535. Your available account balance is AED 790.84",transaction
"Dear Customer, AED 100.00 was debited from your account *535. Your available account balance is AED 689.79",transaction
"Dear Customer, AED 1.05 was debited from your account *535. Your available account balance is AED 689.79",transaction
"Dear Customer, AED 1.05 was debited from your account *535. Your available account balance is AED 508.74",transaction
"Dear Customer, AED 180.00 was debited from your account *535. Your available account balance is AED 508.74",transaction
"Dear Customer, AED 24350.00 was credited to your account *535. Your available account balance is AED 24858.74",transaction
"Dear Customer, AED 10000.00 was debited from your account *535. Your available account balance is AED 14858.74",transaction
Transaction of AED 1350.75 debited from your a/c *535 at uae.wu.com/send_money Ab u Dhabi AE. Avl Bal is AED 13507.99,transaction
"Dear Customer, AED 500.00 was debited from your account *535. Your available account balance is AED 6.94",transaction
"Dear Customer, AED 1.05 was debited from your account *535. Your available account balance is AED 6.94",transaction
"Dear Customer, AED 13000.00 was debited from your account *535. Your available account balance is AED 6.94",transaction
"Dear Customer, AED 2000.00 was credited to your account *535. Your available account balance is AED 2006.94",transaction
"Dear Customer, your Salary of AED 16000.00 was credited to your account *535. Your available account balance is AED 18006.94",transaction
"Dear Customer, AED 6759.92 was debited from your account *535. Your available account balance is AED 11247.02",transaction
"Dear Customer, AED 10000.00 was debited from your account *535. Your available account balance is AED 1247.02",transaction
"Dear Customer, AED 1000.00 was debited from your account *535. Your available account balance is AED 247.02",transaction
"Dear Customer, AED 22.00 was debited from your account *535. Your available account balance is AED 223.97",transaction
"Dear Customer, AED 1.05 was debited from your account *535. Your available account balance is AED 223.97",transaction
"Dear Customer, AED 10.00 was debited from your account *535. Your available account balance is AED 218.97",transaction
Transaction of AED 3.69 debited from your a/c *535 at APPLE.COM/BILL IT UNES.COM IE. Avl Bal is AED 215.28,transaction
"Dear Customer, AED 50.00 was debited from your account *535. Your available account balance is AED 165.28",transaction
Transaction of AED 154.99 debited from your a/c *535 at APPLE.COM/BILL ww w.apple.com IE. Avl Bal is AED 10.29,transaction
"Dear Customer, AED 2500.00 was credited to your account *535. Your available account balance is AED 2510.29",transaction
Transaction of AED 2300.00 debited from your a/c *535 at TAP Payment Services Du bai AE. Avl Bal is AED 210.29,transaction
"Dear Customer, AED 10.00 was debited from your account *535. Your available account balance is AED 200.29",transaction
"Dear Customer, AED 3.69 was credited to your account *535. Your available account balance is AED 240.66",transaction
"Dear Customer, AED 32.99 was credited to your account *535. Your available account balance is AED 240.66",transaction
"Dear Customer, AED 50.00 was debited from your account *535. Your available account balance is AED 190.66",transaction
"Dear Customer, AED 154.99 was credited to your account *535. Your available account balance is AED 345.65",transaction
"Dear Customer, AED 32.52 was debited from your account *535. Your available account balance is AED 313.13",transaction
"Dear Customer, AED 300.00 was debited from your account *535. Your available account balance is AED 13.13",transaction
"Dear Customer, AED 100.00 was credited to your account *535. Your available account balance is AED 113.13",transaction
"Dear Customer, AED 100.00 was debited from your account *535. Your available account balance is AED 13.13",transaction
Transaction of AED 100.00 debited from your a/c *535 at SAAED FOR TRAFFIC SYST AB U DHABI AE. Avl Bal is AED 13.13,transaction
"Dear Customer, your Salary of AED 16000.00 was credited to your account *535. Your available account balance is AED 16011.13",transaction
"Dear Customer, AED 3500.00 was debited from your account *535. Your available account balance is AED 12511.13",transaction
"Dear Customer, AED 10000.00 was debited from your account *535. Your available account balance is AED 2511.13",transaction
"Dear Customer, AED 1363.95 was debited from your account *535. Your available account balance is AED 1146.13",transaction
"Dear Customer, AED 1.05 was debited from your account *535. Your available account balance is AED 1146.13",transaction
"Dear Customer, AED 100.00 was debited from your account *535. Your available account balance is AED 1046.13",transaction
"Dear Customer, AED 270.53 was debited from your account *535. Your available account balance is AED 775.60",transaction
"Dear Customer, AED 4000.00 was debited from your account *296. Your available account balance is AED 153505.59",transaction
"Dear Customer, AED 500.00 was debited from your account *535. Your available account balance is AED 275.60",transaction
"Dear Customer, AED 50.00 was debited from your account *535. Your available account balance is AED 225.60",transaction
"Dear Customer, AED 200.00 was debited from your account *535. Your available account balance is AED 25.60",transaction
"Dear Customer, AED 1000.00 was credited to your account *535. Your available account balance is AED 1025.60",transaction
"Dear Customer, AED 10.00 was debited from your account *535. Your available account balance is AED 1015.60",transaction
"Dear Customer, AED 450.00 was credited to your account *535. Your available account balance is AED 1465.60",transaction
"Dear Customer, AED 520.00 was debited from your account *535. Your available account balance is AED 945.60",transaction
"Dear Customer, AED 3000.00 was credited to your account *535. Your available account balance is AED 3945.60",transaction
"Dear Customer, AED 3400.00 was debited from your account *535. Your available account balance is AED 545.60",transaction
"Dear Customer, AED 250.00 was credited to your account *535. Your available account balance is AED 795.60",transaction
"Dear Customer, AED 6000.00 was credited to your account *535. Your available account balance is AED 6795.60",transaction
"Dear Customer, AED 1500.00 was debited from your account *535. Your available account balance is AED 5293.60",transaction
"Dear Customer, AED 25.00 was credited to your account *535. Your available account balance is AED 5318.60",transaction
Transaction of AED 90.19 debited from your a/c *535 at Riyada in Ku wait KW. Avl Bal is AED 5228.41,transaction
Transaction of AED 45.10 debited from your a/c *535 at Riyada in Ku wait KW. Avl Bal is AED 5183.31,transaction
Transaction of AED 118.00 debited from your a/c *535 at Ministry of Interior AU H AE. Avl Bal is AED 5065.31,transaction
"Dear Customer, AED 1.05 was debited from your account *535. Your available account balance is AED 3064.26",transaction
"Dear Customer, AED 2000.00 was debited from your account *535. Your available account balance is AED 3064.26",transaction
"Dear Customer, AED 1060.00 was debited from your account *535. Your available account balance is AED 2004.26",transaction
"Dear Customer, AED 2000.00 was credited to your account *535. Your available account balance is AED 4004.26",transaction
"Dear Customer, AED 478.19 was debited from your account *535. Your available account balance is AED 3526.07",transaction
"Dear Customer, AED 619.37 was debited from your account *535. Your available account balance is AED 2906.70",transaction
"Dear Customer, AED 423.62 was debited from your account *535. Your available account balance is AED 2482.03",transaction
"Dear Customer, AED 1.05 was debited from your account *535. Your available account balance is AED 2482.03",transaction
"Dear Customer, AED 460.00 was credited to your account *535. Your available account balance is AED 2942.03",transaction
"Dear Customer, AED 34.98 was debited from your account *535. Your available account balance is AED 2907.05",transaction
"Dear Customer, AED 459.06 was debited from your account *535. Your available account balance is AED 2347.99",transaction
"Dear Customer, AED 100.00 was debited from your account *535. Your available account balance is AED 2347.99",transaction
"Dear Customer, AED 1000.00 was debited from your account *535. Your available account balance is AED 1346.94",transaction
"Dear Customer, AED 1.05 was debited from your account *535. Your available account balance is AED 1346.94",transaction
"Dear Customer, your Salary of AED 16000.00 was credited to your account *535. Your available account balance is AED 17346.94",transaction
"Dear Customer, AED 1000.00 was credited to your account *535. Your available account balance is AED 18346.94",transaction
"Dear Customer, AED 1300.00 was debited from your account *535. Your available account balance is AED 17045.89",transaction
"Dear Customer, AED 1.05 was debited from your account *535. Your available account balance is AED 17045.89",transaction
"Dear Customer, AED 1300.00 was credited to your account *535. Your available account balance is AED 18345.89",transaction
"Dear Customer, AED 1500.00 was debited from your account *535. Your available account balance is AED 16844.84",transaction
"Dear Customer, AED 1.05 was debited from your account *535. Your available account balance is AED 16844.84",transaction
"Dear Customer, AED 1500.00 was credited to your account *535. Your available account balance is AED 18344.84",transaction
"Dear Customer, AED 139.98 was debited from your account *535. Your available account balance is AED 18204.86",transaction
"Dear Customer, AED 2000.00 was debited from your account *535. Your available account balance is AED 16203.81",transaction
"Dear Customer, AED 1.05 was debited from your account *535. Your available account balance is AED 16203.81",transaction
"Dear Customer, AED 25000.00 was credited to your account *535. Your available account balance is AED 41203.81",transaction
"Dear Customer, AED 35000.00 was debited from your account *535. Your available account balance is AED 6203.81",transaction
"Dear Customer, AED 4000.00 was debited from your account *535. Your available account balance is AED 2203.81",transaction
"Dear Customer, AED 2000.00 was debited from your account *535. Your available account balance is AED 203.81",transaction
"Dear Customer, AED 8000.00 was credited to your account *535. Your available account balance is AED 8203.81",transaction
"Dear Customer, AED 150.00 was credited to your account *535. Your available account balance is AED 8353.81",transaction
"Dear Customer, AED 150.15 was debited from your account *535. Your available account balance is AED 8203.66",transaction
"Dear Customer, AED 8000.00 was debited from your account *535. Your available account balance is AED 203.66",transaction
"Dear Customer, AED 200.00 was debited from your account *535. Your available account balance is AED 3.66",transaction
"Dear Customer, AED 3.00 was debited from your account *535. Your available account balance is AED 0.66",transaction
"Dear Customer, AED 1500.00 was credited to your account *535. Your available account balance is AED 1500.66",transaction
"Dear Customer, AED 1500.00 was debited from your account *296. Your available account balance is AED 153502.26",transaction
Transaction of AED 1340.00 debited from your a/c *535 at THE BRITISH COUNCIL +4 41619577755 GB. Avl Bal is AED 160.66,transaction
"Dear Customer, AED 1000.00 was credited to your account *535. Your available account balance is AED 1160.66",transaction
"Dear Customer, AED 1150.00 was debited from your account *535. Your available account balance is AED 10.66",transaction
"Dear Customer, AED 300.00 was credited to your account *535. Your available account balance is AED 310.66",transaction
Transaction of AED 226.25 debited from your a/c *535 at AL ANSARI EXCHANGE LLC Du bai AE. Avl Bal is AED 84.41,transaction
"Dear Customer, AED 100.00 was credited to your account *535. Your available account balance is AED 184.41",transaction
"Dear Customer, AED 1600.00 was credited to your account *535. Your available account balance is AED 1784.41",transaction
Transaction of AED 400.75 debited from your a/c *535 at WU.com/Al Fardan ExchanAb u Dhabi AE. Avl Bal is AED 1383.66,transaction
Transaction of AED 1200.75 debited from your a/c *535 at WU.com/Al Fardan ExchanAb u Dhabi AE. Avl Bal is AED 182.91,transaction
"Dear Customer, AED 1000.00 was credited to your account *535. Your available account balance is AED 1182.91",transaction
"Dear Customer, AED 1000.00 was debited from your account *535. Your available account balance is AED 182.91",transaction
"Dear Customer, AED 100.00 was credited to your account *535. Your available account balance is AED 1282.91",transaction
Transaction of AED 1260.00 debited from your a/c *535 at ABU DHABI UNIVERSITY K Du bai AE. Avl Bal is AED 22.91,transaction
"Dear Customer, AED 150.00 was credited to your account *535. Your available account balance is AED 172.91",transaction
Transaction of AED 116.00 debited from your a/c *535 at Abu Dhabi Police AU H AE. Avl Bal is AED 56.91,transaction
"Dear Customer, AED 400.00 was credited to your account *535. Your available account balance is AED 456.91",transaction
Transaction of AED 428.57 debited from your a/c *535 at THE BRITISH COUNCIL +4 41619577755 GB. Avl Bal is AED 28.34,transaction
"Dear Customer, AED 500.00 was credited to your account *535. Your available account balance is AED 528.34",transaction
Transaction of AED 2.98 debited from your a/c *535 at Etc IVR 101 Ab u Dhabi AE. Avl Bal is AED 525.36,transaction
"A POS Trxn on your Account No *535 at Etc IVR 101 Ab, u Dhabi in AE on 27/04/23 for AED 2.98 is reversed.",transaction
"Dear Customer, your Salary of AED 17120.00 was credited to your account *535. Your available account balance is AED 17648.34",transaction
"Dear Customer, AED 4100.00 was debited from your account *535. Your available account balance is AED 13548.34",transaction
"Dear Customer, AED 10700.00 was debited from your account *535. Your available account balance is AED 2848.34",transaction
"Dear Customer, AED 1000.00 was debited from your account *535. Your available account balance is AED 1848.34",transaction
"Dear Customer, AED 1508.22 was debited from your account *535. Your available account balance is AED 340.12",transaction
"Dear Customer, AED 312.00 was debited from your account *535. Your available account balance is AED 28.12",transaction
"Dear Customer, AED 28.00 was debited from your account *535. Your available account balance is AED 0.12",transaction
"Dear Customer, AED 6000.00 was credited to your account *535. Your available account balance is AED 6000.12",transaction
"Dear Customer, AED 6000.00 was debited from your account *535. Your available account balance is AED 0.12",transaction
"Dear Customer, AED 300.00 was credited to your account *535. Your available account balance is AED 300.12",transaction
"Dear Customer, ATM Cash Withdrawal for AED 200.00 was debited from your account *535. Your Avl Bal is AED 100.12.",transaction
"Dear Customer, AED 300.00 was credited to your account *535. Your available account balance is AED 400.12",transaction
"Dear Customer, AED 400.00 was debited from your account *535. Your available account balance is AED 0.12",transaction
"Dear Customer, AED 400.00 was credited to your account *535. Your available account balance is AED 400.12",transaction
"Dear Customer, ATM Cash Withdrawal for AED 400.00 was debited from your account *535. Your Avl Bal is AED 0.12.",transaction
"Dear Customer, AED 670.00 was credited to your account *535. Your available account balance is AED 670.12",transaction
"Dear Customer, AED 670.00 was debited from your account *535. Your available account balance is AED 0.12",transaction
"Dear Customer, AED 25.00 was credited to your account *535. Your available account balance is AED 25.12",transaction
"Dear Customer, AED 8100.00 was credited to your account *535. Your available account balance is AED 8125.12",transaction
"Dear Customer, AED 7171.00 was debited from your account *535. Your available account balance is AED 954.12",transaction
"Dear Customer, AED 300.00 was debited from your account *535. Your available account balance is AED 654.12",transaction
"Dear Customer, AED 1.05 was debited from your account *535. Your available account balance is AED 22.02",transaction
"Dear Customer, AED 631.05 was debited from your account *535. Your available account balance is AED 22.02",transaction
"Dear Customer, AED 1070.00 was credited to your account *535. Your available account balance is AED 1092.02",transaction
"Dear Customer, AED 1092.00 was debited from your account *535. Your available account balance is AED 0.02",transaction
"Dear Customer, AED 10.00 was credited to your account *535. Your available account balance is AED 10.02",transaction
"Dear Customer, AED 100.00 was credited to your account *535. Your available account balance is AED 110.02",transaction
"Dear Customer, AED 200.00 was credited to your account *535. Your available account balance is AED 310.02",transaction
"Dear Customer, AED 200.00 was debited from your account *535. Your available account balance is AED 110.02",transaction
"Dear Customer, AED 25.00 was credited to your account *535. Your available account balance is AED 135.02",transaction
Transaction of AED 100.71 debited from your a/c *535 at MINISTRY OF EDUCATION DU BAI AE. Avl Bal is AED 34.31,transaction
"Dear Customer, your Salary of AED 16000.00 was credited to your account *535. Your available account balance is AED 16034.31",transaction
"Dear Customer, AED 10000.00 was debited from your account *535. Your available account balance is AED 6034.31",transaction
"Dear Customer, AED 4000.00 was debited from your account *535. Your available account balance is AED 2034.31",transaction
"Dear Customer, AED 61.00 was debited from your account *535. Your available account balance is AED 1973.31",transaction
"Dear Customer, AED 700.00 was debited from your account *535. Your available account balance is AED 1273.31",transaction
Transaction of AED 169.99 debited from your a/c *535 at APPLE.COM/BILL IT UNES.COM IE. Avl Bal is AED 1103.32,transaction
"Dear Customer, AED 200.00 was debited from your account *535. Your available account balance is AED 903.32",transaction
"Dear Customer, AED 25.00 was credited to your account *535. Your available account balance is AED 928.32",transaction
"Dear Customer, AED 90.00 was credited to your account *535. Your available account balance is AED 1018.32",transaction
"Dear Customer, AED 1000.00 was debited from your account *535. Your available account balance is AED 18.32",transaction
"Dear Customer, AED 7.89 was debited from your account *535. Your available account balance is AED 10.43",transaction
"Dear Customer, AED 103.25 was credited to your account *535. Your available account balance is AED 113.68",transaction
"Dear Customer, AED 100.00 was debited from your account *535. Your available account balance is AED 13.68",transaction
"Dear Customer, AED 87.00 was credited to your account *535. Your available account balance is AED 100.68",transaction
Transaction of AED 100.00 debited from your a/c *535 at ADNOC WALLET AB U DHABI AE. Avl Bal is AED 0.68,transaction
"Dear Customer, AED 500.00 was credited to your account *535. Your available account balance is AED 500.68",transaction
"Dear Customer, AED 500.00 was debited from your account *535. Your available account balance is AED 0.68",transaction
"Dear Customer, your Salary of AED 16000.00 was credited to your account *535. Your available account balance is AED 16000.68",transaction
"Dear Customer, AED 10000.00 was debited from your account *535. Your available account balance is AED 6000.68",transaction
Transaction of AED 504.18 debited from your a/c *535 at UKVI LO NDON GB. Avl Bal is AED 5496.50,transaction
Transaction of AED 11.00 debited from your a/c *535 at VFS GLOBAL DU BAI AE. Avl Bal is AED 5485.50,transaction
"Dear Customer, AED 4000.00 was debited from your account *535. Your available account balance is AED 1485.50",transaction
"Dear Customer, AED 300.00 was credited to your account *535. Your available account balance is AED 1785.50",transaction
"Dear Customer, AED 500.00 was debited from your account *535. Your available account balance is AED 1285.50",transaction
Transaction of AED 169.99 debited from your a/c *535 at APPLE.COM/BILL IT UNES.COM IE. Avl Bal is AED 1115.51,transaction
"Dear Customer, AED 50.00 was credited to your account *535. Your available account balance is AED 1165.51",transaction
"Dear Customer, AED 1165.00 was debited from your account *535. Your available account balance is AED 0.51",transaction
"Dear Customer, AED 46.00 was credited to your account *535. Your available account balance is AED 46.51",transaction
"Dear Customer, AED 46.51 was debited from your account *535. Your available account balance is AED 0.00",transaction
"Dear Customer, AED 169.99 was credited to your account *535. Your available account balance is AED 169.99",transaction
"Dear Customer, AED 169.00 was debited from your account *535. Your available account balance is AED 0.99",transaction
"Dear Customer, AED 50.00 was credited to your account *535. Your available account balance is AED 50.99",transaction
"Dear Customer, AED 250.00 was credited to your account *535. Your available account balance is AED 300.99",transaction
"Dear Customer, AED 100.00 was credited to your account *535. Your available account balance is AED 400.99",transaction
"Dear Customer, AED 400.00 was debited from your account *535. Your available account balance is AED 0.99",transaction
