text,label
"Go until jurong point, crazy.. Available only in bugis n great world la e buffet... Cine there got amore wat...",personal
Ok lar... Joking wif u oni...,personal
U dun say so early hor... U c already then say...,personal
"Nah I don't think he goes to usf, he lives around here though",personal
Even my brother is not like to speak with me. They treat me like aids patent.,personal
As per your request 'Melle Melle (Oru Minnaminunginte Nurungu Vettam)' has been set as your callertune for all Callers. Press *9 to copy your friends Callertune,personal
"I'm gonna be home soon and i don't want to talk about this stuff anymore tonight, k? I've cried enough today.",personal
I've been searching for the right words to thank you for this breather. I promise i wont take your help for granted and will fulfil my promise. You have been wonderful and a blessing at all times.,personal
I HAVE A DATE ON SUNDAY WITH WILL!!,personal
Oh k...i'm watching here:),personal
Eh u remember how 2 spell his name... Yes i did. He v naughty make until i v wet.,personal
Fine if thats the way u feel. Thats the way its gota b,personal
Is that seriously how you spell his name?,personal
Im going to try for 2 months ha ha only joking,personal
So pay first lar... Then when is da stock comin...,personal
Aft i finish my lunch then i go str down lor. Ard 3 smth lor. U finish ur lunch already?,personal
Ffffffffff. Alright no way I can meet up with you sooner?,personal
Just forced myself to eat a slice. I'm really not hungry tho. This sucks. Mark is getting worried. He knows I'm sick when I turn down pizza. Lol,personal
Lol your always so convincing.,personal
Did you catch the bus ? Are you frying an egg ? Did you make a tea? Are you eating your mom's left over dinner ? Do you feel my Love ?,personal
"I'm back &amp; we're packing the car now, I'll let you know if there's room",personal
Ahhh. Work. I vaguely remember that! What does it feel like? Lol,personal
"Wait that's still not all that clear, were you not sure about me being sarcastic or that that's why x doesn't want to live with us",personal
Yeah he got in at 2 and was v apologetic. n had fallen out and she was actin like spoilt child and he got caught up in that. Till 2! But we won't go there! Not doing too badly cheers. You?,personal
K tell me anything about you.,personal
For fear of fainting with the of all that housework you just did? Quick have a cuppa,personal
Yup... Ok i go home look at the timings then i msg again... Xuhui going to learn on 2nd may too but her lesson is at 8am,personal
"Oops, I'll let you know when my roommate's done",personal
I see the letter B on my car,personal
Anything lor... U decide...,personal
Hello! How's you and how did saturday go? I was just texting to see if you'd decided to do anything tomo. Not that i'm trying to invite myself or anything!,personal
Pls go ahead with watts. I just wanted to be sure. Do have a great weekend. Abiola,personal
"Did I forget to tell you ? I want you , I need you, I crave you ... But most of all ... I love you my sweet Arabian steed ... Mmmmmm ... Yummy",personal
WHO ARE YOU SEEING?,personal
Great! I hope you like your man well endowed. I am &lt;#&gt; inches...,personal
No calls..messages..missed calls,personal
Didn't you get hep b immunisation in nigeria.,personal
"Fair enough, anything going on?",personal
"Yeah hopefully, if tyler can't do it I could maybe ask around a bit",personal
U don't know how stubborn I am. I didn't even want to go to the hospital. I kept telling Mark I'm not a weak sucker. Hospitals are for weak suckers.,personal
What you thinked about me. First time you saw me in class.,personal
"A gram usually runs like &lt;#&gt; , a half eighth is smarter though and gets you almost a whole second gram for &lt;#&gt;",personal
K fyi x has a ride early tomorrow morning but he's crashing at our place tonight,personal
"Wow. I never realized that you were so embarassed by your accomodations. I thought you liked it, since i was doing the best i could and you always seemed so happy about ""the cave"". I'm sorry I didn't and don't have more to give. I'm sorry i offered. I'm sorry your room was so embarassing.",personal
Do you know what Mallika Sherawat did yesterday? Find out now @ &lt;URL&gt;,personal
"Sorry, I'll call later in meeting.",personal
Tell where you reached,personal
Yes..gauti and sehwag out of odi series.,personal
Your gonna have to pick up a $1 burger for yourself on your way home. I can't even move. Pain is killing me.,personal
Ha ha ha good joke. Girls are situation seekers.,personal
Its a part of checking IQ,personal
"Sorry my roommates took forever, it ok if I come by now?",personal
Ok lar i double check wif da hair dresser already he said wun cut v short. He said will cut until i look nice.,personal
"Today is ""song dedicated day.."" Which song will u dedicate for me? Send this to all ur valuable frnds but first rply me...",personal
I plane to give on this month end.,personal
Wah lucky man... Then can save money... Hee...,personal
Finished class where are you.,personal
HI BABE IM AT HOME NOW WANNA DO SOMETHING? XX,personal
K..k:)where are you?how did you performed?,personal
U can call me now...,personal
I am waiting machan. Call me once you free.,personal
Thats cool. i am a gentleman and will treat you with dignity and respect.,personal
I like you peoples very much:) but am very shy pa.,personal
Does not operate after &lt;#&gt; or what,personal
Its not the same here. Still looking for a job. How much do Ta's earn there.,personal
"Sorry, I'll call later",personal
K. Did you call me just now ah?,personal
Ok i am on the way to home hi hi,personal
You will be in the place of that man,personal
Yup next stop.,personal
"I call you later, don't have network. If urgnt, sms me.",personal
For real when u getting on yo? I only need 2 more tickets and one more jacket and I'm done. I already used all my multis.,personal
Yes I started to send requests to make it but pain came back so I'm back in bed. Double coins at the factory too. I gotta cash in all my nitros.,personal
I'm really not up to it still tonight babe,personal
"Ela kano.,il download, come wen ur free..",personal
Yeah do! Dont stand to close tho- youll catch something!,personal
Sorry to be a pain. Is it ok if we meet another night? I spent late afternoon in casualty and that means i haven't done any of y stuff42moro and that includes all my time sheets and that. Sorry.,personal
Smile in Pleasure Smile in Pain Smile when trouble pours like Rain Smile when sum1 Hurts U Smile becoz SOMEONE still Loves to see u Smiling!!,personal
Havent planning to buy later. I check already lido only got 530 show in e afternoon. U finish work already?,personal
Watching telugu movie..wat abt u?,personal
i see. When we finish we have loads of loans to pay,personal
"Hi. Wk been ok - on hols now! Yes on for a bit of a run. Forgot that i have hairdressers appointment at four so need to get home n shower beforehand. Does that cause prob for u?""",personal
I see a cup of coffee animation,personal
Please don't text me anymore. I have nothing else to say.,personal
Okay name ur price as long as its legal! Wen can I pick them up? Y u ave x ams xx,personal
I'm still looking for a car to buy. And have not gone 4the driving test yet.,personal
"wow. You're right! I didn't mean to do that. I guess once i gave up on boston men and changed my search location to nyc, something changed. Cuz on my signin page it still says boston.",personal
Umma my life and vava umma love you lot dear,personal
Thanks a lot for your wishes on my birthday. Thanks you for making my birthday truly memorable.,personal
"Aight, I'll hit you up when I get some cash",personal
How would my ip address test that considering my computer isn't a minecraft server,personal
I know! Grumpy old people. My mom was like you better not be lying. Then again I am always the one to play jokes...,personal
Dont worry. I guess he's busy.,personal
What is the plural of the noun research?,personal
Going for dinner.msg you after.,personal
I'm ok wif it cos i like 2 try new things. But i scared u dun like mah. Cos u said not too loud.,personal
"Wa, ur openin sentence very formal... Anyway, i'm fine too, juz tt i'm eatin too much n puttin on weight...Haha... So anythin special happened?",personal
"As I entered my cabin my PA said, '' Happy B'day Boss !!''. I felt special. She askd me 4 lunch. After lunch she invited me to her apartment. We went there.",personal
Goodo! Yes we must speak friday - egg-potato ratio for tortilla needed!,personal
Hmm...my uncle just informed me that he's paying the school directly. So pls buy food.,personal
here is my new address -apples&pairs&all that malarky,personal
I am going to sao mu today. Will be done only at 12,personal
predict wat time 'll finish buying?,personal
"Good stuff, will do.",personal
"Just so that you know,yetunde hasn't sent money yet. I just sent her a text not to bother sending. So its over, you dont have to involve yourself in anything. I shouldn't have imposed anything on you in the first place so for that, i apologise.",personal
Are you there in room.,personal
HEY GIRL. HOW R U? HOPE U R WELL ME AN DEL R BAK! AGAIN LONG TIME NO C! GIVE ME A CALL SUM TIME FROM LUCYxx,personal
K..k:)how much does it cost?,personal
I'm home.,personal
"Dear, will call Tmorrow.pls accomodate.",personal
First answer my question.,personal
I only haf msn. It's yijue@hotmail.com,personal
He is there. You call and meet him,personal
No no. I will check all rooms befor activities,personal
Got c... I lazy to type... I forgot in lect... I saw a pouch but like not v nice...,personal
"K, text me when you're on the way",personal
"Sir, Waiting for your mail.",personal
"A swt thought: ""Nver get tired of doing little things 4 lovable persons.."" Coz..somtimes those little things occupy d biggest part in their Hearts.. Gud ni8",personal
I know you are. Can you pls open the back?,personal
Yes see ya not on the dot,personal
Whats the staff name who is taking class for us?,personal
Ummma.will call after check in.our life will begin from qatar so pls pray very hard.,personal
K..i deleted my contact that why?,personal
Sindu got job in birla soft ..,personal
The wine is flowing and i'm i have nevering..,personal
Yup i thk cine is better cos no need 2 go down 2 plaza mah.,personal
Ok... Ur typical reply...,personal
"You are everywhere dirt, on the floor, the windows, even on my shirt. And sometimes when i open my mouth, you are all that comes flowing out. I dream of my world without you, then half my chores are out too. A time of joy for me, lots of tv shows i.ll see. But i guess like all things you just must exist, like rain, hail and mist, and when my time here is done, you and i become one.",personal
Aaooooright are you at work?,personal
I'm leaving my house now...,personal
"Hello, my love. What are you doing? Did you get to that interview today? Are you you happy? Are you being a good boy? Do you think of me?Are you missing me ?",personal
Keep yourself safe for me because I need you and I miss you already and I envy everyone that see's you in real life,personal
New car and house for my parents.:)i have only new job in hand:),personal
I'm so in love with you. I'm excited each day i spend with you. You make me so happy.,personal
I place all ur points on e cultures module already.,personal
"Hi frnd, which is best way to avoid missunderstding wit our beloved one's?",personal
Great escape. I fancy the bridge but needs her lager. See you tomo,personal
Yes :)it completely in out of form:)clark also utter waste.,personal
"Sir, I need AXIS BANK account no and bank address.",personal
"Hmmm.. Thk sure got time to hop ard... Ya, can go 4 free abt... Muz call u to discuss liao...",personal
What time you coming down later?,personal
"Bloody hell, cant believe you forgot my surname Mr . Ill give u a clue, its spanish and begins with m...",personal
"Well, i'm gonna finish my bath now. Have a good...fine night.",personal
Let me know when you've got the money so carlos can make the call,personal
U still going to the mall?,personal
"Turns out my friends are staying for the whole show and won't be back til ~ &lt;#&gt; , so feel free to go ahead and smoke that $ &lt;#&gt; worth",personal
Text her. If she doesnt reply let me know so i can have her log in,personal
Hi! You just spoke to MANEESHA V. We'd like to know if you were satisfied with the experience. Reply Toll Free with Yes or No.,personal
You lifted my hopes with the offer of money. I am in need. Especially when the end of the month approaches and it hurts my studying. Anyways have a gr8 weekend,personal
Lol no. U can trust me.,personal
ok. I am a gentleman and will treat you with dignity and respect.,personal
"He will, you guys close?",personal
Going on nothing great.bye,personal
Hello handsome ! Are you finding that job ? Not being lazy ? Working towards getting back that net for mummy ? Where's my boytoy now ? Does he miss me ?,personal
"Haha awesome, be there in a minute",personal
Have you got Xmas radio times. If not i will get it now,personal
I jus reached home. I go bathe first. But my sis using net tell u when she finishes k...,personal
I'm sorry. I've joined the league of people that dont keep in touch. You mean a great deal to me. You have been a friend at all times even at great personal cost. Do have a great week.|,personal
Hi :)finally i completed the course:),personal
It will stop on itself. I however suggest she stays with someone that will be able to give ors for every stool.,personal
How are you doing? Hope you've settled in for the new school year. Just wishin you a gr8 day,personal
Gud mrng dear hav a nice day,personal
Did u got that persons story,personal
is your hamster dead? Hey so tmr i meet you at 1pm orchard mrt?,personal
Hi its Kate how is your evening? I hope i can see you tomorrow for a bit but i have to bloody babyjontet! Txt back if u can. :) xxx,personal
"Found it, ENC &lt;#&gt; , where you at?",personal
I sent you &lt;#&gt; bucks,personal
Hello darlin ive finished college now so txt me when u finish if u can love Kate xxx,personal
Your account has been refilled successfully by INR &lt;DECIMAL&gt; . Your KeralaCircle prepaid account balance is Rs &lt;DECIMAL&gt; . Your Transaction ID is KR &lt;#&gt; .,personal
Goodmorning sleeping ga.,personal
U call me alter at 11 ok.,personal
say until like dat i dun buy ericsson oso cannot oredi lar...,personal
"Aight yo, dats straight dogg",personal
You please give us connection today itself before &lt;DECIMAL&gt; or refund the bill,personal
Both :) i shoot big loads so get ready!,personal
"What's up bruv, hope you had a great break. Do have a rewarding semester.",personal
Home so we can always chat,personal
K:)k:)good:)study well.,personal
Yup... How noe leh...,personal
Sounds great! Are you home now?,personal
Finally the match heading towards draw as your prediction.,personal
Tired. I haven't slept well the past few nights.,personal
Easy ah?sen got selected means its good..,personal
I have to take exam with march 3,personal
Yeah you should. I think you can use your gt atm now to register. Not sure but if there's anyway i can help let me know. But when you do be sure you are ready.,personal
Ok no prob. Take ur time.,personal
There is os called ubandu which will run without installing in hard disk...you can use that os to copy the important files in system and give it to repair shop..,personal
U say leh... Of course nothing happen lar. Not say v romantic jus a bit only lor. I thk e nite scenery not so nice leh.,personal
Would really appreciate if you call me. Just need someone to talk to.,personal
Hey company elama po mudyadhu.,personal
"Life is more strict than teacher... Bcoz Teacher teaches lesson &amp; then conducts exam, But Life first conducts Exam &amp; then teaches Lessons. Happy morning. . .",personal
Dear good morning now only i am up,personal
Get down in gandhipuram and walk to cross cut road. Right side &lt;#&gt; street road and turn at first right.,personal
Dear we are going to our rubber place,personal
"Sorry battery died, yeah I'm here",personal
Yes:)here tv is always available in work place..,personal
I have printed it oh. So &lt;#&gt; come upstairs,personal
Or ill be a little closer like at the bus stop on the same street,personal
Where are you?when wil you reach here?,personal
"New Theory: Argument wins d SITUATION, but loses the PERSON. So dont argue with ur friends just.. . . . kick them &amp; say, I'm always correct.!",personal
Tomarrow final hearing on my laptop case so i cant.,personal
PLEASSSSSSSEEEEEE TEL ME V AVENT DONE SPORTSx,personal
"Okay. No no, just shining on. That was meant to be signing, but that sounds better.",personal
"Although i told u dat i'm into baig face watches now but i really like e watch u gave cos it's fr u. Thanx 4 everything dat u've done today, i'm touched...",personal
U don't remember that old commercial?,personal
Too late. I said i have the website. I didn't i have or dont have the slippers,personal
I asked you to call him now ok,personal
Kallis wont bat in 2nd innings.,personal
It didnt work again oh. Ok goodnight then. I.ll fix and have it ready by the time you wake up. You are very dearly missed have a good night sleep.,personal
Ranjith cal drpd Deeraj and deepak 5min hold,personal
"Wen ur lovable bcums angry wid u, dnt take it seriously.. Coz being angry is d most childish n true way of showing deep affection, care n luv!.. kettoda manda... Have nice day da.",personal
What you doing?how are you?,personal
"Ups which is 3days also, and the shipping company that takes 2wks. The other way is usps which takes a week but when it gets to lag you may have to bribe nipost to get your stuff.",personal
"I'm back, lemme know when you're ready",personal
Don't necessarily expect it to be done before you get back though because I'm just now headin out,personal
Mmm so yummy babe ... Nice jolt to the suzy,personal
Where are you lover ? I need you ...,personal
Im parked next to a MINI!!!! When are you coming in today do you think?,personal
Yup,personal
Anyway i'm going shopping on my own now. Cos my sis not done yet. Dun disturb u liao.,personal
MY NO. IN LUTON 0125698789 RING ME IF UR AROUND! H*,personal
Why you Dint come with us.,personal
Same. Wana plan a trip sometme then,personal
"Not sure yet, still trying to get a hold of him",personal
The evo. I just had to download flash. Jealous?,personal
"Come to mu, we're sorting out our narcotics situation",personal
"Night has ended for another day, morning has come in a special way. May you smile like the sunny rays and leaves your worries at the blue blue bay.",personal
"Usf I guess, might as well take 1 car",personal
No objection. My bf not coming.,personal
Thanx...,personal
Tell rob to mack his gf in the theater,personal
"Awesome, I'll see you in a bit",personal
Just sent it. So what type of food do you like?,personal
All done? All handed in? Celebrations in full swing yet?,personal
You got called a tool?,personal
"Wen u miss someone, the person is definitely special for u..... But if the person is so special, why to miss them, just Keep-in-touch gdeve..",personal
Ok. I asked for money how far,personal
Okie...,personal
"Yeah I think my usual guy's still passed out from last night, if you get ahold of anybody let me know and I'll throw down",personal
"K, I might come by tonight then if my class lets out early",personal
Ok..,personal
hi baby im cruisin with my girl friend what r u up 2? give me a call in and hour at home if thats alright or fone me on this fone now love jenny xxx,personal
"My life Means a lot to me, Not because I love my life, But because I love the people in my life, The world calls them friends, I call them my World:-).. Ge:-)..",personal
"Dear,shall mail tonite.busy in the street,shall update you tonite.things are looking ok.varunnathu edukkukayee raksha ollu.but a good one in real sense.",personal
Hey you told your name to gautham ah?,personal
Haf u found him? I feel so stupid da v cam was working.,personal
Oops. 4 got that bit.,personal
Are you this much buzy,personal
I accidentally deleted the message. Resend please.,personal
Unless it's a situation where YOU GO GURL would be more appropriate,personal
Hurt me... Tease me... Make me cry... But in the end of my life when i die plz keep one rose on my grave and say STUPID I MISS U.. HAVE A NICE DAY BSLVYL,personal
I cant pick the phone right now. Pls send a message,personal
Need a coffee run tomo?Can't believe it's that time of week already,personal
"Awesome, I remember the last time we got somebody high for the first time with diesel :V",personal
"Shit that is really shocking and scary, cant imagine for a second. Def up for night out. Do u think there is somewhere i could crash for night, save on taxi?",personal
Oh and by the way you do have more food in your fridge! Want to go out for a meal tonight?,personal
He is a womdarfull actor,personal
Yup... From what i remb... I think should be can book...,personal
Jos ask if u wana meet up?,personal
Lol yes. Our friendship is hanging on a thread cause u won't buy stuff.,personal
Where are the garage keys? They aren't on the bookshelf,personal
Today is ACCEPT DAY..U Accept me as? Brother Sister Lover Dear1 Best1 Clos1 Lvblefrnd Jstfrnd Cutefrnd Lifpartnr Belovd Swtheart Bstfrnd No rply means enemy,personal
He says he'll give me a call when his friend's got the money but that he's definitely buying before the end of the week,personal
"Hi the way I was with u 2day, is the normal way&this is the real me. UR unique&I hope I know u 4 the rest of mylife. Hope u find wot was lost.",personal
You made my day. Do have a great day too.,personal
K.k:)advance happy pongal.,personal
"Hmmm... Guess we can go 4 kb n power yoga... Haha, dunno we can tahan power yoga anot... Thk got lo oso, forgot liao...",personal
"Not really dude, have no friends i'm afraid :(",personal
"Coffee cake, i guess...",personal
"Merry Christmas to you too babe, i love ya *kisses*",personal
Hey... Why dont we just go watch x men and have lunch... Haha,personal
cud u tell ppl im gona b a bit l8 cos 2 buses hav gon past cos they were full & im still waitin 4 1. Pete x,personal
That would be great. We'll be at the Guild. Could meet on Bristol road or somewhere - will get in touch over weekend. Our plans take flight! Have a good week,personal
No problem. How are you doing?,personal
Hi da:)how is the todays class?,personal
"I'd say that's a good sign but, well, you know my track record at reading women",personal
"Cool, text me when you're parked",personal
I'm reading the text i just sent you. Its meant to be a joke. So read it in that light,personal
K.k:)apo k.good movie.,personal
Maybe i could get book out tomo then return it immediately ..? Or something.,personal
Any chance you might have had with me evaporated as soon as you violated my privacy by stealing my phone number from your employer's paperwork. Not cool at all. Please do not contact me again or I will report you to your supervisor.,personal
"Ta-Daaaaa! I am home babe, are you still up ?",personal
Cool. So how come you havent been wined and dined before?,personal
Just sleeping..and surfing,personal
U calling me right? Call my hand phone...,personal
Ok that's great thanx a lot.,personal
I take it the post has come then! You must have 1000s of texts now! Happy reading. My one from wiv hello caroline at the end is my favourite. Bless him,personal
Where u been hiding stranger?,personal
Am not interested to do like that.,personal
My sister cleared two round in birla soft yesterday.,personal
Gudnite....tc...practice going on,personal
Dis is yijue. I jus saw ur mail. In case huiming havent sent u my num. Dis is my num.,personal
One small prestige problem now.,personal
Just checking in on you. Really do miss seeing Jeremiah. Do have a great month,personal
"Nah can't help you there, I've never had an iphone",personal
If you're not in my car in an hour and a half I'm going apeshit,personal
"TODAY is Sorry day.! If ever i was angry with you, if ever i misbehaved or hurt you? plz plz JUST SLAP URSELF Bcoz, Its ur fault, I'm basically GOOD",personal
Yo you guys ever figure out how much we need for alcohol? Jay and I are trying to figure out how much we can safely spend on weed,personal
&lt;#&gt; ISH MINUTES WAS 5 MINUTES AGO. WTF.,personal
"Thank You for calling.Forgot to say Happy Onam to you Sirji.I am fine here and remembered you when i met an insurance person.Meet You in Qatar Insha Allah.Rakhesh, ex Tata AIG who joined TISSCO,Tayseer.",personal
"I'm an actor. When i work, i work in the evening and sleep late. Since i'm unemployed at the moment, i ALWAYS sleep late. When you're unemployed, every day is saturday.",personal
"Hello! Just got here, st andrews-boy its a long way! Its cold. I will keep you posted",personal
Ha ha cool cool chikku chikku:-):-DB-),personal
Oh ok no prob..,personal
Check audrey's status right now,personal
Busy here. Trying to finish for new year. I am looking forward to finally meeting you...,personal
"Good afternoon sunshine! How dawns that day ? Are we refreshed and happy to be alive? Do we breathe in the air and smile ? I think of you, my love ... As always",personal
Well i know Z will take care of me. So no worries.,personal
Wat uniform? In where get?,personal
"Cool, text me when you're ready",personal
"Hello my boytoy ... Geeee I miss you already and I just woke up. I wish you were here in bed with me, cuddling me. I love you ...",personal
I will spoil you in bed as well :),personal
I'm going for bath will msg you next &lt;#&gt; min..,personal
I cant keep talking to people if am not sure i can pay them if they agree to price. So pls tell me what you want to really buy and how much you are willing to pay,personal
Can you say what happen,personal
You could have seen me..i did't recognise you Face.:),personal
Well there's not a lot of things happening in Lindsay on New years *sighs* Some bars in Ptbo and the blue heron has something going,personal
Keep my payasam there if rinu brings,personal
I taught that Ranjith sir called me. So only i sms like that. Becaus hes verifying about project. Prabu told today so only pa dont mistake me..,personal
"I guess that's why you re worried. You must know that there's a way the body repairs itself. And i'm quite sure you shouldn't worry. We'll take it slow. First the tests, they will guide when your ovulation is then just relax. Nothing you've said is a reason to worry but i.ll keep on followin you up.",personal
"Yeah sure, give me a couple minutes to track down my wallet",personal
Hey leave it. not a big deal:-) take care.,personal
Hey i will be late ah... Meet you at 945+,personal
It took Mr owl 3 licks,personal
Customer place i will call you.,personal
Mm that time you dont like fun,personal
Yup having my lunch buffet now.. U eat already?,personal
Huh so late... Fr dinner?,personal
Hey so this sat are we going for the intro pilates only? Or the kickboxing too?,personal
Morning only i can ok.,personal
Yes i think so. I am in office but my lap is in room i think thats on for the last few days. I didnt shut that down,personal
Pick you up bout 7.30ish? What time are and that going?,personal
From here after The performance award is calculated every two month.not for current one month period..,personal
Was actually sleeping and still might when u call back. So a text is gr8. You rock sis. Will send u a text wen i wake.,personal
"You are always putting your business out there. You put pictures of your ass on facebook. You are one of the most open people i've ever met. Why would i think a picture of your room would hurt you, make you feel violated.",personal
"Good evening Sir, Al Salam Wahleykkum.sharing a happy news.By the grace of God, i got an offer from Tayseer,TISSCO and i joined.Hope you are fine.Inshah Allah,meet you sometime.Rakhesh,visitor from India.",personal
Hmmm...k...but i want to change the field quickly da:-)i wanna get system administrator or network administrator..,personal
Dear how is chechi. Did you talk to her,personal
The hair cream has not been shipped.,personal
None of that's happening til you get here though,personal
"Yep, the great loxahatchee xmas tree burning of &lt;#&gt; starts in an hour",personal
"Haha get used to driving to usf man, I know a lot of stoners",personal
All was well until slightly disastrous class this pm with my fav darlings! Hope day off ok. Coffee wld be good as can't stay late tomorrow. Same time + place as always?,personal
Hello! Good week? Fancy a drink or something later?,personal
Headin towards busetop,personal
Message:some text missing* Sender:Name Missing* *Number Missing *Sent:Date missing *Missing U a lot thats y everything is missing sent via fullonsms.com,personal
Come by our room at some point so we can iron out the plan for this weekend,personal
Cos i want it to be your thing,personal
"Okies... I'll go yan jiu too... We can skip ard oso, go cine den go mrt one, blah blah blah...",personal
Bring home some Wendy =D,personal
Whatsup there. Dont u want to sleep,personal
Alright i have a new goal now,personal
"Alright, I'll head out in a few minutes, text me where to meet you",personal
Yes:)from last week itself i'm taking live call.,personal
Siva is in hostel aha:-.,personal
Send this to ur friends and receive something about ur voice..... How is my speaking expression? 1.childish 2.naughty 3.Sentiment 4.rowdy 5.ful of attitude 6.romantic 7.shy 8.Attractive 9.funny &lt;#&gt; .irritating &lt;#&gt; .lovable. reply me..,personal
Ok. She'll be ok. I guess,personal
aathi..where are you dear..,personal
Any pain on urination any thing else?,personal
7 at esplanade.. Do mind giving me a lift cos i got no car today..,personal
I wnt to buy a BMW car urgently..its vry urgent.but hv a shortage of &lt;#&gt; Lacs.there is no source to arng dis amt. &lt;#&gt; lacs..thats my prob,personal
At home watching tv lor.,personal
Does she usually take fifteen fucking minutes to respond to a yes or no question,personal
Booked ticket for pongal?,personal
You available now? I'm like right around hillsborough &amp; &lt;#&gt; th,personal
The message sent is askin for &lt;#&gt; dollars. Shoul i pay &lt;#&gt; or &lt;#&gt; ?,personal
"Ask g or iouri, I've told the story like ten times already",personal
How long does applebees fucking take,personal
"Hi hope u get this txt~journey hasnt been gd,now about 50 mins late I think.",personal
But i have to. I like to have love and arrange.,personal
Yes..he is really great..bhaji told kallis best cricketer after sachin in world:).very tough to get out.,personal
You were supposed to wake ME up &gt;:(,personal
Oic... I saw him too but i tot he din c me... I found a group liao...,personal
"HEY HEY WERETHE MONKEESPEOPLE SAY WE MONKEYAROUND! HOWDY GORGEOUS, HOWU DOIN? FOUNDURSELF A JOBYET SAUSAGE?LOVE JEN XXX",personal
"Sorry, my battery died, I can come by but I'm only getting a gram for now, where's your place?",personal
"Well done, blimey, exercise, yeah, i kinda remember wot that is, hmm.",personal
I wont get concentration dear you know you are my mind and everything :-),personal
LOL ... Have you made plans for new years?,personal
10 min later k...,personal
hanks lotsly!,personal
Thanks for this hope you had a good day today,personal
K:)k:)what are detail you want to transfer?acc no enough?,personal
Ok i will tell her to stay out. Yeah its been tough but we are optimistic things will improve this month.,personal
Si si. I think ill go make those oreo truffles.,personal
"LOOK AT AMY URE A BEAUTIFUL, INTELLIGENT WOMAN AND I LIKE U A LOT. I KNOW U DONT LIKE ME LIKE THAT SO DONT WORRY.",personal
I hope you that's the result of being consistently intelligent and kind. Start asking him about practicum links and keep your ears open and all the best. ttyl,personal
"1.20 that call cost. Which i guess isnt bad. Miss ya, need ya, want ya, love ya",personal
Going thru a very different feeling.wavering decisions and coping up with the same is the same individual.time will heal everything i believe.,personal
Where did u go? My phone is gonna die you have to stay in here,personal
Great. Never been better. Each day gives even more reasons to thank God,personal
"Sorry, I'll call later ok bye",personal
Ok i am on the way to railway,personal
great princess! I love giving and receiving oral. Doggy style is my fave position. How about you? I enjoy making love &lt;#&gt; times per night :),personal
They don't put that stuff on the roads to keep it from getting slippery over there?,personal
When are you going to ride your bike?,personal
"Yup, no need. I'll jus wait 4 e rain 2 stop.",personal
There are many company. Tell me the language.,personal
"How long has it been since you screamed, princess?",personal
"Nothing. I meant that once the money enters your account here, the bank will remove its flat rate. Someone transfered &lt;#&gt; to my account and &lt;#&gt; dollars got removed. So the banks differ and charges also differ.be sure you trust the 9ja person you are sending account details to cos...",personal
Nice line said by a broken heart- Plz don't cum 1 more times infront of me... Other wise once again I ll trust U... Good 9t:),personal
Ok I'm gonna head up to usf in like fifteen minutes,personal
Love you aathi..love u lot..,personal
Tension ah?what machi?any problem?,personal
"K, can I pick up another 8th when you're done?",personal
When're you guys getting back? G said you were thinking about not staying for mcr,personal
"Almost there, see u in a sec",personal
"Yo carlos, a few friends are already asking me about you, you working at all this weekend?",personal
Watching tv lor...,personal
Thank you baby! I cant wait to taste the real thing...,personal
You should change your fb to jaykwon thuglyfe falconerf,personal
If we win its really no 1 side for long time.,personal
Dear reached railway. What happen to you,personal
"Depends on quality. If you want the type i sent boye, faded glory, then about 6. If you want ralphs maybe 2",personal
I think i've fixed it can you send a test message?,personal
"Sorry man my account's dry or I would, if you want we could trade back half or I could buy some shit with my credit card",personal
"Sorry,in meeting I'll call later",personal
What class of &lt;#&gt; reunion?,personal
Are you free now?can i call now?,personal
Got meh... When?,personal
Nope... Think i will go for it on monday... Sorry i replied so late,personal
Some of them told accenture is not confirm. Is it true.,personal
"Kate jackson rec center before 7ish, right?",personal
Dear i have reache room,personal
"Fighting with the world is easy, u either win or lose bt fightng with some1 who is close to u is dificult if u lose - u lose if u win - u still lose.",personal
When can come out?,personal
Check with nuerologist.,personal
Lolnice. I went from a fish to ..water.?,personal
No it's waiting in e car dat's bored wat. Cos wait outside got nothing 2 do. At home can do my stuff or watch tv wat.,personal
"Maybe westshore or hyde park village, the place near my house?",personal
You should know now. So how's anthony. Are you bringing money. I've school fees to pay and rent and stuff like that. Thats why i need your help. A friend in need....|,personal
What's the significance?,personal
Your opinion about me? 1. Over 2. Jada 3. Kusruthi 4. Lovable 5. Silent 6. Spl character 7. Not matured 8. Stylish 9. Simple Pls reply..,personal
"8 at the latest, g's still there if you can scrounge up some ammo and want to give the new ak a try",personal
Prabha..i'm soryda..realy..frm heart i'm sory,personal
Lol ok your forgiven :),personal
No..jst change tat only..,personal
S:)no competition for him.,personal
"That way transport is less problematic than on sat night. By the way, if u want to ask n to join my bday, feel free. But need to know definite nos as booking on fri.",personal
Usually the person is unconscious that's in children but in adults they may just behave abnormally. I.ll call you now,personal
But that's on ebay it might be less elsewhere.,personal
Shall i come to get pickle,personal
Were gonna go get some tacos,personal
"That's very rude, you on campus?",personal
Hi i won't b ard 4 christmas. But do enjoy n merry x'mas.,personal
Yes! How is a pretty lady like you single?,personal
Jay says that you're a double-faggot,personal
What Today-sunday..sunday is holiday..so no work..,personal
I'll be late...,personal
"I've not called you in a while. This is hoping it was l8r malaria and that you know that we miss you guys. I miss Bani big, so pls give her my love especially. Have a great day.",personal
"Good afternoon, my love! How goes that day ? I hope maybe you got some leads on a job. I think of you, boytoy and send you a passionate kiss from across the sea",personal
"Probably gonna be here for a while, see you later tonight &lt;)",personal
Or maybe my fat fingers just press all these buttons and it doesn't know what to do.,personal
Ummmmmaah Many many happy returns of d day my dear sweet heart.. HAPPY BIRTHDAY dear,personal
"I am in tirupur da, once you started from office call me.",personal
"A famous quote : when you develop the ability to listen to 'anything' unconditionally without losing your temper or self confidence, it means you are ......... 'MARRIED'",personal
But am going to college pa. What to do. are else ill come there it self. Pa.,personal
4 oclock at mine. Just to bash out a flat plan.,personal
This girl does not stay in bed. This girl doesn't need recovery time. Id rather pass out while having fun then be cooped up in bed,personal
Then any special there?,personal
I know but you need to get hotel now. I just got my invitation but i had to apologise. Cali is to sweet for me to come to some english bloke's weddin,personal
"Sorry that took so long, omw now",personal
Wait &lt;#&gt; min..,personal
Ok give me 5 minutes I think I see her. BTW you're my alibi. You were cutting my hair the whole time.,personal
"Imagine you finally get to sink into that bath after I have put you through your paces, maybe even having you eat me for a while before I left ... But also imagine the feel of that cage on your cock surrounded by the bath water, reminding you always who owns you ... Enjoy, my cuck",personal
"Hurry up, I've been weed-deficient for like three days",personal
"Sure, if I get an acknowledgement from you that it's astoundingly tactless and generally faggy to demand a blood oath fo",personal
Ok. Every night take a warm bath drink a cup of milk and you'll see a work of magic. You still need to loose weight. Just so that you know,personal
Ill have a look at the frying pan in case its cheap or a book perhaps. No thats silly a frying pan isnt likely to be a book,personal
O. Well uv causes mutations. Sunscreen is like essential thesedays,personal
Having lunch:)you are not in online?why?,personal
I know that my friend already told that.,personal
Hi Princess! Thank you for the pics. You are very pretty. How are you?,personal
"Aiyo... U always c our ex one... I dunno abt mei, she haven reply... First time u reply so fast... Y so lucky not workin huh, got bao by ur sugardad ah...gee..",personal
Hi msg me:)i'm in office..,personal
Thanx 4 e brownie it's v nice...,personal
Geeeee ... I love you so much I can barely stand it,personal
"Fuck babe ... I miss you already, you know ? Can't you let me send you some money towards your net ? I need you ... I want you ... I crave you ...",personal
"Ill call u 2mrw at ninish, with my address that icky American freek wont stop callin me 2 bad Jen k eh?",personal
Oooh bed ridden ey? What are YOU thinking of?,personal
"So anyways, you can just go to your gym or whatever, my love *smiles* I hope your ok and having a good day babe ... I miss you so much already",personal
Love it! Daddy will make you scream with pleasure! I am going to slap your ass with my dick!,personal
WOT U WANNA DO THEN MISSY?,personal
Yar lor wait 4 my mum 2 finish sch then have lunch lor... I whole morning stay at home clean my room now my room quite clean... Hee...,personal
Do you know where my lab goggles went,personal
Can you open the door?,personal
Waiting for your call.,personal
Nope i waiting in sch 4 daddy...,personal
"I'm tired of arguing with you about this week after week. Do what you want and from now on, i'll do the same.",personal
wait 4 me in sch i finish ard 5..,personal
"Arngd marriage is while u r walkin unfortuntly a snake bites u. bt love marriage is dancing in frnt of d snake &amp; sayin Bite me, bite me.",personal
Huh so early.. Then having dinner outside izzit?,personal
Ok anyway no need to change with what you said,personal
my ex-wife was not able to have kids. Do you want kids one day?,personal
So how's scotland. Hope you are not over showing your JJC tendencies. Take care. Live the dream,personal
Tell them u have a headache and just want to use 1 hour of sick time.,personal
"I dun thk i'll quit yet... Hmmm, can go jazz ? Yogasana oso can... We can go meet em after our lessons den...",personal
Pete can you please ring meive hardly gotany credit,personal
Ya srsly better than yi tho,personal
"I'm in a meeting, call me later at",personal
You still at grand prix?,personal
"I met you as a stranger and choose you as my friend. As long as the world stands, our friendship never ends. Lets be Friends forever!!! Gud nitz...",personal
I am great! How are you?,personal
Gud mrng dear have a nice day,personal
Will do. Was exhausted on train this morning. Too much wine and pie. You sleep well too,personal
I'm going out to buy mum's present ar.,personal
Mind blastin.. No more Tsunamis will occur from now on.. Rajnikant stopped swimming in Indian Ocean..:-D,personal
If u sending her home first it's ok lor. I'm not ready yet.,personal
Speaking of does he have any cash yet?,personal
Be happy there. I will come after noon,personal
Meet after lunch la...,personal
TaKe CaRE n gET WeLL sOOn,personal
what I meant to say is cant wait to see u again getting bored of this bridgwater banter,personal
Neva mind it's ok..,personal
"It's fine, imma get a drink or somethin. Want me to come find you?",personal
Its a valentine game. . . Send dis msg to all ur friends. .. If 5 answers r d same then someone really loves u. Ques- which colour suits me the best?rply me,personal
I have many dependents,personal
THANX4 TODAY CER IT WAS NICE 2 CATCH UP BUT WE AVE 2 FIND MORE TIME MORE OFTEN OH WELL TAKE CARE C U SOON.C,personal
I called and said all to him:)then he have to choose this future.,personal
Happy valentines day I know its early but i have hundreds of handsomes and beauties to wish. So i thought to finish off aunties and uncles 1st...,personal
He like not v shock leh. Cos telling shuhui is like telling leona also. Like dat almost all know liao. He got ask me abt ur reaction lor.,personal
For my family happiness..,personal
I come n pick up... Come out immediately aft ur lesson...,personal
Let there be snow. Let there be snow. This kind of weather brings ppl together so friendships can grow.,personal
Dear we got &lt;#&gt; dollars hi hi,personal
Good words.... But words may leave u in dismay many times.,personal
MAKE SURE ALEX KNOWS HIS BIRTHDAY IS OVER IN FIFTEEN MINUTES AS FAR AS YOU'RE CONCERNED,personal
"sorry, no, have got few things to do. may be in pub later.",personal
"Nah it's straight, if you can just bring bud or drinks or something that's actually a little more useful than straight cash",personal
"Haha good to hear, I'm officially paid and on the market for an 8th",personal
How many licks does it take to get to the center of a tootsie pop?,personal
Yup i thk they r e teacher said that will make my face look longer. Darren ask me not 2 cut too short.,personal
Please dont say like that. Hi hi hi,personal
Thank u!,personal
Oh that was a forwarded message. I thought you send that to me,personal
Got it. Seventeen pounds for seven hundred ml hope ok.,personal
Me n him so funny...,personal
"Sweetheart, hope you are not having that kind of day! Have one with loads of reasons to smile. Biola",personal
When login dat time... Dad fetching home now?,personal
"What will we do in the shower, baby?",personal
I had askd u a question some hours before. Its answer,personal
"Well imma definitely need to restock before thanksgiving, I'll let you know when I'm out",personal
"said kiss, kiss, i can't do the sound effects! He is a gorgeous man isn't he! Kind of person who needs a smile to brighten his day!",personal
Probably gonna swing by in a wee bit,personal
Ya very nice. . .be ready on thursday,personal
Allo! We have braved the buses and taken on the trains and triumphed. I mean were in bham. Have a jolly good rest of week,personal
"Watching cartoon, listening music &amp; at eve had to go temple &amp; church.. What about u?",personal
Do you mind if I ask what happened? You dont have to say if it is uncomfortable.,personal
No prob. I will send to your email.,personal
Thats cool! Sometimes slow and gentle. Sonetimes rough and hard :),personal
I'm gonna say no. Sorry. I would but as normal am starting to panic about time. Sorry again! Are you seeing on Tuesday?,personal
"Wait, do you know if wesleys in town? I bet she does hella drugs!",personal
Fine i miss you very much.,personal
Tell them the drug dealer's getting impatient,personal
"Sun cant come to earth but send luv as rays. cloud cant come to river but send luv as rain. I cant come to meet U, but can send my care as msg to U. Gud evng",personal
"It doesnt make sense to take it there unless its free. If you need to know more, wikipedia.com",personal
"Under the sea, there lays a rock. In the rock, there is an envelope. In the envelope, there is a paper. On the paper, there are 3 words... '",personal
Then mum's repent how?,personal
Sorry me going home first... Daddy come fetch later...,personal
Leave it de:-). Start Prepare for next:-)..,personal
Yes baby! We can study all the positions of the kama sutra ;),personal
En chikku nange bakra msg kalstiya..then had tea/coffee?,personal
Carlos'll be here in a minute if you still need to buy,personal
This pay is &lt;DECIMAL&gt; lakhs:),personal
Have a good evening! Ttyl,personal
Did u receive my msg?,personal
Ho ho - big belly laugh! See ya tomo,personal
"Ditto. And you won't have to worry about me saying ANYTHING to you anymore. Like i said last night, you do whatever you want and i'll do the same. Peace.",personal
"I've got &lt;#&gt; , any way I could pick up?",personal
"I dont knw pa, i just drink milk..",personal
Maybe?! Say hi to and find out if got his card. Great escape or wetherspoons?,personal
"Piggy, r u awake? I bet u're still sleeping. I'm going 4 lunch now...",personal
Cause I'm not freaky lol,personal
Missed your call cause I was yelling at scrappy. Miss u. Can't wait for u to come home. I'm so lonely today.,personal
What is this 'hex' place you talk of? Explain!,personal
log off 4 wat. It's sdryb8i,personal
Is xy going 4 e lunch?,personal
I wanted to ask to wait 4 me to finish lect. Cos my lect finishes in an hour anyway.,personal
Have you finished work yet? :),personal
"Every King Was Once A Crying Baby And Every Great Building Was Once A Map.. Not Imprtant Where U r TODAY, BUT Where U Wil Reach TOMORW. Gud ni8",personal
"Dear,Me at cherthala.in case u r coming cochin pls call bfore u start.i shall also reach accordingly.or tell me which day u r coming.tmorow i am engaged ans its holiday.",personal
Thanks love. But am i doing torch or bold.,personal
Was the farm open?,personal
"Sorry to trouble u again. Can buy 4d for my dad again? 1405, 1680, 1843. All 2 big 1 small, sat n sun. Thanx.",personal
"My sister in law, hope you are having a great month. Just saying hey. Abiola",personal
Will purchase d stuff today and mail to you. Do you have a po box number?,personal
Ah poop. Looks like ill prob have to send in my laptop to get fixed cuz it has a gpu problem,personal
Good. Good job. I like entrepreneurs,personal
"Aight, you close by or still down around alex's place?",personal
meet you in corporation st outside gap you can see how my mind is working!,personal
Mum ask to buy food home...,personal
K..u also dont msg or reply to his msg..,personal
How much r willing to pay?,personal
What is important is that you prevent dehydration by giving her enough fluids,personal
"Thats a bit weird, even ?- where is the do supposed to be happening? But good idea, sure they will be in pub!",personal
True dear..i sat to pray evening and felt so.so i sms'd you in some time...,personal
"I don't think I can get away for a trek that long with family in town, sorry",personal
So when do you wanna gym harri,personal
Quite late lar... Ard 12 anyway i wun b drivin...,personal
"Height of Confidence: All the Aeronautics professors wer calld &amp; they wer askd 2 sit in an aeroplane. Aftr they sat they wer told dat the plane ws made by their students. Dey all hurried out of d plane.. Bt only 1 didnt move... He said:""if it is made by my students,this wont even start........ Datz confidence..",personal
It just seems like weird timing that the night that all you and g want is for me to come smoke is the same day as when a shitstorm is attributed to me always coming over and making everyone smoke,personal
"Save yourself the stress. If the person has a dorm account, just send your account details and the money will be sent to you.",personal
He also knows about lunch menu only da. . I know,personal
When i have stuff to sell i.ll tell you,personal
Book which lesson? then you msg me... I will call up after work or sth... I'm going to get specs. My membership is PX3748,personal
Macha dont feel upset.i can assume your mindset.believe me one evening with me and i have some wonderful plans for both of us.LET LIFE BEGIN AGAIN.call me anytime,personal
Oh is it? Send me the address,personal
S'fine. Anytime. All the best with it.,personal
That is wondar full flim.,personal
Ya even those cookies have jelly on them,personal
"The world is running and i am still.maybe all are feeling the same,so be it.or i have to admit,i am mad.then where is the correction?or let me call this is life.and keep running with the world,may be u r also running.lets run.",personal
Got it! It looks scrumptious... daddy wants to eat you all night long!,personal
Of cos can lar i'm not so ba dao ok... 1 pm lor... Y u never ask where we go ah... I said u would ask on fri but he said u will ask today...,personal
"Alright omw, gotta change my order to a half8th",personal
Exactly. Anyways how far. Is jide her to study or just visiting,personal
Dunno y u ask me.,personal
No he didn't. Spring is coming early yay!,personal
Lol you won't feel bad when I use her money to take you out to a steak dinner =D,personal
Even u dont get in trouble while convincing..just tel him once or twice and just tel neglect his msgs dont c and read it..just dont reply,personal
Leaving to qatar tonite in search of an opportunity.all went fast.pls add me in ur prayers dear.Rakhesh,personal
Then why no one talking to me,personal
Thanks for looking out for me. I really appreciate.,personal
Wish i were with you now!,personal
Haha mayb u're rite... U know me well. Da feeling of being liked by someone is gd lor. U faster go find one then all gals in our group attached liao.,personal
Yes i will be there. Glad you made it.,personal
Do well :)all will for little time. Thing of good times ahead:,personal
Just got up. have to be out of the room very soon. . i hadn't put the clocks back til at 8 i shouted at everyone to get up and then realised it was 7. wahay. another hour in bed.,personal
Ok. There may be a free gym about.,personal
Men like shorter ladies. Gaze up into his eyes.,personal
Dunno he jus say go lido. Same time 930.,personal
"I promise to take good care of you, princess. I have to run now. Please send pics when you get a chance. Ttyl!",personal
Is there a reason we've not spoken this year? Anyways have a great week and all the best in your exam,personal
By monday next week. Give me the full gist,personal
Dont gimme that lip caveboy,personal
When did you get to the library,personal
Realy sorry-i don't recognise this number and am now confused :) who r u please?!,personal
So why didnt you holla?,personal
Cant think of anyone with * spare room off * top of my head,personal
"Faith makes things possible,Hope makes things work,Love makes things beautiful,May you have all three this Christmas!Merry Christmas!",personal
U should have made an appointment,personal
"Call me when you/carlos is/are here, my phone's vibrate is acting up and I might not hear texts",personal
"We are at grandmas. Oh dear, u still ill? I felt Shit this morning but i think i am just hungover! Another night then. We leave on sat.",personal
Nothing but we jus tot u would ask cos u ba gua... But we went mt faber yest... Yest jus went out already mah so today not going out... Jus call lor...,personal
"Wishing you and your family Merry ""X"" mas and HAPPY NEW Year in advance..",personal
"I'm nt goin, got somethin on, unless they meetin 4 dinner lor... Haha, i wonder who will go tis time...",personal
Lol I know! They're so dramatic. Schools already closed for tomorrow. Apparently we can't drive in the inch of snow were supposed to get.,personal
Not getting anywhere with this damn job hunting over here!,personal
Lol! U drunkard! Just doing my hair at d moment. Yeah still up 4 tonight. Wats the plan?,personal
"idc get over here, you are not weaseling your way out of this shit twice in a row",personal
I wil be there with in &lt;#&gt; minutes. Got any space,personal
Thanks for picking up the trash.,personal
Why don't you go tell your friend you're not sure you want to live with him because he smokes too much then spend hours begging him to come smoke,personal
Hi its Kate it was lovely to see you tonight and ill phone you tomorrow. I got to sing and a guy gave me his card! xxx,personal
Happy New year my dear brother. I really do miss you. Just got your number and decided to send you this text wishing you only happiness. Abiola,personal
That means get the door,personal
"Hmmm ... I thought we said 2 hours slave, not 3 ... You are late ... How should I punish you ?",personal
Beerage?,personal
Dont think so. It turns off like randomlly within 5min of opening,personal
"She was supposed to be but couldn't make it, she's still in town though",personal
It does it on its own. Most of the time it fixes my spelling. But sometimes it gets a completely diff word. Go figure,personal
This is hoping you enjoyed your game yesterday. Sorry i've not been in touch but pls know that you are fondly bein thot off. Have a great week. Abiola,personal
All e best 4 ur driving tmr :-),personal
Y?WHERE U AT DOGBREATH? ITS JUST SOUNDING LIKE JAN C THATS AL!!!!!!!!!,personal
Omg I want to scream. I weighed myself and I lost more weight! Woohoo!,personal
There generally isn't one. It's an uncountable noun - u in the dictionary. pieces of research?,personal
it's really getting me down just hanging around.,personal
Petey boy whereare you me and all your friendsare in theKingshead come down if you canlove Nic,personal
Ok i msg u b4 i leave my house.,personal
Gimme a few was &lt;#&gt; minutes ago,personal
Appt is at &lt;TIME&gt; am. Not my fault u don't listen. I told u twice,personal
K I'll be there before 4.,personal
I dled 3d its very imp,personal
"sure, but make sure he knows we ain't smokin yet",personal
Boooo you always work. Just quit.,personal
I am taking half day leave bec i am not well,personal
Ugh I don't wanna get out of bed. It's so warm.,personal
S:)s.nervous &lt;#&gt; :),personal
So there's a ring that comes with the guys costumes. It's there so they can gift their future yowifes. Hint hint,personal
I borrow ur bag ok.,personal
Where's my boytoy? I miss you ... What happened?,personal
"He has lots of used ones babe, but the model doesn't help. Youi have to bring it over and he'll match it up",personal
Also are you bringing galileo or dobby,personal
Then why you not responding,personal
BOO BABE! U ENJOYIN YOURJOB? U SEEMED 2 B GETTIN ON WELL HUNNY!HOPE URE OK?TAKE CARE & ILLSPEAK 2U SOONLOTS OF LOVEME XXXX.,personal
Good afternoon starshine! How's my boytoy? Does he crave me yet? Ache to fuck me ? *sips cappuccino* I miss you babe *teasing kiss*,personal
On the road so cant txt,personal
Hmm .. Bits and pieces lol ... *sighs* ...,personal
Hahaha..use your brain dear,personal
Hey. You got any mail?,personal
"Sorry light turned green, I meant another friend wanted &lt;#&gt; worth but he may not be around",personal
Thanks for yesterday sir. You have been wonderful. Hope you enjoyed the burial. MojiBiola,personal
Hi mate its RV did u hav a nice hol just a message 3 say hello coz havent sent u 1 in ages started driving so stay off roads!RVx,personal
"Thank you so much. When we skyped wit kz and sura, we didnt get the pleasure of your company. Hope you are good. We've given you ultimatum oh! We are countin down to aburo. Enjoy! This is the message i sent days ago",personal
Surely result will offer:),personal
Good Morning my Dear........... Have a great &amp; successful day.,personal
"Sir, I have been late in paying rent for the past few months and had to pay a $ &lt;#&gt; charge. I felt it would be inconsiderate of me to nag about something you give at great cost to yourself and that's why i didnt speak up. I however am in a recession and wont be able to pay the charge this month hence my askin well ahead of month's end. Can you please help. Thanks",personal
I luv u soo much u dont understand how special u r 2 me ring u 2morrow luv u xxx,personal
"Pls send me a comprehensive mail about who i'm paying, when and how much.",personal
Our Prashanthettan's mother passed away last night. pray for her and family.,personal
K.k:)when are you going?,personal
Meanwhile in the shit suite: xavier decided to give us &lt;#&gt; seconds of warning that samantha was coming over and is playing jay's guitar to impress her or some shit. Also I don't think doug realizes I don't live here anymore,personal
My stomach has been thru so much trauma I swear I just can't eat. I better lose weight.,personal
I am in office:)whats the matter..msg me now.i will call you at break:).,personal
"Yeah there's barely enough room for the two of us, x has too many fucking shoes. Sorry man, see you later",personal
U reach orchard already? U wan 2 go buy tickets first?,personal
"I am real, baby! I want to bring out your inner tigress...",personal
No da if you run that it activate the full version da.,personal
AH POOR BABY!HOPE URFEELING BETTERSN LUV! PROBTHAT OVERDOSE OF WORK HEY GO CAREFUL SPK 2 U SN LOTS OF LOVEJEN XXX.,personal
Stop the story. I've told him i've returned it and he's saying i should not re order it.,personal
Going to take your babe out ?,personal
Hai ana tomarrow am coming on morning. &lt;DECIMAL&gt; ill be there in sathy then we ll go to RTO office. Reply me after came to home.,personal
Spoons it is then okay?,personal
Did he just say somebody is named tampa,personal
In work now. Going have in few min.,personal
Your brother is a genius,personal
"Sorry, I guess whenever I can get a hold of my connections, maybe an hour or two? I'll text you",personal
Did u find out what time the bus is at coz i need to sort some stuff out.,personal
Dude ive been seeing a lotta corvettes lately,personal
"Same here, but I consider walls and bunkers and shit important just because I never play on peaceful but I guess your place is high enough that it don't matter",personal
"Well am officially in a philosophical hole, so if u wanna call am at home ready to be saved!",personal
Its going good...no problem..but still need little experience to understand american customer voice...,personal
I'll text you when I drop x off,personal
Ugh its been a long day. I'm exhausted. Just want to cuddle up and take a nap,personal
Talk With Yourself Atleast Once In A Day...!!! Otherwise You Will Miss Your Best FRIEND In This WORLD...!!! -Shakespeare- SHESIL &lt;#&gt;,personal
Are you in castor? You need to see something,personal
"see, i knew giving you a break a few times woul lead to you always wanting to miss curfew. I was gonna gibe you 'til one, but a MIDNIGHT movie is not gonna get out til after 2. You need to come home. You need to getsleep and, if anything, you need to b studdying ear training.",personal
I love to give massages. I use lots of baby oil... What is your fave position?,personal
Dude we should go sup again,personal
Yoyyooo u know how to change permissions for a drive in mac. My usb flash drive,personal
Gibbs unsold.mike hussey,personal
I like to talk pa but am not able to. I dont know y.,personal
Y dun cut too short leh. U dun like ah? She failed. She's quite sad.,personal
You unbelievable faglord,personal
Wife.how she knew the time of murder exactly,personal
Why do you ask princess?,personal
I am great princess! What are you thinking about me? :),personal
Nutter. Cutter. Ctter. Cttergg. Cttargg. Ctargg. Ctagg. ie you,personal
It's ok i noe u're busy but i'm really too bored so i msg u. I oso dunno wat colour she choose 4 me one.,personal
Doesn't g have class early tomorrow and thus shouldn't be trying to smoke at &lt;#&gt;,personal
"Superb Thought- ""Be grateful that u dont have everything u want. That means u still have an opportunity to be happier tomorrow than u are today."":-)",personal
Hope you are having a good week. Just checking in,personal
"I'm used to it. I just hope my agents don't drop me since i've only booked a few things this year. This whole me in boston, them in nyc was an experiment.",personal
"Thursday night? Yeah, sure thing, we'll work it out then",personal
Probably money worries. Things are coming due and i have several outstanding invoices for work i did two and three months ago.,personal
How is it possible to teach you. And where.,personal
"I wonder if your phone battery went dead ? I had to tell you, I love you babe",personal
Lovely smell on this bus and it ain't tobacco...,personal
"We're all getting worried over here, derek and taylor have already assumed the worst",personal
Hey what's up charles sorry about the late reply.,personal
I.ll give her once i have it. Plus she said grinule greet you whenever we speak,personal
WHITE FUDGE OREOS ARE IN STORES,personal
My love ! How come it took you so long to leave for Zaher's? I got your words on ym and was happy to see them but was sad you had left. I miss you,personal
I am sorry it hurt you.,personal
Can't. I feel nauseous. I'm so pissed. I didn't eat any sweets all week cause today I was planning to pig out. I was dieting all week. And now I'm not hungry :/,personal
Ok lor but not too early. Me still having project meeting now.,personal
"Call me da, i am waiting for your call.",personal
I could ask carlos if we could get more if anybody else can chip in,personal
Was actually about to send you a reminder today. Have a wonderful weekend,personal
"When people see my msgs, They think Iam addicted to msging... They are wrong, Bcoz They don\'t know that Iam addicted to my sweet Friends..!! BSLVYL",personal
Hey you gave them your photo when you registered for driving ah? Tmr wanna meet at yck?,personal
Dont talk to him ever ok its my word.,personal
When u wana see it then,personal
On ma way to school. Can you pls send me ashley's number,personal
It shall be fine. I have avalarr now. Will hollalater,personal
She went to attend another two rounds today..but still did't reach home..,personal
Actually i deleted my old website..now i m blogging at magicalsongs.blogspot.com,personal
"K, wait chikku..il send aftr &lt;#&gt; mins",personal
But I'm on a diet. And I ate 1 too many slices of pizza yesterday. Ugh I'm ALWAYS on a diet.,personal
K:)i will give my kvb acc details:),personal
Oh all have to come ah?,personal
I'm really sorry i won't b able 2 do this friday.hope u can find an alternative.hope yr term's going ok:-),personal
Congratulations ore mo owo re wa. Enjoy it and i wish you many happy moments to and fro wherever you go,personal
So do you have samus shoulders yet,personal
What time you think you'll have it? Need to know when I should be near campus,personal
Then dun wear jeans lor...,personal
"Since when, which side, any fever, any vomitin.",personal
K:)k.are you in college?,personal
Better. Made up for Friday and stuffed myself like a pig yesterday. Now I feel bleh. But at least its not writhing pain kind of bleh.,personal
No we sell it all so we'll have tons if coins. Then sell our coins to someone thru paypal. Voila! Money back in life pockets:),personal
Theyre doing it to lots of places. Only hospitals and medical places are safe.,personal
And also I've sorta blown him off a couple times recently so id rather not text him out of the blue looking for weed,personal
"I sent my scores to sophas and i had to do secondary application for a few schools. I think if you are thinking of applying, do a research on cost also. Contact joke ogunrinde, her school is one me the less expensive ones",personal
I cant wait to see you! How were the photos were useful? :),personal
Hey i booked the kb on sat already... what other lessons are we going for ah? Keep your sat night free we need to meet and confirm our lodging,personal
Chk in ur belovd ms dict,personal
Is that what time you want me to come?,personal
"Awesome, lemme know whenever you're around",personal
Shb b ok lor... Thanx...,personal
"Beautiful Truth against Gravity.. Read carefully: ""Our heart feels light when someone is in it.. But it feels very heavy when someone leaves it.."" GOOD NIGHT",personal
Also remember to get dobby's bowl from your car,personal
Sorry i now then c ur msg... Yar lor so poor thing... But only 4 one night... Tmr u'll have a brand new room 2 sleep in...,personal
"Love isn't a decision, it's a feeling. If we could decide who to love, then, life would be much simpler, but then less magical",personal
Welp apparently he retired,personal
My sort code is and acc no is . The bank is natwest. Can you reply to confirm i've sent this to the right person!,personal
Where @,personal
U sure u can't take any sick time?,personal
Yo chad which gymnastics class do you wanna take? The site says Christians class is full..,personal
Or better still can you catch her and let ask her if she can sell &lt;#&gt; for me.,personal
I am not sure about night menu. . . I know only about noon menu,personal
What do u want when i come back?.a beautiful necklace as a token of my heart for you.thats what i will give but ONLY to MY WIFE OF MY LIKING.BE THAT AND SEE..NO ONE can give you that.dont call me.i will wait till i come.,personal
Are you willing to go for aptitude class.,personal
"It wont b until 2.15 as trying 2 sort house out, is that ok?",personal
"Yar lor he wan 2 go c horse racing today mah, so eat earlier lor. I ate chicken rice. U?",personal
"Haha awesome, omw back now then",personal
Yup i thk so until e shop closes lor.,personal
what is your account number?,personal
Eh u send wrongly lar...,personal
Hey no I ad a crap nite was borin without ya 2 boggy with me u boring biatch! Thanx but u wait til nxt time il ave ya,personal
Ok i shall talk to him,personal
Dont hesitate. You know this is the second time she has had weakness like that. So keep i notebook of what she eat and did the day before or if anything changed the day before so that we can be sure its nothing,personal
Hey you can pay. With salary de. Only &lt;#&gt; .,personal
Another month. I need chocolate weed and alcohol.,personal
If he started searching he will get job in few days.he have great potential and talent.,personal
Reckon need to be in town by eightish to walk from * carpark.,personal
LOOK AT THE FUCKIN TIME. WHAT THE FUCK YOU THINK IS UP,personal
Yo guess what I just dropped,personal
Carlos says he'll be at mu in &lt;#&gt; minutes,personal
I'm in office now . I will call you &lt;#&gt; min:),personal
"Geeee ... I miss you already, you know ? Your all I can think about. Fuck, I can't wait till next year when we will be together ... *loving kiss*",personal
"Yun ah.the ubi one say if wan call by tomorrow.call 67441233 look for irene.ere only got bus8,22,65,61,66,382. Ubi cres,ubi tech park.6ph for 1st 5wkg days.n",personal
Ugh. Gotta drive back to sd from la. My butt is sore.,personal
26th OF JULY,personal
Hi im having the most relaxing time ever! we have to get up at 7am every day! was the party good the other night? I get home tomorrow at 5ish.,personal
Up to ... wan come then come lor... But i din c any stripes skirt...,personal
The Xmas story is peace.. The Xmas msg is love.. The Xmas miracle is jesus.. Hav a blessed month ahead &amp; wish U Merry Xmas...,personal
"I can't, I don't have her number!",personal
Change again... It's e one next to escalator...,personal
Yetunde i'm in class can you not run water on it to make it ok. Pls now.,personal
Not a lot has happened here. Feels very quiet. Beth is at her aunts and charlie is working lots. Just me and helen in at the mo. How have you been?,personal
Then wait 4 me at bus stop aft ur lect lar. If i dun c then i go get my car then come back n pick .,personal
"Aight will do, thanks again for comin out",personal
No..but heard abt tat..,personal
&lt;#&gt; am I think? Should say on syllabus,personal
Umma. Did she say anything,personal
Give me a sec to think think about it,personal
I don't quite know what to do. I still can't get hold of anyone. I cud pick you up bout 7.30pm and we can see if they're in the pub?,personal
"Poyyarikatur,kolathupalayam,unjalur post,erode dis, &lt;#&gt; .",personal
"Dear Hero,i am leaving to qatar tonite for an apt opportunity.pls do keep in touch at &lt;EMAIL&gt; ,kerala",personal
Lol I would but my mom would have a fit and tell the whole family how crazy and terrible I am,personal
"I just got home babe, are you still awake ?",personal
I dunno they close oredi not... v ma fan...,personal
Just buy a pizza. Meat lovers or supreme. U get to pick.,personal
"Ya, told..she was asking wats matter?",personal
"Dear,regret i cudnt pick call.drove down frm ctla now at cochin home.left mobile in car..ente style ishtamayoo?happy bakrid!",personal
Shall i send that exe to your mail id.,personal
Nope watching tv at home... Not going out. V bored...,personal
Don know..wait i will check it.,personal
"Good afternoon on this glorious anniversary day, my sweet J !! I hope this finds you happy and content, my Prey. I think of you and send a teasing kiss from across the sea coaxing images of fond souveniers ... You Cougar-Pen",personal
We still on for tonight?,personal
May i call You later Pls,personal
Hasn't that been the pattern recently crap weekends?,personal
I have a sore throat. It's scratches when I talk,personal
Yes da. Any plm at ur office,personal
Are you not around or just still asleep? :V,personal
"Lol you forgot it eh ? Yes, I'll bring it in babe",personal
"Its good, we'll find a way",personal
Can not use foreign stamps in this country. Good lecture .,personal
Yup bathe liao...,personal
HAPPY NEW YEAR MY NO.1 MAN,personal
"OH MR SHEFFIELD! You wanna play THAT game, okay. You're the boss and I'm the nanny. You give me a raise and I'll give YOU one!!",personal
ZOE IT JUST HIT ME 2 IM FUCKING SHITIN MYSELF IL DEFO TRY MY HARDEST 2 CUM 2MOROW LUV U MILLIONS LEKDOG,personal
"Hello baby, did you get back to your mom's ? Are you setting up the computer now ? Filling your belly ? How goes it loverboy ? I miss you already ... *sighs*",personal
"No my blankets are sufficient, thx",personal
"naughty little thought: 'its better to flirt, flirt n flirt, rather than loving someone n gettin hurt, hurt n hurt...:-) Gud nyt",personal
"Edison has rightly said, ""A fool can ask more questions than a wise man can answer"" Now you know why all of us are speechless during ViVa.. GM,GN,GE,GNT:-)",personal
They just talking thats it de. They wont any other.,personal
Today am going to college so am not able to atten the class.,personal
I'm in class. Will holla later,personal
Mmm thats better now i got a roast down me! id b better if i had a few drinks down me 2! Good indian?,personal
"Come round, it's .",personal
"Do 1 thing! Change that sentence into: ""Because i want 2 concentrate in my educational career im leaving here..""",personal
I walked an hour 2 c u! doesnt that show I care y wont u believe im serious?,personal
Are you available for soiree on June 3rd?,personal
Do u noe wat time e place dat sells 4d closes?,personal
"I got another job! The one at the hospital doing data analysis or something, starts on monday! Not sure when my thesis will got finished",personal
Jay's getting really impatient and belligerent,personal
HIYA COMIN 2 BRISTOL 1 ST WEEK IN APRIL. LES GOT OFF + RUDI ON NEW YRS EVE BUT I WAS SNORING.THEY WERE DRUNK! U BAK AT COLLEGE YET? MY WORK SENDS INK 2 BATH.,personal
I'm at work. Please call,personal
Then u drive lor.,personal
Ard 515 like dat. Y?,personal
Tell me they're female :V how're you throwing in? We're deciding what all to get now,personal
I'm working technical support :)voice process.networking field.,personal
I might come to kerala for 2 days.so you can be prepared to take a leave once i finalise .dont plan any travel during my visit.need to finish urgent works.,personal
Ok. Not sure what time tho as not sure if can get to library before class. Will try. See you at some point! Have good eve.,personal
"That's fine, I'll bitch at you about it later then",personal
No my mum went 2 dentist.,personal
Once free call me sir. I am waiting for you.,personal
Meeting u is my work. . . Tel me when shall i do my work tomorrow,personal
Jus finish bathing...,personal
"alright, I'll make sure the car is back tonight",personal
Lul im gettin some juicy gossip at the hospital. Two nurses are talking about how fat they are gettin. And one thinks shes obese. Oyea.,personal
Aight ill get on fb in a couple minutes,personal
Oi. Ami parchi na re. Kicchu kaaj korte iccha korche na. Phone ta tul na. Plz. Plz.,personal
Where can download clear movies. Dvd copies.,personal
"Yep, by the pretty sculpture",personal
Convey my regards to him,personal
Me too watching surya movie only. . .after 6 pm vijay movie POKKIRI,personal
You tell what happen dont behave like this to me. Ok no need to say,personal
Can u get pic msgs to your phone?,personal
Send to someone else :-),personal
Wat makes some people dearer is not just de happiness dat u feel when u meet them but de pain u feel when u miss dem!!!,personal
For me the love should start with attraction.i should feel that I need her every time around me.she should be the first thing which comes in my thoughts.I would start the day and end it with her.she should be there every time I dream.love will be then when my every breath has her name.my life should happen around her.my life will be named to her.I would cry for her.will give all my happiness and take all her sorrows.I will be ready to fight with anyone for her.I will be in love when I will be doing the craziest things for her.love will be when I don't have to proove anyone that my girl is the most beautiful lady on the whole planet.I will always be singing praises for her.love will be when I start up making chicken curry and end up makiing sambar.life will be the most beautiful then.will get every morning and thank god for the day because she is with me.I would like to say a lot..will tell later..,personal
"FR'NDSHIP is like a needle of a clock. Though V r in d same clock, V r nt able 2 met. Evn if V meet,itz only 4few seconds. Bt V alwys stay conected. Gud 9t;-)",personal
I don't think he has spatula hands!,personal
You can never do NOTHING,personal
Goodmorning today i am late for &lt;DECIMAL&gt; min.,personal
Please da call me any mistake from my side sorry da. Pls da goto doctor.,personal
Where r we meeting?,personal
"Well the weather in cali's great. But its complexities are great. You need a car to move freely, its taxes are outrageous. But all in all its a great place. The sad part is i missing home.",personal
Now only i reached home. . . I am very tired now. . I will come tomorro,personal
Ryder unsold.now gibbs.,personal
Don't fret. I'll buy the ovulation test strips and send them to you. You wont get them til like march. Can you send me your postal address.u'll be alright.Okay.,personal
NO GIFTS!! You trying to get me to throw myself off a cliff or something?,personal
Been up to ne thing interesting. Did you have a good birthday? When are u wrking nxt? I started uni today.,personal
You busy or can I come by at some point and figure out what we're doing tomorrow,personal
"Yeah go on then, bored and depressed sittin waitin for phone to ring... Hope the wind drops though, scary",personal
Black shirt n blue jeans... I thk i c ...,personal
Aiyah sorry lor... I watch tv watch until i forgot 2 check my phone.,personal
on hen night. Going with a swing,personal
"Good afternoon, my love. How goes your day ? What are you up to ? I woke early and am online waiting for you ... Hmmm ... Italian boy is online I see . *grins*",personal
From someone not to smoke when every time I've smoked in the last two weeks is because of you calling or texting me that you wanted to smoke,personal
No you'll just get a headache trying to figure it out. U can trust me to do the math. I promise. O:-),personal
S s..first time..dhoni rocks...,personal
Ok ill tell the company,personal
"Awesome, think we can get an 8th at usf some time tonight?",personal
So that means you still think of teju,personal
"No I'm good for the movie, is it ok if I leave in an hourish?",personal
No no:)this is kallis home ground.amla home town is durban:),personal
So lets make it saturday or monday as per convenience.,personal
Hey... What time is your driving on fri? We go for evaluation on fri?,personal
I'm going 4 lunch now wif my family then aft dat i go str 2 orchard lor.,personal
Cancel cheyyamo?and get some money back?,personal
Ok.ok ok..then..whats ur todays plan,personal
Good morning princess! How are you?,personal
Aiyar sorry lor forgot 2 tell u...,personal
Not tonight mate. Catching up on some sleep. This is my new number by the way.,personal
"Height of ""Oh shit....!!"" situation: A guy throws a luv letter on a gal but falls on her brothers head whos a gay,.;-):-D",personal
"So check your errors and if you had difficulties, do correction.",personal
Howz pain?hope u r fine..,personal
U wake up already? Thanx 4 e tau sar piah it's quite nice.,personal
K do I need a login or anything,personal
LOL ... No just was busy,personal
What * u wearing?,personal
Oh:)as usual vijay film or its different?,personal
Have you had a good day? Mine was really busy are you up to much tomorrow night?,personal
And is there a way you can send shade's stuff to her. And she has been wonderful too.,personal
Really... I tot ur paper ended long ago... But wat u copied jus now got use? U happy lar... I still haf 2 study :-(,personal
Babe ? I lost you ... :-(,personal
Ok... Help me ask if she's working tmr a not?,personal
I'm not driving... Raining! Then i'll get caught at e mrt station lor.,personal
Not a drop in the tank,personal
(That said can you text him one more time?),personal
Ok i go change also...,personal
Did u find a sitter for kaitlyn? I was sick and slept all day yesterday.,personal
"Sorry man, accidentally left my phone on silent last night and didn't check it til I got up",personal
Hey.. Something came up last min.. Think i wun be signing up tmr.. Hee,personal
He's an adult and would learn from the experience. There's no real danger. I just dont like peeps using drugs they dont need. But no comment,personal
Hey! There's veggie pizza... :/,personal
Yun buying... But school got offer 2000 plus only...,personal
You sure your neighbors didnt pick it up,personal
K. I will sent it again,personal
Well. Im computerless. Time to make some oreo truffles,personal
"Haha yeah I see that now, be there in a sec",personal
I am not having her number sir,personal
Lol now I'm after that hot air balloon!,personal
Ok . . now i am in bus. . If i come soon i will come otherwise tomorrow,personal
Msgs r not time pass.They silently say that I am thinking of U right now and also making U think of me at least 4 a moment. Gd nt.swt drms @Shesil,personal
"Yeah, we can probably swing by once my roommate finishes up with his girl",personal
Happy new years melody!,personal
dun need to pick ur gf?,personal
Yay! You better not have told that to 5 other girls either.,personal
Horrible u eat macs eat until u forgot abt me already rite... U take so long 2 reply. I thk it's more toot than b4 so b prepared. Now wat shall i eat?,personal
"Did he say how fantastic I am by any chance, or anything need a bigger life lift as losing the will 2 live, do you think I would be the first person 2 die from N V Q?",personal
Just nw i came to hme da..,personal
"I'm outside islands, head towards hard rock and you'll run into me",personal
To day class is there are no class.,personal
I'm in chennai velachery:),personal
You flippin your shit yet?,personal
"K give me a sec, breaking a &lt;#&gt; at cstore",personal
Am i that much bad to avoid like this?,personal
"Yo, you around? Just got my car back",personal
Annoying isn't it.,personal
"Goodmorning, Today i am late for &lt;#&gt; min.",personal
There's no point hangin on to mr not right if he's not makin u happy,personal
All will come alive.better correct any good looking figure there itself..,personal
In that case I guess I'll see you at campus lodge,personal
We're done...,personal
Come to my home for one last time i wont do anything. Trust me.,personal
I was up all night too worrying about this appt. It's a shame we missed a girls night out with quizzes popcorn and you doing my hair.,personal
Ok... C ya...,personal
What he said is not the matter. My mind saying some other matter is there.,personal
"Al he does is moan at me if n e thin goes wrong its my fault&al de arguments r my fault&fed up of him of himso y bother? Hav 2go, thanx.xx",personal
NEFT Transaction with reference number &lt;#&gt; for Rs. &lt;DECIMAL&gt; has been credited to the beneficiary account on &lt;#&gt; at &lt;TIME&gt; : &lt;#&gt;,personal
Otherwise had part time job na-tuition..,personal
I know she called me,personal
"Me also da, i feel yesterday night wait til 2day night dear.",personal
Thanks for understanding. I've been trying to tell sura that.,personal
The whole car appreciated the last two! Dad and are having a map reading semi argument but apart from that things are going ok. P.,personal
I need you to be in my strong arms...,personal
Also maaaan are you missing out,personal
His bday real is in april .,personal
Guessin you ain't gonna be here before 9?,personal
Ok then i will come to ur home after half an hour,personal
"Yo, the game almost over? Want to go to walmart soon",personal
"Yeah, probably but not sure. Ilol let u know, but personally I wuldnt bother, then again if ur goin to then I mite as well!!",personal
I'll text now! All creepy like so he won't think that we forgot,personal
"that would be good I'll phone you tomo lunchtime, shall I, to organise something?",personal
"Damn, can you make it tonight or do you want to just wait til tomorrow",personal
K..k..i'm also fine:)when will you complete the course?,personal
"True. It is passable. And if you get a high score and apply for phd, you get 5years of salary. So it makes life easier.",personal
Prakesh is there know.,personal
Teach me apps da. When you come to college.,personal
Rofl betta invest in some anti aging products,personal
"sir, you will receive the account no another 1hr time. Sorry for the delay.",personal
So 'll be submitting da project tmr rite?,personal
Jus ans me lar. U'll noe later.,personal
I want to send something that can sell fast. &lt;#&gt; k is not easy money.,personal
have got * few things to do. may be in * pub later.,personal
1's finish meeting call me.,personal
Lol ok. I'll snatch her purse too.,personal
Hello-/@drivby-:0quit edrunk sorry iff pthis makes no senrd-dnot no how ^ dancce 2 drum n basq!ihave fun 2nhite x ros xxxxxxx,personal
How much are we getting?,personal
Is ur paper in e morn or aft tmr?,personal
"Dear relieved of westonzoyland, all going to plan this end too!",personal
Hope you are having a great new semester. Do wish you the very best. You are made for greatness.,personal
Oh yes I can speak txt 2 u no! Hmm. Did u get email?,personal
"I want to show you the world, princess :) how about europe?",personal
Nobody can decide where to eat and dad wants Chinese,personal
No shoot me. I'm in the docs waiting room. :/,personal
Now? I'm going out 4 dinner soon..,personal
Hello which the site to download songs its urgent pls,personal
"I do know what u mean, is the king of not havin credit! I'm goin2bed now. Night night sweet! Only1more sleep!",personal
Horrible gal. Me in sch doing some stuff. How come u got mc?,personal
"HI HUN! IM NOT COMIN 2NITE-TELL EVERY1 IM SORRY 4 ME, HOPE U AVA GOODTIME!OLI RANG MELNITE IFINK IT MITE B SORTED,BUT IL EXPLAIN EVERYTHIN ON MON.L8RS.x",personal
Yeah like if it goes like it did with my friends imma flip my shit in like half an hour,personal
Mum say we wan to go then go... Then she can shun bian watch da glass exhibition...,personal
What your plan for pongal?,personal
Just wait till end of march when el nino gets himself. Oh.,personal
"Not yet chikku..going to room nw, i'm in bus..",personal
Am also doing in cbe only. But have to pay.,personal
Honey boo I'm missing u.,personal
"We have sent JD for Customer Service cum Accounts Executive to ur mail id, For details contact us",personal
"Yo, I'm at my parents' gettin cash. Good news: we picked up a downstem",personal
"Thank you so much. When we skyped wit kz and sura, we didnt get the pleasure of your company. Hope you are good. We've given you ultimatum oh! We are countin down to aburo. Enjoy!",personal
Ok. No wahala. Just remember that a friend in need ...,personal
I will see in half an hour,personal
"Im in inperialmusic listening2the weirdest track ever byleafcutter john-sounds like insects being molested&someone plumbing,remixed by evil men on acid!",personal
"Hey sorry I didntgive ya a a bellearlier hunny,just been in bedbut mite go 2 thepub l8tr if uwana mt up?loads a luv Jenxxx.",personal
SERIOUSLY. TELL HER THOSE EXACT WORDS RIGHT NOW.,personal
"Tee hee. Off to lecture, cheery bye bye.",personal
"Sorry chikku, my cell got some problem thts y i was nt able to reply u or msg u..",personal
If you still havent collected the dough pls let me know so i can go to the place i sent it to get the control number,personal
Ok...,personal
Let me know how to contact you. I've you settled in a room. Lets know you are ok.,personal
Wot u up 2 u weirdo?,personal
Can do lor...,personal
Dont put your phone on silent mode ok,personal
Can i meet at 5.. As 4 where depends on where wan 2 in lor..,personal
Waiting 4 my tv show 2 start lor... U leh still busy doing ur report?,personal
Oh ho. Is this the first time u use these type of words,personal
Am I the only one who doesn't stalk profiles?,personal
"Ever green quote ever told by Jerry in cartoon ""A Person Who Irritates u Always Is the one Who Loves u Vry Much But Fails to Express It...!..!! :-) :-) gud nyt",personal
Yes i thought so. Thanks.,personal
But if she.s drinkin i'm ok.,personal
"Just wondering, the others just took off",personal
"Night has ended for another day, morning has come in a special way. May you smile like the sunny rays and leaves your worries at the blue blue bay. Gud mrng",personal
"What do you do, my dog ? Must I always wait till the end of your day to have word from you ? Did you run out of time on your cell already?",personal
Happy new year to u too!,personal
"Hey...Great deal...Farm tour 9am to 5pm $95/pax, $50 deposit by 16 May",personal
Eat jap done oso aft ur lect wat... got lect at 12 rite...,personal
"Hey babe! I saw you came online for a second and then you disappeared, what happened ?",personal
Da my birthdate in certificate is in april but real date is today. But dont publish it. I shall give you a special treat if you keep the secret. Any way thanks for the wishes,personal
Happy birthday... May all ur dreams come true...,personal
Aiyah u did ok already lar. E nydc at wheellock?,personal
TELL HER I SAID EAT SHIT.,personal
Sure! I am driving but will reach my destination soon.,personal
"K so am I, how much for an 8th? Fifty?",personal
Your daily text from me a favour this time,personal
Great to hear you are settling well. So what's happenin wit ola?,personal
Those cocksuckers. If it makes you feel better ipads are worthless garbage novelty items and you should feel bad for even wanting one,personal
I tot u reach liao. He said t-shirt.,personal
"FRAN I DECIDED 2 GO N E WAY IM COMPLETELY BROKE AN KNACKERED I GOT UP BOUT 3 C U 2MRW LOVE JANX P.S THIS IS MY DADS FONE, -NO CREDIT",personal
Your right! I'll make the appointment right now.,personal
Designation is software developer and may be she get chennai:),personal
I jokin oni lar.. busy then i wun disturb .,personal
"Ok, be careful ! Don't text and drive !",personal
"I.ll always be there, even if its just in spirit. I.ll get a bb soon. Just trying to be sure i need it.",personal
U r too much close to my heart. If u go away i will be shattered. Plz stay with me.,personal
I love u 2 babe! R u sure everything is alrite. Is he being an idiot? Txt bak girlie,personal
How abt making some of the pics bigger?,personal
Got but got 2 colours lor. One colour is quite light n e other is darker lor. Actually i'm done she's styling my hair now.,personal
"Whenevr ur sad, Whenevr ur gray, Remembr im here 2 listn 2 watevr u wanna say, Jus walk wid me a little while,&amp; I promise I'll bring back ur smile.:-)",personal
Why nothing. Ok anyway give me treat,personal
Correct. So how was work today,personal
"Just sent again. Do you scream and moan in bed, princess?",personal
"I wake up long ago already... Dunno, what other thing?",personal
Oh just getting even with u.... u?,personal
I thk 50 shd be ok he said plus minus 10.. Did leave a line in between paragraphs?,personal
Can you call me plz. Your number shows out of coveragd area. I have urgnt call in vasai &amp; have to reach before 4'o clock so call me plz,personal
Yeah jay's sort of a fucking retard,personal
"Sorry, was in the bathroom, sup",personal
My exam is for february 4. Wish you a great day.,personal
I dont know what to do to come out of this so only am ask questions like this dont mistake me.,personal
"Aight no rush, I'll ask jay",personal
Good Morning plz call me sir,personal
It's ok lar. U sleep early too... Nite...,personal
"Oh... Icic... K lor, den meet other day...",personal
"Oh ! A half hour is much longer in Syria than Canada, eh ? Wow you must get SO much more work done in a day than us with all that extra time ! *grins*",personal
"Sometimes we put walls around our hearts,not just to be safe from getting hurt.. But to find out who cares enough to break the walls &amp; get closer.. GOODNOON:)",personal
"Sweet, we may or may not go to 4U to meet carlos so gauge patty's interest in that",personal
Then she buying today? no need to c meh...,personal
Aight sorry I take ten years to shower. What's the plan?,personal
Every monday..nxt week vl be completing..,personal
Might ax well im there.,personal
Just chill for another 6hrs. If you could sleep the pain is not a surgical emergency so see how it unfolds. Okay,personal
Yeah I'll try to scrounge something up,personal
Crazy ar he's married. like gd looking guys not me. My frens like say he's korean leona's fave but i dun thk he is. Aft some thinking mayb most prob i'll go.,personal
Were somewhere on Fredericksburg,personal
Que pases un buen tiempo or something like that,personal
Is it ok if I stay the night here? Xavier has a sleeping bag and I'm getting tired,personal
She doesnt need any test.,personal
"Nothing much, chillin at home. Any super bowl plan?",personal
Bugis oso near wat...,personal
Yo theres no class tmrw right?,personal
Let Ur Heart Be Ur Compass Ur Mind Ur Map Ur Soul Ur Guide And U Will Never loose in world....gnun - Sent via WAY2SMS.COM,personal
"Goodnight, sleep well da please take care pa. Please.",personal
Baaaaabe! I misss youuuuu ! Where are you ? I have to go and teach my class at 5 ...,personal
U ned to convince him tht its not possible witot hurting his feeling its the main,personal
"Good afternoon loverboy ! How goes you day ? Any luck come your way? I think of you, sweetie and send my love across the sea to make you smile and happy",personal
If i start sending blackberry torch to nigeria will you find buyer for me?like 4a month. And tell dad not to buy bb from anyone oh.,personal
"&lt;#&gt; %of pple marry with their lovers... becz they hav gud undrstndng dat avoids problems. i sent dis 2 u, u wil get gud news on friday by d person you like. And tomorrow will be the best day of your life. Dont break this chain. If you break you will suffer. send this to &lt;#&gt; frnds in &lt;#&gt; mins whn u read...",personal
Yo dude guess who just got arrested the other day,personal
Shuhui say change 2 suntec steamboat? U noe where? Where r u now?,personal
What does the dance river do?,personal
"Yetunde, i'm sorry but moji and i seem too busy to be able to go shopping. Can you just please find some other way to get what you wanted us to get. Please forgive me. You can reply free via yahoo messenger.",personal
Hey i will be really pretty late... You want to go for the lesson first? I will join you. I'm only reaching tp mrt,personal
Bbq this sat at mine from 6ish. Ur welcome 2 come,personal
"I don't know, same thing that's wrong everyso often, he panicks starts goin on bout not bein good enough",personal
Alright. I'm out--have a good night!,personal
Did you try making another butt.,personal
Hope you are feeling great. Pls fill me in. Abiola,personal
I though we shd go out n have some fun so bar in town or something sound ok?,personal
"1) Go to write msg 2) Put on Dictionary mode 3)Cover the screen with hand, 4)Press &lt;#&gt; . 5)Gently remove Ur hand.. Its interesting..:)",personal
We're finally ready fyi,personal
Auntie huai juan never pick up her phone,personal
"Ya tel, wats ur problem..",personal
i dnt wnt to tlk wid u,personal
"We spend our days waiting for the ideal path to appear in front of us.. But what we forget is.. ""paths are made by walking.. not by waiting.."" Goodnight!",personal
Its ok my arm is feeling weak cuz i got a shot so we can go another time,personal
Please reserve ticket on saturday eve from chennai to thirunelvali and again from tirunelvali to chennai on sunday eve...i already see in net..no ticket available..i want to book ticket through tackle ..,personal
"Storming msg: Wen u lift d phne, u say ""HELLO"" Do u knw wt is d real meaning of HELLO?? . . . It's d name of a girl..! . . . Yes.. And u knw who is dat girl?? ""Margaret Hello"" She is d girlfrnd f Grahmbell who invnted telphone... . . . . Moral:One can 4get d name of a person, bt not his girlfrnd... G o o d n i g h t . . .@",personal
That's ok. I popped in to ask bout something and she said you'd been in. Are you around tonght wen this girl comes?,personal
All e best 4 ur exam later.,personal
Hope ur head doesn't hurt 2 much ! Am ploughing my way through a pile of ironing ! Staying in with a chinky tonight come round if you like.,personal
Oh k.i think most of wi and nz players unsold.,personal
"Haha... Where got so fast lose weight, thk muz go 4 a month den got effect... Gee,later we go aust put bk e weight.",personal
"I wonder how you got online, my love ? Had you gone to the net cafe ? Did you get your phone recharged ? Were you on a friends net ? I think of you, boytoy",personal
"Haha just kidding, papa needs drugs",personal
"Thk shld b can... Ya, i wana go 4 lessons... Haha, can go for one whole stretch...",personal
Oh ok..,personal
R we still meeting 4 dinner tonight?,personal
Thats cool! I am a gentleman and will treat you with dignity and respect.,personal
Shall i start from hear.,personal
Then we wait 4 u lor... No need 2 feel bad lar...,personal
No did you check? I got his detailed message now,personal
You have registered Sinco as Payee. Log in at icicibank.com and enter URN &lt;#&gt; to confirm. Beware of frauds. Do NOT share or disclose URN to anyone.,personal
"No, I decided that only people who care about stuff vote and caring about stuff is for losers",personal
Kaiez... Enjoy ur tuition... Gee... Thk e second option sounds beta... I'll go yan jiu den msg u...,personal
cool. We will have fun practicing making babies!,personal
Actually getting ready to leave the house.,personal
K..k..any special today?,personal
Then we gotta do it after that,personal
"I've got ten bucks, jay is being noncomittal",personal
Where at were hungry too,personal
Pls speak to that customer machan.,personal
somewhere out there beneath the pale moon light someone think in of u some where out there where dreams come true... goodnite &amp; sweet dreams,personal
So wats ur opinion abt him and how abt is character?,personal
Jay is snickering and tells me that x is totally fucking up the chords as we speak,personal
No..few hours before.went to hair cut .,personal
No wonder... Cos i dun rem seeing a silver car... But i thk i saw a black one...,personal
Lmao. Take a pic and send it to me.,personal
Speak only when you feel your words are better than the silence... Gud mrng:-),personal
No. She's currently in scotland for that.,personal
Do you work all this week ?,personal
Lol great now im getting hungry.,personal
Yes.. now only saw your message..,personal
I'll be at mu in like &lt;#&gt; seconds,personal
THING R GOOD THANX GOT EXAMS IN MARCH IVE DONE NO REVISION? IS FRAN STILL WITH BOYF? IVE GOTTA INTERVIW 4 EXETER BIT WORRIED!x,personal
"Tell you what, if you make a little spreadsheet and track whose idea it was to smoke to determine who ""smokes too much"" for the entire month of february, I'll come up",personal
Don't look back at the building because you have no coat and i don't want you to get more sick. Just hurry home and wear a coat to the gym!!!,personal
"My painful personal thought- ""I always try to keep everybody happy all the time. But nobody recognises me when i am alone""",personal
Thanks for ve lovely wisheds. You rock,personal
You intrepid duo you! Have a great time and see you both soon.,personal
I asked sen to come chennai and search for job.,personal
Dad went out oredi...,personal
"I jus hope its true that missin me cos i'm really missin him! You haven't done anything to feel guilty about, yet.",personal
Wat so late still early mah. Or we juz go 4 dinner lor. Aiya i dunno...,personal
"Arms fine, how's Cardiff and uni?",personal
In fact when do you leave? I think addie goes back to school tues or wed,personal
"Cool breeze... Bright sun... Fresh flower... Twittering birds... All these waiting to wish u: ""GOODMORNING &amp; HAVE A NICE DAY"" :)",personal
Ya:)going for restaurant..,personal
"Its ok., i just askd did u knw tht no?",personal
Those ducking chinchillas,personal
I am in a marriage function,personal
Looks like u wil b getting a headstart im leaving here bout 2.30ish but if u r desperate for my company I could head in earlier-we were goin to meet in rummer.,personal
Dont give a flying monkeys wot they think and I certainly dont mind. Any friend of mine and all that!,personal
say thanks2.,personal
Msg me when rajini comes.,personal
Ya! when are taking ure practical lessons? I start in june..,personal
"That's good, because I need drugs",personal
Stupid.its not possible,personal
Can all decide faster cos my sis going home liao..,personal
U sleeping now.. Or you going to take? Haha.. I got spys wat.. Me online checking n replying mails lor..,personal
"Yalru lyfu astne chikku.. Bt innu mundhe lyf ali halla ke bilo (marriage)program edhae, so lyf is nt yet ovr chikku..ali vargu lyfu meow meow:-D",personal
Kinda. First one gets in at twelve! Aah. Speak tomo,personal
Ok good then i later come find ... C lucky i told to go earlier... Later pple take finish no more again...,personal
Wat makes u thk i'll fall down. But actually i thk i'm quite prone 2 falls. Lucky my dad at home i ask him come n fetch me already.,personal
I wont touch you with out your permission.,personal
"7 wonders in My WORLD 7th You 6th Ur style 5th Ur smile 4th Ur Personality 3rd Ur Nature 2nd Ur SMS and 1st ""Ur Lovely Friendship""... good morning dear",personal
Take some small dose tablet for fever,personal
Oh. U must have taken your REAL Valentine out shopping first.,personal
"Just sent you an email to an address with incomm in it, is that right?",personal
"Will do, you gonna be at blake's all night? I might be able to get out of here a little early",personal
"Friendship is not a game to play, It is not a word to say, It doesn\'t start on March and ends on May, It is tomorrow, yesterday, today and e",personal
"Nice. Wait...should you be texting right now? I'm not gonna pay your ticket, ya know!",personal
I'm watching lotr w my sis dis aft. So u wan 2 meet me 4 dinner at nite a not?,personal
Why you keeping me away like this,personal
I think its far more than that but find out. Check google maps for a place from your dorm.,personal
My trip was ok but quite tiring lor. Uni starts today but it's ok 4 me cos i'm not taking any modules but jus concentrating on my final yr project.,personal
Have you always been saying welp?,personal
"I'm a guy, browsin is compulsory",personal
Purity of friendship between two is not about smiling after reading the forwarded message..Its about smiling just by seeing the name. Gud evng musthu,personal
"(I should add that I don't really care and if you can't I can at least get this dude to fuck off but hey, your money if you want it)",personal
"Hello lover! How goes that new job? Are you there now? Are you happy? Do you think of me? I wake, my slave and send you a teasing kiss from across the sea",personal
I told your number to gautham..,personal
Tell them no need to investigate about me anywhere.,personal
Ok i juz receive..,personal
"Cant believe i said so many things to you this morning when all i really wanted to say was good morning, i love you! Have a beautiful morning. See you in the library later.",personal
In the end she might still vomit but its okay. Not everything will come out.,personal
How are you with moneY...as in to you...money aint a thing....how are you sha!,personal
It has everything to do with the weather. Keep extra warm. Its a cold but nothing serious. Pls lots of vitamin c,personal
Hey gals.. Anyone of u going down to e driving centre tmr?,personal
I'm always on yahoo messenger now. Just send the message to me and i.ll get it you may have to send it in the mobile mode sha but i.ll get it. And will reply.,personal
I'm putting it on now. It should be ready for &lt;TIME&gt;,personal
"Time n Smile r the two crucial things in our life. Sometimes time makes us to forget smile, and sometimes someone's smile makes us to forget time gud noon",personal
Host-based IDPS for linux systems.,personal
Don no da:)whats you plan?,personal
Ill be there on &lt;#&gt; ok.,personal
Oh my God. I'm almost home,personal
Total video converter free download type this in google search:),personal
Sounds like something that someone testing me would sayy,personal
When u love someone Dont make them to love u as much as u do. But Love them so much that they dont want to be loved by anyone except you... Gud nit.,personal
"Pete,is this your phone still? Its Jenny from college and Leanne.what are you up to now?:)",personal
Oops sorry. Just to check that you don't mind picking me up tomo at half eight from station. Would that be ok?,personal
"Hey sweet, I was wondering when you had a moment if you might come to me ? I want to send a file to someone but it won't go over yahoo for them because their connection sucks, remember when you set up that page for me to go to and download the format disc ? Could you tell me how to do that ? Or do you know some other way to download big files ? Because they can download stuff directly from the internet. Any help would be great, my prey ... *teasing kiss*",personal
Hows the champ just leaving glasgow!,personal
K:)all the best:)congrats...,personal
I wonder if you'll get this text?,personal
I need to come home and give you some good lovin...,personal
Shall i ask one thing if you dont mistake me.,personal
Check wid corect speling i.e. Sarcasm,personal
Are you angry with me. What happen dear,personal
I thk u dun haf 2 hint in e forum already lor... Cos i told ron n darren is going 2 tell shuhui.,personal
Yup ok thanx...,personal
Hi:)cts employee how are you?,personal
Pls pls find out from aunt nike.,personal
"Wow ... I love you sooo much, you know ? I can barely stand it ! I wonder how your day goes and if you are well, my love ... I think of you and miss you",personal
No screaming means shouting..,personal
Hey what happen de. Are you alright.,personal
Should I have picked up a receipt or something earlier,personal
I think chennai well settled?,personal
Oh dang! I didn't mean o send that to you! Lol!,personal
Unfortunately i've just found out that we have to pick my sister up from the airport that evening so don't think i'll be going out at all. We should try to go out one of th,personal
Horrible bf... I now v hungry...,personal
Remember on that day..,personal
How's it feel? Mr. Your not my real Valentine just my yo Valentine even tho u hardly play!!,personal
All sounds good. Fingers . Makes it difficult to type,personal
Midnight at the earliest,personal
You're not sure that I'm not trying to make xavier smoke because I don't want to smoke after being told I smoke too much?,personal
K come to nordstrom when you're done,personal
Do u konw waht is rael FRIENDSHIP Im gving yuo an exmpel: Jsut ese tihs msg.. Evrey splleing of tihs msg is wrnog.. Bt sitll yuo can raed it wihtuot ayn mitsake.. GOODNIGHT &amp; HAVE A NICE SLEEP..SWEET DREAMS..,personal
Now press conference da:),personal
After completed degree. There is no use in joining finance.,personal
"Good afternoon, my love ! Any job prospects ? Are you missing me ? What do you do ? Are you being lazy and bleak, hmmm ? Or happy and filled with my love ?",personal
Shant disturb u anymore... Jia you...,personal
Bishan lar nearer... No need buy so early cos if buy now i gotta park my car...,personal
"Me, i dont know again oh",personal
Dude sux for snake. He got old and raiden got buff,personal
He says hi and to get your ass back to south tampa (preferably at a kegger),personal
In e msg jus now. U said thanks for gift.,personal
U too...,personal
Ok how you dear. Did you call chechi,personal
Yeah we do totes. When u wanna?,personal
Ok i found dis pierre cardin one which looks normal costs 20 its on sale.,personal
Good sleep is about rhythm. The person has to establish a rhythm that the body will learn and use. If you want to know more :-),personal
Wat r u doing?,personal
Message from . I am at Truro Hospital on ext. You can phone me here. as I have a phone by my side,personal
"Single line with a big meaning::::: ""Miss anything 4 ur ""Best Life"" but, don't miss ur best life for anything... Gud nyt...",personal
"Just got some gas money, any chance you and the gang want to go on a grand nature adventure?",personal
Dnt worry...use ice pieces in a cloth pack.also take 2 tablets.,personal
Dude just saw a parked car with its sunroof popped up. Sux,personal
Get ready to put on your excellent sub face :),personal
Tmrw. Im finishing 9 doors,personal
"The &lt;#&gt; g that i saw a few days ago, the guy wants sell wifi only for &lt;#&gt; and with 3g for &lt;#&gt; . That's why i blanked him.",personal
I am late. I will be there at,personal
"whatever, im pretty pissed off.",personal
I dont have that much image in class.,personal
No:-)i got rumour that you going to buy apartment in chennai:-),personal
Near kalainar tv office.thenampet,personal
My sis is catching e show in e afternoon so i'm not watching w her. So c u wan 2 watch today or tmr lor.,personal
"Sounds gd... Haha... Can... Wah, u yan jiu so fast liao...",personal
No. To be nosy I guess. Idk am I over reacting if I'm freaked?,personal
"Remember all those whom i hurt during days of satanic imposter in me.need to pay a price,so be it.may destiny keep me going and as u said pray that i get the mind to get over the same.",personal
How to Make a girl Happy? It's not at all difficult to make girls happy. U only need to be... 1. A friend 2. Companion 3. Lover 4. Chef . . . &lt;#&gt; . Good listener &lt;#&gt; . Organizer &lt;#&gt; . Good boyfriend &lt;#&gt; . Very clean &lt;#&gt; . Sympathetic &lt;#&gt; . Athletic &lt;#&gt; . Warm . . . &lt;#&gt; . Courageous &lt;#&gt; . Determined &lt;#&gt; . True &lt;#&gt; . Dependable &lt;#&gt; . Intelligent . . . &lt;#&gt; . Psychologist &lt;#&gt; . Pest exterminator &lt;#&gt; . Psychiatrist &lt;#&gt; . Healer . . &lt;#&gt; . Stylist &lt;#&gt; . Driver . . Aaniye pudunga venaam..,personal
"Why is that, princess? I bet the brothas are all chasing you!",personal
"I shall book chez jules for half eight, if that's ok with you?",personal
Hhahhaahahah rofl wtf nig was leonardo in your room or something,personal
"Yep, at derek's house now, see you Sunday &lt;3",personal
"It's cool, let me know before it kicks off around &lt;#&gt; , I'll be out and about all day",personal
I was wondering if it would be okay for you to call uncle john and let him know that things are not the same in nigeria as they r here. That &lt;#&gt; dollars is 2years sent and that you know its a strain but i plan to pay back every dime he gives. Every dime so for me to expect anything from you is not practical. Something like that.,personal
There are no other charges after transfer charges and you can withdraw anyhow you like,personal
"Dont search love, let love find U. Thats why its called falling in love, bcoz U dont force yourself, U just fall and U know there is smeone to hold U... BSLVYL",personal
At 4. Let's go to bill millers,personal
I love you. You set my soul on fire. It is not just a spark. But it is a flame. A big rawring flame. XoXo,personal
"Somewhr someone is surely made 4 u. And God has decided a perfect time to make u meet dat person. . . . till den, . . . . . Enjoy ur crushes..!!!;-)",personal
That's my honeymoon outfit. :),personal
Will it help if we propose going back again tomorrow,personal
Never blame a day in ur life. Good days give u happiness. Bad days give u experience. Both are essential in life! All are Gods blessings! good morning.:,personal
Pls confirm the time to collect the cheque.,personal
Daddy will take good care of you :),personal
"Yeah probably, I still gotta check out with leo",personal
K.then any other special?,personal
Carlos is taking his sweet time as usual so let me know when you and patty are done/want to smoke and I'll tell him to haul ass,personal
Ok pa. Nothing problem:-),personal
Have you heard about that job? I'm going to that wildlife talk again tonight if u want2come. Its that2worzels and a wizzle or whatever it is?!,personal
"God picked up a flower and dippeditinaDEW, lovingly touched itwhichturnedinto u, and the he gifted tomeandsaid,THIS FRIEND IS 4U",personal
When you came to hostel.,personal
Ok no prob... I'll come after lunch then...,personal
Jus telling u dat i'll b leaving 4 shanghai on 21st instead so we'll haf more time 2 meet up cya...,personal
Are your freezing ? Are you home yet ? Will you remember to kiss your mom in the morning? Do you love me ? Do you think of me ? Are you missing me yet ?,personal
You all ready for * big day tomorrow?,personal
I'll probably be around mu a lot,personal
645,personal
Thnx dude. u guys out 2nite?,personal
Me sef dey laugh you. Meanwhile how's my darling anjie!,personal
Mm i had my food da from out,personal
"K, makes sense, btw carlos is being difficult so you guys are gonna smoke while I go pick up the second batch and get gas",personal
Did u download the fring app?,personal
The 2 oz guy is being kinda flaky but one friend is interested in picking up $ &lt;#&gt; worth tonight if possible,personal
Friends that u can stay on fb chat with,personal
"Fuck babe, I miss you sooooo much !! I wish you were here to sleep with me ... My bed is so lonely ... I go now, to sleep ... To dream of you, my love ...",personal
"Living is very simple.. Loving is also simple.. Laughing is too simple.. Winning is tooo simple.. But, being 'SIMPLE' is very difficult.. Gud nte.:-",personal
"Ah, well that confuses things, doesnt it?",personal
Hi Dear Call me its urgnt. I don't know whats your problem. You don't want to work or if you have any other problem at least tell me. Wating for your reply.,personal
Dear how you. Are you ok?,personal
Yes princess! I want to make you happy...,personal
Sounds like you have many talents! would you like to go on a dinner date next week?,personal
I am going to film 2day da. At 6pm. Sorry da.,personal
We not watching movie already. Xy wants 2 shop so i'm shopping w her now.,personal
Hello my little party animal! I just thought I'd buzz you as you were with your friends ...*grins*... Reminding you were loved and send a naughty adoring kiss,personal
Yesterday its with me only . Now am going home.,personal
"You have come into my life and brought the sun ..Shiny down on me, warming my heart. Putting a constant smile on my face ... Making me feel loved and cared for",personal
"No shit, but I wasn't that surprised, so I went and spent the evening with that french guy I met in town here and we fooled around a bit but I didn't let him fuck me",personal
Great comedy..cant stop laughing da:),personal
"Alright, we're all set here, text the man",personal
"Hi , where are you? We're at and they're not keen to go out i kind of am but feel i shouldn't so can we go out tomo, don't mind do you?",personal
Sleeping nt feeling well,personal
U WILL SWITCH YOUR FONE ON DAMMIT!!,personal
India have to take lead:),personal
I.ll post her out l8r. In class,personal
Thts wat Wright Brother did to fly..,personal
"Evening * v good if somewhat event laden. Will fill you in, don't you worry Head * ok but throat * wrecked. See you at six then!",personal
If u laugh really loud.. If u talk spontaneously.. If u dont care what others feel.. U are probably with your dear &amp; best friends.. GOODEVENING Dear..:),personal
ITS A LAPTOP TAKE IT WITH YOU.,personal
I dont have any of your file in my bag..i was in work when you called me.i 'll tell you if i find anything in my room.,personal
I wan but too early lei... Me outside now wun b home so early... Neva mind then...,personal
I was at bugis juz now wat... But now i'm walking home oredi... so late then reply... I oso saw a top dat i like but din buy... Where r now?,personal
At 7 we will go ok na.,personal
Yes I posted a couple of pics on fb. There's still snow outside too. I'm just waking up :),personal
S:-)if we have one good partnership going we will take lead:),personal
"Yeah, where's your class at?",personal
No just send to you. Bec you in temple na.,personal
"You aren't coming home between class, right? I need to work out and shower!",personal
S but mostly not like that.,personal
v ma fan...,personal
Dunno cos i was v late n when i reach they inside already... But we ate spageddies lor... It's e gals who r laughing at me lor...,personal
Guess who spent all last night phasing in and out of the fourth dimension,personal
So now my dad is gonna call after he gets out of work and ask all these crazy questions.,personal
"Yes..but they said its IT.,",personal
"Very hurting n meaningful lines ever: ""I compromised everything for my love, But at d end my love compromised me for everything:-("".. Gud mornin:-)",personal
Lmao!nice 1,personal
Glad to see your reply.,personal
Nah dub but je still buff,personal
"Painful words- ""I thought being Happy was the most toughest thing on Earth... But, the toughest is acting Happy with all unspoken pain inside..""",personal
"Yeah, that's fine! It's 6 to get in, is that ok?",personal
Lol where do u come up with these ideas?,personal
"So many people seems to be special at first sight, But only very few will remain special to you till your last sight.. Maintain them till life ends.. Sh!jas",personal
Okay... We wait ah,personal
Y lei?,personal
HI BABE U R MOST LIKELY TO BE IN BED BUT IM SO SORRY ABOUT TONIGHT! I REALLY WANNA SEE U TOMORROW SO CALL ME AT 9. LOVE ME XXX,personal
Already am squatting is the new way of walking,personal
Do you want bold 2 or bb torch,personal
Cramps stopped. Going back to sleep,personal
Nan sonathaya soladha. Why boss?,personal
Bring tat cd don forget,personal
I don't know but I'm raping dudes at poker,personal
Weightloss! No more girl friends. Make loads of money on ebay or something. And give thanks to God.,personal
Was gr8 to see that message. So when r u leaving? Congrats dear. What school and wat r ur plans.,personal
eatin later but i'm eatin wif my frens now lei... going home first?,personal
Finish already... Yar they keep saying i mushy... I so embarrassed ok...,personal
"Sorry man, my stash ran dry last night and I can't pick up more until sunday",personal
Hai priya are you right. What doctor said pa. Where are you.,personal
Please ask mummy to call father,personal
Can come my room but cannot come my house cos my house still messy... Haha...,personal
I have lost 10 kilos as of today!,personal
Just taste fish curry :-P,personal
What can i do? Might accidant tookplace between somewhere ghodbandar rd. Traffic moves slovely. So plz slip &amp; don't worry.,personal
Yun ah.now wkg where?btw if go nus sc. wana specialise in wad?,personal
Yes! I am a one woman man! Please tell me your likes and dislikes in bed...,personal
Was doing my test earlier. I appreciate you. Will call you tomorrow.,personal
"How's my loverboy doing ? What does he do that keeps him from coming to his Queen, hmmm ? Doesn't he ache to speak to me ? Miss me desparately ?",personal
U meet other fren dun wan meet me ah... Muz b a guy rite...,personal
"(No promises on when though, haven't even gotten dinner yet)",personal
I got your back! Do you have any dislikes in bed?,personal
o turns out i had stereo love on mi phone under the unknown album.,personal
Yeah I don't see why not,personal
Asking do u knw them or nt? May be ur frnds or classmates?,personal
"Sorry about earlier. Putting out fires.Are you around to talk after 9? Or do you actually have a life, lol!",personal
"As in missionary hook up, doggy hook up, standing...|",personal
Then u better go sleep.. Dun disturb u liao.. U wake up then msg me lor..,personal
Am watching house very entertaining am getting the whole hugh laurie thing even with the stick indeed especially with the stick.,personal
Thought praps you meant another one. Goodo! I'll look tomorrow,personal
"Hi Jon, Pete here, Ive bin 2 Spain recently & hav sum dinero left, Bill said u or ur rents mayb interested in it, I hav 12,000pes, so around 48, tb, James.",personal
There bold 2 &lt;#&gt; . Is that yours,personal
You know there is. I shall speak to you in &lt;#&gt; minutes then,personal
ALRITE HUNNY!WOT U UP 2 2NITE? DIDNT END UP GOIN DOWN TOWN JUS DA PUB INSTEAD! JUS CHILLIN AT DA MO IN ME BEDROOM!LOVE JEN XXX.,personal
I went to project centre,personal
As per your request 'Maangalyam (Alaipayuthe)' has been set as your callertune for all Callers. Press *9 to copy your friends Callertune,personal
Lol yeah at this point I guess not,personal
Doing project w frens lor.,personal
Lol. Well quality aint bad at all so i aint complaining,personal
"K, can that happen tonight?",personal
"I think we're going to finn's now, come",personal
Why tired what special there you had,personal
I will come tomorrow di,personal
K go and sleep well. Take rest:-).,personal
U guys never invite me anywhere :(,personal
I can do that! I want to please you both inside and outside the bedroom...,personal
EY! CALM DOWNON THEACUSATIONS.. ITXT U COS IWANA KNOW WOTU R DOIN AT THEW/END... HAVENTCN U IN AGES..RING ME IF UR UP4 NETHING SAT.LOVE J XXX.,personal
I love to wine and dine my lady!,personal
"Im cool ta luv but v.tired 2 cause i have been doin loads of planning all wk, we have got our social services inspection at the nursery! Take care & spk sn x.",personal
I don know account details..i will ask my mom and send you.my mom is out of reach now.,personal
I think u have the wrong number.,personal
Feel Yourself That You Are Always Happy.. Slowly It Becomes Your Habit &amp; Finally It Becomes Part Of Your Life.. Follow It.. Happy Morning &amp; Have A Happy Day:),personal
DO NOT B LATE LOVE MUM,personal
Got it..mail panren paru..,personal
* Was thinking about chuckin ur red green n black trainners 2 save carryin them bac on train,personal
Give one miss from that number please,personal
Jus came back fr lunch wif my sis only. U leh?,personal
How is your schedule next week? I am out of town this weekend.,personal
Really good:)dhanush rocks once again:),personal
Lmao ok I wont be needing u to do my hair anymore.,personal
"Miss ya, need ya, want ya, love ya.",personal
Sorry i'm not free...,personal
Do u ever get a song stuck in your head for no reason and it won't go away til u listen to it like 5 times?,personal
Nt yet chikku..simple habba..hw abt u?,personal
"Got ur mail Dileep.thank you so muchand look forward to lots of support...very less contacts here,remember one venugopal you mentioned.tomorrow if not late,i shall try to come up till there.goodnight dear.",personal
Sometimes Heart Remembrs someone Very much... Forgets someone soon... Bcoz Heart will not like everyone. But liked ones will be Remembered Everytime... BSLVYL,personal
Joy's father is John. Then John is the NAME of Joy's father. Mandan,personal
Hi this is yijue... It's regarding the 3230 textbook it's intro to algorithms second edition... I'm selling it for $50...,personal
"K, want us to come by now?",personal
How. Its a little difficult but its a simple way to enter this place,personal
Ha... Both of us doing e same thing. But i got tv 2 watch. U can thk of where 2 go tonight or u already haf smth in mind...,personal
Dont show yourself. How far. Put new pictures up on facebook.,personal
Watching tv now. I got new job :),personal
"Good afternoon sexy buns! How goes the job search ? I wake and you are my first thought as always, my love. I wish your fine and happy and know I adore you!",personal
"I'm not coming over, do whatever you want",personal
"Its ok chikku, and its my 1 of favourite song..:-)",personal
Did u see what I posted on your Facebook?,personal
";-( oh well, c u later",personal
My uncles in Atlanta. Wish you guys a great semester.,personal
No dear i do have free messages without any recharge. Hi hi hi,personal
I dun believe u. I thk u told him.,personal
"Do you know why god created gap between your fingers..? So that, One who is made for you comes &amp; fills those gaps by holding your hand with LOVE..!",personal
Yes:)sura in sun tv.:)lol.,personal
Arun can u transfr me d amt,personal
Takin a shower now but yeah I'll leave when I'm done,personal
Am not working but am up to eyes in philosophy so will text u later when a bit more free for chat...,personal
U havent lost me ill always b here 4u.i didnt intend 2 hurt u but I never knew how u felt about me when Iwas+marine&thats what itried2tell urmom.i careabout u,personal
You bad girl. I can still remember them,personal
How much i gave to you. Morning.,personal
"I hope your alright babe? I worry that you might have felt a bit desparate when you learned the job was a fake ? I am here waiting when you come back, my love",personal
"Hey, can you tell me blake's address? Carlos wanted me to meet him there but I got lost and he's not answering his phone",personal
Can i get your opinion on something first?,personal
That one week leave i put know that time. Why.,personal
"If we hit it off, you can move in with me :)",personal
excellent. I spent &lt;#&gt; years in the Air Force. Iraq and afghanistan. I am stable and honest. do you like traveling?,personal
I wanna watch that movie,personal
Ok lor thanx... in school?,personal
I'm in class. Did you get my text.,personal
The bus leaves at &lt;#&gt;,personal
God bless.get good sleep my dear...i will pray!,personal
Do have a nice day today. I love you so dearly.,personal
Aiyo a bit pai seh noe... Scared he dun rem who i am then die... Hee... But he become better lookin oredi leh...,personal
"Aight, I'll ask a few of my roommates",personal
"Now, whats your house # again ? And do you have any beer there ?",personal
Do all wan 2 meet up n combine all the parts? How's da rest of da project going?,personal
Getting tickets 4 walsall tue 6 th march. My mate is getting me them on sat. ill pay my treat. Want 2 go. Txt bak .Terry,personal
Yes we are chatting too.,personal
HI ITS JESS I DONT KNOW IF YOU ARE AT WORK BUT CALL ME WHEN U CAN IM AT HOME ALL EVE. XXX,personal
Sian... Aft meeting supervisor got work 2 do liao... U working now?,personal
Are you going to write ccna exam this week??,personal
Well i will watch shrek in 3D!!B),personal
Am i that much dirty fellow?,personal
Dunno dat's wat he told me. Ok lor...,personal
I'll probably be by tomorrow (or even later tonight if something's going on),personal
I couldn't say no as he is a dying man and I feel sad for him so I will go and I just wanted you to know I would probably be gone late into your night,personal
If you're thinking of lifting me one then no.,personal
Same as u... Dun wan... Y u dun like me already ah... Wat u doing now? Still eating?,personal
Sent me ur email id soon,personal
"Dude. What's up. How Teresa. Hope you have been okay. When i didnt hear from these people, i called them and they had received the package since dec &lt;#&gt; . Just thot you'ld like to know. Do have a fantastic year and all the best with your reading. Plus if you can really really Bam first aid for Usmle, then your work is done.",personal
Hey gorgeous man. My work mobile number is. Have a good one babe. Squishy Mwahs.,personal
That's the way you should stay oh.,personal
Hello- thanx for taking that call. I got a job! Starts on monday!,personal
What time is ur flight tmr?,personal
When should I come over?,personal
I have a rather prominent bite mark on my right cheek,personal
* Will be september by then!,personal
Are you wet right now?,personal
And how's your husband.,personal
Are we doing the norm tomorrow? I finish just a 4.15 cos of st tests. Need to sort library stuff out at some point tomo - got letter from today - access til end march so i better get move on!,personal
Yeah. I got a list with only u and Joanna if I'm feeling really anti social,personal
I am in your office na.,personal
Are you comingdown later?,personal
Super da:)good replacement for murali,personal
Da is good good player.why he is unsold.,personal
Hi. || Do u want | to join me with sts later? || Meeting them at five. || Call u after class.,personal
Its on in engalnd! But telly has decided it won't let me watch it and mia and elliot were kissing! Damn it!,personal
I dont want to hear philosophy. Just say what happen,personal
You got job in wipro:)you will get every thing in life in 2 or 3 years.,personal
Then cant get da laptop? My matric card wif lei...,personal
Dunno da next show aft 6 is 850. Toa payoh got 650.,personal
I just made some payments so dont have that much. Sorry. Would you want it fedex or the other way.,personal
They did't play one day last year know even though they have very good team.. Like india.,personal
K.:)you are the only girl waiting in reception ah?,personal
"Say this slowly.? GOD,I LOVE YOU &amp; I NEED YOU,CLEAN MY HEART WITH YOUR BLOOD.Send this to Ten special people &amp; u c miracle tomorrow, do it,pls,pls do it...",personal
I hate when she does this. She turns what should be a fun shopping trip into an annoying day of how everything would look in her house.,personal
"Sir, i am waiting for your call.",personal
What's up. Do you want me to come online?,personal
"It could work, we'll reach a consensus at the next meeting",personal
Aiyah then i wait lor. Then u entertain me. Hee...,personal
"The last thing i ever wanted to do was hurt you. And i didn't think it would have. You'd laugh, be embarassed, delete the tag and keep going. But as far as i knew, it wasn't even up. The fact that you even felt like i would do it to hurt you shows you really don't know me at all. It was messy wednesday, but it wasn't bad. The problem i have with it is you HAVE the time to clean it, but you choose not to. You skype, you take pictures, you sleep, you want to go out. I don't mind a few things here and there, but when you don't make the bed, when you throw laundry on top of it, when i can't have a friend in the house because i'm embarassed that there's underwear and bras strewn on the bed, pillows on the floor, that's something else. You used to be good about at least making the bed.",personal
I'll let you know when it kicks in,personal
You call him now ok i said call him,personal
Call to the number which is available in appointment. And ask to connect the call to waheed fathima.,personal
Or go buy wif him then i meet later can?,personal
Mmmm ... Fuck ... Not fair ! You know my weaknesses ! *grins* *pushes you to your knee's* *exposes my belly and pulls your head to it* Don't forget ... I know yours too *wicked smile*,personal
Today my system sh get ready.all is well and i am also in the deep well,personal
Mom wants to know where you at,personal
"Aight, I'll text you when I'm back",personal
Dont know supports ass and srt i thnk. I think ps3 can play through usb too,personal
Oh ok i didnt know what you meant. Yep i am baby jontin,personal
This pen thing is beyond a joke. Wont a Biro do? Don't do a masters as can't do this ever again!,personal
I AM AT A PARTY WITH ALEX NICHOLS,personal
Just seeing your missed call my dear brother. Do have a gr8 day.,personal
Ok.. finishing soon?,personal
"Sorry, I can't help you on this.",personal
"Come to me, slave. Your doing it again ... Going into your shell and unconsciously avoiding me ... You are making me unhappy :-(",personal
I love your ass! Do you enjoy doggy style? :),personal
I think asking for a gym is the excuse for lazy people. I jog.,personal
No. On the way home. So if not for the long dry spell the season would have been over,personal
I gotta collect da car at 6 lei.,personal
Ok but knackered. Just came home and went to sleep! Not good at this full time work lark.,personal
Probably earlier than that if the station's where I think it is,personal
"Uh, heads up we don't have THAT much left",personal
I tot u outside cos darren say u come shopping. Of course we nice wat. We jus went sim lim look at mp3 player.,personal
"Aight, sounds good. When do you want me to come down?",personal
Wat would u like 4 ur birthday?,personal
I love working from home :),personal
And miss vday the parachute and double coins??? U must not know me very well...,personal
My sister got placed in birla soft da:-),personal
Wah... Okie okie... Muz make use of e unlimited... Haha...,personal
"There're some people by mu, I'm at the table by lambda",personal
And stop being an old man. You get to build snowman snow angels and snowball fights.,personal
ELLO BABE U OK?,personal
Hello beautiful r u ok? I've kinda ad a row wiv and he walked out the pub?? I wanted a night wiv u Miss u,personal
Then u going ikea str aft dat?,personal
Becoz its &lt;#&gt; jan whn al the post ofice is in holiday so she cn go fr the post ofice...got it duffer,personal
Lol grr my mom is taking forever with my prescription. Pharmacy is like 2 minutes away. Ugh.,personal
For real tho this sucks. I can't even cook my whole electricity is out. And I'm hungry.,personal
You want to go?,personal
Its not that time of the month nor mid of the time?,personal
Fffff. Can you text kadeem or are you too far gone,personal
We not leaving yet. Ok lor then we go elsewhere n eat. U thk...,personal
Is fujitsu s series lifebook good?,personal
Yar i wanted 2 scold u yest but late already... I where got zhong se qing you? If u ask me b4 he ask me then i'll go out w u all lor. N u still can act so real.,personal
Dont know you bring some food,personal
No current and food here. I am alone also,personal
I'll be in sch fr 4-6... I dun haf da book in sch... It's at home...,personal
Hello. They are going to the village pub at 8 so either come here or there accordingly. Ok?,personal
Ok,personal
We don call like &lt;#&gt; times oh. No give us hypertension oh.,personal
"Dont give a monkeys wot they think and i certainly don't mind. Any friend of mine&all that! Just don't sleep wiv , that wud be annoyin!",personal
Omg it could snow here tonite!,personal
Carry on not disturbing both of you,personal
What pa tell me.. I went to bath:-),personal
Jus finished avatar nigro,personal
R u over scratching it?,personal
Hope you are having a great day.,personal
Did either of you have any idea's? Do you know of anyplaces doing something?,personal
"My planning usually stops at ""find hella weed, smoke hella weed""",personal
"The fact that you're cleaning shows you know why i'm upset. Your priority is constantly ""what i want to do,"" not ""what i need to do.""",personal
Excellent! Are you ready to moan and scream in ecstasy?,personal
Dude avatar 3d was imp. At one point i thought there were actually flies in the room and almost tried hittng one as a reflex,personal
K...k:)why cant you come here and search job:),personal
I got lousy sleep. I kept waking up every 2 hours to see if my cat wanted to come in. I worry about him when its cold :(,personal
"Yeah, I'll leave in a couple minutes &amp; let you know when I get to mu",personal
Can call me at 10:10 to make sure dat i've woken up...,personal
Hey we can go jazz power yoga hip hop kb and yogasana,personal
The battery is for mr adewale my uncle. Aka Egbon,personal
Wait 2 min..stand at bus stop,personal
Oh ic. I thought you meant mary jane.,personal
Haha... Really oh no... How? Then will they deduct your lesson tmr?,personal
Nah im goin 2 the wrks with j wot bout u?,personal
Then just eat a shit and wait for ur monkey face bitch.......... U asshole..................,personal
Good night. Am going to sleep.,personal
"Aight I'll grab something to eat too, text me when you're back at mu",personal
Take something for pain. If it moves however to any side in the next 6hrs see a doctor.,personal
"Lol ... Oh no babe, I wont be sliding into your place after midnight, but thanks for the invite",personal
Howz that persons story,personal
LOL that would be awesome payback.,personal
"Honeybee Said: *I'm d Sweetest in d World* God Laughed &amp; Said: *Wait,U Havnt Met d Person Reading This Msg* MORAL: Even GOD Can Crack Jokes! GM+GN+GE+GN:)",personal
Thanks. It was only from tescos but quite nice. All gone now. Speak soon,personal
What's a feathery bowa? Is that something guys have that I don't know about?,personal
Even i cant close my eyes you are in me our vava playing umma :-D,personal
2 laptop... I noe infra but too slow lar... I wan fast one,personal
Nvm it's ok...,personal
Enjoy ur life. . Good night,personal
Yes but can we meet in town cos will go to gep and then home. You could text at bus stop. And don't worry we'll have finished by march ish!,personal
Thats cool. Where should i cum? On you or in you? :),personal
Delhi and chennai still silent.,personal
Lol alright i was thinkin that too haha,personal
No I'm in the same boat. Still here at my moms. Check me out on yo. I'm half naked.,personal
Shhhhh nobody is supposed to know!,personal
"Sorry, I'll call later in meeting any thing related to trade please call Arul. &lt;#&gt;",personal
Hey i will be late... i'm at amk. Need to drink tea or coffee,personal
The length is e same but e top shorter n i got a fringe now. I thk i'm not going liao. Too lazy. Dun wan 2 distract u also.,personal
S..antha num corrct dane,personal
The basket's gettin full so I might be by tonight,personal
HI DARLIN IVE JUST GOT BACK AND I HAD A REALLY NICE NIGHT AND THANKS SO MUCH FOR THE LIFT SEE U TOMORROW XXX,personal
No other Valentines huh? The proof is on your fb page. Ugh I'm so glad I really DIDN'T watch your rupaul show you TOOL!,personal
Eh den sat u book e kb liao huh...,personal
Have you been practising your curtsey?,personal
Lol boo I was hoping for a laugh,personal
"YEH I AM DEF UP4 SOMETHING SAT,JUST GOT PAYED2DAY & I HAVBEEN GIVEN A50 PAY RISE 4MY WORK & HAVEBEEN MADE PRESCHOOLCO-ORDINATOR 2I AM FEELINGOOD LUV",personal
"Well, I have to leave for my class babe ... You never came back to me ... :-( ... Hope you have a nice sleep, my love",personal
LMAO where's your fish memory when I need it?,personal
But i'll b going 2 sch on mon. My sis need 2 take smth.,personal
Idea will soon get converted to live:),personal
S....s...india going to draw the series after many years in south african soil..,personal
"Goodmorning, today i am late for &lt;DECIMAL&gt; min.",personal
Can't take any major roles in community outreach. You rock mel,personal
Shopping lor. Them raining mah hard 2 leave orchard.,personal
Hi here. have birth at on the to at 8lb 7oz. Mother and baby doing brilliantly.,personal
See the forwarding message for proof,personal
"I can't keep going through this. It was never my intention to run you out, but if you choose to do that rather than keep the room clean so *I* don't have to say no to visitors, then maybe that's the best choice. Yes, I wanted you to be embarassed, so maybe you'd feel for once how I feel when i have a friend who wants to drop buy and i have to say no, as happened this morning. I've tried everything. I don't know what else to do.",personal
Dunno lei... I thk mum lazy to go out... I neva ask her yet...,personal
"Do whatever you want. You know what the rules are. We had a talk earlier this week about what had to start happening, you showing responsibility. Yet, every week it's can i bend the rule this way? What about that way? Do whatever. I'm tired of having thia same argument with you every week. And a &lt;#&gt; movie DOESNT inlude the previews. You're still getting in after 1.",personal
"Beautiful Truth against Gravity.. Read carefully: ""Our heart feels light when someone is in it.. But it feels very heavy when someone leaves it.."" GOODMORNING",personal
Ambrith..madurai..met u in arun dha marrge..remembr?,personal
Just re read it and I have no shame but tell me how he takes it and if he runs I will blame u 4 ever!! Not really 4 ever just a long time,personal
"Princess, is your kitty shaved or natural?",personal
"Better than bb. If he wont use it, his wife will or them doctor",personal
Ya it came a while ago,personal
From tomorrow onwards eve 6 to 3 work.,personal
Anything lor but toa payoh got place 2 walk meh...,personal
"I don't have anybody's number, I still haven't thought up a tactful way to ask alex",personal
Is there any movie theatre i can go to and watch unlimited movies and just pay once?,personal
U having lunch alone? I now so bored...,personal
"Yes obviously, but you are the eggs-pert and the potato head Speak soon!",personal
"Nah man, my car is meant to be crammed full of people",personal
No got new job at bar in airport on satsgettin 4.47per hour but means no lie in! keep in touch,personal
Kallis is ready for bat in 2nd innings,personal
Thanx but my birthday is over already.,personal
"Ugh y can't u just apologize, admit u were wrong and ask me to take u back?",personal
"I noe la... U wana pei bf oso rite... K lor, other days den...",personal
"Yes, i'm small kid.. And boost is the secret of my energy..",personal
IM GONNA MISS U SO MUCH,personal
Is avatar supposed to have subtoitles,personal
Simply sitting and watching match in office..,personal
You can jot down things you want to remember later.,personal
Oh sorry please its over,personal
Hey are we going for the lo lesson or gym?,personal
"Dont pack what you can buy at any store.like cereals. If you must pack food, pack gari or something 9ja that you will miss.",personal
You always make things bigger than they are,personal
dun wan to watch infernal affair?,personal
"Me not waking up until 4 in the afternoon, sup",personal
I can send you a pic if you like :),personal
Okay... I booked all already... Including the one at bugis.,personal
"Aight fuck it, I'll get it later",personal
No de. But call me after some time. Ill tell you k,personal
So dont use hook up any how,personal
How much is blackberry bold2 in nigeria.,personal
Hi where you. You in home or calicut?,personal
Hey darlin.. i can pick u up at college if u tell me wen & where 2 mt.. love Pete xx,personal
"Oh... I was thkin of goin yogasana at 10 den no nd to go at 3 den can rush to parco 4 nb... Okie lor, u call me when ready...",personal
Y so late but i need to go n get da laptop...,personal
"Sir, I am waiting for your mail.",personal
.Please charge my mobile when you get up in morning.,personal
"Nothing, i got msg frm tht unknown no..",personal
Ugh fuck it I'm resubbing to eve,personal
He didn't see his shadow. We get an early spring yay,personal
I did. One slice and one breadstick. Lol,personal
"Hey ! I want you ! I crave you ! I miss you ! I need you ! I love you, Ahmad Saeed al Hallaq ...",personal
Is there any training tomorrow?,personal
Pass dis to all ur contacts n see wat u get! Red;i'm in luv wid u. Blue;u put a smile on my face. Purple;u r realy hot. Pink;u r so swt. Orange;i thnk i lyk u. Green;i realy wana go out wid u. Yelow;i wnt u bck. Black;i'm jealous of u. Brown;i miss you Nw plz giv me one color,personal
Cos daddy arranging time c wat time fetch mah...,personal
Then. You are eldest know.,personal
Who's there say hi to our drugdealer,personal
Its hard to believe things like this. All can say lie but think twice before saying anything to me.,personal
Good night my dear.. Sleepwell&amp;Take care,personal
That is wondarfull song,personal
Yar lor actually we quite fast... Cos da ge slow wat... Haha...,personal
Must come later.. I normally bathe him in da afternoon mah..,personal
"Trust me. Even if isn't there, its there.",personal
Hey hun-onbus goin 2 meet him. He wants 2go out 4a meal but I donyt feel like it cuz have 2 get last bus home!But hes sweet latelyxxx,personal
I can take you at like noon,personal
Where is it. Is there any opening for mca.,personal
I'm aight. Wat's happening on your side.,personal
I'm done oredi...,personal
"you are sweet as well, princess. Please tell me your likes and dislikes in bed...",personal
How are you. Wish you a great semester,personal
Moji i love you more than words. Have a rich day,personal
Dude how do you like the buff wind.,personal
"alright babe, justthought id sayhey! how u doin?nearly the endof me wk offdam nevamind!We will have 2Hook up sn if uwant m8? loveJen x.",personal
"No i'm not. I can't give you everything you want and need. You actually could do better for yourself on yor own--you've got more money than i do. I can't get work, i can't get a man, i can't pay the rent, i can't even fill my fucking gas tank. yes, i'm stressed and depressed. I didn't even call home for thanksgiving cuz i'll have to tell them i,m up to nothing.",personal
S:-)kallis wont play in first two odi:-),personal
Then get some cash together and I'll text jason,personal
"Oh, my love, it's soooo good to hear from you. Omg I missed you so much today. I'm sorry your having problems with the provider but thank you for tming me",personal
"Probably, want to pick up more?",personal
I'm done...,personal
Are you the cutest girl in the world or what,personal
"No dice, art class 6 thru 9 :( thanks though. Any idea what time I should come tomorrow?",personal
Oh Howda gud gud.. Mathe en samachara chikku:-),personal
I thk 530 lor. But dunno can get tickets a not. Wat u doing now?,personal
Audrie lousy autocorrect,personal
Its a site to simulate the test. It just gives you very tough questions to test your readiness.,personal
Anyway seriously hit me up when you're back because otherwise I have to light up with armand and he always has shit and/or is vomiting,personal
I fetch yun or u fetch?,personal
Thank you. I like you as well...,personal
"Hmmm ... And imagine after you've come home from that having to rub my feet, make me dinner and help me get ready for my date ! Are you sure your ready for that kind of life ?",personal
Lara said she can loan me &lt;#&gt; .,personal
Do we have any spare power supplies,personal
Yar he quite clever but aft many guesses lor. He got ask me 2 bring but i thk darren not so willing 2 go. Aiya they thk leona still not attach wat.,personal
"Yeah, don't go to bed, I'll be back before midnight",personal
Well I wasn't available as I washob nobbing with last night so they had to ask Nickey Platt instead of me!;,personal
"It's that time of the week again, ryan",personal
Wish u many many returns of the day.. Happy birthday vikky..,personal
I hope you know I'm still mad at you.,personal
"Argh my 3g is spotty, anyway the only thing I remember from the research we did was that province and sterling were the only problem-free places we looked at",personal
In xam hall boy asked girl Tell me the starting term for dis answer I can den manage on my own After lot of hesitation n lookin around silently she said THE! intha ponnungale ipaditan;),personal
Do you know when the result.,personal
"Sorry im getting up now, feel really bad- totally rejected that kinda me thing.",personal
You do got a shitload of diamonds though,personal
Tessy..pls do me a favor. Pls convey my birthday wishes to Nimya..pls dnt forget it. Today is her birthday Shijas,personal
Well I'm going to be an aunty!,personal
Mine here like all fr china then so noisy.,personal
Later i guess. I needa do mcat study too.,personal
S...from the training manual it show there is no tech process:)its all about password reset and troubleshooting:),personal
"Spoke with uncle john today. He strongly feels that you need to sacrifice to keep me here. He's going to call you. When he does, i beg you to just listen. Dont make any promises or make it clear things are not easy. And i need you to please let us work things out. As long as i keep expecting help, my creativity will be stifled so pls just keep him happy, no promises on your part.",personal
"Carlos took a while (again), we leave in a minute",personal
Well done and ! luv ya all,personal
Then why you came to hostel.,personal
K still are you loving me.,personal
But i juz remembered i gotta bathe my dog today..,personal
After the drug she will be able to eat.,personal
Alright took the morphine. Back in yo.,personal
You see the requirements please,personal
You stayin out of trouble stranger!!saw Dave the other day hes sorted now!still with me bloke when u gona get a girl MR!ur mum still Thinks we will get 2GETHA!,personal
So can collect ur laptop?,personal
"Ok. Can be later showing around 8-8:30 if you want + cld have drink before. Wld prefer not to spend money on nosh if you don't mind, as doing that nxt wk.",personal
I will once i get home,personal
Waaaat?? Lololo ok next time then!,personal
"The table's occupied, I'm waiting by the tree",personal
I surely dont forgot to come:)i will always be in touch in with you:-),personal
Hi kindly give us back our documents which we submitted for loan from STAPATI,personal
I dont have i shall buy one dear,personal
Oh god i am happy to see your message after 3 days,personal
What year. And how many miles.,personal
Hey cutie. How goes it? Here in WALES its kinda ok. There is like hills and shit but i still avent killed myself.,personal
"Sad story of a Man - Last week was my b'day. My Wife did'nt wish me. My Parents forgot n so did my Kids . I went to work. Even my Colleagues did not wish. As I entered my cabin my PA said, '' Happy B'day Boss !!''. I felt special. She askd me 4 lunch. After lunch she invited me to her apartment. We went there. She said,'' do u mind if I go into the bedroom for a minute ? '' ''OK'', I sed in a sexy mood. She came out 5 minuts latr wid a cake...n My Wife, My Parents, My Kidz, My Friends n My Colleagues. All screaming.. SURPRISE !! and I was waiting on the sofa.. ... ..... ' NAKED...!",personal
I think you should go the honesty road. Call the bank tomorrow. Its the tough decisions that make us great people.,personal
No. Its not specialisation. Can work but its slave labor. Will look for it this month sha cos no shakara 4 beggar.,personal
Is she replying. Has boye changed his phone number,personal
hi my darlin im on my way to London and we have just been smashed into by another driver! and have a big dent! im really missing u what have u been up to? xxx,personal
"Nothing really, just making sure everybody's up to speed",personal
I'm not coming home 4 dinner.,personal
"Thank you. And by the way, I just lost.",personal
Yes.he have good crickiting mind,personal
Thx. All will be well in a few months,personal
"CAN I PLEASE COME UP NOW IMIN TOWN.DONTMATTER IF URGOIN OUTL8R,JUST REALLYNEED 2DOCD.PLEASE DONTPLEASE DONTIGNORE MYCALLS,U NO THECD ISV.IMPORTANT TOME 4 2MORO",personal
I wont. So wat's wit the guys,personal
Yavnt tried yet and never played original either,personal
"Hiya, had a good day? Have you spoken to since the weekend?",personal
See? I thought it all through,personal
get ready to moan and scream :),personal
Oh k :)why you got job then whats up?,personal
"I don,t think so. You don't need to be going out that late on a school night. ESPECIALLY when the one class you have is the one you missed last wednesday and probably failed a test in on friday",personal
And popping &lt;#&gt; ibuprofens was no help.,personal
"Babe ! How goes that day ? What are you doing ? Where are you ? I sip my cappuccino and think of you, my love ... I send a kiss to you from across the sea",personal
Ok.,personal
PS U no ur a grown up now right?,personal
"Chinatown got porridge, claypot rice, yam cake, fishhead beehoon... Either we eat cheap den go cafe n tok or go nydc or somethin...",personal
I know a few people I can hit up and fuck to the yes,personal
Purity of friendship between two is not about smiling after reading the forwarded message..Its about smiling just by seeing the name. Gud evng,personal
So is there anything specific I should be doing with regards to jaklin or what because idk what the fuck,personal
Oh god. I'm gonna Google nearby cliffs now.,personal
Yup i shd haf ard 10 pages if i add figures... all got how many pages?,personal
"Ooh, 4got, i'm gonna start belly dancing in moseley weds 6.30 if u want 2 join me, they have a cafe too.",personal
Thankyou so much for the call. I appreciate your care.,personal
Congrats ! Treat pending.i am not on mail for 2 days.will mail once thru.Respect mother at home.check mails.,personal
I called but no one pick up e phone. I ask both of them already they said ok.,personal
Hi my email address has changed now it is,personal
"V-aluable. A-ffectionate. L-oveable. E-ternal. N-oble. T-ruthful. I-ntimate. N-atural. E-namous. Happy ""VALENTINES DAY"" in advance",personal
"Not much, just some textin'. How bout you?",personal
Bring it if you got it,personal
I'm in a movie. Call me 4 wat?,personal
Not sure I have the stomach for it ...,personal
Haha... can... But i'm having dinner with my cousin...,personal
"A boy was late 2 home. His father: ""POWER OF FRNDSHIP""",personal
"(And my man carlos is definitely coming by mu tonight, no excuses)",personal
soon you will have the real thing princess! Do i make you wet? :),personal
Raji..pls do me a favour. Pls convey my Birthday wishes to Nimya. Pls. Today is her birthday.,personal
"Haha, my legs and neck are killing me and my amigos are hoping to end the night with a burn, think I could swing by in like an hour?",personal
Usually the body takes care of it buy making sure it doesnt progress. Can we pls continue this talk on saturday.,personal
"Hmm well, night night",personal
Just wanted to say holy shit you guys weren't kidding about this bud,personal
"Just gettin a bit arty with my collages at the mo, well tryin 2 ne way! Got a roast in a min lovely i shall enjoy that!",personal
"This is one of the days you have a billion classes, right?",personal
"Goodmorning, today i am late for 2hrs. Because of back pain.",personal
Ok then i'll let him noe later n ask him call u tmr...,personal
OK i'm waliking ard now... Do u wan me 2 buy anything go ur house?,personal
* Will have two more cartons off u and is very pleased with shelves,personal
Nice talking to you! please dont forget my pix :) i want to see all of you...,personal
But really quite funny lor wat... Then u shd haf run shorter distance wat...,personal
I notice you like looking in the shit mirror youre turning into a right freak,personal
Great. I was getting worried about you. Just know that a wonderful and caring person like you will have only the best in life. Know that u r wonderful and God's love is yours.,personal
"I prefer my free days... Tues, wed, fri oso can... ask those workin lor...",personal
Alrite jod hows the revision goin? Keris bin doin a smidgin. N e way u wanna cum over after college?xx,personal
If you have belive me. Come to my home.,personal
Oh k.k..where did you take test?,personal
Those were my exact intentions,personal
haha but no money leh... Later got to go for tuition... Haha and looking for empty slots for driving lessons,personal
"Hey... Thk we juz go accordin to wat we discussed yest lor, except no kb on sun... Cos there's nt much lesson to go if we attend kb on sat...",personal
"K, wen ur free come to my home and also tel vikky i hav sent mail to him also.. Better come evening il be free today aftr 6pm..:-)",personal
Nothing just getting msgs by dis name wit different no's..,personal
What's your room number again? Wanna make sure I'm knocking on the right door,personal
"Si.como no?!listened2the plaid album-quite gd&the new air1 which is hilarious-also boughtbraindancea comp.ofstuff on aphexs ;abel,u hav2hear it!c u sn xxxx",personal
Pls tell nelson that the bb's are no longer comin. The money i was expecting aint coming,personal
"Give her something to drink, if she takes it and doesn't vomit then you her temp might drop. If she unmits however let me know.",personal
Think you sent the text to the home phone. That cant display texts. If you still want to send it his number is,personal
Every day i use to sleep after &lt;#&gt; so only.,personal
K I'll call you when I'm close,personal
U buy newspapers already?,personal
Nope wif my sis lor... Aft bathing my dog then i can bathe... Looks like it's going 2 rain soon.,personal
Boo I'm on my way to my moms. She's making tortilla soup. Yummmm,personal
No management puzzeles.,personal
How did you find out in a way that didn't include all of these details,personal
will you like to be spoiled? :),personal
I am getting threats from your sales executive Shifad as i raised complaint against him. Its an official message.,personal
hope things went well at 'doctors' ;) reminds me i still need 2go.did u c d little thing i left in the lounge?,personal
Den wat will e schedule b lk on sun?,personal
Lol enjoy role playing much?,personal
Ok. Me watching tv too.,personal
"I just lov this line: ""Hurt me with the truth, I don't mind,i wil tolerat.bcs ur my someone..... But, Never comfort me with a lie"" gud ni8 and sweet dreams",personal
"Just checked out, heading out to drop off my stuff now",personal
Here got lots of hair dresser fr china.,personal
Sad story of a Man - Last week was my b'day. My Wife did'nt wish me. My Parents forgot n so did my Kids . I went to work. Even my Colleagues did not wish.,personal
Ill call you evening ill some ideas.,personal
Did you show him and wot did he say or could u not c him 4 dust?,personal
It should take about &lt;#&gt; min,personal
Finish liao... U?,personal
Haha i think i did too,personal
U know we watchin at lido?,personal
Life spend with someone for a lifetime may be meaningless but a few moments spent with someone who really love you means more than life itself..,personal
"Haha awesome, I've been to 4u a couple times. Who all's coming?",personal
Cold. Dont be sad dear,personal
Think I could stop by in like an hour or so? My roommate's looking to stock up for a trip,personal
Is that on the telly? No its Brdget Jones!,personal
Hello! How r u? Im bored. Inever thought id get bored with the tv but I am. Tell me something exciting has happened there? Anything! =/,personal
Hmm...Bad news...Hype park plaza $700 studio taken...Only left 2 bedrm-$900...,personal
"Sorry, I'll call later in meeting",personal
R comin back for dinner?,personal
"I hav almost reached. Call, i m unable to connect u.",personal
Whom you waited for yesterday,personal
I reach home safe n sound liao...,personal
"Velly good, yes please!",personal
"Hi, wkend ok but journey terrible. Wk not good as have huge back log of marking to do",personal
I have had two more letters from . I will copy them for you cos one has a message for you. Speak soon,personal
Alex knows a guy who sells mids but he's down in south tampa and I don't think I could set it up before like 8,personal
Dont you have message offer,personal
"HEY THERE BABE, HOW U DOIN? WOT U UP 2 2NITE LOVE ANNIE X.",personal
Remind me how to get there and I shall do so,personal
:-( that's not v romantic!,personal
Hello. Damn this christmas thing. I think i have decided to keep this mp3 that doesnt work.,personal
HI DARLIN IM MISSIN U HOPE YOU ARE HAVING A GOOD TIME. WHEN ARE U BACK AND WHAT TIME IF U CAN GIVE ME A CALL AT HOME. JESS XX,personal
Draw va?i dont think so:),personal
Dont pick up d call when something important is There to tell. Hrishi,personal
Nothin comes to my mind. help me buy hanger lor. Ur laptop not heavy?,personal
"&lt;#&gt; , that's all? Guess that's easy enough",personal
We can make a baby in yo tho,personal
Should I tell my friend not to come round til like &lt;#&gt; ish?,personal
Friendship poem: Dear O Dear U R Not Near But I Can Hear Dont Get Fear Live With Cheer No More Tear U R Always my Dear. Gud ni8,personal
Still in the area of the restaurant. Ill try to come back soon,personal
"Aight that'll work, thanks",personal
"I have 2 sleeping bags, 1 blanket and paper and phone details. Anything else?",personal
So what do you guys do.,personal
Also that chat was awesome but don't make it regular unless you can see her in person,personal
That's significant but dont worry.,personal
That's cause your old. I live to be high.,personal
"Waqt se pehle or naseeb se zyada kisi ko kuch nahi milta,Zindgi wo nahi he jo hum sochte hai Zindgi wo hai jo ham jeetey hai..........",personal
On the way to office da..,personal
In which place do you want da.,personal
This pain couldn't have come at a worse time.,personal
Should I be stalking u?,personal
Sorry dude. Dont know how i forgot. Even after Dan reminded me. Sorry. Hope you guys had fun.,personal
Ok lor.,personal
Apps class varaya elaya.,personal
That day you asked about anand number. Why:-),personal
Am surfing online store. For offers do you want to buy any thing.,personal
Long beach lor. Expected... U having dinner now?,personal
At home by the way,personal
We are both fine. Thanks,personal
What happen to her tell the truth,personal
Do you like Italian food?,personal
Which is weird because I know I had it at one point,personal
Aww you must be nearly dead!Well Jez isComing over toDo some workAnd that whillTake forever!,personal
Tell your friends what you plan to do on Valentines day @ &lt;URL&gt;,personal
"Alright, see you in a bit",personal
Cheers for the message Zogtorius. Ive been staring at my phone for an age deciding whether to text or not.,personal
I will take care of financial problem.i will help:),personal
Tell dear what happen to you. Why you talking to me like an alian,personal
"Hi this is yijue, can i meet u at 11 tmr?",personal
Its posible dnt live in &lt;#&gt; century cm frwd n thnk different,personal
But i dint slept in afternoon.,personal
That seems unnecessarily affectionate,personal
Yar else i'll thk of all sorts of funny things.,personal
Thats cool. How was your day?,personal
R we going with the &lt;#&gt; bus?,personal
"Hello, my love ! How went your day ? Are you alright ? I think of you, my sweet and send a jolt to your heart to remind you ... I LOVE YOU! Can you hear it ? I screamed it across the sea for all the world to hear. Ahmad al Hallaq is loved ! and owned ! *possessive passionate kiss*",personal
No..he joined today itself.,personal
Okay same with me. Well thanks for the clarification,personal
I'll talk to the others and probably just come early tomorrow then,personal
"Had the money issue weigh me down but thanks to you, I can breathe easier now. I.ll make sure you dont regret it. Thanks.",personal
Hi. I'm sorry i missed your call. Can you pls call back.,personal
Ok then no need to tell me anything i am going to sleep good night,personal
Ok try to do week end course in coimbatore.,personal
V nice! Off 2 sheffield tom 2 air my opinions on categories 2 b used 2 measure ethnicity in next census. Busy transcribing. :-),personal
If you r @ home then come down within 5 min,personal
"A Boy loved a gal. He propsd bt she didnt mind. He gv lv lttrs, Bt her frnds threw thm. Again d boy decided 2 aproach d gal , dt time a truck was speeding towards d gal. Wn it was about 2 hit d girl,d boy ran like hell n saved her. She asked 'hw cn u run so fast?' D boy replied ""Boost is d secret of my energy"" n instantly d girl shouted ""our energy"" n Thy lived happily 2gthr drinking boost evrydy Moral of d story:- I hv free msgs:D;): gud ni8",personal
"That day say cut ur hair at paragon, is it called hair sense? Do noe how much is a hair cut?",personal
"Hmm, too many of them unfortunately... Pics obviously arent hot cakes. Its kinda fun tho",personal
Watching tv lor... Y she so funny we bluff her 4 wat. Izzit because she thk it's impossible between us?,personal
Dunno lei he neva say...,personal
Thanx 4 2day! U r a goodmate I THINK UR RITE SARY! ASUSUAL!1 U CHEERED ME UP! LOVE U FRANYxxxxx,personal
I'm on my way home. Went to change batt 4 my watch then go shop a bit lor.,personal
"Hi, Mobile no. &lt;#&gt; has added you in their contact list on www.fullonsms.com It s a great place to send free sms to people For more visit fullonsms.com",personal
"Good evening Sir, hope you are having a nice day. I wanted to bring it to your notice that I have been late in paying rent for the past few months and have had to pay a $ &lt;#&gt; charge. I felt it would be inconsiderate of me to nag about something you give at great cost to yourself and that's why i didnt speak up. I however am in a recession and wont be able to pay the charge this month hence my askin well ahead of month's end. Can you please help. Thank you for everything.",personal
"If i let you do this, i want you in the house by 8am.",personal
"Best line said in Love: . ""I will wait till the day I can forget u Or The day u realize that u cannot forget me.""... Gn",personal
I will reach before ten morning,personal
Your pussy is perfect!,personal
No message..no responce..what happend?,personal
Also where's the piece,personal
"wiskey Brandy Rum Gin Beer Vodka Scotch Shampain Wine ""KUDI""yarasu dhina vaazhthukkal. ..",personal
Boo. How's things? I'm back at home and a little bored already :-(,personal
First has she gained more than &lt;#&gt; kg since she took in. Second has she done the blood sugar tests. If she has and its ok and her blood pressure is within normal limits then no worries,personal
PICK UR FONE UP NOW U DUMB?,personal
"Thanks da thangam, i feel very very happy dear. I also miss you da.",personal
"Okey doke. I'm at home, but not dressed cos laying around ill! Speak to you later bout times and stuff.",personal
I don't run away frm u... I walk slowly &amp; it kills me that u don't care enough to stop me...,personal
"Babe, I'm back ... Come back to me ...",personal
Well you told others you'd marry them...,personal
Neshanth..tel me who r u?,personal
YO YO YO BYATCH WHASSUP?,personal
Oh... Kay... On sat right?,personal
Hi! This is Roger from CL. How are you?,personal
Oh oh... Wasted... Den muz chiong on sat n sun liao...,personal
Jesus christ bitch I'm trying to give you drugs answer your fucking phone,personal
Please give it 2 or i will pick it up on Tuesday evening about 8 if that is ok.,personal
I'm meeting Darren...,personal
"One of best dialogue in cute reltnship..!! ""Wen i Die, Dont Come Near My Body..!! Bcoz My Hands May Not Come 2 Wipe Ur Tears Off That Time..!Gud ni8",personal
"Solve d Case : A Man Was Found Murdered On &lt;DECIMAL&gt; . &lt;#&gt; AfterNoon. 1,His wife called Police. 2,Police questioned everyone. 3,Wife: Sir,I was sleeping, when the murder took place. 4.Cook: I was cooking. 5.Gardener: I was picking vegetables. 6.House-Maid: I went 2 d post office. 7.Children: We went 2 play. 8.Neighbour: We went 2 a marriage. Police arrested d murderer Immediately. Who's It? Reply With Reason, If U r Brilliant.",personal
Dear where you will be when i reach there,personal
Aww that's the first time u said u missed me without asking if I missed u first. You DO love me! :),personal
Ok... Thanx... Gd nite 2 too...,personal
"Come to me right now, Ahmad",personal
Lol please do. Actually send a pic of yourself right now. I wanna see. Pose with a comb and hair dryer or something.,personal
O was not into fps then.,personal
Huh means computational science... Y they like dat one push here n there...,personal
"Could you not read me, my Love ? I answered you",personal
Oh... Lk tt den we take e one tt ends at cine lor... Dun wan yogasana oso can...,personal
"Madam,regret disturbance.might receive a reference check from DLF Premarica.kindly be informed.Rgds,Rakhesh,Kerala.",personal
Oic... Then better quickly go bathe n settle down...,personal
Err... Cud do. I'm going to at 8pm. I haven't got a way to contact him until then.,personal
A bloo bloo bloo I'll miss the first bowl,personal
Lmao but its so fun...,personal
Oh k k:)but he is not a big hitter.anyway good,personal
Hey!!! I almost forgot ... Happy B-day babe ! I love ya!!,personal
Do you think i can move &lt;#&gt; in a week,personal
She.s find. I sent you an offline message to know how anjola's now.,personal
How was txting and driving,personal
That's good. Lets thank God. Please complete the drug. Have lots of water. And have a beautiful day.,personal
Really dun bluff me leh... U sleep early too. Nite...,personal
"Indians r poor but India is not a poor country. Says one of the swiss bank directors. He says that "" &lt;#&gt; lac crore"" of Indian money is deposited in swiss banks which can be used for 'taxless' budget for &lt;#&gt; yrs. Can give &lt;#&gt; crore jobs to all Indians. From any village to Delhi 4 lane roads. Forever free power suply to more than &lt;#&gt; social projects. Every citizen can get monthly &lt;#&gt; /- for &lt;#&gt; yrs. No need of World Bank &amp; IMF loan. Think how our money is blocked by rich politicians. We have full rights against corrupt politicians. Itna forward karo ki pura INDIA padhe.g.m.""",personal
Uncle boye. I need movies oh. Guide me. Plus you know torrents are not particularly legal here. And the system is slowing down. What should i do. Have a gr8 day. Plus have you started cos i dont meet you online. How was the honey moon.,personal
Oh ya ya. I remember da. .,personal
Btw regarding that we should really try to see if anyone else can be our 4th guy before we commit to a random dude,personal
I not busy juz dun wan 2 go so early.. Hee..,personal
Rightio. 11.48 it is then. Well arent we all up bright and early this morning.,personal
"Great. I'm in church now, will holla when i get out",personal
Back in brum! Thanks for putting us up and keeping us all and happy. See you soon,personal
I donno if they are scorable,personal
&lt;#&gt; great loxahatchee xmas tree burning update: you can totally see stars here,personal
"Yes but i dont care! I need you bad, princess!",personal
"The guy (kadeem) hasn't been selling since the break, I know one other guy but he's paranoid as fuck and doesn't like selling without me there and I can't be up there til late tonight",personal
Tmr then brin lar... Aiya later i come n c lar... Mayb neva set properly got da help sheet wif ...,personal
Do u knw dis no. &lt;#&gt; ?,personal
Then she dun believe wat?,personal
K..give back my thanks.,personal
I know complain num only..bettr directly go to bsnl offc nd apply for it..,personal
Okay. I've seen it. So i should pick it on friday?,personal
How much she payed. Suganya.,personal
Left dessert. U wan me 2 go suntec look 4 u?,personal
"Abeg, make profit. But its a start. Are you using it to get sponsors for the next event?",personal
Onum ela pa. Normal than.,personal
K.k..how is your sister kids?,personal
"Cool, I'll text you when I'm on the way",personal
Nope. Meanwhile she talk say make i greet you.,personal
i cant talk to you now.i will call when i can.dont keep calling.,personal
Anything lar...,personal
"Rose needs water, season needs change, poet needs imagination..My phone needs ur sms and i need ur lovely frndship forever....",personal
"Good afternoon, babe. How goes that day ? Any job prospects yet ? I miss you, my love ... *sighs* ... :-(",personal
They will pick up and drop in car.so no problem..,personal
S.i think he is waste for rr..,personal
He is world famamus....,personal
Is there coming friday is leave for pongal?do you get any news from your work place.,personal
Lol well don't do it without me. We could have a big sale together.,personal
* Am on my way,personal
Eat at old airport road... But now 630 oredi... Got a lot of pple...,personal
"sry can't talk on phone, with parents",personal
Ok lor wat time finish?,personal
"Princess, i like to make love &lt;#&gt; times per night. Hope thats not a problem!",personal
Mm i am on the way to railway,personal
"I'm done. I'm sorry. I hope your next space gives you everything you want. Remember all the furniture is yours. If i'm not around when you move it, just lock all the locks and leave the key with jenne.",personal
Not yet. Just i'd like to keep in touch and it will be the easiest way to do that from barcelona. By the way how ru and how is the house?,personal
K.:)do it at evening da:)urgent:),personal
Pansy! You've been living in a jungle for two years! Its my driving you should be more worried about!,personal
Mm have some kanji dont eat anything heavy ok,personal
Only if you promise your getting out as SOON as you can. And you'll text me in the morning to let me know you made it in ok.,personal
Lol that's different. I don't go trying to find every real life photo you ever took.,personal
I dont thnk its a wrong calling between us,personal
K ill drink.pa then what doing. I need srs model pls send it to my mail id pa.,personal
Aiyah e rain like quite big leh. If drizzling i can at least run home.,personal
I have 2 docs appointments next week.:/ I'm tired of them shoving stuff up me. Ugh why couldn't I have had a normal body?,personal
Dun b sad.. It's over.. Dun thk abt it already. Concentrate on ur other papers k.,personal
"Greetings me, ! Consider yourself excused.",personal
No drama Pls.i have had enough from you and family while i am struggling in the hot sun in a strange place.No reason why there should be an ego of not going 'IF NOT INVITED' when actually its necessity to go.wait for very serious reppurcussions.,personal
they released another Italian one today and it has a cosign option,personal
"You at mu? You should try to figure out how much money everyone has for gas and alcohol, jay and I are trying to figure out our weed budget",personal
HCL chennai requires FRESHERS for voice process.Excellent english needed.Salary upto &lt;#&gt; .Call Ms.Suman &lt;#&gt; for Telephonic interview -via Indyarocks.com,personal
Dai what this da.. Can i send my resume to this id.,personal
"I know where the &lt;#&gt; is, I'll be there around 5",personal
Yup i've finished c there...,personal
Remember to ask alex about his pizza,personal
No da..today also i forgot..,personal
"Ola would get back to you maybe not today but I ve told him you can be his direct link in the US in getting cars he bids for online, you arrange shipping and you get a cut. Or U????? For a partnership where U????? Invest money for shipping and he takes care of the rest!U??Wud b self reliant soon dnt worry",personal
Fwiw the reason I'm only around when it's time to smoke is that because of gas I can only afford to be around when someone tells me to be and that apparently only happens when somebody wants to light up,personal
"Hello, my boytoy! I made it home and my constant thought is of you, my love. I hope your having a nice visit but I can't wait till you come home to me ...*kiss*",personal
Congrats kano..whr s the treat maga?,personal
Who u talking about?,personal
Yup...,personal
"U wake up already? Wat u doing? U picking us up later rite? I'm taking sq825, reaching ard 7 smth 8 like dat. U can check e arrival time. C ya soon...",personal
Yunny i'm walking in citylink now faster come down... Me very hungry...,personal
Er yep sure. Props?,personal
"Hiya , have u been paying money into my account? If so, thanks. Got a pleasant surprise when i checked my balance -u c, i don't get statements 4 that acc",personal
Ok ill send you with in &lt;DECIMAL&gt; ok.,personal
Bognor it is! Should be splendid at this time of year.,personal
Yes.i'm in office da:),personal
Ok. I only ask abt e movie. U wan ktv oso?,personal
Misplaced your number and was sending texts to your old number. Wondering why i've not heard from you this year. All the best in your mcat. Got this number from my atlanta friends,personal
Dunno lei... I might b eatin wif my frens... If wan to eat then i wait 4 lar,personal
Do u noe how 2 send files between 2 computers?,personal
"Mmmmm ... I loved waking to your words this morning ! I miss you too, my Love. I hope your day goes well and you are happy. I wait for us to be together again",personal
jay says he'll put in &lt;#&gt;,personal
Can you just come in for a sec? There's somebody here I want you to see,personal
So the sun is anti sleep medicine.,personal
What's happening with you. Have you gotten a job and have you begun registration for permanent residency,personal
Yup ok...,personal
Glad it went well :) come over at 11 then we'll have plenty of time before claire goes to work.,personal
Ok enjoy . R u there in home.,personal
"Can you pls pls send me a mail on all you know about relatives coming to deliver here? All you know about costs, risks, benefits and anything else. Thanks.",personal
You do what all you like,personal
That's y we haf to combine n c how lor...,personal
The monthly amount is not that terrible and you will not pay anything till 6months after finishing school.,personal
Hmmm:)how many players selected?,personal
"They said if its gonna snow, it will start around 8 or 9 pm tonite! They are predicting an inch of accumulation.",personal
I dont. Can you send it to me. Plus how's mode.,personal
Aiyo please got time meh.,personal
Package all your programs well,personal
"She is our sister.. She belongs 2 our family.. She is d hope of tomorrow.. Pray 4 her,who was fated 4 d Shoranur train incident. Lets hold our hands together &amp; fuelled by love &amp; concern prior 2 her grief &amp; pain. Pls join in dis chain &amp; pass it. STOP VIOLENCE AGAINST WOMEN.",personal
So are you guys asking that i get that slippers again or its gone with last year,personal
Company is very good.environment is terrific and food is really nice:),personal
Honestly i've just made a lovely cup of tea and promptly dropped my keys in it and then burnt my fingers getting them out!,personal
Yup but not studying surfing lor. I'm in e lazy mode today.,personal
Please sen :)my kind advice :-)please come here and try:-),personal
I'm done. C there.,personal
"Oh fine, I'll be by tonight",personal
give me some time to walk there.,personal
I'll reach in ard 20 mins ok...,personal
Fuck babe ... What happened to you ? How come you never came back?,personal
"Some friends want me to drive em someplace, probably take a while",personal
I also thk too fast... Xy suggest one not me. U dun wan it's ok. Going 2 rain leh where got gd.,personal
Are you still getting the goods.,personal
And maybe some pressies,personal
"Yeah I am, so I'll leave maybe 7ish?",personal
I told her I had a Dr appt next week. She thinks I'm gonna die. I told her its just a check. Nothing to be worried about. But she didn't listen.,personal
You in your room? I need a few,personal
I dont want to hear anything,personal
Hey. For me there is no leave on friday. Wait i will ask my superior and tell you..,personal
Ultimately tor motive tui achieve korli.,personal
From 5 to 2 only my work timing.,personal
and dont worry well have finished by march ish!,personal
"The house is on the water with a dock, a boat rolled up with a newscaster who dabbles in jazz flute behind the wheel",personal
Now thats going to ruin your thesis!,personal
In sch but neva mind u eat 1st lor..,personal
Hey whats up? U sleeping all morning?,personal
Erm. I thought the contract ran out the4th of october.,personal
I dunno until when... Lets go learn pilates...,personal
Yup i'm elaborating on the safety aspects and some other issues..,personal
"Goodmorning, today i am late for 1hr.",personal
Hi happy birthday. Hi hi hi hi hi hi hi,personal
I will be outside office take all from there,personal
If you don't respond imma assume you're still asleep and imma start calling n shit,personal
"Aight, see you in a bit",personal
My superior telling that friday is leave for all other department except ours:)so it will be leave for you:)any way call waheed fathima hr and conform it:),personal
Lol I have to take it. member how I said my aunt flow didn't visit for 6 months? It's cause I developed ovarian cysts. Bc is the only way to shrink them.,personal
Still work going on:)it is very small house.,personal
"My friend just got here and says he's upping his order by a few grams (he's got $ &lt;#&gt; ), when can you get here?",personal
Tmr timin still da same wat cos i got lesson until 6...,personal
"Thats the thing with apes, u can fight to the death to keep something, but the minute they have it when u let go, thats it!",personal
No i'm not gonna be able to. || too late notice. || i'll be home in a few weeks anyway. || what are the plans,personal
"Got fujitsu, ibm, hp, toshiba... Got a lot of model how to say...",personal
Okie... Thanx...,personal
"Gosh that , what a pain. Spose I better come then.",personal
"As usual..iam fine, happy &amp; doing well..:)",personal
Okie,personal
So when you gonna get rimac access,personal
Im at arestaurant eating squid! i will be out about 10:30 wanna dosomething or is that to late?,personal
You call times job today ok umma and ask them to speed up,personal
HELLO U.CALL WEN U FINISH WRK.I FANCY MEETIN UP WIV U ALL TONITE AS I NEED A BREAK FROM DABOOKS. DID 4 HRS LAST NITE+2 TODAY OF WRK!,personal
R U &SAM P IN EACHOTHER. IF WE MEET WE CAN GO 2 MY HOUSE,personal
:-) yeah! Lol. Luckily i didn't have a starring role like you!,personal
Hello madam how are you ?,personal
"Awesome, text me when you're restocked",personal
Yes. It's all innocent fun. O:-),personal
Thanks for sending this mental ability question..,personal
"Sir, hope your day is going smoothly. i really hoped i wont have to bother you about this. I have some bills that i can't settle this month. I am out of all extra cash. I know this is a challenging time for you also but i have to let you know.",personal
2marrow only. Wed at &lt;#&gt; to 2 aha.,personal
I went to ur hon lab but no one is there.,personal
Hey pple...$700 or $900 for 5 nights...Excellent location wif breakfast hamper!!!,personal
How come?,personal
Lol! Nah wasn't too bad thanks. Its good to b home but its been quite a reality check. Hows ur day been? Did u do anything with website?,personal
Ok lor...,personal
I'm coming home 4 dinner.,personal
S da..al r above &lt;#&gt;,personal
Unni thank you dear for the recharge..Rakhesh,personal
I know I'm lacking on most of this particular dramastorm's details but for the most part I'm not worried about that,personal
Haha... They cant what... At the most tmr forfeit... haha so how?,personal
"Hey there! Glad u r better now. I hear u treated urself to a digi cam, is it good? We r off at 9pm. Have a fab new year, c u in coupla wks!",personal
No way I'm going back there!,personal
I WILL CAL YOU SIR. In meeting,personal
"That's what I love to hear :V see you sundayish, then",personal
"Sorry da thangam, very very sorry i am held up with prasad.",personal
Tiwary to rcb.battle between bang and kochi.,personal
Thank god they are in bed!,personal
No I don't have cancer. Moms making a big deal out of a regular checkup aka pap smear,personal
Am in gobi arts college,personal
Why she wants to talk to me,personal
Pandy joined 4w technologies today.he got job..,personal
"They can try! They can get lost, in fact. Tee hee",personal
My friends use to call the same.,personal
"Em, its olowoyey@ usc.edu have a great time in argentina. Not sad about secretary, everything is a blessing",personal
"It,,s a taxt massage....tie-pos argh ok! Lool!",personal
"Hi, can i please get a &lt;#&gt; dollar loan from you. I.ll pay you back by mid february. Pls.",personal
"You might want to pull out more just in case and just plan on not spending it if you can, I don't have much confidence in derek and taylor's money management",personal
Do you like shaking your booty on the dance floor?,personal
"Text me when you get off, don't call, my phones having problems",personal
No need for the drug anymore.,personal
Sorry da:)i was thought of calling you lot of times:)lil busy.i will call you at noon..,personal
Its sarcasm.. .nt scarcasim,personal
Great! I have to run now so ttyl!,personal
Feel like trying kadeem again? :V,personal
Dai &lt;#&gt; naal eruku.,personal
Not yet chikku..wat abt u?,personal
Want to finally have lunch today?,personal
Do you know when dad will be back?,personal
He remains a bro amongst bros,personal
R u meeting da ge at nite tmr?,personal
"* Was a nice day and, impressively, i was sensible, went home early and now feel fine. Or am i just boring?! When's yours, i can't remember.",personal
Why de. You looking good only:-)..,personal
Yes. They replied my mail. I'm going to the management office later. Plus will in to bank later also.or on wednesday.,personal
"That's cool, I'll come by like &lt;#&gt; ish",personal
Super msg da:)nalla timing.,personal
"Good afternoon, my boytoy ... How are you feeling today ? Better I hope? Are you being my good boy? Are you my obedient, slave? Do you please your Queen?",personal
I am 6 ft. We will be a good combination!,personal
I'm sick !! I'm needy !! I want you !! *pouts* *stomps feet* Where are you ?! *pouts* *stomps feet* I want my slave !! I want him now !!,personal
* Am on a train back from northampton so i'm afraid not!,personal
Where in abj are you serving. Are you staying with dad or alone.,personal
Was playng 9 doors game and gt racing on phone lol,personal
I'm on da bus going home...,personal
I got a call from a landline number. . . I am asked to come to anna nagar . . . I will go in the afternoon,personal
I'm okay. Chasing the dream. What's good. What are you doing next.,personal
Yupz... I've oredi booked slots 4 my weekends liao...,personal
There r many model..sony ericson also der.. &lt;#&gt; ..it luks good bt i forgot modl no,personal
Yes I know the cheesy songs from frosty the snowman :),personal
"Ya ok, vikky vl c witin &lt;#&gt; mins and il reply u..",personal
Hey tmr meet at bugis 930 ?,personal
All these nice new shirts and the only thing I can wear them to is nudist themed ;_; you in mu?,personal
Hey sexy buns! What of that day? No word from you this morning on YM ... :-( ... I think of you,personal
And whenever you and i see we can still hook up too.,personal
Nope but i'm going home now then go pump petrol lor... Like going 2 rain soon...,personal
Can you use foreign stamps for whatever you send them off for?,personal
Oh baby of the house. How come you dont have any new pictures on facebook,personal
"Feb &lt;#&gt; is ""I LOVE U"" day. Send dis to all ur ""VALUED FRNDS"" evn me. If 3 comes back u'll gt married d person u luv! If u ignore dis u will lose ur luv 4 Evr",personal
"Hiya, sorry didn't hav signal. I haven't seen or heard from and neither has, which is unusual in itself! I'll put on the case and get him to sort it out! Hugs and snogs.",personal
"Omw back to tampa from west palm, you hear what happened?",personal
Yup no more already... Thanx 4 printing n handing it up.,personal
What i mean is do they come chase you out when its over or is it stated you can watch as many movies as you want.,personal
S now only i took tablets . Reaction morning only.,personal
"Nah, I'm a perpetual DD",personal
Sorry de i went to shop.,personal
Hey you still want to go for yogasana? Coz if we end at cine then can go bathe and hav the steam bath,personal
Nope i'm not drivin... I neva develop da photos lei...,personal
I am thinking of going down to reg for pract lessons.. Flung my advance.. Haha wat time u going?,personal
Cool. I am &lt;#&gt; inches long. hope you like them big!,personal
"House-Maid is the murderer, coz the man was murdered on &lt;#&gt; th January.. As public holiday all govt.instituitions are closed,including post office..understand?",personal
Okie.. Thanx..,personal
Go where n buy? Juz buy when we get there lar.,personal
I'm working technical support :)voice process.,personal
It's justbeen overa week since we broke up and already our brains are going to mush!,personal
"Tunde, how are you doing. This is just wishing you a great day. Abiola.",personal
Nope... C then...,personal
No. But we'll do medical missions to nigeria,personal
No i am not having not any movies in my laptop,personal
I havent lei.. Next mon can?,personal
Mm feeling sleepy. today itself i shall get that dear,personal
How dare you stupid. I wont tell anything to you. Hear after i wont talk to you:-.,personal
Do noe if ben is going?,personal
Can you do a mag meeting this avo at some point?,personal
I meant middle left or right?,personal
Really? I crashed out cuddled on my sofa.,personal
Hi Chachi tried calling u now unable to reach u .. Pl give me a missed cal once u c tiz msg Kanagu,personal
"I sent you the prices and do you mean the &lt;#&gt; g,",personal
Nothing. Can...,personal
No * am working on the ringing u thing but have whole houseful of screaming brats so * am pulling my hair out! Loving u,personal
But my family not responding for anything. Now am in room not went to home for diwali but no one called me and why not coming. It makes me feel like died.,personal
"Tick, tick, tick ... Babe",personal
R going 4 today's meeting?,personal
K da:)how many page you want?,personal
Ya had just now.onion roast.,personal
Send his number and give reply tomorrow morning for why you said that to him like that ok,personal
You said not now. No problem. When you can. Let me know.,personal
Ok but tell me half an hr b4 u come i need 2 prepare.,personal
Play w computer? Aiyah i tok 2 u lor?,personal
Sat right? Okay thanks...,personal
"Derp. Which is worse, a dude who always wants to party or a dude who files a complaint about the three drug abusers he lives with",personal
Ok Chinese food on its way. When I get fat you're paying for my lipo.,personal
We r outside already.,personal
Have a good trip. Watch out for . Remember when you get back we must decide about easter.,personal
Yo we are watching a movie on netflix,personal
What time. Im out until prob 3 or so,personal
"Can meh? Thgt some will clash... Really ah, i dun mind... I dun seen to have lost any weight... Gee...",personal
ARR birthday today:) i wish him to get more oscar.,personal
"Open rebtel with firefox. When it loads just put plus sign in the user name place, and it will show you two numbers. The lower number is my number. Once you pick that number the pin will display okay!",personal
and picking them up from various points,personal
Wow v v impressed. Have funs shopping!,personal
I am on the way to ur home,personal
No problem. Talk to you later,personal
Then ur sis how?,personal
Still in customer place,personal
"Dude u knw also telugu..thts gud..k, gud nyt..",personal
We confirm eating at esplanade?,personal
Send me your id and password,personal
Kind of. Took it to garage. Centre part of exhaust needs replacing. Part ordered n taking it to be fixed tomo morning.,personal
Well I might not come then...,personal
Long after I quit. I get on only like 5 minutes a day as it is.,personal
Then its most likely called Mittelschmertz. Google it. If you dont have paracetamol dont worry it will go.,personal
Well at this right I'm gonna have to get up and check today's steam sales/pee so text me when you want me to come get you,personal
"Just arrived, see you in a couple days &lt;3",personal
"K, wat s tht incident?",personal
Yeah get the unlimited,personal
cThen i thk shd b enuff.. Still got conclusion n contents pg n references.. I'll b doing da contents pg n cover pg..,personal
"Forgot it takes me 3 years to shower, sorry. Where you at/your phone dead yet?",personal
got wat to buy tell us then no need to come in again.,personal
When you are big..| God will bring success.,personal
"we r stayin here an extra week, back next wed. How did we do in the rugby this weekend? Hi to and and , c u soon """,personal
Well there's still a bit left if you guys want to tonight,personal
Not from this campus. Are you in the library?,personal
"The affidavit says &lt;#&gt; E Twiggs St, division g, courtroom &lt;#&gt; , &lt;TIME&gt; AM. I'll double check and text you again tomorrow",personal
How will I creep on you now? ;_;,personal
If I get there before you after your ten billion calls and texts so help me god,personal
I've told him that i've returned it. That should i re order it.,personal
"House-Maid is the murderer, coz the man was murdered on &lt;#&gt; th January.. As public holiday all govt.instituitions are closed,including post office..",personal
Depends on where u going lor.,personal
And smile for me right now as you go and the world will wonder what you are smiling about and think your crazy and keep away from you ... *grins*,personal
Lil fever:) now fine:),personal
I think it's all still in my car,personal
Can a not?,personal
Yes princess! I want to catch you with my big strong hands...,personal
Oh yeah I forgot. U can only take 2 out shopping at once.,personal
Mm so you asked me not to call radio,personal
Thinkin about someone is all good. No drugs for that,personal
"Enjoy the showers of possessiveness poured on u by ur loved ones, bcoz in this world of lies, it is a golden gift to be loved truly..",personal
"Alright if you're sure, let me know when you're leaving",personal
Some are lasting as much as 2 hours. You might get lucky.,personal
Genius what's up. How your brother. Pls send his number to my skype.,personal
Thk some of em find wtc too far... Weiyi not goin... E rest i dunno yet... R ur goin 4 dinner den i might b able to join...,personal
Don't forget who owns you and who's private property you are ... And be my good boy always .. *passionate kiss*,personal
Oh god..taken the teeth?is it paining,personal
Then u ask darren go n pick u lor... But i oso sian tmr haf 2 meet lect...,personal
No need to buy lunch for me.. I eat maggi mee..,personal
"Oh right, ok. I'll make sure that i do loads of work during the day! got a really nasty cough today and is dry n shot so that should really help it!",personal
Thanx 4 sending me home...,personal
Its normally hot mail. Com you see!,personal
U sick still can go shopping?,personal
"Ya they are well and fine., BBD(pooja) full pimples..even she become quite black..and ur rite here its too cold, wearing sweatter..",personal
Nice.nice.how is it working?,personal
1's reach home call me.,personal
Were trying to find a Chinese food place around here,personal
"Easy mate, * guess the quick drink was bit ambitious.",personal
BABE !!! I miiiiiiissssssssss you ! I need you !!! I crave you !!! :-( ... Geeee ... I'm so sad without you babe ... I love you ...,personal
Ok thanx...,personal
"Tunji, how's the queen? how are you doing. This is just wishing you a great day. Abiola.",personal
Today iZ Yellow rose day. If u love my frndship give me 1 misscall &amp; send this to ur frndZ &amp; See how many miss calls u get. If u get 6missed U marry ur Lover.,personal
Will be out of class in a few hours. Sorry,personal
Wat time u finish ur lect today?,personal
She's fine. Good to hear from you. How are you my dear? Happy new year oh.,personal
Are you going to wipro interview today?,personal
how tall are you princess?,personal
I doubt you could handle 5 times per night in any case...,personal
Haha... Hope can hear the receipt sound... Gd luck!,personal
Your gonna be the death if me. I'm gonna leave a note that says its all robs fault. Avenge me.,personal
"Japanese Proverb: If one Can do it, U too Can do it, If none Can do it,U must do it Indian version: If one Can do it, LET HIM DO it.. If none Can do it,LEAVE it!! And finally Kerala version: If one can do it, Stop him doing it.. If none can do it, Make a strike against it ...",personal
Today i'm not workin but not free oso... Gee... Thgt u workin at ur fren's shop ?,personal
In life when you face choices Just toss a coin not becoz its settle the question But while the coin in the air U will know what your heart is hoping for. Gudni8,personal
I want to be there so i can kiss you and feel you next to me,personal
I am not at all happy with what you saying or doing,personal
"Ok that would b lovely, if u r sure. Think about wot u want to do, drinkin, dancin, eatin, cinema, in, out, about... Up to u! Wot about ?",personal
What I'm saying is if you haven't explicitly told nora I know someone I'm probably just not gonna bother,personal
Smith waste da.i wanna gayle.,personal
"Mum, i've sent you many many messages since i got here. I just want to know that you are actually getting them. Do enjoy the rest of your day.",personal
"Aight, tomorrow around &lt;#&gt; it is",personal
I actually did for the first time in a while. I went to bed not too long after i spoke with you. Woke up at 7. How was your night?,personal
See you there!,personal
I dont understand your message.,personal
Crucify is c not s. You should have told me earlier.,personal
"Idk. You keep saying that you're not, but since he moved, we keep butting heads over freedom vs. responsibility. And i'm tired. I have so much other shit to deal with that i'm barely keeping myself together once this gets added to it.",personal
Fuck cedar key and fuck her (come over anyway tho),personal
twenty past five he said will this train have been to durham already or not coz i am in a reserved seat,personal
U still painting ur wall?,personal
Printer is cool. I mean groovy. Wine is groovying,personal
Hi Harish's rent has been transfred to ur Acnt.,personal
Anything lor is she coming?,personal
Cbe is really good nowadays:)lot of shop and showrooms:)city is shaping good.,personal
still attending da talks?,personal
No probs hon! How u doinat the mo?,personal
K I'll take care of it,personal
I take it we didn't have the phone callon Friday. Can we assume we won't have it this year now?,personal
My battery is low babe,personal
Shuhui has bought ron's present it's a swatch watch...,personal
"Yeah there's quite a bit left, I'll swing by tomorrow when I get up",personal
Babe? You said 2 hours and it's been almost 4 ... Is your internet down ?,personal
K I'll be sure to get up before noon and see what's what,personal
K...k...yesterday i was in cbe .,personal
Went to ganesh dress shop,personal
collecting ur laptop then going to configure da settings izzit?,personal
"Aight, I should be there by 8 at the latest, probably closer to 7. Are jay and tyler down or should we just do two trips?",personal
Come aftr &lt;DECIMAL&gt; ..now i m cleaning the house,personal
"Bill, as in: Are there any letters for me. im expecting one from orange that isnt a bill but may still say orange on it.",personal
Tell me pa. How is pain de.,personal
HI DARLIN I HOPE YOU HAD A NICE NIGHT I WISH I HAD COME CANT WAIT TO SEE YOU LOVE FRAN PS I WANT DIRTY ANAL SEX AND I WANT A 10 MAN GANG BANG,personal
"Ha. You dont know either. I did a a clever but simple thing with pears the other day, perfect for christmas.",personal
"Helloooo... Wake up..! ""Sweet"" ""morning"" ""welcomes"" ""You"" ""Enjoy"" ""This Day"" ""with full of joy"".. ""GUD MRNG"".",personal
ALRITE,personal
Why must we sit around and wait for summer days to celebrate. Such a magical sight when the worlds dressed in white. Oooooh let there be snow.,personal
How do you guys go to see movies on your side.,personal
You didn't have to tell me that...now i'm thinking. Plus he's going to stop all your runs,personal
Kindly send some one to our flat before &lt;DECIMAL&gt; today.,personal
Nothing lor... A bit bored too... Then y dun u go home early 2 sleep today...,personal
What time should I tell my friend to be around?,personal
Yes. that will be fine. Love you. Be safe.,personal
Thanks chikku..:-) gud nyt:-*,personal
Is xy in ur car when u picking me up?,personal
"Thanx 4 the time weve spent 2geva, its bin mint! Ur my Baby and all I want is u!xxxx",personal
"Yo, any way we could pick something up tonight?",personal
I've not sent it. He can send me.,personal
Fine am simply sitting.,personal
Thts god's gift for birds as humans hav some natural gift frm god..,personal
Are you coming to day for class.,personal
Im done. Just studyn in library,personal
Ok... U enjoy ur shows...,personal
Anything...,personal
Where wuld I be without my baby? The thought alone mite break me and I dont wanna go crazy but everyboy needs his lady xxxxxxxx,personal
Wat's my dear doing? Sleeping ah?,personal
Hi' Test on &lt;#&gt; rd ....,personal
Only 2% students solved this CAT question in 'xam... 5+3+2= &lt;#&gt; 9+2+4= &lt;#&gt; 8+6+3= &lt;#&gt; then 7+2+5=????? Tell me the answer if u r brilliant...1thing.i got d answr.,personal
Yo do you know anyone &lt;#&gt; or otherwise able to buy liquor? Our guy flaked and right now if we don't get a hold of somebody its just 4 loko all night,personal
Yup n her fren lor. I'm meeting my fren at 730.,personal
"Yeah, we got one lined up for us",personal
"And stop wondering ""wow is she ever going to stop tm'ing me ?!"" because I will tm you whenever I want because you are MINE ... *laughs*",personal
Lol yep did that yesterday. Already got my fireplace. Now its just another icon sitting there for me.,personal
Hey i've booked the pilates and yoga lesson already... Haha,personal
Are you ok. What happen to behave like this,personal
My supervisor find 4 me one lor i thk his students. I havent ask her yet. Tell u aft i ask her.,personal
"Hello. No news on job, they are making me wait a fifth week! Yeah im up for some woozles and weasels... In exeter still, but be home about 3.",personal
"Hey babe, sorry i didn't get sooner. Gary can come and fix it cause he thinks he knows what it is but he doesn't go as far a Ptbo and he says it will cost &lt;#&gt; bucks. I don't know if it might be cheaper to find someone there ? We don't have any second hand machines at all right now, let me know what you want to do babe",personal
make that 3! 4 fucks sake?! x,personal
Leave it. U will always be ignorant.,personal
Nope but i'll b going 2 sch on fri quite early lor cos mys sis got paper in da morn :-),personal
at bruce b downs &amp; fletcher now,personal
Where are you ? You said you would be here when I woke ... :-(,personal
Hey now am free you can call me.,personal
Tell me whos this pls:-),personal
"Think i might have to give it a miss. Am teaching til twelve, then have lecture at two. Damn this working thing.",personal
Id have to check but there's only like 1 bowls worth left,personal
Yes there were many sweets,personal
I would but I'm still cozy. And exhausted from last night.nobody went to school or work. Everything is closed.,personal
Buzzzz! *grins* Did I buzz your ass? Buzz your chest ? Buzz your cock ? Where do you keep your phone ? Is the vibrator on ? Did you feel it shake ?,personal
Sir send to group mail check it.,personal
I'm doing da intro covers energy trends n pros n cons... Brief description of nuclear fusion n oso brief history of iter n jet got abt 7 n half pages..,personal
NONE!NOWHERE IKNO DOESDISCOUNT!SHITINNIT,personal
You dont know you jabo me abi.,personal
Not yet had..ya sapna aunty manege y'day hogidhe..chinnu full weak and swalpa black agidhane..,personal
"Are you being good, baby? :)",personal
"Mostly sports type..lyk footbl,crckt..",personal
Ma head dey swell oh. Thanks for making my day,personal
U should make a fb list,personal
Sary just need Tim in the bollox &it hurt him a lot so he tol me!,personal
Happy New Year Princess!,personal
"I'll text carlos and let you know, hang on",personal
"Don't worry, * is easy once have ingredients!",personal
I love u 2 my little pocy bell I am sorry but I love u,personal
"Ok omw now, you at castor?",personal
Yar lor... Keep raining non stop... Or u wan 2 go elsewhere?,personal
What u mean u almost done? Done wif sleeping? But i tot u going to take a nap.. Yup i send her liao so i'm picking her up at ard 4 smth lor..,personal
"Tonight? Yeah, I'd be down for that",personal
What should i eat fo lunch senor,personal
"He said that he had a right giggle when he saw u again! You would possibly be the first person2die from NVQ, but think how much you could for!",personal
No break time one... How... I come out n get my stuff fr ?,personal
"I'm there and I can see you, but you can't see me ? Maybe you should reboot ym ? I seen the buzz",personal
Do you still have the grinder?,personal
K.i did't see you.:)k:)where are you now?,personal
So i'm doing a list of buyers.,personal
"No idea, I guess we'll work that out an hour after we're supposed to leave since as usual nobody has any interest in figuring shit out before the last second",personal
Mm not entirely sure i understood that text but hey. Ho. Which weekend?,personal
They released vday shirts and when u put it on it makes your bottom half naked instead of those white underwear.,personal
Don know..he is watching film in computer..,personal
No b4 Thursday,personal
"Oh, then your phone phoned me but it disconnected",personal
Id onluy matters when getting on from offcampus,personal
"Excellent, I'll see what riley's plans are",personal
Ew are you one of them?,personal
Also hi wesley how've you been,personal
Ah you see. You have to be in the lingo. I will let you know wot on earth it is when has finished making it!,personal
Imagine Life WITHOUT ME... see.. How fast u are searching me?Don't worry.. l'm always there To disturb U.. Goodnoon..:),personal
"Hm good morning, headache anyone? :-)",personal
Yeah no probs - last night is obviously catching up with you... Speak soon,personal
I might go 2 sch. Yar at e salon now v boring.,personal
&lt;#&gt; mins but i had to stop somewhere first.,personal
"&lt;#&gt; is fast approaching. So, Wish u a very Happy New Year Happy Sankranti Happy republic day Happy Valentines Day Happy Shivratri Happy Ugadi Happy Fools day Happy May Day Happy Independence Day, Happy Friendship,Mother,Father,Teachers,Childrens Day, &amp; HAPPY BIRTHDAY 4 U. Happy Ganesh festival Happy Dasara Happy Diwali Happy Christmas &lt;#&gt; Good Mornings Afternoons, Evenings Nights. RememberI AM the first to WISHING U ALL THESE...your's Raj",personal
One of the joys in lifeis waking up each daywith thoughts that somewhereSomeone cares enough tosend a warm morning greeting.. -,personal
I didn't get the second half of that message,personal
Wat time do u wan 2 meet me later?,personal
I thank you so much for all you do with selflessness. I love you plenty.,personal
Am in film ill call you later.,personal
How dare you change my ring,personal
You are a very very very very bad girl. Or lady.,personal
I love ya too but try and budget your money better babe. Gary would freak on me if he knew,personal
"What part of ""don't initiate"" don't you understand",personal
I finished my lunch already. U wake up already?,personal
You still at the game?,personal
You have got tallent but you are wasting.,personal
What is your record for one night? :),personal
"Also sir, i sent you an email about how to log into the usc payment portal. I.ll send you another message that should explain how things are back home. Have a great weekend.",personal
gonna let me know cos comes bak from holiday that day. is coming. Don't4get2text me number.,personal
Jokin only lar... :-) depends on which phone my father can get lor...,personal
"Aight, lemme know what's up",personal
Get ready for &lt;#&gt; inches of pleasure...,personal
;-) ok. I feel like john lennon.,personal
Cos darren say considering mah so i ask ...,personal
You are not bothering me but you have to trust my answers. Pls.,personal
One day a crab was running on the sea shore..The waves came n cleared the footprints of the crab.. Crab asked: being my frnd y r u clearing my beautiful footprints? Waves replied: A fox was following ur footprints to catch you! thats y i cleared it off:) frndsship never lets u dwn :-) GUD nyt..,personal
Aight what time you want me to come up?,personal
Slaaaaave ! Where are you ? Must I summon you to me all the time now ? Don't you wish to come to me on your own anymore?,personal
Your bill at 3 is 33.65 so thats not bad!,personal
Let me know how it changes in the next 6hrs. It can even be appendix but you are out of that age range. However its not impossible. So just chill and let me know in 6hrs,personal
"Hello, yeah i've just got out of the bath and need to do my hair so i'll come up when i'm done, yeah?",personal
So how's the weather over there?,personal
"Ok. Not much to do here though. H&M Friday, cant wait. Dunno wot the hell im gonna do for another 3 weeks! Become a slob- oh wait, already done that!",personal
Die... Now i have e toot fringe again...,personal
Lol they don't know about my awesome phone. I could click delete right now if I want.,personal
"Awesome question with a cute answer: Someone asked a boy ""how is ur life?"" . . He smiled &amp; answered: . . ""She is fine!"" Gudnite",personal
Please leave this topic..sorry for telling that..,personal
Pls send me the correct name da.,personal
What happened to our yo date?,personal
Webpage s not available!,personal
Just woke up. Yeesh its late. But I didn't fall asleep til &lt;#&gt; am :/,personal
"Dear all, as we know &lt;#&gt; th is the &lt;#&gt; th birthday of our loving Gopalettan. We are planning to give a small gift on that day. Those who like to participate in that you are welcome. Please contact our admin team for more details",personal
K..k...from tomorrow onwards started ah?,personal
What u talking bout early morning? It's almost noon where your at!,personal
Fine. Do you remember me.,personal
Ok. How many should i buy.,personal
"Sounds good, keep me posted",personal
Ok. So april. Cant wait,personal
Boy you best get yo ass out here quick,personal
Ay wana meet on sat? wkg on sat?,personal
I'm now but have to wait till 2 for the bus to pick me.,personal
Apart from the one i told you about yesterday?,personal
Ok lor... But buy wat?,personal
Somebody should go to andros and steal ice,personal
Don know. I did't msg him recently.,personal
Take us out shopping and Mark will distract Isaiah.=D,personal
"Mum, hope you are having a great day. Hoping this text meets you well and full of life. Have a great day. Abiola",personal
There is no sense in my foot and penis.,personal
Okay but i thought you were the expert,personal
*deep sigh* ... I miss you :-( ... I am really surprised you haven't gone to the net cafe yet to get to me ... Don't you miss me?,personal
S.s:)i thinl role is like sachin.just standing. Others have to hit.,personal
Have a great trip to India. And bring the light to everyone not just with the project but with everyone that is lucky to see you smile. Bye. Abiola,personal
"And very importantly, all we discuss is between u and i only.",personal
K..k:)how about your training process?,personal
Ok lor. I ned 2 go toa payoh 4 a while 2 return smth u wan 2 send me there or wat?,personal
In da car park,personal
I wish that I was with you. Holding you tightly. Making you see how important you are. How much you mean to me ... How much I need you ... In my life ...,personal
So i asked how's anthony. Dad. And your bf,personal
"'Wnevr i wana fal in luv vth my books, My bed fals in luv vth me..!'' . Yen madodu, nav pretsorginta, nammanna pretsovru important alwa....!!:) Gud eveB-).",personal
Am going to take bath ill place the key in window:-),personal
"Dear, take care. I am just reaching home.love u a lot.",personal
staff.science.nus.edu.sg/~phyhcmk/teaching/pc1323,personal
Have you emigrated or something? Ok maybe 5.30 was a bit hopeful...,personal
Olol i printed out a forum post by a guy with the exact same prob which was fixed with a gpu replacement. Hopefully they dont ignore that.,personal
We walked from my moms. Right on stagwood pass right on winterstone left on victors hill. Address is &lt;#&gt;,personal
"Yo, you at jp and hungry like a mofo?",personal
This is all just creepy and crazy to me.,personal
Ok... I din get ur msg...,personal
Pathaya enketa maraikara pa',personal
Even if he my friend he is a priest call him now,personal
"U so lousy, run already come back then half dead... Hee...",personal
That's y i said it's bad dat all e gals know u... Wat u doing now?,personal
Or remind me in a few hrs.,personal
"I had been hoping i would not have to send you this message. My rent is due and i dont have enough for it. My reserves are completely gone. Its a loan i need and was hoping you could her. The balance is &lt;#&gt; . Is there a way i could get that from you, till mid march when i hope to pay back.",personal
Hi. Happy New Year. I dont mean to intrude but can you pls let me know how much tuition you paid last semester and how much this semester is. Thanks,personal
Hello hun how ru? Its here by the way. Im good. Been on 2 dates with that guy i met in walkabout so far. We have to meet up soon. Hows everyone else?,personal
Lol I was gonna last month. I cashed some in but I left &lt;#&gt; just in case. I was collecting more during the week cause they announced it on the blog.,personal
"Short But Cute : "" Be a good person , but dont try to prove"" ..... Gud mrng...",personal
Just haven't decided where yet eh ?,personal
"Wat time liao, where still got.",personal
Yes watching footie but worried we're going to blow it - Phil Neville?,personal
I wait 4 inside da car park...,personal
Uncle Abbey! Happy New Year. Abiola,personal
Now am free call me pa.,personal
R u saying i should re order the slippers cos i had to pay for returning it.,personal
Stop knowing me so well!,personal
Good evening! this is roger. How are you?,personal
Small problem in auction:)punj now asking tiwary,personal
He telling not to tell any one. If so treat for me hi hi hi,personal
U coming 2 pick me?,personal
Thats cool. i liked your photos. You are very sexy!,personal
would u fuckin believe it they didnt know i had thurs pre booked off so they re cancelled me AGAIN! that needs to b sacked,personal
"Haha better late than ever, any way I could swing by?",personal
Ok. But i finish at 6.,personal
I've been barred from all B and Q stores for life!?This twat in orange dungerees came up to me and asked if I wanted decking? So I got the first punch in!!,personal
So no messages. Had food?,personal
Ok going to sleep. Hope i can meet her.,personal
Can you let me know details of fri when u find out cos I'm not in tom or fri. mentionned chinese. Thanks,personal
You're right I have now that I think about it,personal
Wat r u doing now?,personal
Is ur lecture over?,personal
Customer place i will call you,personal
Not planned yet :)going to join company on jan 5 only.don know what will happen after that.,personal
Boy; I love u Grl: Hogolo Boy: gold chain kodstini Grl: Agalla Boy: necklace madstini Grl: agalla Boy: Hogli 1 mutai eerulli kodthini! Grl: I love U kano;-),personal
"Haha I heard that, text me when you're around",personal
I.ll get there tomorrow and send it to you,personal
"SHIT BABE.. THASA BIT MESSED UP.YEH, SHE SHUDVETOLD U. DID URGRAN KNOW?NEWAY, ILLSPEAK 2 U2MORO WEN IM NOT ASLEEP...",personal
Oh thats late! Well have a good night and i will give u a call tomorrow. Iam now going to go to sleep night night,personal
CHEERS U TEX MECAUSE U WEREBORED! YEAH OKDEN HUNNY R UIN WK SAT?SOUNDS LIKEYOUR HAVIN GR8FUN J! KEEP UPDAT COUNTINLOTS OF LOVEME XXXXX.,personal
"Sorry, in meeting I'll call you later",personal
Yo! Howz u? girls never rang after india. L,personal
Yeah but which is worse for i,personal
I tagged MY friends that you seemed to count as YOUR friends.,personal
Long time. You remember me today.,personal
Havent shopping now lor i juz arrive only,personal
Thank u. IT BETTER WORK OUT CAUSE I WILL FEEL USED OTHERWISE,personal
Are you up for the challenge? I know i am :),personal
How much did ur hdd casing cost.,personal
Mystery solved! Just opened my email and he's sent me another batch! Isn't he a sweetie,personal
I can't describe how lucky you are that I'm actually awake by noon,personal
Cheers for the card ... Is it that time of year already?,personal
Ugh hopefully the asus ppl dont randomly do a reformat.,personal
"Haven't seen my facebook, huh? Lol!",personal
"Mah b, I'll pick it up tomorrow",personal
Still otside le..u come 2morrow maga..,personal
Do u still have plumbers tape and a wrench we could borrow?,personal
It vl bcum more difficult..,personal
Havent still waitin as usual... come back sch oredi?,personal
In meeting da. I will call you,personal
K k :-):-) then watch some films.,personal
Does cinema plus drink appeal tomo? * Is a fr thriller by director i like on at mac at 8.30.,personal
There the size of elephant tablets & u shove um up ur ass!!,personal
"So many people seems to be special at first sight, But only very few will remain special to you till your last sight.. Maintain them till life ends.. take cr da",personal
"My Parents, My Kidz, My Friends n My Colleagues. All screaming.. SURPRISE !! and I was waiting on the sofa.. ... ..... ' NAKED...!",personal
Dunno i juz askin cos i got a card got 20% off 4 a salon called hair sense so i tot it's da one cut ur hair.,personal
Good morning pookie pie! Lol hope I didn't wake u up,personal
MAYBE IF YOU WOKE UP BEFORE FUCKING 3 THIS WOULDN'T BE A PROBLEM.,personal
Happy birthday to you....dear.with lots of love.rakhesh NRI,personal
X2 &lt;#&gt; . Are you going to get that,personal
Hi neva worry bout da truth coz the truth will lead me 2 ur heart. Its the least a unique person like u deserve. Sleep tight or morning,personal
Is ur paper today in e morn or aft?,personal
I will lick up every drop :) are you ready to use your mouth as well?,personal
And you! Will expect you whenever you text! Hope all goes well tomo,personal
Great. P diddy is my neighbor and comes for toothpaste every morning,personal
"I av a new number, . Wil u only use this one,ta.",personal
So its to be poking man everyday that they teach you in canada abi! How are you. Just saying hi.,personal
7 lor... Change 2 suntec... Wat time u coming?,personal
No de.am seeing in online shop so that i asked.,personal
Just curious because my cuz asked what I was up to,personal
Okay lor... Wah... like that def they wont let us go... Haha... What did they say in the terms and conditions?,personal
Haha... Yup hopefully we will lose a few kg by mon. after hip hop can go orchard and weigh again,personal
She's good. How are you. Where r u working now,personal
"Oh, yes, I've just been a little under the weather so i've kind of been coccooning at home",personal
At home also.,personal
This phone has the weirdest auto correct.,personal
Oops my phone died and I didn't even know. Yeah I like it better.,personal
Havent mus ask if u can 1st wat. Of meet 4 lunch den u n him meet can already lor. Or u wan 2 go ask da ge 1st then confirm w me asap?,personal
"She said,'' do u mind if I go into the bedroom for a minute ? '' ''OK'', I sed in a sexy mood. She came out 5 minuts latr wid a cake...n My Wife,",personal
"OH YEAH,AND HAV A GREAT TIME IN NEWQUAY-SEND ME A POSTCARD !1 LOOK AFTER ALL THE GIRLS WHILE IM GONE(U KNOW THE 1IM TALKIN BOUT!)xx",personal
We got a divorce. Lol. She.s here,personal
What's ur pin?,personal
"Babe, have you got enough money to pick up bread and milk ? And I'll give you it back when you get home ?",personal
I want snow. It's just freezing and windy.,personal
Come to mahal bus stop.. &lt;DECIMAL&gt;,personal
Don know:)this week i'm going to tirunelvai da.,personal
Me too baby! I promise to treat you well! I bet you will take good care of me...,personal
Its like that hotel dusk game i think. You solve puzzles in a area thing,personal
"Hi, my love! How goes that day? Fuck, this morning I woke and dropped my cell on the way down the stairs but it seems alright ... *phews* I miss you !",personal
Well that must be a pain to catch,personal
Sorry da thangam.it's my mistake.,personal
I need... Coz i never go before,personal
"Rose for red,red for blood,blood for heart,heart for u. But u for me.... Send tis to all ur friends.. Including me.. If u like me.. If u get back, 1-u r poor in relation! 2-u need some 1 to support 3-u r frnd 2 many 4-some1 luvs u 5+- some1 is praying god to marry u.:-) try it....",personal
"I feel like a dick because I keep sleeping through your texts and facebook messages. Sup, you in town?",personal
No plm i will come da. On the way.,personal
Guess he wants alone time. We could just show up and watch when they do..,personal
Height of recycling: Read twice- People spend time for earning money and the same money is spent for spending time!;-) Good morning.. keep smiling:-),personal
Yup not comin :-(,personal
"Yes, princess. Toledo.",personal
"Aight text me when you're back at mu and I'll swing by, need somebody to get the door for me",personal
Ron say fri leh. N he said ding tai feng cant make reservations. But he said wait lor.,personal
Good. No swimsuit allowed :),personal
Am okay. Will soon be over. All the best,personal
"A cute thought for friendship: ""Its not necessary to share every secret with ur close Frnd, but watever u shared should be true""....",personal
Ok i've sent u da latest version of da project.,personal
Pls accept me for one day. Or am begging you change the number.,personal
Squeeeeeze!! This is christmas hug.. If u lik my frndshp den hug me back.. If u get 3 u r cute:) 6 u r luvd:* 9 u r so lucky;) None? People hate u:,personal
"Its ok, if anybody asks abt me, u tel them..:-P",personal
"Funny fact Nobody teaches volcanoes 2 erupt, tsunamis 2 arise, hurricanes 2 sway aroundn no 1 teaches hw 2 choose a wife Natural disasters just happens",personal
* You gonna ring this weekend or wot?,personal
Also track down any lighters you can find,personal
"Babe, I need your advice",personal
"Ill leave around four, ok?",personal
Come to medical college at 7pm ......forward it da,personal
K:)k..its good:)when are you going?,personal
I can make lasagna for you... vodka...,personal
HI ITS KATE CAN U GIVE ME A RING ASAP XXX,personal
Who were those people ? Were you in a tour ? I thought you were doing that sofa thing you sent me ? Your curious sugar,personal
"No, but you told me you were going, before you got drunk!",personal
He fucking chickened out. He messaged me he would be late and woould buzz me and then I didn't hear a word from him,personal
I'm always looking for an excuse to be in the city.,personal
Yup i'm still having coffee wif my frens... My fren drove she'll give me a lift...,personal
O shore are you takin the bus,personal
So u gonna get deus ex?,personal
I will send them to your email. Do you mind &lt;#&gt; times per night?,personal
tap & spile at seven. * Is that pub on gas st off broad st by canal. Ok?,personal
Ok then i come n pick u at engin?,personal
Which is why i never wanted to tell you any of this. Which is why i'm so short with you and on-edge as of late.,personal
Raviyog Peripherals bhayandar east,personal
K actually can you guys meet me at the sunoco on howard? It should be right on the way,personal
"MOON has come to color your dreams, STARS to make them musical and my SMS to give you warm and Peaceful Sleep. Good Night",personal
Just finished eating. Got u a plate. NOT leftovers this time.,personal
Thanx a lot...,personal
Hurry home u big butt. Hang up on your last caller if u have to. Food is done and I'm starving. Don't ask what I cooked.,personal
Lol your right. What diet? Everyday I cheat anyway. I'm meant to be a fatty :(,personal
Its a great day. Do have yourself a beautiful one.,personal
What happened in interview?,personal
Badrith is only for chennai:)i will surely pick for us:)no competition for him.,personal
I tot it's my group mate... Lucky i havent reply... Wat time do need to leave...,personal
Hey you around? I've got enough for a half + the ten I owe you,personal
Hey tmr maybe can meet you at yck,personal
ALRITE SAM ITS NIC JUST CHECKIN THAT THIS IS UR NUMBER-SO IS IT?T.B*,personal
They are just making it easy to pay back. I have &lt;#&gt; yrs to say but i can pay back earlier. You get?,personal
Not to worry. I'm sure you'll get it.,personal
"The gas station is like a block away from my house, you'll drive right by it since armenia ends at swann and you have to take howard",personal
My tuition is at 330. Hm we go for the 1120 to 1205 one? Do you mind?,personal
"I'm not smoking while people use ""wylie smokes too much"" to justify ruining my shit",personal
Dear good morning how you feeling dear,personal
A little. Meds say take once every 8 hours. It's only been 5 but pain is back. So I took another. Hope I don't die,personal
"Beautiful tomorrow never comes.. When it comes, it's already TODAY.. In the hunt of beautiful tomorrow don't waste your wonderful TODAY.. GOODMORNING:)",personal
Dunno lei all decide lor. How abt leona? Oops i tot ben is going n i msg him.,personal
Hi there. We have now moved in2 our pub . Would be great 2 c u if u cud come up.,personal
Just do what ever is easier for you,personal
Stop calling everyone saying I might have cancer. My throat hurts to talk. I can't be answering everyones calls. If I get one more call I'm not babysitting on Monday,personal
"It'll be tough, but I'll do what I have to",personal
IM GONNAMISSU SO MUCH!!I WOULD SAY IL SEND U A POSTCARD BUTTHERES ABOUTAS MUCH CHANCE OF MEREMEMBERIN ASTHERE IS OFSI NOT BREAKIN HIS CONTRACT!! LUV Yaxx,personal
Ee msg na poortiyagi odalebeku: Hanumanji 7 name 1-Hanuman 2-Bajarangabali 3-Maruti 4-Pavanaputra 5-Sankatmochan 6-Ramaduth 7-Mahaveer ee 7 name &lt;#&gt; janarige ivatte kalisidare next saturday olage ondu good news keluviri...! Maretare inde 1 dodda problum nalli siguviri idu matra &lt;#&gt; % true.. Don't neglet.,personal
HI DARLIN I FINISH AT 3 DO U 1 2 PICK ME UP OR MEET ME? TEXT BACK ON THIS NUMBER LUV KATE XXX,personal
"Set a place for me in your heart and not in your mind, as the mind easily forgets but the heart will always remember. Wish you Happy Valentines Day!",personal
But i'm surprised she still can guess right lor...,personal
Okie wan meet at bishan? Cos me at bishan now. I'm not driving today.,personal
HI DARLIN HOW WAS WORK DID U GET INTO TROUBLE? IJUST TALKED TO YOUR MUM ALL MORNING! I HAD A REALLY GOOD TIME LAST NIGHT IM GOIN OUT SOON BUT CALL ME IF U CAN,personal
I know you are serving. I mean what are you doing now.,personal
"Huh... Hyde park not in mel ah, opps, got confused... Anyway, if tt's e best choice den we juz have to take it...",personal
Oh gei. That happend to me in tron. Maybe ill dl it in 3d when its out,personal
I know girls always safe and selfish know i got it pa. Thank you. good night.,personal
"No worries, hope photo shoot went well. have a spiffing fun at workage.",personal
I'm freezing and craving ice. Fml,personal
Kay... Since we are out already,personal
Eh sorry leh... I din c ur msg. Not sad already lar. Me watching tv now. U still in office?,personal
Yo im right by yo work,personal
Ok darlin i supose it was ok i just worry too much.i have to do some film stuff my mate and then have to babysit again! But you can call me there.xx,personal
I don wake since. I checked that stuff and saw that its true no available spaces. Pls call the embassy or send a mail to them.,personal
Nope... Juz off from work...,personal
Huh so fast... Dat means u havent finished painting?,personal
what number do u live at? Is it 11?,personal
"No we put party 7 days a week and study lightly, I think we need to draw in some custom checkboxes so they know we're hardcore",personal
Sac will score big hundred.he is set batsman:-),personal
Send me yetty's number pls.,personal
How much it will cost approx . Per month.,personal
Ok... The theory test? when are going to book? I think it's on 21 may. Coz thought wanna go out with jiayin. But she isnt free,personal
"That's fine, have him give me a call if he knows what he wants or has any questions",personal
"Sorry, got a late start, we're on the way",personal
Then u go back urself lor...,personal
I AM AT THE GAS STATION. GO THERE.,personal
"K, if u bored up just come to my home..",personal
Babe !!!! I LOVE YOU !!!! *covers your face in kisses*,personal
"Like I made him throw up when we were smoking in our friend's car one time, it was awesome",personal
Still i have not checked it da. . .,personal
You will go to walmart. I.ll stay.,personal
"I haven't forgotten you, i might have a couple bucks to send you tomorrow, k? I love ya too",personal
Oh great. I.ll disturb him more so that we can talk.,personal
Reverse is cheating. That is not mathematics.,personal
U're welcome... Caught u using broken english again...,personal
No problem baby. Is this is a good time to talk? I called and left a message.,personal
Oh is it! Which brand?,personal
Sorry i cant take your call right now. It so happens that there r 2waxsto do wat you want. She can come and ill get her medical insurance. And she'll be able to deliver and have basic care. I'm currently shopping for the right medical insurance for her. So just give me til friday morning. Thats when i.ll see the major person that can guide me to the right insurance.,personal
At what time are you coming.,personal
Call him and say you not coming today ok and tell them not to fool me like this ok,personal
I emailed yifeng my part oredi.. Can get it fr him..,personal
R u sure they'll understand that! Wine * good idea just had a slurp!,personal
Minimum walk is 3miles a day.,personal
Ok not a problem will get them a taxi. C ing tomorrow and tuesday. On tuesday think we r all going to the cinema.,personal
"Brainless Baby Doll..:-D;-), vehicle sariyag drive madoke barolla..",personal
Please attend the phone:),personal
You only hate me. You can call any but you didnt accept even a single call of mine. Or even you messaged,personal
No messages on her phone. I'm holding it now,personal
Can... I'm free...,personal
"Yo my trip got postponed, you still stocked up?",personal
I am waiting for your call sir.,personal
Hey what are you doing. Y no reply pa..,personal
"Hey elaine, is today's meeting still on?",personal
Sorry i've not gone to that place. I.ll do so tomorrow. Really sorry.,personal
Most of the tiime when i don't let you hug me it's so i don't break into tears.,personal
Tomorrow i am not going to theatre. . . So i can come wherever u call me. . . Tell me where and when to come tomorrow,personal
And now electricity just went out fml.,personal
"Looks like you found something to do other than smoke, great job!",personal
Also andros ice etc etc,personal
:),personal
"Good afternon, my love. How are today? I hope your good and maybe have some interviews. I wake and miss you babe. A passionate kiss from across the sea",personal
Yup. Wun believe wat? U really neva c e msg i sent shuhui?,personal
Hows that watch resizing,personal
Dear umma she called me now :-),personal
Just finished. Missing you plenty,personal
"Well, I meant as opposed to my drunken night of before",personal
K... Must book a not huh? so going for yoga basic on sunday?,personal
Ok can...,personal
"Oops - am at my mum's in somerset... Bit far! Back tomo, see you soon x",personal
So u workin overtime nigpun?,personal
Same as kallis dismissial in 2nd test:-).,personal
O. Guess they both got screwd,personal
What r u cooking me for dinner?,personal
Bull. Your plan was to go floating off to IKEA with me without a care in the world. So i have to live with your mess another day.,personal
Then i buy.,personal
Heehee that was so funny tho,personal
It only does simple arithmetic not percentages.,personal
"Yeah we wouldn't leave for an hour at least, how's 4 sound?",personal
Thanks honey. Have a great day.,personal
"'An Amazing Quote'' - ""Sometimes in life its difficult to decide whats wrong!! a lie that brings a smile or the truth that brings a tear....""",personal
Then ask dad to pick up lar... wan 2 stay until 6 meh...,personal
"Jus chillaxin, what up",personal
HEY DAS COOL... IKNOW ALL 2 WELLDA PERIL OF STUDENTFINANCIAL CRISIS!SPK 2 U L8R.,personal
"Whats that coming over the hill..... Is it a monster! Hope you have a great day. Things r going fine here, busy though!",personal
Joy's father is John. Then John is the ____ of Joy's father. If u ans ths you hav &lt;#&gt; IQ. Tis s IAS question try to answer.,personal
Only once then after ill obey all yours.,personal
No she didnt. I will search online and let you know.,personal
Where do you need to go to get it?,personal
No pic. Please re-send.,personal
Uhhhhrmm isnt having tb test bad when youre sick,personal
But i haf enuff space got like 4 mb...,personal
True. Its easier with her here.,personal
Sure but since my parents will be working on Tuesday I don't really need a cover story,personal
Haha okay... Today weekend leh...,personal
Hi darlin did youPhone me? Im atHome if youwanna chat.,personal
I don't know jack shit about anything or i'd say/ask something helpful but if you want you can pretend that I did and just text me whatever in response to the hypotheticalhuagauahahuagahyuhagga,personal
You've always been the brainy one.,personal
Yeah if we do have to get a random dude we need to change our info sheets to PARTY &lt;#&gt; /7 NEVER STUDY just to be safe,personal
"Christmas is An occasion that is Celebrated as a Reflection of UR... Values..., Desires..., Affections...&amp; Traditions.... Have an ideal Christmas...",personal
Sending you greetings of joy and happiness. Do have a gr8 evening,personal
Hi darlin i cantdo anythingtomorrow as myparents aretaking me outfor a meal. when are u free? Katexxx,personal
If india win or level series means this is record:),personal
Then what about further plan?,personal
Its good to hear from you,personal
"awesome, how do I deal with the gate? Charles told me last night but, uh, yeah",personal
What time you thinkin of goin?,personal
Your board is working fine. The issue of overheating is also reslove. But still software inst is pending. I will come around 8'o clock.,personal
Yes but I don't care cause I know its there!,personal
"Mon okie lor... Haha, best is cheap n gd food la, ex oso okie... Depends on whether wana eat western or chinese food... Den which u prefer...",personal
Sitting ard nothing to do lor. U leh busy w work?,personal
Its &lt;#&gt; k here oh. Should i send home for sale.,personal
Sorry. || mail? ||,personal
Ya just telling abt tht incident..,personal
Yes we were outside for like 2 hours. And I called my whole family to wake them up cause it started at 1 am,personal
Ugh just got outta class,personal
"Nowadays people are notixiquating the laxinorficated opportunity for bambling of entropication.... Have you ever oblisingately opted ur books for the masteriastering amplikater of fidalfication? It is very champlaxigating, i think it is atrocious.. Wotz Ur Opinion???? Junna",personal
No need lar. Jus testing e phone card. Dunno network not gd i thk. Me waiting 4 my sis 2 finish bathing so i can bathe. Dun disturb u liao u cleaning ur room.,personal
Ok. I.ll do you right later.,personal
Have your lunch and come quickly and open the door:),personal
I am back. Bit long cos of accident on a30. Had to divert via wadebridge.I had a brilliant weekend thanks. Speak soon. Lots of love,personal
"K.. I yan jiu liao... Sat we can go 4 bugis vill one frm 10 to 3 den hop to parco 4 nb. Sun can go cine frm 1030 to 2, den hop to orc mrt 4 hip hop at 4...",personal
i am seeking a lady in the street and a freak in the sheets. Is that you?,personal
My phone,personal
"Haha figures, well I found the piece and priscilla's bowl",personal
"Actually fuck that, just do whatever, do find an excuse to be in tampa at some point before january though",personal
yay! finally lol. i missed our cinema trip last week :-(,personal
All day working day:)except saturday and sunday..,personal
Heart is empty without love.. Mind is empty without wisdom.. Eyes r empty without dreams &amp; Life is empty without frnds.. So Alwys Be In Touch. Good night &amp; sweet dreams,personal
"I think Im waiting for the same bus! Inform me when you get there, if you ever get there.",personal
You getting back any time soon?,personal
", how's things? Just a quick question.",personal
"I can probably come by, everybody's done around &lt;#&gt; right?",personal
I got it before the new year cos yetunde said she wanted to surprise you with it but when i didnt see money i returned it mid january before the &lt;#&gt; day return period ended.,personal
I can ask around but there's not a lot in terms of mids up here,personal
Be sure to check your yahoo email. We sent photos yesterday,personal
What was she looking for?,personal
Wherre's my boytoy ? :-(,personal
"Hello, my love! How goes that day ? I wish your well and fine babe and hope that you find some job prospects. I miss you, boytoy ... *a teasing kiss*",personal
Tell my bad character which u Dnt lik in me. I'll try to change in &lt;#&gt; . I ll add tat 2 my new year resolution. Waiting for ur reply.Be frank...good morning.,personal
"Yeah, probably earlier than that",personal
Change windows logoff sound..,personal
I'm also came to room.,personal
Huh but i got lesson at 4 lei n i was thinkin of going to sch earlier n i tot of parkin at kent vale...,personal
I will reach office around &lt;DECIMAL&gt; . &amp; my mobile have problem. You cann't get my voice. So call you asa i'll free,personal
"Cool, text me when you head out",personal
Happy birthday... May u find ur prince charming soon n dun work too hard...,personal
"Oh, the grand is having a bit of a party but it doesn't mention any cover charge so it's probably first come first served",personal
You said to me before i went back to bed that you can't sleep for anything.,personal
I hope you arnt pissed off but id would really like to see you tomorrow. Love me xxxxxxxxxxxxxX,personal
says the &lt;#&gt; year old with a man and money. I'm down to my last &lt;#&gt; . Still waiting for that check.,personal
I will come to ur home now,personal
Free any day but i finish at 6 on mon n thurs...,personal
Will you be here for food,personal
"life alle mone,eppolum oru pole allalo",personal
Nite...,personal
"Two fundamentals of cool life: ""Walk, like you are the KING""...! OR ""Walk like you Dont care,whoever is the KING""!... Gud nyt",personal
"Camera quite good, 10.1mega pixels, 3optical and 5digital dooms. Have a lovely holiday, be safe and i hope you hav a good journey! Happy new year to you both! See you in a couple of weeks!",personal
Hi Petey!noim ok just wanted 2 chat coz avent spoken 2 u 4 a long time-hope ur doin alrite.have good nit at js love ya am.x,personal
I just saw ron burgundy captaining a party boat so yeah,personal
I'm serious. You are in the money base,personal
Already one guy loving you:-.,personal
Staff of placement training in Amrita college.,personal
I always chat with you. In fact i need money can you raise me?,personal
I'm job profile seems like bpo..,personal
"Well, I was about to give up cos they all said no they didnt do one nighters. I persevered and found one but it is very cheap so i apologise in advance. It is just somewhere to sleep isnt it?",personal
"So you think i should actually talk to him? Not call his boss in the morning? I went to this place last year and he told me where i could go and get my car fixed cheaper. He kept telling me today how much he hoped i would come back in, how he always regretted not getting my number, etc.",personal
Are you willing to go for apps class.,personal
Hanging out with my brother and his family,personal
No it will reach by 9 only. She telling she will be there. I dont know,personal
Hey... are you going to quit soon? Xuhui and i working till end of the month,personal
"Im sorry bout last nite it wasnt ur fault it was me, spouse it was pmt or sumthin! U 4give me? I think u shldxxxx",personal
Try neva mate!!,personal
Yeah that'd pretty much be the best case scenario,personal
I not free today i haf 2 pick my parents up tonite...,personal
"HEY BABE! FAR 2 SPUN-OUT 2 SPK AT DA MO... DEAD 2 DA WRLD. BEEN SLEEPING ON DA SOFA ALL DAY, HAD A COOL NYTHO, TX 4 FONIN HON, CALL 2MWEN IM BK FRMCLOUD 9! J X",personal
Should i send you naughty pix? :),personal
"Tyler (getting an 8th) has to leave not long after 9, can you get here in like an hour?",personal
Prepare to be pounded every night...,personal
"Actually, my mobile is full of msg. And i m doing a work online, where i need to send them &lt;#&gt; sent msg i wil explain u later.",personal
Good evening! How are you?,personal
I'm at home. Please call,personal
Oic cos me n my sis got no lunch today my dad went out... So dunno whether 2 eat in sch or wat...,personal
"Mmmmm ... It was sooooo good to wake to your words this morning, my Love!! Mmmm fuck ... I love you too, my Lion ... *devouring kiss from across the sea*",personal
We are pleased to inform that your application for Airtel Broadband is processed successfully. Your installation will happen within 3 days.,personal
What happen dear. Why you silent. I am tensed,personal
"I'll get there at 3, unless you guys want me to come some time sooner",personal
If you are not coughing then its nothing,personal
come lt 25 n pass to me lar,personal
I'm e person who's doing e sms survey...,personal
Lol ok ill try to send. Be warned Sprint is dead slow. You'll prolly get it tomorrow,personal
Thank You meet you monday,personal
SO IS TH GOWER MATE WHICH IS WHERE I AM!?! HOW R U MAN? ALL IS GOOD IN WALES ILL B BACK MORROW. C U THIS WK? WHO WAS THE MSG 4? RANDOM!,personal
"I got like $ &lt;#&gt; , I can get some more later though. Get whatever you feel like",personal
"Dad wanted to talk about the apartment so I got a late start, omw now",personal
I love you both too :-),personal
Lol u still feeling sick?,personal
Din i tell u jus now 420,personal
am up to my eyes in philosophy,personal
Ok lor. I'm in town now lei.,personal
I had it already..sabarish asked me to go..,personal
No da. . Vijay going to talk in jaya tv,personal
Lol I know! Hey someone did a great inpersonation of flea on the forums. I love it!,personal
Still chance there. If you search hard you will get it..let have a try :),personal
Do you always celebrate NY's with your family ?,personal
"We know TAJ MAHAL as symbol of love. But the other lesser known facts 1. Mumtaz was Shahjahan's 4th wife, out of his 7 wifes. 2. Shahjahan killed Mumtaz's husband to marry her. 3. Mumtaz died in her &lt;#&gt; th delivery. 4. He then married Mumtaz's sister. Question arises where the Hell is the LOVE?:-| -The Great Hari-",personal
Its ok..come to my home it vl nice to meet and v can chat..,personal
Sent me de webadres for geting salary slip,personal
She's fine. Sends her greetings,personal
But you dint in touch with me.,personal
"Yup, leaving right now, be back soon",personal
Yeah sure I'll leave in a min,personal
And do you have any one that can teach me how to ship cars.,personal
"The sign of maturity is not when we start saying big things.. But actually it is, when we start understanding small things... *HAVE A NICE EVENING* BSLVYL",personal
Yeah confirmed for you staying at that weekend,personal
They said dun haf passport or smth like dat.. Or juz send to my email account..,personal
"Multiply the numbers independently and count decimal points then, for the division, push the decimal places like i showed you.",personal
"Have a lovely night and when you wake up to see this message, i hope you smile knowing all is as should be. Have a great morning",personal
Ard 4 lor...,personal
You are right. Meanwhile how's project twins comin up,personal
I sent your maga that money yesterday oh.,personal
Our ride equally uneventful - not too many of those pesky cyclists around at that time of night ;).,personal
If you were/are free i can give. Otherwise nalla adi entey nattil kittum,personal
I've sent my wife your text. After we buy them she'll tell you what to do. So just relax. We should go get them this wkend.,personal
I am in escape theatre now. . Going to watch KAVALAN in a few minutes,personal
How much would it cost to hire a hitman,personal
I anything lor...,personal
Huh but i cant go 2 ur house empty handed right?,personal
Good morning princess! Happy New Year!,personal
"Aight, we'll head out in a few",personal
Then wat r u doing now? Busy wif work?,personal
I know you mood off today,personal
"Jay told me already, will do",personal
Cps is causing the outages to conserve energy.,personal
"I'm not sure, I was just checking out what was happening around the area",personal
Hey morning what you come to ask:-) pa...,personal
Jordan got voted out last nite!,personal
"That means you got an A in epi, she.s fine. She.s here now.",personal
I have no idea where you are,personal
Pls come quick cant bare this.,personal
"Call me. I m unable to cal. Lets meet bhaskar, and deep",personal
No. I.ll meet you in the library,personal
"K, my roommate also wants a dubsack and another friend may also want some so plan on bringing extra, I'll tell you when they know for sure",personal
Depends on individual lor e hair dresser say pretty but my parents say look gong. U kaypoh.. I also dunno wat she collecting.,personal
Ok c then.,personal
I enjoy watching and playing football and basketball. Anything outdoors. And you?,personal
"Can you please ask macho what his price range is, does he want something new or used plus it he only interfued in the blackberry bold &lt;#&gt; or any bb",personal
Sorry sent blank msg again. Yup but trying 2 do some serious studying now.,personal
Hey check it da. I have listed da.,personal
I meant as an apology from me for texting you to get me drugs at &lt;#&gt; at night,personal
That means from february to april i'll be getting a place to stay down there so i don't have to hustle back and forth during audition season as i have since my sister moved away from harlem.,personal
Goin to workout lor... Muz lose e fats...,personal
"Damn, poor zac doesn't stand a chance",personal
I want to tel u one thing u should not mistake me k THIS IS THE MESSAGE THAT YOU SENT:),personal
Yeah right! I'll bring my tape measure fri!,personal
Should I head straight there or what,personal
Thank you princess! You are so sexy...,personal
Oooh I got plenty of those!,personal
Hui xin is in da lib.,personal
Its a big difference. &lt;#&gt; versus &lt;#&gt; every &lt;#&gt; hrs,personal
"It's not that you make me cry. It's just that when all our stuff happens on top of everything else, it pushes me over the edge. You don't underdtand how often i cry over my sorry, sorry life.",personal
ME 2 BABE I FEEL THE SAME LETS JUST 4GET ABOUT IT+BOTH TRY +CHEER UP+NOT FIT SOO MUCHXXLOVE U LOCAXX,personal
You know what hook up means right?,personal
Wat's da model num of ur phone?,personal
He's really into skateboarding now despite the fact that he gets thrown off of it and winds up with bandages and shit all over his arms every five minutes,personal
My house here e sky quite dark liao... If raining then got excuse not 2 run already rite... Hee...,personal
"Sorry, left phone upstairs. OK, might be hectic but would be all my birds with one fell swoop. It's a date.",personal
* Thought I didn't see you.,personal
Carlos says we can pick up from him later so yeah we're set,personal
"Hey babe, my friend had to cancel, still up for a visit ?",personal
Hmm ill have to think about it... ok you're forgiven! =D,personal
"We are hoping to get away by 7, from Langport. You still up for town tonight?",personal
Want to send me a virtual hug?... I need one,personal
"Probably not, still going over some stuff here",personal
It has issues right now. Ill fix for her by tomorrow.,personal
Why i come in between you people,personal
Senthil group company Apnt 5pm.,personal
Oh really?? Did you make it on air? What's your talent?,personal
Studying. But i.ll be free next weekend.,personal
R u here yet? I'm wearing blue shirt n black pants.,personal
Wait.i will come out.. &lt;#&gt; min:),personal
I will reach ur home in &lt;#&gt; minutes,personal
Well then you have a great weekend!,personal
"What are you doing in langport? Sorry, but I'll probably be in bed by 9pm. It sucks being ill at xmas! When do you and go2sri lanka?",personal
"Frnd s not juz a word.....not merely a relationship.....its a silent promise which says ... "" I will be with YOU "" Wherevr.. Whenevr.. Forevr... Gudnyt dear..",personal
Huh? 6 also cannot? Then only how many mistakes?,personal
Ha... U jus ate honey ar? So sweet...,personal
I'm turning off my phone. My moms telling everyone I have cancer. And my sister won't stop calling. It hurts to talk. Can't put up with it. See u when u get home. Love u,personal
"Honey ? Sweetheart ? Darling ? Sexy buns ? Sugar plum ? Loverboy ? I miss you, boytoy ... *smacks your ass* Did you go to the gym too ?",personal
Thanks for loving me so. You rock,personal
Yeah imma come over cause jay wants to do some drugs,personal
Ok thanx... Take care then...,personal
Yup. Thk of u oso boring wat.,personal
"came to look at the flat, seems ok, in his 50s? * Is away alot wiv work. Got woman coming at 6.30 too.",personal
Moji just informed me that you saved our lives. Thanks.,personal
Whos this am in class:-),personal
Hey r still online? I've finished the formatting...,personal
Great! So what attracts you to the brothas?,personal
LOL what happens in Vegas stays in vegas,personal
"Hello, hello, hi lou sorry it took so long 2 reply- I left mobile at friends in Lancaster, just got it bak Neway im sorry I couldnt make ur bday 2 hun!",personal
When did i use soc... I use it only at home... dunno how 2 type it in word ar...,personal
Dad says hurry the hell up,personal
Wake me up at &lt;#&gt; am morning:),personal
"I get out of class in bsn in like &lt;#&gt; minutes, you know where advising is?",personal
Great! I shoot big loads so get ready!,personal
I'll meet you in the lobby,personal
You still coming tonight?,personal
What happen dear tell me,personal
"Sir, i am waiting for your call, once free please call me.",personal
I was about to do it when i texted. I finished a long time ago and showered and er'ything!,personal
Ok im not sure what time i finish tomorrow but i wanna spend the evening with you cos that would be vewy vewy lubly! Love me xxx,personal
"Hello, As per request from &lt;#&gt; Rs.5 has been transfered to you",personal
I am in tirupur. call you da.,personal
S:)but he had some luck.2 catches put down:),personal
How i noe... Did specify da domain as nusstu... still in sch...,personal
Oh...i asked for fun. Haha...take care.,personal
Shall i get my pouch?,personal
Hey loverboy! I love you !! I had to tell ... I look at your picture and ache to feel you between my legs ... Fuck I want you ... I need you ... I crave you .,personal
"How is my boy? No sweet words left for me this morning ... *sighs* ... How goes you day, my love ? Did you start your studying?",personal
Kent vale lor... wait 4 me there ar?,personal
Ok. Very good. Its all about making that money.,personal
Reading gud habit.. Nan bari hudgi yorge pataistha ertini kano:-),personal
Aight do you still want to get money,personal
ARE YOU IN TOWN? THIS IS V. IMPORTANT,personal
"Sorry pa, i dont knw who ru pa?",personal
Wat u doing there?,personal
If i not meeting all rite then i'll go home lor. If dun feel like comin it's ok.,personal
"Oh, i will get paid. The most outstanding one is for a commercial i did for Hasbro...in AUGUST! They made us jump through so many hoops to get paid. Still not.",personal
"I am late,so call you tomorrow morning.take care sweet dreams....u and me...ummifying...bye.",personal
Networking technical support associate.,personal
I'm gonna rip out my uterus.,personal
Cool. Do you like swimming? I have a pool and jacuzzi at my house.,personal
"Yeah why not, is the gang all ready",personal
Blank is Blank. But wat is blank? Lol,personal
I'm in a movie... Collect car oredi...,personal
We left already we at orchard now.,personal
Nothing spl..wat abt u and whr ru?,personal
No chikku nt yet.. Ya i'm free,personal
"Aldrine, rakhesh ex RTM here.pls call.urgent.",personal
The search 4 happiness is 1 of d main sources of unhappiness! Accept life the way it comes! U will find happiness in every moment u live.,personal
"I guess you could be as good an excuse as any, lol.",personal
"Isn't frnd a necesity in life? imagine urself witout a frnd.. hw'd u feel at ur colleg? wat'll u do wth ur cell? wat abt functions? thnk abt events espe'll cared, missed &amp; irritated u? 4wrd it to all those dear-loving frnds wthout whom u cant live.. I jst did it.. Takecare..:) GOODMORNING",personal
Old Orchard near univ. How about you?,personal
"4 tacos + 1 rajas burrito, right?",personal
"Its 6 to get in, is that ok?",personal
Hows the street where the end of library walk is?,personal
"Plz note: if anyone calling from a mobile Co. &amp; asks u to type # &lt;#&gt; or # &lt;#&gt; . Do not do so. Disconnect the call,coz it iz an attempt of 'terrorist' to make use of the sim card no. Itz confirmd by nokia n motorola n has been verified by CNN IBN.",personal
We stopped to get ice cream and will go back after,personal
Did you stitch his trouser,personal
Hey i'm bored... So i'm thinking of u... So wat r u doing?,personal
"Nah, Wednesday. When should I bring the mini cheetos bag over?",personal
Nobody names their penis a girls name this story doesn't add up at all,personal
"Aight, let me know when you're gonna be around usf",personal
I'm not. She lip synced with shangela.,personal
neva tell me how i noe... I'm not at home in da aft wat...,personal
"A bit of Ur smile is my hppnss, a drop of Ur tear is my sorrow, a part of Ur heart is my life, a heart like mine wil care for U, forevr as my GOODFRIEND",personal
"Buzz! Hey, my Love ! I think of you and hope your day goes well. Did you sleep in ? I miss you babe. I long for the moment we are together again*loving smile*",personal
"Haha... Sounds crazy, dunno can tahan anot...",personal
Why are u up so early?,personal
Ya that one is slow as poo,personal
Im on gloucesterroad what are uup to later?,personal
Lol no ouch but wish i'd stayed out a bit longer,personal
"GOD ASKED, ""What is forgiveness?"" A little child gave lovely reply, ""It is d wonderful fruit that a tree gives when it is being hurt by a stone.. Good night......",personal
We'll join the &lt;#&gt; bus,personal
Was just about to ask. Will keep this one. Maybe that's why you didn't get all the messages we sent you on glo,personal
K.i will send in &lt;#&gt; min:),personal
Would me smoking you out help us work through this difficult time,personal
Yes.mum lookin strong:),personal
"Sir Goodmorning, Once free call me.",personal
Where are you call me.,personal
Love it! The girls at the office may wonder why you are smiling but sore...,personal
"Hi, wlcome back, did wonder if you got eaten by a lion or something, nothing much",personal
Does uncle timi help in clearing cars,personal
I came hostel. I m going to sleep. Plz call me up before class. Hrishi.,personal
Ok... But bag again..,personal
Ok lor. Msg me b4 u call.,personal
"Once a fishrman woke early in d mrng. It was very dark. He waited a while &amp; found a sack ful of stones. He strtd throwin thm in2 d sea 2 pass time. Atlast he had jus 1stone, sun rose up &amp; he found out tht those r nt stones, those were diamonds. Moral:""Dont wake up early in d mrng'' GOOD night",personal
Then ur physics get a-?,personal
"Dear friends, sorry for the late information. Today is the birthday of our loving Ar.Praveesh. for more details log on to face book and see. Its his number + &lt;#&gt; . Dont miss a delicious treat.",personal
How r going to send it to me?,personal
Can you do online transaction?,personal
Dear got train and seat mine lower seat,personal
Let me know if you need anything else. Salad or desert or something... How many beers shall i get?,personal
WHORE YOU ARE UNBELIEVABLE.,personal
"Are you sure you don't mean ""get here, we made you hold all the weed""",personal
"I love you !!! You know? Can you feel it? Does it make your belly warm? I wish it does, my love ... I shall meet you in your dreams, Ahmad ... *adoring kiss*",personal
Love it! I want to flood that pretty pussy with cum...,personal
Hey are you angry with me. Reply me dr.,personal
"Short But Cute: ""Be a good person, but dont try to prove it.."" .Gud noon....",personal
Also remember the beads don't come off. Ever.,personal
They have a thread on the wishlist section of the forums where ppl post nitro requests. Start from the last page and collect from the bottom up.,personal
For The First Time In The History 'Need' 'Comfort' And 'Luxury' Are Sold At Same Price In India..!! Onion-Rs. &lt;#&gt; Petrol-Rs. &lt;#&gt; Beer-Rs. &lt;#&gt; SHESIL &lt;#&gt;,personal
"Actually nvm, got hella cash, we still on for &lt;#&gt; ish?",personal
"It's ok, at least armand's still around",personal
No da. I am happy that we sit together na,personal
Yup song bro. No creative. Neva test quality. He said check review online.,personal
"No dude, its not fake..my frnds got money, thts y i'm reffering u..if u member wit my mail link, u vl be credited &lt;#&gt; rs and il be getiing &lt;#&gt; rs..i can draw my acc wen it is &lt;#&gt; rs..",personal
Dude while were makin those weirdy brownies my sister made awesome cookies. I took pics.,personal
Pls dont restrict her from eating anythin she likes for the next two days.,personal
Mm you ask him to come its enough :-),personal
At the funeral home with Audrey and dad,personal
"Aight, can you text me the address?",personal
Excellent! Wish we were together right now!,personal
Yep then is fine 7.30 or 8.30 for ice age.,personal
Pls i wont belive god.not only jesus.,personal
Can. Dunno wat to get 4 her...,personal
"Not yet chikku..k, then wat abt tht guy did he stopped irritating or msging to u..",personal
How long does it take to get it.,personal
This is my number by vivek..,personal
"sorry brah, just finished the last of my exams, what up",personal
"I got arrested for possession at, I shit you not, &lt;TIME&gt; pm",personal
You are right though. I can't give you the space you want and need. This is really starting to become an issue. I was going to suggest setting a definite move out--if i'm still there-- after greece. But maybe you are ready and should do it now.,personal
Just normal only here :),personal
"Please protect yourself from e-threats. SIB never asks for sensitive information like Passwords,ATM/SMS PIN thru email. Never share your password with anybody.",personal
I miss you so much I'm so desparate I have recorded the message you left for me the other day and listen to it just to hear the sound of your voice. I love you,personal
Hi. I'm always online on yahoo and would like to chat with you someday,personal
"Goodmorning,my grandfather expired..so am on leave today.",personal
Where are you ? What are you doing ? Are yuou working on getting the pc to your mom's ? Did you find a spot that it would work ? I need you,personal
"Sure, I'll see if I can come by in a bit",personal
I agree. So i can stop thinkin about ipad. Can you please ask macho the same question.,personal
Let's pool our money together and buy a bunch of lotto tickets. If we win I get &lt;#&gt; % u get &lt;#&gt; %. Deal?,personal
Watching tv lor. Nice one then i like lor.,personal
I'm thinking that chennai forgot to come for auction..,personal
Then come n pick me at 530 ar?,personal
Early bird! Any purchases yet?,personal
Went to pay rent. So i had to go to the bank to authorise the payment.,personal
"Erm ill pick you up at about 6.45pm. That'll give enough time to get there, park and that.",personal
HEY MATE! HOWS U HONEY?DID U AVE GOOD HOLIDAY? GIMMI DE GOSS!x,personal
Howz pain.it will come down today.do as i said ystrday.ice and medicine.,personal
"chile, please! It's only a &lt;DECIMAL&gt; hour drive for me. I come down all the time and will be subletting feb-april for audition season.",personal
Yes ammae....life takes lot of turns you can only sit and try to hold the steering...,personal
"Yeah that's what I thought, lemme know if anything's goin on later",personal
Mmmm.... I cant wait to lick it!,personal
Pls go there today &lt;#&gt; . I dont want any excuses,personal
Can you plz tell me the ans. BSLVYL sent via fullonsms.com,personal
U in town alone?,personal
I to am looking forward to all the sex cuddling.. Only two more sleeps,personal
We have all rounder:)so not required:),personal
"No, its true..k,Do u knw dis no. &lt;#&gt; ?",personal
"Dont worry, 1 day very big lambu ji vl come..til then enjoy batchlor party:-)",personal
oh ya... Got hip hop open. Haha i was thinking can go for jazz then zoom to cine... Actually tonight i'm free leh... And there's a kb lesson tonight,personal
I'm ok. Will do my part tomorrow,personal
"No! But we found a diff farm shop to buy some cheese. On way back now, can i call in?",personal
R u still working now?,personal
Yep. I do like the pink furniture tho.,personal
"Customer place, i wil cal u sir.",personal
A pure hearted person can have a wonderful smile that makes even his/her enemies to feel guilty for being an enemy.. So catch the world with your smile..:) GOODMORNING &amp; HAVE A SMILEY SUNDAY..:),personal
"THATS ALRITE GIRL, U KNOW GAIL IS NEVA WRONG!!TAKE CARE SWEET AND DONT WORRY.C U L8TR HUN!LOVE Yaxxx",personal
"Theoretically yeah, he could be able to come",personal
"Alright we're hooked up, where you guys at",personal
"not that I know of, most people up here are still out of town",personal
No let me do the math. Your not good at it.,personal
Oh ok wait 4 me there... My lect havent finish,personal
Yeah my usual guy's out of town but there're definitely people around I know,personal
I am joining today formally.Pls keep praying.will talk later.,personal
"Happy or sad , one thing about past is- ""Its no more"" GOOD MORNING :-):-).",personal
No. Did you multimedia message them or e-mail?,personal
Okie but i scared u say i fat... Then u dun wan me already...,personal
did u get that message,personal
"Sorry sir, i will call you tomorrow. senthil.hsbc",personal
What you need. You have a person to give na.,personal
She left it very vague. She just said she would inform the person in accounting about the delayed rent and that i should discuss with the housing agency about my renting another place. But checking online now and all places around usc are &lt;#&gt; and up,personal
Hi juan. Im coming home on fri hey. Of course i expect a welcome party and lots of presents. Ill phone u when i get back. Loads of love nicky x x x x x x x x x,personal
"Gumby's has a special where a &lt;#&gt; "" cheese pizza is $2 so I know what we're doin tonight",personal
Like a personal sized or what,personal
"Same, I'm at my great aunts anniversary party in tarpon springs",personal
Cab is available.they pick up and drop at door steps.,personal
ok....take care.umma to you too...,personal
Unlimited texts. Limited minutes.,personal
No problem. We will be spending a lot of quality time together...,personal
Have you heard from this week?,personal
Yes. Last practice,personal
No. Thank you. You've been wonderful,personal
mean it's confirmed... I tot they juz say oni... Ok then...,personal
That depends. How would you like to be treated? :),personal
"Right on brah, see you later",personal
Waiting in e car 4 my mum lor. U leh? Reach home already?,personal
Went fast asleep dear.take care.,personal
No that just means you have a fat head,personal
Sounds like a plan! Cardiff is still here and still cold! I'm sitting on the radiator!,personal
Serious? What like proper tongued her,personal
She.s good. She was wondering if you wont say hi but she.s smiling now. So how are you coping with the long distance,personal
How i noe... She's in da car now... Later then c lar... I'm wearing shorts...,personal
Yeah whatever lol,personal
Ard 530 lor. I ok then message lor.,personal
Ok. C u then.,personal
Eh ur laptop got no stock lei... He say mon muz come again to take a look c got a not...,personal
No need to ke qi... too bored izzit y suddenly thk of this...,personal
I wish! I don't think its gonna snow that much. But it will be more than those flurries we usually get that melt before they hit the ground. Eek! We haven't had snow since &lt;#&gt; before I was even born!,personal
"Oh really? perform, write a paper, go to a movie AND be home by midnight, huh?",personal
Okay lor... Will they still let us go a not ah? Coz they will not know until later. We drop our cards into the box right?,personal
How? Izzit still raining?,personal
As if i wasn't having enough trouble sleeping.,personal
I havent add yet right..,personal
Lol ... I really need to remember to eat when I'm drinking but I do appreciate you keeping me company that night babe *smiles*,personal
Babe ? I lost you ... Will you try rebooting ?,personal
Yes. Nigh you cant aha.,personal
I thk gotta go home by urself. Cos i'll b going out shopping 4 my frens present.,personal
Nooooooo I'm gonna be bored to death all day. Cable and internet outage.,personal
Sos! Any amount i can get pls.,personal
"Playin space poker, u?",personal
How come guoyang go n tell her? Then u told her?,personal
You need to get up. Now.,personal
They r giving a second chance to rahul dengra.,personal
"Yeah, in fact he just asked if we needed anything like an hour ago. When and how much?",personal
WHEN THE FIRST STRIKE IS A RED ONE. THE BIRD + ANTELOPE BEGIN TOPLAY IN THE FIELDOF SELFINDEPENDENCE BELIEVE THIS + THE FLOWER OF CONTENTION WILL GROW.RANDOM!,personal
Y wan to go there? C doctor?,personal
Does daddy have a bb now.,personal
She's borderline but yeah whatever.,personal
"Until 545 lor... Ya, can go 4 dinner together...",personal
I will be gentle princess! We will make sweet gentle love...,personal
How u doin baby girl ?? hope u are okay every time I call ure phone is off! I miss u get in touch,personal
"Sorry, went to bed early, nightnight",personal
I like to think there's always the possibility of being in a pub later.,personal
HMM yeah if your not too grooved out! And im looking forward to my pound special :),personal
I got to video tape pple type in message lor. U so free wan 2 help me? Hee... Cos i noe u wan 2 watch infernal affairs so ask u along. Asking shuhui oso.,personal
Hi dude hw r u da realy mising u today,personal
Me hungry buy some food good lei... But mum n yun dun wan juz buy a little bit...,personal
I probably won't eat at all today. I think I'm gonna pop. How was your weekend? Did u miss me?,personal
I knew it... U slept v late yest? Wake up so late...,personal
Haha... dont be angry with yourself... Take it as a practice for the real thing. =),personal
Where is that one day training:-),personal
So i could kiss and feel you next to me...,personal
Have a nice day my dear.,personal
I sent lanre fakeye's Eckankar details to the mail box,personal
Your dad is back in ph?,personal
If you ask her or she say any please message.,personal
"If e timing can, then i go w u lor...",personal
I was just callin to say hi. Take care bruv!,personal
Did u turn on the heater? The heater was on and set to &lt;#&gt; degrees.,personal
Thanks for your message. I really appreciate your sacrifice. I'm not sure of the process of direct pay but will find out on my way back from the test tomorrow. I'm in class now. Do have a wonderful day.,personal
"That's the trouble with classes that go well - you're due a dodgey one Expecting mine tomo! See you for recovery, same time, same place",personal
WOT U UP 2 J?,personal
"Night night, see you tomorrow",personal
Roger that. Were probably going to rem in about 20,personal
do u think that any girl will propose u today by seing ur bloody funky shit fucking face...............asssssholeeee................,personal
I wish u were here. I feel so alone,personal
Reason is if the team budget is available at last they buy the unsold players for at base rate..,personal
CERI U REBEL! SWEET DREAMZ ME LITTLE BUDDY!! C YA 2MORO! WHO NEEDS BLOKES,personal
Huh i cant thk of more oredi how many pages do we have?,personal
His frens go then he in lor. Not alone wif my mum n sis lor.,personal
Nationwide auto centre (or something like that) on Newport road. I liked them there,personal
"Hey, I missed you tm of last night as my phone was on the charge ... *smiles* ... I am meeting a friend shortly",personal
"Whatever, juliana. Do whatever you want.",personal
"Hello. Sort of out in town already. That . So dont rush home, I am eating nachos. Will let you know eta.",personal
Ok lor. Anyway i thk we cant get tickets now cos like quite late already. U wan 2 go look 4 ur frens a not? Darren is wif them now...,personal
"Dizzamn, aight I'll ask my suitemates when I get back",personal
"Nimbomsons. Yep phone knows that one. Obviously, cos thats a real word",personal
I love to cuddle! I want to hold you in my strong arms right now...,personal
R u in this continent?,personal
We'll you pay over like &lt;#&gt; yrs so its not too difficult,personal
K...k...when will you give treat?,personal
He's just gonna worry for nothing. And he won't give you money its no use.,personal
Did you get any gift? This year i didnt get anything. So bad,personal
Well there's a pattern emerging of my friends telling me to drive up and come smoke with them and then telling me that I'm a weed fiend/make them smoke too much/impede their doing other things so you see how I'm hesitant,personal
", ow u dey.i paid 60,400thousad.i told u would call .",personal
IM FINE BABES AINT BEEN UP 2 MUCH THO! SAW SCARY MOVIE YEST ITS QUITE FUNNY! WANT 2MRW AFTERNOON? AT TOWN OR MALL OR SUMTHIN?xx,personal
I'm reaching home in 5 min.,personal
"Forgot you were working today! Wanna chat, but things are ok so drop me a text when you're free / bored etc and i'll ring. Hope all is well, nose essay and all xx",personal
Ha... Then we must walk to everywhere... Cannot take tram. My cousin said can walk to vic market from our hotel,personal
Discussed with your mother ah?,personal
"Sorry, I can't text &amp; drive coherently, see you in twenty",personal
In which place i can get rooms cheap:-),personal
Eek that's a lot of time especially since American Pie is like 8 minutes long. I can't stop singing it.,personal
GRAN ONLYFOUND OUT AFEW DAYS AGO.CUSOON HONI,personal
University of southern california.,personal
We have to pick rayan macleran there.,personal
U gd lor go shopping i got stuff to do. U wan 2 watch infernal affairs a not? Come lar...,personal
Well. Balls. Time to make calls,personal
Wat time wan today?,personal
&lt;#&gt; in mca. But not conform.,personal
Oh ok.. Wat's ur email?,personal
"Yes, princess. Are you going to make me moan?",personal
Lol its ok I didn't remember til last nite,personal
"[] anyway, many good evenings to u! s",personal
"Cool, I'll text you in a few",personal
"Sorry vikky, i'm Watching olave mandara movie kano in trishul theatre wit my frnds..",personal
I'm very happy for you babe ! Woo hoo party on dude!,personal
I am taking you for italian food. How about a pretty dress with no panties? :),personal
Wot u up 2? Thout u were gonna call me!! Txt bak luv K,personal
How are you holding up?,personal
Dont flatter yourself... Tell that man of mine two pints of carlin in ten minutes please....,personal
Hope you are not scared!,personal
I'm at home n ready...,personal
What time do u get out?,personal
I am literally in bed and have been up for like &lt;#&gt; hours,personal
"Yes, my reg is Ciao!",personal
If You mean the website. Yes.,personal
Lol or I could just starve and lose a pound by the end of the day.,personal
Yeah that's the impression I got,personal
Ok ok take care. I can understand.,personal
"Motivate Behind every darkness, there is a shining light waiting for you to find it... Behind every best friend, there is always trust and love... BSLVYL",personal
"Ya ok, then had dinner?",personal
I was slept that time.you there?,personal
dont make ne plans for nxt wknd coz she wants us to come down then ok,personal
When is school starting. Where will you stay. What's the weather like. And the food. Do you have a social support system like friends in the school. All these things are important.,personal
"Ha ha nan yalrigu heltini..Iyo kothi chikku, u shared many things wit me..so far i didn't told any body and even uttered a word abt u.. If ur trusting me so much how can i tell these to others.. Plz nxt time dont use those words to me..ok, chikku:-);-)B-)",personal
Noice. Text me when you're here,personal
Hi di is yijue we're meeting at 7 pm at esaplanade tonight.,personal
"Aight I've been set free, think you could text me blake's address? It occurs to me I'm not quite as sure what I'm doing as I thought I was",personal
Hi dear we saw dear. We both are happy. Where you my battery is low,personal
How are you. Its been ages. How's abj,personal
Prof: you have passed in all the papers in this sem congrats . . . . Student: Enna kalaachutaarama..!! Prof:???? Gud mrng!,personal
Dont kick coco when he's down,personal
Fyi I'm gonna call you sporadically starting at like &lt;#&gt; bc we are not not doin this shit,personal
Hope youre not having too much fun without me!! see u tomorrow love jess x,personal
Ok i wont call or disturb any one. I know all are avoiding me. I am a burden for all,personal
I've reached home n i bathe liao... U can call me now...,personal
Was the actual exam harder than NBME,personal
A lot of this sickness thing going round. Take it easy. Hope u feel better soon. Lol,personal
Hey sathya till now we dint meet not even a single time then how can i saw the situation sathya.,personal
Gam gone after outstanding innings.,personal
O i played smash bros &lt;#&gt; religiously.,personal
"Sir, good morning. Hope you had a good weekend. I called to let you know that i was able to raise &lt;#&gt; from my dad. He however said he would make the rest available by mid feb. This amount is still quite short and i was hoping you would help. Do have a good day. Abiola",personal
Hurry home. Soup is DONE!,personal
"Good afternoon, my love. It was good to see your words on YM and get your tm. Very smart move, my slave ... *smiles* ... I drink my coffee and await you.",personal
Quite ok but a bit ex... U better go eat smth now else i'll feel guilty...,personal
Lemme know when you're here,personal
He needs to stop going to bed and make with the fucking dealing,personal
"How are you, my Love ? Are you with your brother ? Time to talk english with him ? *grins* Say : Hey Muhommad, Penny says hello from across the sea",personal
"Hey doc pls I want to get nice t shirt for my hubby nice fiting ones my budget is &lt;#&gt; k help pls I will load d card abi hw,keep me posted luv. 2 mj",personal
I remain unconvinced that this isn't an elaborate test of my willpower,personal
"Life is nothing wen v get everything. But ""life is everything wen v miss something "". Real value of people wil be realized only in their absence.... gud mrng",personal
how are you? I miss you!,personal
I ain't answerin no phone at what is actually a pretty reasonable hour but I'm sleepy,personal
"Hey , is * rite u put 10 evey mnth is that all?",personal
i am going to bed now prin,personal
I think just yourself Thanks and see you tomo,personal
If u dun drive then how i go 2 sch.,personal
I not at home now lei...,personal
Do u hav any frnd by name ashwini in ur college?,personal
Jus finish my lunch on my way home lor... I tot u dun wan 2 stay in sch today...,personal
K then 2marrow are you coming to class.,personal
Pls send me your address sir.,personal
I want to lick your pussy now...,personal
"Yo, you gonna still be in stock tomorrow/today? I'm trying to get a dubsack",personal
"I'll see, but prolly yeah",personal
Thought we could go out for dinner. I'll treat you! Seem ok?,personal
Where are you ? What do you do ? How can you stand to be away from me ? Doesn't your heart ache without me ? Don't you wonder of me ? Don't you crave me ?,personal
Sorry. You never hear unless you book it. One was kinda a joke--thet were really looking for skinny white girls. The other was one line--you can only do so much on camera with that. Something like that they're casting on the look.,personal
"Sure thing big man. i have hockey elections at 6, shouldnt go on longer than an hour though",personal
Watch lor. I saw a few swatch one i thk quite ok. Ard 116 but i need 2nd opinion leh...,personal
Hiya do u like the hlday pics looked horrible in them so took mo out! Hows the camp Amrca thing? Speak soon Serena:),personal
"Babe! How goes that day ? What are you up to ? I miss you already, my Love ... * loving kiss* ... I hope everything goes well.",personal
Yunny... I'm goin to be late,personal
Doc prescribed me morphine cause the other pain meds aren't enough. Waiting for my mom to bring it. That med should kick in fast so I'm gonna try to be on later,personal
"Cool, want me to go to kappa or should I meet you outside mu",personal
"Hey sexy buns ! Have I told you ? I adore you, loverboy. I hope you remember to thank your sister in law for those meatballs *grins* ... i love you, babe",personal
May b approve panalam...but it should have more posts..,personal
Me i'm not workin. Once i get job...,personal
And by when you're done I mean now,personal
"Its Ur luck to Love someone. Its Ur fortune to Love the one who Loves U. But, its a miracle to Love a person who can't Love anyone except U... Gud nyt...",personal
Hi baby ive just got back from work and i was wanting to see u allday! I hope i didnt piss u off on the phone today. If u are up give me a call xxx,personal
Is it your yahoo boys that bring in the perf? Or legal.,personal
No need to say anything to me. I know i am an outsider,personal
have you ever had one foot before?,personal
Just got to &lt;#&gt;,personal
"Good! No, dont need any receiptswell done! () Yes, please tell . Whats her number, i could ring her",personal
Leave it wif me lar... wan to carry meh so heavy... Is da num 98321561 familiar to ?,personal
Beautiful truth : Expression of the face could Be seen by everyone... But the depression of heart Could be understood only By the Loved ones.. Gud Ni8;-),personal
Infact happy new year. How are you where are you when are we seeing,personal
That's a shame! Maybe cld meet for few hrs tomo?,personal
Lol I would but despite these cramps I like being a girl.,personal
I cant wait for cornwall. Hope tonight isnt too bad as well but its rock night shite. Anyway im going for a kip now have a good night. Speak to you soon.,personal
Pls help me tell sura that i'm expecting a battery from hont. And that if should pls send me a message about how to download movies. Thanks,personal
"Haven't found a way to get another app for your phone, eh ? Will you go to the net cafe ? Did you take that job? Geeee I need you babe. I crave to see you ...",personal
I only work from mon to thurs but Sat i cant leh... Booked liao... Which other day u free?,personal
comin to fetch us oredi...,personal
What's nannys address?,personal
Haf u eaten? Wat time u wan me 2 come?,personal
"Yo, call me when you get the chance, a friend of mine wanted me to ask you about a big order",personal
This single single answers are we fighting? Plus i said am broke and you didnt reply,personal
It certainly puts things into perspective when something like this happens,personal
Now got tv 2 watch meh? U no work today?,personal
i felt so...not any conveying reason.. Ese he... What about me?,personal
How's it going? Got any exciting karaoke type activities planned? I'm debating whether to play football this eve. Feeling lazy though.,personal
I told that am coming on wednesday.,personal
"Its ok, called mom instead have fun",personal
Well if I'm that desperate I'll just call armand again,personal
Are you at work right now ?,personal
Haven't heard anything and he's not answering my texts so I'm guessing he flaked. That said the jb is fantastic,personal
"Mmmmmm ... I love you,so much, Ahmad ... I can't wait for this year to begin as every second takes me closer to being at your side. Happy New Year, my love!!",personal
Pls what's the full name of joke's school cos fees in university of florida seem to actually be &lt;#&gt; k. Pls holla back,personal
Ok... But they said i've got wisdom teeth hidden inside n mayb need 2 remove.,personal
And pls pls drink plenty plenty water,personal
How are you doing. How's the queen. Are you going for the royal wedding,personal
He's in lag. That's just the sad part but we keep in touch thanks to skype,personal
Ok lor then we go tog lor...,personal
Two teams waiting for some players,personal
Can send me a copy of da report?,personal
"swhrt how u dey,hope ur ok, tot about u 2day.love n miss.take care.",personal
"Ok da, i already planned. I wil pick you.",personal
I just really need shit before tomorrow and I know you won't be awake before like 6,personal
I'm good. Have you registered to vote?,personal
"Hmm ok, i'll stay for like an hour cos my eye is really sore!",personal
Dear got bus directly to calicut,personal
Mm umma ask vava also to come tell him can play later together,personal
"Well the general price is &lt;#&gt; /oz, let me know if/when/how much you want",personal
"Each Moment in a day,has its own value-Morning brings hope,afternoon brings faith,Evening brings luv,Night brings rest,Wish u find them all today.Good Morning",personal
&lt;#&gt; w jetton ave if you forgot,personal
Ok i'm coming home now.,personal
Can not use foreign stamps in this country.,personal
"Sorry, it's a lot of friend-of-a-friend stuff, I'm just now about to talk to the actual guy who wants to buy",personal
Wylie update: my weed dealer carlos went to freedom and had a class with lunsford,personal
Are you happy baby ? Are you alright ? Did you take that job ? I hope your fine. I send you a kiss to make you smile from across the sea ... *kiss* *kiss*,personal
C movie is juz last minute decision mah. Juz watch 2 lar but i tot not interested.,personal
How are you enjoying this semester? Take care brother.,personal
"Get the door, I'm here",personal
"Lets use it next week, princess :)",personal
Or i go home first lar wait 4 me lor.. I put down my stuff first..,personal
I want kfc its Tuesday. Only buy 2 meals ONLY 2. No gravy. Only 2 Mark. 2!,personal
No da:)he is stupid da..always sending like this:)don believe any of those message.pandy is a mental:),personal
Oi when you gonna ring,personal
I attended but nothing is there.,personal
Ard 530 like dat lor. We juz meet in mrt station then dun haf to come out.,personal
No dear i was sleeping :-P,personal
Er mw im filled tuth is aight,personal
Will be office around 4 pm. Now i am going hospital.,personal
Actually i'm waiting for 2 weeks when they start putting ad.,personal
Anything lor if they all go then i go lor...,personal
U free on sat rite? U wan 2 watch infernal affairs wif me n darren n mayb xy?,personal
Yo you around? A friend of mine's lookin to pick up later tonight,personal
Stupid auto correct on my phone,personal
Double eviction this week - Spiral and Michael and good riddance to them!,personal
"The world suffers a lot... Not because of the violence of bad people. But because of the silence of good people!, Gud night....",personal
"Ok thats cool. Its , just off either raglan rd or edward rd. Behind the cricket ground. Gimme ring when ur closeby see you tuesday.",personal
Buy one egg for me da..please:),personal
Have you started in skye,personal
Have you bookedthe hut? And also your time off? How are you by the way?,personal
And several to you sir.,personal
U really pig leh sleep so much. My dad wake me up at 10 smth 2 eat lunch today.,personal
My love ... I hope your not doing anything drastic. Don't you dare sell your pc or your phone ...,personal
Life style garments account no please.,personal
Lol wtf random. Btw is that your lunch break,personal
"Sez, hows u & de arab boy? Hope u r all good give my love 2 evry1 love ya eshxxxxxxxxxxx",personal
"The LAY MAN! Just to let you know you are missed and thought off. Do have a great day. And if you can send me bimbo and ugo's numbers, ill appreciate. Safe",personal
Detroit. The home of snow. Enjoy it.,personal
"Aight, I'm chillin in a friend's room so text me when you're on the way",personal
Is toshiba portege m100 gd?,personal
Well welp is sort of a semiobscure internet thing,personal
Loosu go to hospital. De dont let it careless.,personal
How much for an eighth?,personal
Omg Joanna is freaking me out. She's looked thru all my friends to find photos of me. And then she's asking about stuff on my MySpace which I haven't even logged on in like a year. :/,personal
"Send ur birthdate with month and year, I will tel u ur LIFE PARTNER'S name. and the method of calculation. Reply must.",personal
Juz now havent woke up so a bit blur blur... Can? Dad went out liao... I cant cum now oso...,personal
"How about clothes, jewelry, and trips?",personal
Aah! A cuddle would be lush! I'd need lots of tea and soup before any kind of fumbling!,personal
Are you plans with your family set in stone ?,personal
Pls dont forget to study,personal
You'll never believe this but i have actually got off at taunton. Wow,personal
"Den only weekdays got special price... Haiz... Cant eat liao... Cut nails oso muz wait until i finish drivin wat, lunch still muz eat wat...",personal
She just broke down a list of reasons why nobody's in town and I can't tell if she's being sarcastic or just faggy,personal
&lt;DECIMAL&gt; m but its not a common car here so its better to buy from china or asia. Or if i find it less expensive. I.ll holla,personal
The greatest test of courage on earth is to bear defeat without losing heart....gn tc,personal
SORRY IM STIL FUCKED AFTER LAST NITE WENT TOBED AT 430 GOT UP 4 WORK AT 630,personal
Hey so whats the plan this sat?,personal
Beauty sleep can help ur pimples too.,personal
Great. Hope you are using your connections from mode men also cos you can never know why old friends can lead you to today,personal
Where to get those?,personal
"Kind of. Just missed train cos of asthma attack, nxt one in half hr so driving in. not sure where to park.",personal
Ball is moving a lot.will spin in last :)so very difficult to bat:),personal
Haiyoh... Maybe your hamster was jealous of million,personal
Can you please send me my aunty's number,personal
I'm glad. You are following your dreams.,personal
I've reached home finally...,personal
"Wn u r hurt by d prsn who s close 2 u, do fight wit dem. Coz somtimes dis fight saves a relation bt being quiet leaves nothin in a relation.. Gud eveB-)",personal
U can call now...,personal
"Science tells that chocolate will melt under the sunlight. Please don't walk under the sunlight. BCoz,I don't want to loss a sweet friend.",personal
Yes. I come to nyc for audiitions and am trying to relocate.,personal
I pocked you up there before,personal
Congrats. That's great. I wanted to tell you not to tell me your score cos it might make me relax. But its motivating me so thanks for sharing,personal
I wud never mind if u dont miss me or if u dont need me.. But u wil really hurt me wen u need me &amp; u dont tell me......... Take care:-),personal
Hey mr whats the name of that bill brison book the one about language and words,personal
"Okay, good, no problem, and thanx!",personal
"For you information, IKEA is spelled with all caps. That is not yelling. when you thought i had left you, you were sitting on the bed among the mess when i came in. i said we were going after you got home from class. please don't try and bullshit me. It makes me want to listen to you less.",personal
Call me when u're done...,personal
G.W.R,personal
You best watch what you say cause I get drunk as a motherfucker,personal
"Erm... Woodland avenue somewhere. Do you get the parish magazine, his telephone number will be in there.",personal
Are there TA jobs available? Let me know please cos i really need to start working,personal
Aiyar hard 2 type. U later free then tell me then i call n scold n tell u.,personal
Yup i'm free...,personal
"Good good, billy mates all gone. Just been jogging, again! Did enjoy concert?",personal
Yo come over carlos will be here soon,personal
Awww dat is sweet! We can think of something to do he he! Have a nice time tonight ill probably txt u later cos im lonely :( xxx.,personal
I guess it is useless calling u 4 something important.,personal
Ha ha - had popped down to the loo when you hello-ed me. Hello!,personal
He dint tell anything. He is angry on me that why you told to abi.,personal
It so happens that there r 2waxsto do wat you want. She can come and ill get her medical insurance. And she'll be able to deliver and have basic care. I'm currently shopping for the right medical insurance for her. So just give me til friday morning. Thats when i.ll see the major person that can guide me to the right insurance.,personal
I keep ten rs in my shelf:) buy two egg.,personal
"I wasn't well babe, i have swollen glands at my throat ... What did you end up doing ?",personal
Is ur changes 2 da report big? Cos i've already made changes 2 da previous report.,personal
Captain is in our room:),personal
"I can't speak, bcaz mobile have problem. I can listen you but you cann't listen my voice. So i calls you later.",personal
HIYA STU WOT U UP 2.IM IN SO MUCH TRUBLE AT HOME AT MOMENT EVONE HATES ME EVEN U! WOT THE HELL AV I DONE NOW? Y WONT U JUST TELL ME TEXT BCK PLEASE LUV DAN,personal
S...i will take mokka players only:),personal
Are you still playing with gautham?,personal
Hey mr and I are going to the sea view and having a couple of gays I mean games! Give me a bell when ya finish,personal
"K, jason says he's gonna be around so I'll be up there around &lt;#&gt;",personal
Sorry . I will be able to get to you. See you in the morning.,personal
Aight well keep me informed,personal
Am only searching for good dual sim mobile pa.,personal
That seems unnecessarily hostile,personal
Dude got a haircut. Now its breezy up there,personal
1Apple/Day=No Doctor. 1Tulsi Leaf/Day=No Cancer. 1Lemon/Day=No Fat. 1Cup Milk/day=No Bone Problms 3 Litres Watr/Day=No Diseases Snd ths 2 Whom U Care..:-),personal
i thought we were doing a king of the hill thing there.,personal
Nope i'll come online now..,personal
ALSO TELL HIM I SAID HAPPY BIRTHDAY,personal
Y bishan lei... I tot say lavender?,personal
Boo what time u get out? U were supposed to take me shopping today. :(,personal
"Now u sound like manky scouse boy steve,like! I is travelling on da bus home.wot has u inmind 4 recreation dis eve?",personal
"Fyi I'm taking a quick shower, be at epsilon in like &lt;#&gt; min",personal
on a Tuesday night r u 4 real,personal
Yes when is the appt again?,personal
Just got outta class gonna go gym.,personal
I want to sent &lt;#&gt; mesages today. Thats y. Sorry if i hurts,personal
all write or wat..,personal
Ha! I wouldn't say that I just didn't read anything into way u seemed. I don't like 2 be judgemental....i save that for fridays in the pub!,personal
Its a valentine game. . . send dis msg to all ur friends. . If 5 answers r d same then someone really loves u. . Ques- which colour suits me the best?,personal
Hi:)did you asked to waheeda fathima about leave?,personal
Enjoy urself tmr...,personal
You still around? I could use a half-8th,personal
You give us back my id proof and &lt;#&gt; rs. We wont allow you to work. We will come to your home within days,personal
bot notes oredi... Cos i juz rem i got...,personal
Yes. Rent is very expensive so its the way we save.,personal
Hows the pain dear?y r u smiling?,personal
"Fun fact: although you would think armand would eventually build up a tolerance or some shit considering how much he smokes, he gets fucked up in like 2 hits",personal
Great. So should i send you my account number.,personal
"HELLOGORGEOUS, HOWS U? MY FONE WAS ON CHARGE LST NITW WEN U TEXD ME. HOPEU AD A NICE WKEND AS IM SURE U DID LOOKIN 4WARD 2 C-IN U 2MRW LUV JAZ",personal
only send me the contents page...,personal
"Night sweet, sleep well! I've just been to see The Exorcism of Emily Rose and may never sleep again! Hugs and snogs!",personal
"Don't Think About ""What u Have Got"" Think About ""How to Use It That You Have Got"" gooD ni8",personal
"I can't right this second, gotta hit people up first",personal
"Evry Emotion dsn't hav Words.Evry Wish dsn't hav Prayrs.. If u Smile,D World is wit u.Othrwise even d Drop of Tear dsn't lik 2 Stay wit u.So b happy.. Good morning, keep smiling:-)",personal
So what about you. What do you remember,personal
Ujhhhhhhh computer shipped out with address to sandiago and parantella lane. Wtf. Poop.,personal
Mm yes dear look how i am hugging you both. :-P,personal
I like dis sweater fr mango but no more my size already so irritating.,personal
1 I don't have her number and 2 its gonna be a massive pain in the ass and i'd rather not get involved if that's possible,personal
Anytime lor...,personal
Me fine..absolutly fine,personal
K and you're sure I don't have to have consent forms to do it :V,personal
How much is torch in 9ja.,personal
"Doing nothing, then u not having dinner w us?",personal
How are you. Just checking up on you,personal
Done it but internet connection v slow and cant send it. Will try again later or first thing tomo.,personal
Mathews or tait or edwards or anderson,personal
yeah sure thing mate haunt got all my stuff sorted but im going sound anyway promoting hex for .by the way who is this? dont know number. Joke,personal
No need lar i go engin? Cos my sis at arts today...,personal
Thanks honey but still haven't heard anything I will leave it a bit longer so not 2 crowd him and will try later - great advice thanks hope cardiff is still there!,personal
", im .. On the snowboarding trip. I was wondering if your planning to get everyone together befor we go..a meet and greet kind of affair? Cheers,",personal
S.i'm watching it in live..,personal
"see you then, we're all christmassy here!",personal
"K I'm ready, &lt;#&gt; ?",personal
what are your new years plans?,personal
Baaaaaaaabe! Wake up ! I miss you ! I crave you! I need you!,personal
"Only just got this message, not ignoring you. Yes, i was. Shopping that is",personal
Dear :-/ why you mood off. I cant drive so i brother to drive,personal
When did dad get back.,personal
"Can you tell Shola to please go to college of medicine and visit the academic department, tell the academic secretary what the current situation is and ask if she can transfer there. She should ask someone to check Sagamu for the same thing and lautech. Its vital she completes her medical education in Nigeria. Its less expensive much less expensive. Unless she will be getting citizen rates in new zealand.",personal
Yes just finished watching days of our lives. I love it.,personal
Juz go google n search 4 qet...,personal
Many times we lose our best ones bcoz we are,personal
"Good FRIENDS CaRE for each Other.. CLoSE Friends UNDERSTaND each Other... and TRUE Friends STaY forever beyond words, beyond time. Gud ni8",personal
Just getting back home,personal
"Sorry, I'll call later &lt;#&gt; mins",personal
Dun need to use dial up juz open da browser n surf...,personal
"Awesome, plan to get here any time after like &lt;#&gt; , I'll text you details in a wee bit",personal
Take care and sleep well.you need to learn to change in life.you only need to get CONVINCED on that.i will wait but no more conversations between us.GET CONVINCED by that time.Your family is over for you in many senses.respect them but not overemphasise.or u have no role in my life.,personal
You also didnt get na hi hi hi hi hi,personal
Ya but it cant display internal subs so i gotta extract them,personal
If i said anything wrong sorry de:-),personal
How stupid to say that i challenge god.You dont think at all on what i write instead you respond immed.,personal
"Yeah I should be able to, I'll text you when I'm ready to meet up",personal
V skint too but fancied few bevies.waz gona go meet &othrs in spoon but jst bin watchng planet earth&sofa is v comfey; If i dont make it hav gd night,personal
"says that he's quitting at least5times a day so i wudn't take much notice of that. Nah, she didn't mind. Are you gonna see him again? Do you want to come to taunton tonight? U can tell me all about !",personal
"When you get free, call me",personal
How have your little darlings been so far this week? Need a coffee run tomo?Can't believe it's that time of week already,personal
Still at west coast... Haiz... 'll take forever to come back...,personal
MMM ... Fuck .... Merry Christmas to me,personal
alright. Thanks for the advice. Enjoy your night out. I'ma try to get some sleep...,personal
Update your face book status frequently :),personal
Just now saw your message.it k da:),personal
Was it something u ate?,personal
So what did the bank say about the money?,personal
Aiyar dun disturb u liao... Thk u have lots 2 do aft ur cupboard come...,personal
Hey they r not watching movie tonight so i'll prob b home early...,personal
Yar lor... How u noe? U used dat route too?,personal
2mro i am not coming to gym machan. Goodnight.,personal
Dont think you need yellow card for uk travel. Ask someone that has gone before. If you do its just &lt;#&gt; bucks,personal
Can u look 4 me in da lib i got stuff havent finish yet.,personal
Sounds great! Im going to sleep now. Have a good night!,personal
How come u got nothing to do?,personal
Nothing will ever be easy. But don't be looking for a reason not to take a risk on life and love,personal
i want to grasp your pretty booty :),personal
I've got it down to a tea. not sure which flavour,personal
I'm going 2 orchard now laready me reaching soon. U reaching?,personal
Dear i am not denying your words please,personal
You know my old Dom I told you about yesterday ? His name is Roger? He got in touch with me last night and wants me to meet him today at 2 pm,personal
COME BACK TO TAMPA FFFFUUUUUUU,personal
"2 celebrate my bday, y else?",personal
Merry christmas to u too annie!,personal
Please tell me you have some of that special stock you were talking about,personal
I sent them. Do you like?,personal
"Awesome, be there in a minute",personal
"And that is the problem. You walk around in ""julianaland"" oblivious to what is going on around you. I say the same things constantly and they go in one ear and out the other while you go off doing whatever you want to do. It's not that you don't know why I'm upset--it's that you don't listen when i tell you WHAT is going to upset me. Then you want to be surprised when I'm mad.",personal
I've told you everything will stop. Just dont let her get dehydrated.,personal
Or I guess &lt;#&gt; min,personal
I'm home. Ard wat time will u reach?,personal
"If you want to mapquest it or something look up ""usf dogwood drive"", that's the tiny street where the parking lot is",personal
Aight should I just plan to come up later tonight?,personal
Die... I accidentally deleted e msg i suppose 2 put in e sim archive. Haiz... I so sad...,personal
This is wishing you a great day. Moji told me about your offer and as always i was speechless. You offer so easily to go to great lengths on my behalf and its stunning. My exam is next friday. After that i will keep in touch more. Sorry.,personal
"Thanks again for your reply today. When is ur visa coming in. And r u still buying the gucci and bags. My sister things are not easy, uncle john also has his own bills so i really need to think about how to make my own money. Later sha.",personal
"Sorry I flaked last night, shit's seriously goin down with my roommate, what you up to tonight?",personal
He said i look pretty wif long hair wat. But i thk he's cutting quite short 4 me leh.,personal
CHEERS FOR CALLIN BABE.SOZI CULDNT TALKBUT I WANNATELL U DETAILS LATER WENWECAN CHAT PROPERLY X,personal
Hey u still at the gym?,personal
Much better now thanks lol,personal
"Nothing, smsing u n xy lor. Sorry lor da guys neva c u in person but they sort of know u lor. So u wan 2 meet them xy ask me 2 bring u along 4 our next meeting.",personal
"Lemme know when I can swing by and pick up, I'm free basically any time after 1 all this semester",personal
Wa... U so efficient... Gee... Thanx...,personal
S but not able to sleep.,personal
We will meet soon princess! Ttyl!,personal
I'll pick you up at about 5.15pm to go to taunton if you still want to come.,personal
Oh :-)only 4 outside players allowed to play know,personal
I anything lor.,personal
Erutupalam thandiyachu,personal
"Y cant u try new invention to fly..i'm not joking.,",personal
No..its ful of song lyrics..,personal
"What do u reckon as need 2 arrange transport if u can't do it, thanks",personal
True lov n care wil nevr go unrecognized. though somone often makes mistakes when valuing it. but they will definitly undrstnd once when they start missing it.,personal
Shopping? Eh ger i toking abt syd leh...Haha,personal
What not under standing.,personal
have * good weekend.,personal
Miss call miss call khelate kintu opponenter miss call dhorte lage. Thats d rule. One with great phone receiving quality wins.,personal
Call me when you get the chance plz &lt;3,personal
The new deus ex game comin early next yr,personal
My computer just fried the only essential part we don't keep spares of because my fucking idiot roommates looovvve leaving the thing running on full &lt;#&gt; /7,personal
"My friend, she's studying at warwick, we've planned to go shopping and to concert tmw, but it may be canceled, havn't seen for ages, yeah we should get together sometime!",personal
Probably a couple hours tops,personal
"LOL .. *grins* .. I'm not babe, but thanks for thinking of me!",personal
Man this bus is so so so slow. I think you're gonna get there before me,personal
Hope this text meets you smiling. If not then let this text give you a reason to smile. Have a beautiful day.,personal
"In case you wake up wondering where I am, I forgot I have to take care of something for grandma today, should be done before the parade",personal
Nvm take ur time.,personal
So wat's da decision?,personal
Wot is u up 2 then bitch?,personal
She told to hr that he want posting in chennai:)because i'm working here:),personal
When are you guys leaving?,personal
He neva grumble but i sad lor... Hee... Buy tmr lor aft lunch. But we still meetin 4 lunch tmr a not. Neva hear fr them lei. got a lot of work ar?,personal
Not able to do anything.,personal
takin linear algebra today?,personal
This weekend is fine (an excuse not to do too much decorating),personal
"Sorry I missed you babe. I was up late and slept in. I hope you enjoy your driving lesson, boytoy. I miss you too ... *teasing kiss*",personal
Now project pa. After that only i can come.,personal
"Sure, whenever you show the fuck up &gt;:(",personal
That was random saw my old roomate on campus. He graduated,personal
"Men always needs a beautiful, intelligent, caring, loving, adjustable, cooperative wife. But the law allows only one wife....",personal
That sucks. So what do you got planned for your yo valentine? I am your yo valentine aren't I?,personal
"Just got part Nottingham - 3 hrs 63miles. Good thing i love my man so much, but only doing 40mph. Hey ho",personal
What to think no one saying clearly. Ok leave no need to ask her. I will go if she come or not,personal
Hi good mornin.. Thanku wish u d same..,personal
DO U WANT 2 MEET UP 2MORRO,personal
Actually I decided I was too hungry so I haven't left yet :V,personal
I've sent my part..,personal
Cos i was out shopping wif darren jus now n i called him 2 ask wat present he wan lor. Then he started guessing who i was wif n he finally guessed darren lor.,personal
Understand. his loss is my gain :) so do you work? School?,personal
HOW ARE U? I HAVE MISSED U! I HAVENT BEEN UP 2 MUCH A BIT BORED WITH THE HOLIDAY WANT 2 GO BAK 2 COLLEGE! SAD ISNT IT?xx,personal
"Hiya, probably coming home * weekend after next",personal
Don't forget though that I love you .... And I walk beside you. Watching over you and keeping your heart warm.,personal
I wish things were different. I wonder when i will be able to show you how much i value you. Pls continue the brisk walks no drugs without askin me please and find things to laugh about. I love you dearly.,personal
Ok both our days. So what are you making for dinner tonite? Am I invited?,personal
I have no money 4 steve mate! !,personal
IM LATE TELLMISS IM ON MY WAY,personal
Normally i use to drink more water daily:),personal
Dare i ask... Any luck with sorting out the car?,personal
"Party's at my place at usf, no charge (but if you can contribute in any way it is greatly appreciated) and yeah, we got room for one more",personal
"Urgh, coach hot, smells of chip fat! Thanks again, especially for the duvet (not a predictive text word).",personal
Hiya. How was last night? I've been naughty and bought myself clothes and very little ... Ready for more shopping tho! What kind of time do you wanna meet?,personal
I've been trying to reach him without success,personal
when you and derek done with class?,personal
Never y lei... I v lazy... Got wat? Dat day send me da url cant work one...,personal
Never try alone to take the weight of a tear that comes out of ur heart and falls through ur eyes... Always remember a STUPID FRIEND is here to share... BSLVYL,personal
Hey mate. Spoke to the mag people. Were on. the is deliver by the end of the month. Deliver on the 24th sept. Talk later.,personal
"Haha, my friend tyler literally just asked if you could get him a dubsack",personal
Hey! do u fancy meetin me at 4 at cha hav a lil beverage on me. if not txt or ring me and we can meet up l8r. quite tired got in at 3 v.pist ;) love Pete x x x,personal
Great. Have a safe trip. Dont panic surrender all.,personal
"SYMPTOMS when U are in love: ""1.U like listening songs 2.U get stopped where u see the name of your beloved 3.U won't get angry when your",personal
Sun ah... Thk mayb can if dun have anythin on... Thk have to book e lesson... E pilates is at orchard mrt u noe hor...,personal
Try to do something dear. You read something for exams,personal
Gettin rdy to ship comp,personal
I am in hospital da. . I will return home in evening,personal
PISS IS TALKING IS SOMEONE THAT REALISE U THAT POINT THIS AT IS IT.(NOW READ IT BACKWARDS),personal
Think + da. You wil do.,personal
I'm awake oh. What's up.,personal
Good afternoon my boytoy. How goes that walking here and there day ? Did you get that police abstract? Are you still out and about? I wake and miss you babe,personal
How much u trying to get?,personal
"Come around &lt;DECIMAL&gt; pm vikky..i'm otside nw, il come by tht time",personal
Tell me again what your address is,personal
Should i buy him a blackberry bold 2 or torch. Should i buy him new or used. Let me know. Plus are you saying i should buy the &lt;#&gt; g wifi ipad. And what are you saying about the about the &lt;#&gt; g?,personal
But you were together so you should be thinkin about him,personal
hiya hows it going in sunny africa? hope u r avin a good time. give that big old silver back a big kiss from me.,personal
At WHAT TIME should i come tomorrow,personal
"CHA QUITEAMUZING THATSCOOL BABE,PROBPOP IN & CU SATTHEN HUNNY 4BREKKIE! LOVE JEN XXX. PSXTRA LRG PORTIONS 4 ME PLEASE",personal
Omg how did u know what I ate?,personal
:( but your not here....,personal
Not directly behind... Abt 4 rows behind ...,personal
No plans yet. What are you doing ?,personal
Hi ....My engagement has been fixd on &lt;#&gt; th of next month. I know its really shocking bt....hmm njan vilikkam....t ws al of a sudn;-(.,personal
Not course. Only maths one day one chapter with in one month we can finish.,personal
Wow didn't think it was that common. I take it all back ur not a freak! Unless u chop it off:-),personal
Noooooooo please. Last thing I need is stress. For once in your life be fair.,personal
"I'll see if I can swing by in a bit, got some things to take care of here firsg",personal
I wanted to wish you a Happy New Year and I wanted to talk to you about some legal advice to do with when Gary and I split but in person. I'll make a trip to Ptbo for that. I hope everything is good with you babe and I love ya :),personal
Have you not finished work yet or something?,personal
Right it wasnt you who phoned it was someone with a number like yours!,personal
It's ok i wun b angry. Msg u aft i come home tonight.,personal
I had a good time too. Its nice to do something a bit different with my weekends for a change. See ya soon,personal
Yo sorry was in the shower sup,personal
"Carlos is down but I have to pick it up from him, so I'll swing by usf in a little bit",personal
Full heat pa:-) i have applyed oil pa.,personal
I'm stuck in da middle of da row on da right hand side of da lt...,personal
Have you laid your airtel line to rest?,personal
Hi did u decide wot 2 get 4 his bday if not ill prob jus get him a voucher frm virgin or sumfing,personal
"Hey j! r u feeling any better, hopeSo hunny. i amnow feelin ill & ithink i may have tonsolitusaswell! damn iam layin in bedreal bored. lotsof luv me xxxx",personal
And I don't plan on staying the night but I prolly won't be back til late,personal
THANX 4 PUTTIN DA FONE DOWN ON ME!!,personal
"I need an 8th but I'm off campus atm, could I pick up in an hour or two?",personal
"Oh... Haha... Den we shld had went today too... Gee, nvm la... Kaiez, i dun mind goin jazz oso... Scared hiphop open cant catch up...",personal
Been running but only managed 5 minutes and then needed oxygen! Might have to resort to the roller option!,personal
We live in the next &lt;#&gt; mins,personal
Y de asking like this.,personal
Just glad to be talking to you.,personal
Wat time finish?,personal
Sorry da. I gone mad so many pending works what to do.,personal
How much you got for cleaning,personal
hows my favourite person today? r u workin hard? couldn't sleep again last nite nearly rang u at 4.30,personal
called dad oredi...,personal
Good. do you think you could send me some pix? I would love to see your top and bottom...,personal
Nvm... I'm going to wear my sport shoes anyway... I'm going to be late leh.,personal
"Sorry, I'll call later In meeting.",personal
THIS IS A LONG FUCKIN SHOWR,personal
"Received, understood n acted upon!",personal
They finally came to fix the ceiling.,personal
"U need my presnts always bcz U cant mis love. ""jeevithathile irulinae neekunna prakasamanu sneham"" prakasam ennal prabha 'That mns prabha is'LOVE' Got it. Dont mis me....",personal
Jus finish blowing my hair. U finish dinner already?,personal
I'm on the bus. Love you,personal
Lol ... I knew that .... I saw him in the dollar store,personal
Only saturday and sunday holiday so its very difficult:),personal
Everybody had fun this evening. Miss you.,personal
"Got hella gas money, want to go on a grand nature adventure with galileo in a little bit?",personal
Oh wow thats gay. Will firmware update help,personal
These won't do. Have to move on to morphine,personal
How come i din c ... Yup i cut my hair...,personal
K k pa Had your lunch aha.,personal
Captain vijaykanth is doing comedy in captain tv..he is drunken :),personal
Of course. I guess god's just got me on hold right now.,personal
Do you hide anythiing or keeping distance from me,personal
Havent.,personal
Sorry i din lock my keypad.,personal
Are you planning to come chennai?,personal
God created gap btwn ur fingers so dat sum1 vry special will fill those gaps by holding ur hands.. Now plz dont ask y he created so much gap between legs !!!,personal
We are okay. Going to sleep now. Later,personal
"Finally it has happened..! Aftr decades..! BEER is now cheaper than PETROL! The goverment expects us to ""DRINK"". . . But don't ""DRIVE """,personal
Where r e meeting tmr?,personal
Lol yes. But it will add some spice to your day.,personal
Our Prasanth ettans mother passed away last night. Just pray for her and family.,personal
"K, I'll work something out",personal
This message is from a great Doctor in India:-): 1) Do not drink APPY FIZZ. It contains Cancer causing age,personal
You call him and tell now infront of them. Call him now.,personal
Ok no prob...,personal
Ladies first and genus second k .,personal
No. Yes please. Been swimming?,personal
Mum not going robinson already.,personal
Ok set let u noe e details later...,personal
Not..tel software name..,personal
I send the print outs da.,personal
IM REALY SOZ IMAT MY MUMS 2NITE WHAT ABOUT 2MORO,personal
"When I was born, GOD said, ""Oh No! Another IDIOT"". When you were born, GOD said, ""OH No! COMPETITION"". Who knew, one day these two will become FREINDS FOREVER!",personal
"I didnt get ur full msg..sometext is missing, send it again",personal
"Probably not, I'm almost out of gas and I get some cash tomorrow",personal
I forgot 2 ask all smth.. There's a card on da present lei... How? all want 2 write smth or sign on it?,personal
I'm leaving my house now.,personal
ready then call me...,personal
Wewa is 130. Iriver 255. All 128 mb.,personal
It is a good thing I'm now getting the connection to bw,personal
Sry da..jst nw only i came to home..,personal
"That's cool he'll be here all night, lemme know when you're around",personal
Are you staying in town ?,personal
"Haha yeah, 2 oz is kind of a shitload",personal
Ok u can take me shopping when u get paid =D,personal
"Alright we'll bring it to you, see you in like &lt;#&gt; mins",personal
But pls dont play in others life.,personal
Eatin my lunch...,personal
Hmmm.but you should give it on one day..,personal
"Didn't try, g and I decided not to head out",personal
Ok no prob,personal
Surly ill give it to you:-) while coming to review.,personal
"By march ending, i should be ready. But will call you for sure. The problem is that my capital never complete. How far with you. How's work and the ladies",personal
Pls give her the food preferably pap very slowly with loads of sugar. You can take up to an hour to give it. And then some water. Very very slowly.,personal
A guy who gets used but is too dumb to realize it.,personal
"Okey dokey, ill be over in a bit just sorting some stuff out.",personal
Yes fine,personal
I liked the new mobile,personal
Anytime...,personal
Mmmmmmm *snuggles into you* ...*deep contented sigh* ... *whispers* ... I fucking love you so much I can barely stand it ...,personal
Yar but they say got some error.,personal
Hey anyway i have to :-),personal
Wow so healthy. Old airport rd lor. Cant thk of anything else. But i'll b bathing my dog later.,personal
Wif my family booking tour package.,personal
"Did you say bold, then torch later. Or one torch and 2bold?",personal
"Haha awesome, I might need to take you up on that, what you doin tonight?",personal
Ya i knw u vl giv..its ok thanks kano..anyway enjoy wit ur family wit 1st salary..:-);-),personal
Huh so slow i tot u reach long ago liao... U 2 more days only i 4 more leh...,personal
Thats cool princess! I will cover your face in hot sticky cum :),personal
Big brothers really scraped the barrel with this shower of social misfits,personal
Oops i thk i dun haf enuff... I go check then tell ..,personal
S:)8 min to go for lunch:),personal
"Hey. What happened? U switch off ur cell d whole day. This isnt good. Now if u do care, give me a call tomorrow.",personal
"K will do, addie &amp; I are doing some art so I'll be here when you get home",personal
"Aiyo... Her lesson so early... I'm still sleepin, haha... Okie, u go home liao den confirm w me lor...",personal
Forgot to tell smth.. Can like number the sections so that it's clearer..,personal
"Yup. Anything lor, if u dun wan it's ok...",personal
"I'm home, my love ... If your still awake ... *loving kiss*",personal
HELLO PEACH! MY CAKE TASTS LUSH!,personal
"There'll be a minor shindig at my place later tonight, you interested?",personal
Jason says it's cool if we pick some up from his place in like an hour,personal
I (Career Tel) have added u as a contact on INDYAROCKS.COM to send FREE SMS. To remove from phonebook - sms NO to &lt;#&gt;,personal
I've reached already.,personal
I dont know ask to my brother. Nothing problem some thing that. Just i told .,personal
K:)eng rocking in ashes:),personal
Wat time r going to xin's hostel?,personal
Good Morning my Dear Shijutta........... Have a great &amp; successful day.,personal
Oh k:)after that placement there ah?,personal
"Not for possession, especially not first offense",personal
"Nt only for driving even for many reasons she is called BBD..thts it chikku, then hw abt dvg cold..heard tht vinobanagar violence hw is the condition..and hw ru ? Any problem?",personal
I bought the test yesterday. Its something that lets you know the exact day u ovulate.when will get 2u in about 2 to 3wks. But pls pls dont fret. I know u r worried. Pls relax. Also is there anything in ur past history u need to tell me?,personal
We have pizza if u want,personal
"I keep seeing weird shit and bein all ""woah"" then realising it's actually reasonable and I'm all ""oh""",personal
Many more happy returns of the day. I wish you happy birthday.,personal
Thinking of u ;) x,personal
Orh i tot u say she now still dun believe.,personal
"When you just put in the + sign, choose my number and the pin will show. Right?",personal
The beauty of life is in next second.. which hides thousands of secrets. I wish every second will be wonderful in ur life...!! gud n8,personal
Thanx u darlin!im cool thanx. A few bday drinks 2 nite. 2morrow off! Take care c u soon.xxx,personal
"If you're still up, maybe leave the credit card so I can get gas when I get back like he told me to",personal
Well boy am I glad G wasted all night at applebees for nothing,personal
Ok lor... Or u wan me go look 4 u?,personal
U wan 2 haf lunch i'm in da canteen now.,personal
Don't make life too stressfull.. Always find time to Laugh.. It may not add years to your Life! But surely adds more life to ur years!! Gud ni8..swt dreams..,personal
"hey, looks like I was wrong and one of the kappa guys numbers is still on my phone, if you want I can text him and see if he's around",personal
I'm home. Doc gave me pain meds says everything is fine.,personal
It's only $140 ard... rest all ard $180 at least...Which is price 4 2 bedrm ($900),personal
Me too! Have a lovely night xxx,personal
Prepare to be pleasured :),personal
Hi.:)technical support.providing assistance to us customer through call and email:),personal
if you text on your way to cup stop that should work. And that should be BUS,personal
Whens your radio show?,personal
I'm not sure if its still available though,personal
watever reLation u built up in dis world only thing which remains atlast iz lonlines with lotz n lot memories! feeling..,personal
CHEERS LOU! YEAH WAS A GOODNITE SHAME U NEVA CAME! C YA GAILxx,personal
Hi..i got the money da:),personal
Ok then u tell me wat time u coming later lor.,personal
U repeat e instructions again. Wat's e road name of ur house?,personal
Quite lor. But dun tell him wait he get complacent...,personal
Sorry completely forgot * will pop em round this week if your still here?,personal
U R THE MOST BEAUTIFUL GIRL IVE EVER SEEN. U R MY BABY COME AND C ME IN THE COMMON ROOM,personal
O we cant see if we can join denis and mina? Or does denis want alone time,personal
Sen told that he is going to join his uncle finance in cbe,personal
Yup... Hey then one day on fri we can ask miwa and jiayin take leave go karaoke,personal
"Call me, i am senthil from hsbc.",personal
"Especially since i talk about boston all up in my personal statement, lol! I woulda changed that if i had realized it said nyc! It says boston now.",personal
Indeed and by the way it was either or - not both !,personal
Holy living christ what is taking you so long,personal
thk of wat to eat tonight.,personal
"Thanx. Yup we coming back on sun. Finish dinner going back 2 hotel now. Time flies, we're tog 4 exactly a mth today. Hope we'll haf many more mths to come...",personal
We're on the opposite side from where we dropped you off,personal
Yup. Izzit still raining heavily cos i'm in e mrt i can't c outside.,personal
Send me your resume:-),personal
Gd luck 4 ur exams :-),personal
Or u ask they all if next sat can a not. If all of them can make it then i'm ok lor.,personal
Sorry that was my uncle. I.ll keep in touch,personal
Saw Guys and Dolls last night with Patrick Swayze it was great,personal
Just come home. I don't want u to be miserable,personal
I dont know why she.s not getting your messages,personal
"its cool but tyler had to take off so we're gonna buy for him and drop it off at his place later tonight. Our total order is a quarter, you got enough?",personal
"The guy at the car shop who was flirting with me got my phone number from the paperwork and called and texted me. I'm nervous because of course now he may have my address. Should i call his boss and tell him, knowing this may get him fired?",personal
How do you plan to manage that,personal
"Er, hello, things didnt quite go to plan is limping slowly home followed by aa and with exhaust hanging off",personal
Sorry for the delay. Yes masters,personal
Call me when u finish then i come n pick u.,personal
What's up my own oga. Left my phone at home and just saw ur messages. Hope you are good. Have a great weekend.,personal
"Don't worry though, I understand how important it is that I be put in my place with a poorly thought out punishment in the face of the worst thing that has ever happened to me. Brb gonna go kill myself",personal
"Honey, can you pls find out how much they sell Predicte in Nigeria. And how many times can it be used. Its very important to have a reply before monday",personal
E admin building there? I might b slightly earlier... I'll call u when i'm reaching...,personal
"fyi I'm at usf now, swing by the room whenever",personal
i can call in &lt;#&gt; min if thats ok,personal
no home work to do meh...,personal
Anything is valuable in only 2 situations: First- Before getting it... Second- After loosing it...,personal
Me too. Mark is taking forever to pick up my prescription and the pain is coming back.,personal
How's ur paper?,personal
Got smaller capacity one? Quite ex...,personal
Im good! I have been thinking about you...,personal
:-) :-),personal
Not thought bout it... || Drink in tap & spile at seven. || Is that pub on gas st off broad st by canal. || Ok?,personal
I am going to sleep. I am tired of travel.,personal
"Haha, just what I was thinkin",personal
Yup but it's not giving me problems now so mayb i'll jus leave it...,personal
Lol no. Just trying to make your day a little more interesting,personal
"How long before you get reply, just defer admission til next semester",personal
"The word ""Checkmate"" in chess comes from the Persian phrase ""Shah Maat"" which means; ""the king is dead.."" Goodmorning.. Have a good day..:)",personal
Po de :-):):-):-):-). No need job aha.,personal
Rats. Hey did u ever vote for the next themes?,personal
I hope your pee burns tonite.,personal
"OH RITE. WELL IM WITH MY BEST MATE PETE, WHO I WENT OUT WITH 4 A WEEK+ NOW WERE 2GEVA AGAIN. ITS BEEN LONGER THAN A WEEK.",personal
Yay can't wait to party together!,personal
....photoshop makes my computer shut down.,personal
All boys made fun of me today. Ok i have no problem. I just sent one message just for fun,personal
That's one of the issues but california is okay. No snow so its manageable,personal
"Hmmm.... Mayb can try e shoppin area one, but forgot e name of hotel...",personal
"Awesome, that gonna be soon or later tonight?",personal
I need details about that online job.,personal
Missing you too.pray inshah allah,personal
Pls help me tell Ashley that i cant find her number oh,personal
S.this will increase the chance of winning.,personal
either way works for me. I am &lt;#&gt; years old. Hope that doesnt bother you.,personal
Maybe you should find something else to do instead???,personal
Gain the rights of a wife.dont demand it.i am trying as husband too.Lets see,personal
I liked your new house,personal
I'm fine. Hope you are also,personal
"Also north carolina and texas atm, you would just go to the gre site and pay for the test results to be sent.",personal
Same to u...,personal
yes baby! I need to stretch open your pussy!,personal
Thanks and ! Or bomb and date as my phone wanted to say!,personal
"Hey, a guy I know is breathing down my neck to get him some bud, anyway you'd be able to get a half track to usf tonight?",personal
"Response is one of d powerful weapon 2 occupy a place in others 'HEART'... So, always give response 2 who cares 4 U""... Gud night..swt dreams..take care",personal
Nokia phone is lovly..,personal
Sorry da..today i wont come to play..i have driving clas..,personal
I'm really sorry I lit your hair on fire,personal
"Oh! Shit, I thought that was your trip! Loooooool ... That just makes SO much more sense now ... *grins* and the sofa reference was ... The ""sleep on a couch"" link you sent me ... Wasn't that how you went on your trip ? Oh ... And didn't your babe go with you for that celebration with your rents?",personal
Okey dokey swashbuckling stuff what oh.,personal
1. Tension face 2. Smiling face 3. Waste face 4. Innocent face 5.Terror face 6.Cruel face 7.Romantic face 8.Lovable face 9.decent face &lt;#&gt; .joker face.,personal
Dip's cell dead. So i m coming with him. U better respond else we shall come back.,personal
Well. You know what i mean. Texting,personal
Hi dis is yijue i would be happy to work wif all for gek1510...,personal
Lol! Oops sorry! Have fun.,personal
Wat happened to the cruise thing,personal
"I know dat feelin had it with Pete! Wuld get with em , nuther place nuther time mayb?",personal
The world's most happiest frnds never have the same characters... Dey just have the best understanding of their differences...,personal
Yeah just open chat and click friend lists. Then make the list. Easy as pie,personal
alright tyler's got a minor crisis and has to be home sooner than he thought so be here asap,personal
When/where do I pick you up,personal
As usual u can call me ard 10 smth.,personal
For many things its an antibiotic and it can be used for chest abdomen and gynae infections even bone infections.,personal
Poor girl can't go one day lmao,personal
Or just do that 6times,personal
You have to pls make a note of all she.s exposed to. Also find out from her school if anyone else was vomiting. Is there a dog or cat in the house? Let me know later.,personal
Sounds like there could be a lot of time spent in that chastity device boy ... *grins* ... Or take your beatings like a good dog. Going to lounge in a nice long bath now ?,personal
Its worse if if uses half way then stops. Its better for him to complete it.,personal
Miserable. They don't tell u that the side effects of birth control are massive gut wrenching cramps for the first 2 months. I didn't sleep at all last night.,personal
Send me the new number,personal
2 and half years i missed your friendship:-),personal
Oh for fuck's sake she's in like tallahassee,personal
"Haha, that was the first person I was gonna ask",personal
Taka lor. Wat time u wan 2 come n look 4 us?,personal
I;m reaching in another 2 stops.,personal
"no, i *didn't* mean to post it. I wrote it, and like so many other times i've ritten stuff to you, i let it sit there. it WAS what i was feeling at the time. I was angry. Before i left, i hit send, then stop. It wasn't there. I checked on my phone when i got to my car. It wasn't there. You said you didn't sleep, you were bored. So why wouldn't THAT be the time to clean, fold laundry, etc.? At least make the bed?",personal
Will you come online today night,personal
Then anything special?,personal
"I'm in solihull, | do you want anything?",personal
Will do. Have a good day,personal
WE REGRET TO INFORM U THAT THE NHS HAS MADE A MISTAKE.U WERE NEVER ACTUALLY BORN.PLEASE REPORT 2 YOR LOCAL HOSPITAL 2B TERMINATED.WE R SORRY 4 THE INCONVENIENCE,personal
Love that holiday Monday feeling even if I have to go to the dentists in an hour,personal
I am on the way to tirupur.,personal
You've already got a flaky parent. It'snot supposed to be the child's job to support the parent...not until they're The Ride age anyway. I'm supposed to be there to support you. And now i've hurt you. unintentional. But hurt nonetheless.,personal
We took hooch for a walk toaday and i fell over! Splat! Grazed my knees and everything! Should have stayed at home! See you tomorrow!,personal
"Just dropped em off, omw back now",personal
Sitting in mu waiting for everyone to get out of my suite so I can take a shower,personal
Re your call; You didn't see my facebook huh?,personal
"G says you never answer your texts, confirm/deny",personal
"Its so common hearin How r u? Wat r u doing? How was ur day? So let me ask u something different. Did u smile today? If not, do it now.... Gud evng.",personal
Oh yah... We never cancel leh... Haha,personal
We can go 4 e normal pilates after our intro...,personal
Ok... Let u noe when i leave my house.,personal
"Oh yes, why is it like torture watching england?",personal
Wanna do some art?! :D,personal
Just hopeing that wasnt too pissed up to remember and has gone off to his sisters or something!,personal
"Good morning, my boytoy! How's those yummy lips ? Where's my sexy buns now ? What do you do ? Do you think of me ? Do you crave me ? Do you need me ?",personal
Match started.india &lt;#&gt; for 2,personal
Once free call me sir.,personal
Hey do you want anything to buy:),personal
"Hey babe, how's it going ? Did you ever figure out where your going for New Years ?",personal
K..k.:)congratulation ..,personal
G wants to know where the fuck you are,personal
No it was cancelled yeah baby! Well that sounds important so i understand my darlin give me a ring later on this fone love Kate x,personal
Tomarrow i want to got to court. At &lt;DECIMAL&gt; . So you come to bus stand at 9.,personal
go home liao? Ask dad to pick me up at 6...,personal
Omg you can make a wedding chapel in frontierville? Why do they get all the good stuff?,personal
"I'm eatin now lor, but goin back to work soon... E mountain deer show huh... I watch b4 liao, very nice...",personal
Check mail.i have mailed varma and kept copy to you regarding membership.take care.insha allah.,personal
Wrong phone! This phone! I answer this one but assume the other is people i don't well,personal
"Anyway I don't think I can secure anything up here, lemme know if you want me to drive down south and chill",personal
I'm already back home so no probably not,personal
I am in bus on the way to calicut,personal
Hi its me you are probably having too much fun to get this message but i thought id txt u cos im bored! and james has been farting at me all night,personal
hi baby im sat on the bloody bus at the mo and i wont be home until about 7:30 wanna do somethin later? call me later ortxt back jess xx,personal
I lost 4 pounds since my doc visit last week woot woot! Now I'm gonna celebrate by stuffing my face!,personal
U coming back 4 dinner rite? Dad ask me so i re confirm wif u...,personal
Doing my masters. When will you buy a bb cos i have for sale and how's bf,personal
"Ahhhh...just woken up!had a bad dream about u tho,so i dont like u right now :) i didnt know anything about comedy night but i guess im up for it.",personal
I'm vivek:)i got call from your number.,personal
Why didn't u call on your lunch?,personal
"What i mean was i left too early to check, cos i'm working a 9-6.",personal
I want &lt;#&gt; rs da:)do you have it?,personal
I want to see your pretty pussy...,personal
"A few people are at the game, I'm at the mall with iouri and kaila",personal
Future is not what we planned for tomorrow.....! it is the result of what we do today...! Do the best in present... enjoy the future.,personal
I will cme i want to go to hos 2morow. After that i wil cme. This what i got from her dear what to do. She didnt say any time,personal
We are supposed to meet to discuss abt our trip... Thought xuhui told you? In the afternoon. Thought we can go for lesson after that,personal
Hey come online! Use msn... We are all there,personal
I'm fine. Hope you are good. Do take care.,personal
Oops I was in the shower when u called. Hey a parking garage collapsed at university hospital. See I'm not crazy. Stuff like that DOES happen.,personal
Aiyo u so poor thing... Then u dun wan 2 eat? U bathe already?,personal
Yar... I tot u knew dis would happen long ago already.,personal
You are gorgeous! keep those pix cumming :) thank you!,personal
JADE ITS PAUL. Y DIDNT U TXT ME? DO U REMEMBER ME FROM BARMED? I WANT 2 TALK 2 U! TXT ME,personal
Spending new years with my brother and his family. Lets plan to meet next week. Are you ready to be spoiled? :),personal
So what u doing today?,personal
I said its okay. Sorry,personal
Slept? I thinkThis time ( &lt;#&gt; pm) is not dangerous,personal
Networking job is there.,personal
Dont let studying stress you out. L8r.,personal
That's y u haf 2 keep me busy...,personal
No rushing. I'm not working. I'm in school so if we rush we go hungry.,personal
Which channel:-):-):):-).,personal
So your telling me I coulda been your real Valentine and I wasn't? U never pick me for NOTHING!!,personal
"We made it! Eta at taunton is 12:30 as planned, hope thats still okday?! Good to see you! :-xx",personal
I'm hungry buy smth home...,personal
"HEY KATE, HOPE UR OK... WILL GIVE U A BUZ WEDLUNCH. GO OUTSOMEWHERE 4 ADRINK IN TOWN..CUD GO 2WATERSHD 4 A BIT? PPL FROMWRK WILL BTHERE. LOVE PETEXXX.",personal
My drive can only be read. I need to write,personal
"Just looked it up and addie goes back Monday, sucks to be her",personal
Happy new year. Hope you are having a good semester,personal
Esplanade lor. Where else...,personal
Can you talk with me..,personal
"Hmph. Go head, big baller.",personal
Well its not like you actually called someone a punto. That woulda been worse.,personal
"Nope. Since ayo travelled, he has forgotten his guy",personal
You still around? Looking to pick up later,personal
There's someone here that has a year &lt;#&gt; toyota camry like mr olayiwola's own. Mileage is &lt;#&gt; k.its clean but i need to know how much will it sell for. If i can raise the dough for it how soon after landing will it sell. Holla back.,personal
Guess which pub im in? Im as happy as a pig in clover or whatever the saying is!,personal
ILL B DOWN SOON,personal
Oh k. . I will come tomorrow,personal
Go fool dont cheat others ok,personal
"My mobile number.pls sms ur mail id.convey regards to achan,amma.Rakhesh.Qatar",personal
"By the way, 'rencontre' is to meet again. Mountains dont....",personal
U attend ur driving lesson how many times a wk n which day?,personal
"Uncle G, just checking up on you. Do have a rewarding month",personal
Hello boytoy ! Geeee ... I'm missing you today. I like to send you a tm and remind you I'm thinking of you ... And you are loved ... *loving kiss*,personal
I think the other two still need to get cash but we can def be ready by 9,personal
Hey gals...U all wanna meet 4 dinner at nte?,personal
Babe ! What are you doing ? Where are you ? Who are you talking to ? Do you think of me ? Are you being a good boy? Are you missing me? Do you love me ?,personal
Great! How is the office today?,personal
"It's cool, we can last a little while. Getting more any time soon?",personal
:-( sad puppy noise,personal
Yes its possible but dint try. Pls dont tell to any one k,personal
Anyway holla at me whenever you're around because I need an excuse to go creep on people in sarasota,personal
Where you. What happen,personal
I was gonna ask you lol but i think its at 7,personal
Go chase after her and run her over while she's crossing the street,personal
Hey... Very inconvenient for your sis a not huh?,personal
Ok i vl..do u know i got adsense approved..,personal
"* Was really good to see you the other day dudette, been missing you!",personal
I want to go to perumbavoor,personal
How many times i told in the stage all use to laugh. You not listen aha.,personal
(You didn't hear it from me),personal
Thanks for being there for me just to talk to on saturday. You are very dear to me. I cherish having you as a brother and role model.,personal
Pls clarify back if an open return ticket that i have can be preponed for me to go back to kerala.,personal
She ran off with a younger man. we will make pretty babies together :),personal
O ic lol. Should play 9 doors sometime yo,personal
"Dunno, my dad said he coming home 2 bring us out 4 lunch. Yup i go w u lor. I call u when i reach school lor...",personal
Desires- u going to doctor 4 liver. And get a bit stylish. Get ur hair managed. Thats it.,personal
Hmmm.still we dont have opener?,personal
Yeah so basically any time next week you can get away from your mom &amp; get up before 3,personal
I will vote for wherever my heart guides me,personal
With my sis lor... We juz watched italian job.,personal
"Tick, tick, tick .... Where are you ? I could die of loneliness you know ! *pouts* *stomps feet* I need you ...",personal
Lmao you know me so well...,personal
Am on a train back from northampton so i'm afraid not! I'm staying skyving off today ho ho! Will be around wednesday though. Do you fancy the comedy club this week by the way?,personal
Goodnight da thangam I really miss u dear.,personal
Hey next sun 1030 there's a basic yoga course... at bugis... We can go for that... Pilates intro next sat.... Tell me what time you r free,personal
"Geeeee ... Your internet is really bad today, eh ?",personal
I think i am disturbing her da,personal
"Sorry, I'll call you later. I am in meeting sir.",personal
Havent stuck at orchard in my dad's car. Going 4 dinner now. U leh? So r they free tonight?,personal
Ok i also wan 2 watch e 9 pm show...,personal
I dunno lei... Like dun haf...,personal
But your brother transfered only &lt;#&gt; + &lt;#&gt; . Pa.,personal
I calls you later. Afternoon onwords mtnl service get problem in south mumbai. I can hear you but you cann't listen me.,personal
Talk to g and x about that,personal
Hai dear friends... This is my new &amp; present number..:) By Rajitha Raj (Ranju),personal
As in different styles?,personal
Gud ni8 dear..slp well..take care..swt dreams..Muah..,personal
"Well, i'm glad you didn't find it totally disagreeable ... Lol",personal
"Guy, no flash me now. If you go call me, call me. How madam. Take care oh.",personal
Mark works tomorrow. He gets out at 5. His work is by your house so he can meet u afterwards.,personal
"Keep ur problems in ur heart, b'coz nobody will fight for u. Only u &amp; u have to fight for ur self &amp; win the battle. -VIVEKANAND- G 9t.. SD.. ham Yeah, give me a call if you've got a minute ham HI BABE UAWAKE?FEELLIKW SHIT.JUSTFOUND OUT VIA ALETTER THATMUM GOTMARRIED 4thNOV.BEHIND OURBACKS FUCKINNICE!SELFISH,DEVIOUSBITCH.ANYWAY,IL CALL U""",personal
Amazing : If you rearrange these letters it gives the same meaning... Dormitory = Dirty room Astronomer = Moon starer The eyes = They see Election results = Lies lets recount Mother-in-law = Woman Hitler Eleven plus two =Twelve plus one Its Amazing... !:-),personal
Aiya we discuss later lar... Pick up at 4 is it?,personal
Hey happy birthday...,personal
Sorry i missed your call. Can you please call back.,personal
Omg if its not one thing its another. My cat has worms :/ when does this bad day end?,personal
"Good morning, im suffering from fever and dysentry ..will not be able to come to office today.",personal
I wont do anything de.,personal
What type of stuff do you sing?,personal
"St andre, virgil's cream",personal
"My fri ah... Okie lor,goin 4 my drivin den go shoppin after tt...",personal
Gokila is talking with you aha:),personal
"Hi Shanil,Rakhesh here.thanks,i have exchanged the uncut diamond stuff.leaving back. Excellent service by Dino and Prem.",personal
K.k.this month kotees birthday know?,personal
But i'm really really broke oh. No amount is too small even &lt;#&gt;,personal
Sorry about that this is my mates phone and i didnt write it love Kate,personal
"Ah, well that confuses things, doesnt it? I thought was friends with now. Maybe i did the wrong thing but i already sort of invited -tho he may not come cos of money.",personal
"Aight, call me once you're close",personal
Nope thats fine. I might have a nap tho!,personal
In other news after hassling me to get him weed for a week andres has no money. HAUGHAIGHGTUJHYGUJ,personal
Ding me on ya break fassyole! Blacko from londn,personal
I REALLY NEED 2 KISS U I MISS U MY BABY FROM UR BABY 4EVA,personal
Oh you got many responsibilities.,personal
I've reached sch already...,personal
U definitely need a module from e humanities dis sem izzit? U wan 2 take other modules 1st?,personal
Argh why the fuck is nobody in town ;_;,personal
Thanks. Fills me with complete calm and reassurance!,personal
Aslamalaikkum....insha allah tohar beeen muht albi mufti mahfuuz...meaning same here....,personal
Are you driving or training?,personal
Lol for real. She told my dad I have cancer,personal
"Oops I did have it, &lt;#&gt; ?",personal
NOT ENUFCREDEIT TOCALL.SHALL ILEAVE UNI AT 6 +GET A BUS TO YOR HOUSE?,personal
"Hi Chikku, send some nice msgs",personal
"He is impossible to argue with and he always treats me like his sub, like he never released me ... Which he did and I will remind him of that if necessary",personal
"After my work ah... Den 6 plus lor... U workin oso rite... Den go orchard lor, no other place to go liao...",personal
"To the wonderful Okors, have a great month. We cherish you guys and wish you well each day. MojiBiola",personal
Cuz ibored. And don wanna study,personal
Wot about on wed nite I am 3 then but only til 9!,personal
Any way where are you and what doing.,personal
That sucks. I'll go over so u can do my hair. You'll do it free right?,personal
it's still not working. And this time i also tried adding zeros. That was the savings. The checking is &lt;#&gt;,personal
"Hmm... Dunno leh, mayb a bag 4 goigng out dat is not too small. Or jus anything except perfume, smth dat i can keep.",personal
Sday only joined.so training we started today:),personal
Sorry * was at the grocers.,personal
There are some nice pubs near here or there is Frankie n Bennys near the warner cinema?,personal
Yup... I havent been there before... You want to go for the yoga? I can call up to book,personal
Oh shut it. Omg yesterday I had a dream that I had 2 kids both boys. I was so pissed. Not only about the kids but them being boys. I even told mark in my dream that he was changing diapers cause I'm not getting owed in the face.,personal
Yeah I imagine he would be really gentle. Unlike the other docs who treat their patients like turkeys.,personal
Now that you have started dont stop. Just pray for more good ideas and anything i see that can help you guys i.ll forward you a link.,personal
Hi darlin im on helens fone im gonna b up the princes 2 nite please come up tb love Kate,personal
I'm in office now da:)where are you?,personal
Aiyar u so poor thing... I give u my support k... Jia you! I'll think of u...,personal
Oh unintentionally not bad timing. Great. Fingers the trains play along! Will give fifteen min warning.,personal
K..then come wenever u lik to come and also tel vikky to come by getting free time..:-),personal
Pls call me da. What happen.,personal
"Happy new year to u and ur family...may this new year bring happiness , stability and tranquility to ur vibrant colourful life:):)",personal
No problem with the renewal. I.ll do it right away but i dont know his details.,personal
Idk. I'm sitting here in a stop and shop parking lot right now bawling my eyes out because i feel like i'm a failure in everything. Nobody wants me and now i feel like i'm failing you.,personal
Haven't left yet so probably gonna be here til dinner,personal
"Like &lt;#&gt; , same question",personal
MY NEW YEARS EVE WAS OK. I WENT TO A PARTY WITH MY BOYFRIEND. WHO IS THIS SI THEN HEY,personal
"Sir, I need Velusamy sir's date of birth and company bank facilities details.",personal
K k:) sms chat with me.,personal
I will come with karnan car. Please wait till 6pm will directly goto doctor.,personal
No but the bluray player can,personal
Ok... Then r we meeting later?,personal
Lol no. I just need to cash in my nitros. Hurry come on before I crash out!,personal
Just send a text. We'll skype later.,personal
Ok leave no need to ask,personal
still got lessons? in sch?,personal
Y she dun believe leh? I tot i told her it's true already. I thk she muz c us tog then she believe.,personal
Oh did you charge camera,personal
"Ive got some salt, you can rub it in my open wounds if you like!",personal
Now i'm going for lunch.,personal
I'm in school now n i'll be in da lab doing some stuff give me a call when r done.,personal
"Aight, text me tonight and we'll see what's up",personal
U 2.,personal
Water logging in desert. Geoenvironmental implications.,personal
"Very strange. and are watching the 2nd one now but i'm in bed. Sweet dreams, miss u",personal
"Hi hope u r both ok, he said he would text and he hasn't, have u seen him, let me down gently please",personal
"Babe! I fucking love you too !! You know? Fuck it was so good to hear your voice. I so need that. I crave it. I can't get enough. I adore you, Ahmad *kisses*",personal
K sure am in my relatives home. Sms me de. Pls:-),personal
"Fuuuuck I need to stop sleepin, sup",personal
I'm in town now so i'll jus take mrt down later.,personal
I just cooked a rather nice salmon a la you,personal
I uploaded mine to Facebook,personal
WHAT TIME U WRKIN?,personal
Oh oh... Den muz change plan liao... Go back have to yan jiu again...,personal
"It's wylie, you in tampa or sarasota?",personal
Ok... Take ur time n enjoy ur dinner...,personal
Darren was saying dat if u meeting da ge den we dun meet 4 dinner. Cos later u leave xy will feel awkward. Den u meet him 4 lunch lor.,personal
I like cheap! But im happy to splash out on the wine if it makes you feel better..,personal
She.s fine. I have had difficulties with her phone. It works with mine. Can you pls send her another friend request.,personal
Ugh my leg hurts. Musta overdid it on mon.,personal
WOT STUDENT DISCOUNT CAN U GET ON BOOKS?,personal
How come she can get it? Should b quite diff to guess rite...,personal
"Babe, I'm answering you, can't you see me ? Maybe you'd better reboot YM ... I got the photo ... It's great !",personal
Hi.what you think about match?,personal
"I know you are thinkin malaria. But relax, children cant handle malaria. She would have been worse and its gastroenteritis. If she takes enough to replace her loss her temp will reduce. And if you give her malaria meds now she will just vomit. Its a self limiting illness she has which means in a few days it will completely stop",personal
Dai i downloaded but there is only exe file which i can only run that exe after installing.,personal
It is only yesterday true true.,personal
K.k.how is your business now?,personal
3 pa but not selected.,personal
Well thats nice. Too bad i cant eat it,personal
I accidentally brought em home in the box,personal
Pls she needs to dat slowly or she will vomit more.,personal
I have to take exam with in march 3,personal
"Jane babes not goin 2 wrk, feel ill after lst nite. Foned in already cover 4 me chuck.:-)",personal
5 nights...We nt staying at port step liao...Too ex,personal
If I die I want u to have all my stuffs.,personal
OH FUCK. JUSWOKE UP IN A BED ON A BOATIN THE DOCKS. SLEPT WID 25 YEAR OLD. SPINOUT! GIV U DA GOSSIP L8R. XXX,personal
I re-met alex nichols from middle school and it turns out he's dealing!,personal
It means u could not keep ur words.,personal
"Nope, I'm still in the market",personal
I realise you are a busy guy and i'm trying not to be a bother. I have to get some exams outta the way and then try the cars. Do have a gr8 day,personal
Hey what how about your project. Started aha da.,personal
Ok cool. See ya then.,personal
Am on the uworld site. Am i buying the qbank only or am i buying it with the self assessment also?,personal
Yeah I can still give you a ride,personal
"Jay wants to work out first, how's 4 sound?",personal
"Gud gud..k, chikku tke care.. sleep well gud nyt",personal
Hmm thinking lor...,personal
Of course ! Don't tease me ... You know I simply must see ! *grins* ... Do keep me posted my prey ... *loving smile* *devouring kiss*,personal
thanks for the temales it was wonderful. Thank. Have a great week.,personal
Thank you princess! I want to see your nice juicy booty...,personal
Haven't eaten all day. I'm sitting here staring at this juicy pizza and I can't eat it. These meds are ruining my life.,personal
U come n search tat vid..not finishd..,personal
"K I'm leaving soon, be there a little after 9",personal
"Yeah work is fine, started last week, all the same stuff as before, dull but easy and guys are fun!",personal
You do your studies alone without anyones help. If you cant no need to study.,personal
Please tell me not all of my car keys are in your purse,personal
I didnt get anything da,personal
Ok... Sweet dreams...,personal
Well she's in for a big surprise!,personal
1 in cbe. 2 in chennai.,personal
Can help u swoop by picking u up from wherever ur other birds r meeting if u want.,personal
If anyone calls for a treadmill say you'll buy it. Make sure its working. I found an ad on Craigslist selling for $ &lt;#&gt; .,personal
I absolutely LOVE South Park! I only recently started watching the office.,personal
Did you see that film:),personal
Pls speak with me. I wont ask anything other then you friendship.,personal
Gud ni8.swt drms.take care,personal
HI DARLIN ITS KATE ARE U UP FOR DOIN SOMETHIN TONIGHT? IM GOING TO A PUB CALLED THE SWAN OR SOMETHING WITH MY PARENTS FOR ONE DRINK SO PHONE ME IF U CAN,personal
Anything lar then not going home 4 dinner?,personal
"ER, ENJOYIN INDIANS AT THE MO..yeP. SaLL gOoD HehE ;> hows bout u shexy? Pete Xx",personal
Did u fix the teeth?if not do it asap.ok take care.,personal
So u wan 2 come for our dinner tonight a not?,personal
"Hello.How u doing?What u been up 2?When will u b moving out of the flat, cos I will need to arrange to pick up the lamp, etc. Take care. Hello caroline!",personal
Its too late:)but its k.wish you the same.,personal
"Hi. Hope ur day * good! Back from walk, table booked for half eight. Let me know when ur coming over.",personal
Oh yeah clearly it's my fault,personal
Dunno leh cant remember mayb lor. So wat time r we meeting tmr?,personal
"Best msg: It's hard to be with a person, when u know that one more step foward will make u fall in love.. &amp; One step back can ruin ur friendship.. good night:-) ...",personal
"Vikky, come around &lt;TIME&gt; ..",personal
"And how you will do that, princess? :)",personal
I have gone into get info bt dont know what to do,personal
"Yeah, probably here for a while",personal
I'm still pretty weak today .. Bad day ?,personal
Hey ! Don't forget ... You are MINE ... For ME ... My possession ... MY property ... MMM ... *childish smile* ...,personal
An excellent thought by a misundrstud frnd: I knw u hate me bt the day wen u'll knw the truth u'll hate urself:-( Gn:-),personal
Hey! Congrats 2u2. id luv 2 but ive had 2 go home!,personal
Dear where you. Call me,personal
Xy trying smth now. U eat already? We havent...,personal
I donno its in your genes or something,personal
Alex says he's not ok with you not being ok with it,personal
Are u coming to the funeral home,personal
My darling sister. How are you doing. When's school resuming. Is there a minimum wait period before you reapply? Do take care,personal
I.ll hand her my phone to chat wit u,personal
Well good morning mr . Hows london treatin' ya treacle?,personal
I can't make it tonight,personal
About &lt;#&gt; bucks. The banks fees are fixed. Better to call the bank and find out.,personal
"I can. But it will tell quite long, cos i haven't finish my film yet...",personal
Pls ask macho how much is budget for bb bold 2 is cos i saw a new one for &lt;#&gt; dollars.,personal
Hi missed your Call and my mumHas beendropping red wine all over theplace! what is your adress?,personal
Ill be at yours in about 3 mins but look out for me,personal
What you did in leave.,personal
I'm coming back on Thursday. Yay. Is it gonna be ok to get the money. Cheers. Oh yeah and how are you. Everything alright. Hows school. Or do you call it work now,personal
"Jolly good! By the way, will give u tickets for sat eve 7.30. Speak before then x",personal
"yeah, that's what I was thinking",personal
K.k:)i'm going to tirunelvali this week to see my uncle ..i already spend the amount by taking dress .so only i want money.i will give it on feb 1,personal
Here got ur favorite oyster... N got my favorite sashimi... Ok lar i dun say already... Wait ur stomach start rumbling...,personal
My sister going to earn more than me da.,personal
Jus finish watching tv... U?,personal
"K, fyi I'm back in my parents' place in south tampa so I might need to do the deal somewhere else",personal
"Good morning, my Love ... I go to sleep now and wish you a great day full of feeling better and opportunity ... You are my last thought babe, I LOVE YOU *kiss*",personal
Kothi print out marandratha.,personal
But we havent got da topic yet rite?,personal
Ok no problem... Yup i'm going to sch at 4 if i rem correctly...,personal
"Thanks, I'll keep that in mind",personal
Aah bless! How's your arm?,personal
"Dear Sir,Salam Alaikkum.Pride and Pleasure meeting you today at the Tea Shop.We are pleased to send you our contact number at Qatar.Rakhesh an Indian.Pls save our Number.Respectful Regards.",personal
"Gal n boy walking in d park. gal-can i hold ur hand? boy-y? do u think i would run away? gal-no, jst wana c how it feels walking in heaven with an prince..GN:-)",personal
What makes you most happy?,personal
Wishing you a wonderful week.,personal
Sweet heart how are you?,personal
"Sir, waiting for your letter.",personal
Dude im no longer a pisces. Im an aquarius now.,personal
X course it 2yrs. Just so her messages on messenger lik you r sending me,personal
I think steyn surely get one wicket:),personal
"Neither [in sterm voice] - i'm studying. All fine with me! Not sure the thing will be resolved, tho. Anyway. Have a fab hols",personal
"Garbage bags, eggs, jam, bread, hannaford wheat chex",personal
No. It's not pride. I'm almost &lt;#&gt; years old and shouldn't be takin money from my kid. You're not supposed to have to deal with this stuff. This is grownup stuff--why i don't tell you.,personal
Sounds better than my evening im just doing my costume. Im not sure what time i finish tomorrow but i will txt you at the end.,personal
My birthday is on feb &lt;#&gt; da. .,personal
So when do you wanna gym?,personal
You'd like that wouldn't you? Jerk!,personal
Are u awake? Is there snow there?,personal
And of course you should make a stink!,personal
No go. No openings for that room 'til after thanksgiving without an upcharge.,personal
When you guys planning on coming over?,personal
Wat doing now?,personal
No sir. That's why i had an 8-hr trip on the bus last week. Have another audition next wednesday but i think i might drive this time.,personal
Do I? I thought I put it back in the box,personal
I'm home...,personal
No one interested. May be some business plan.,personal
Yup it's at paragon... I havent decided whether 2 cut yet... Hee...,personal
Good morning princess! Have a great day!,personal
Guai... shd haf seen him when he's naughty... so free today? Can go jogging...,personal
Aiyo cos i sms then neva reply so i wait 4 to reply lar. I tot havent finish ur lab wat.,personal
"Living is very simple.. Loving is also simple.. Laughing is too simple.. Winning is tooo simple.. But, Being 'SIMPLE' is very difficult...;-) :-)",personal
Tell me something. Thats okay.,personal
Hmm. Shall i bring a bottle of wine to keep us amused? Just joking! I'll still bring a bottle. Red or white? See you tomorrow,personal
This is ur face test ( 1 2 3 4 5 6 7 8 9 &lt;#&gt; ) select any number i will tell ur face astrology.... am waiting. quick reply...,personal
"Hey, iouri gave me your number, I'm wylie, ryan's friend",personal
Yep get with the program. You're slacking.,personal
I'm in inside office..still filling forms.don know when they leave me.,personal
"I think your mentor is , but not 100 percent sure.",personal
Just trying to figure out when I'm suppose to see a couple different people this week. We said we'd get together but I didn't set dates,personal
Hi mom we might be back later than &lt;#&gt;,personal
"Lol, oh you got a friend for the dog ?",personal
"Ok., is any problem to u frm him? Wats matter?",personal
"K I'll head out in a few mins, see you there",personal
I don't want you to leave. But i'm barely doing what i can to stay sane. fighting with you constantly isn't helping.,personal
Somebody set up a website where you can play hold em using eve online spacebucks,personal
Its sunny in california. The weather's just cool,personal
"I can make it up there, squeezed &lt;#&gt; bucks out of my dad",personal
Good day to You too.Pray for me.Remove the teeth as its painful maintaining other stuff.,personal
How are you babes. Hope your doing ok. I had a shit nights sleep. I fell asleep at 5.Im knackered and im dreading work tonight. What are thou upto tonight. X,personal
How do friends help us in problems? They give the most stupid suggestion that Lands us into another problem and helps us forgt the previous problem,personal
I will be gentle baby! Soon you will be taking all &lt;#&gt; inches deep inside your tight pussy...,personal
NOT MUCH NO FIGHTS. IT WAS A GOOD NITE!!,personal
Nt joking seriously i told,personal
Watching ajith film ah?,personal
Ooooooh I forgot to tell u I can get on yoville on my phone,personal
"All done, all handed in. Don't know if mega shop in asda counts as celebration but thats what i'm doing!",personal
I dont know exactly could you ask chechi.,personal
Dunno lei shd b driving lor cos i go sch 1 hr oni.,personal
As in i want custom officer discount oh.,personal
That's necessarily respectful,personal
Hi. Hope you had a good day. Have a better night.,personal
And he's apparently bffs with carly quick now,personal
HARD BUT TRUE: How much you show &amp; express your love to someone....that much it will hurt when they leave you or you get seperated...!??ud evening...,personal
Babes I think I got ur brolly I left it in English wil bring it in 2mrw 4 u luv Franxx,personal
Hi babe its me thanks for coming even though it didnt go that well!i just wanted my bed! Hope to see you soon love and kisses xxx,personal
So gd got free ice cream... I oso wan...,personal
Pls give her prometazine syrup. 5mls then &lt;#&gt; mins later feed.,personal
So how many days since then?,personal
Dear are you angry i was busy dear,personal
Yup he msg me: is tat yijue? Then i tot it's my group mate cos we meeting today mah... I'm askin if leaving earlier or wat mah cos mayb haf to walk v far...,personal
... Are you in the pub?,personal
There is a first time for everything :),personal
"Daddy, shu shu is looking 4 u... U wan me 2 tell him u're not in singapore or wat?",personal
I ask if u meeting da ge tmr nite...,personal
Gr8. So how do you handle the victoria island traffic. Plus when's the album due,personal
Nite nite pocay wocay luv u more than n e thing 4eva I promise ring u 2morrowxxxx,personal
East coast,personal
You should get more chicken broth if you want ramen unless there's some I don't know about,personal
My slave! I want you to take 2 or 3 pictures of yourself today in bright light on your cell phone! Bright light!,personal
Nope. I just forgot. Will show next week,personal
So how are you really. What are you up to. How's the masters. And so on.,personal
I'm at bruce &amp; fowler now but I'm in my mom's car so I can't park (long story),personal
I dont know oh. Hopefully this month.,personal
"Hi elaine, is today's meeting confirmed?",personal
Ok k..sry i knw 2 siva..tats y i askd..,personal
U horrible gal... U knew dat i was going out wif him yest n u still come n ask me...,personal
Oh yeah! And my diet just flew out the window,personal
You didnt complete your gist oh.,personal
"Er yeah, i will b there at 15:26, sorry! Just tell me which pub/cafe to sit in and come wen u can",personal
"If you can make it any time tonight or whenever you can it's cool, just text me whenever you're around",personal
If I was I wasn't paying attention,personal
Thanx a lot 4 ur help!,personal
You're gonna have to be way more specific than that,personal
Jesus armand really is trying to tell everybody he can find,personal
I'm wif him now buying tix lar...,personal
Mode men or have you left.,personal
Am slow in using biola's fne,personal
What are youdoing later? Sar xxx,personal
Hey i've booked the 2 lessons on sun liao...,personal
Thank you. do you generally date the brothas?,personal
"By the way, make sure u get train to worc foregate street not shrub hill. Have fun night x",personal
"I thought i'd get him a watch, just cos thats the kind of thing u get4an18th. And he loves so much!",personal
Good morning. At the repair shop--the ONLY reason i'm up at this hour.,personal
"And that's fine, I got enough bud to last most of the night at least",personal
I am back. Good journey! Let me know if you need any of the receipts. Shall i tell you like the pendent?,personal
So that takes away some money worries,personal
"aight we can pick some up, you open before tonight?",personal
Sac needs to carry on:),personal
Just sing HU. I think its also important to find someone female that know the place well preferably a citizen that is also smart to help you navigate through. Even things like choosing a phone plan require guidance. When in doubt ask especially girls.,personal
What???? Hello wats talks email address?,personal
Except theres a chick with huge boobs.,personal
Im just wondering what your doing right now?,personal
Wishing you a beautiful day. Each moment revealing even more things to keep you smiling. Do enjoy it.,personal
If you hear a loud scream in about &lt;#&gt; minutes its cause my Gyno will be shoving things up me that don't belong :/,personal
Ok i thk i got it. Then u wan me 2 come now or wat?,personal
U GOIN OUT 2NITE?,personal
I will treasure every moment we spend together...,personal
Shall I bring us a bottle of wine to keep us amused? Only joking! Ill bring one anyway,personal
I thought slide is enough.,personal
Well obviously not because all the people in my cool college life went home ;_;,personal
Ok lor reaching then message me.,personal
Where's mummy's boy ? Is he being good or bad ? Is he being positive or negative ? Why is mummy being made to wait? Hmmmm?,personal
Dhoni have luck to win some big title.so we will win:),personal
Yes princess! I want to please you every night. Your wish is my command...,personal
No probably &lt;#&gt; %.,personal
Really do hope the work doesnt get stressful. Have a gr8 day.,personal
Have you seen who's back at Holby?!,personal
Shall call now dear having food,personal
So li hai... Me bored now da lecturer repeating last weeks stuff waste time...,personal
", , and picking them up from various points | going 2 yeovil | and they will do the motor project 4 3 hours | and then u take them home. || 12 2 5.30 max. || Very easy",personal
Also fuck you and your family for going to rhode island or wherever the fuck and leaving me all alone the week I have a new bong &gt;:(,personal
Ofcourse I also upload some songs,personal
Oh thanks a lot..i already bought 2 eggs ..,personal
U studying in sch or going home? Anyway i'll b going 2 sch later.,personal
I think if he rule tamilnadu..then its very tough for our people.,personal
"Cool, we shall go and see, have to go to tip anyway. Are you at home, got something to drop in later? So lets go to town tonight! Maybe mum can take us in.",personal
"Good afternoon, my love ... How goes your day ? How did you sleep ? I hope your well, my boytoy ... I think of you ...",personal
Yes... I trust u to buy new stuff ASAP so I can try it out,personal
Why did I wake up on my own &gt;:(,personal
Now get step 2 outta the way. Congrats again.,personal
Love has one law; Make happy the person you love. In the same way friendship has one law; Never make ur friend feel alone until you are alive.... Gud night,personal
Apo all other are mokka players only,personal
"Perhaps * is much easy give your account identification, so i will tomorrow at UNI",personal
Wait . I will msg after &lt;#&gt; min.,personal
What i told before i tell. Stupid hear after i wont tell anything to you. You dad called to my brother and spoken. Not with me.,personal
God's love has no limit. God's grace has no measure. God's power has no boundaries. May u have God's endless blessings always in ur life...!! Gud ni8,personal
I want to be inside you every night...,personal
"Machan you go to gym tomorrow, i wil come late goodnight.",personal
Lol they were mad at first but then they woke up and gave in.,personal
"Its reassuring, in this crazy world.",personal
"Just making dinner, you ?",personal
Yes. Please leave at &lt;#&gt; . So that at &lt;#&gt; we can leave,personal
Oh... Okie lor...We go on sat...,personal
You are a great role model. You are giving so much and i really wish each day for a miracle but God as a reason for everything and i must say i wish i knew why but i dont. I've looked up to you since i was young and i still do. Have a great day.,personal
"Ya, i'm referin to mei's ex wat... No ah, waitin 4 u to treat, somebody shld b rich liao...So gd, den u dun have to work frm tmr onwards...",personal
Miles and smiles r made frm same letters but do u know d difference..? smile on ur face keeps me happy even though I am miles away from u.. :-)keep smiling.. Good nyt,personal
"By the way, i've put a skip right outside the front of the house so you can see which house it is. Just pull up before it.",personal
Can you pls send me that company name. In saibaba colany,personal
No. I dont want to hear anything,personal
You are a big chic. Common. Declare,personal
Thats cool. I want to please you...,personal
Going to join tomorrow.,personal
I want to tell you how bad I feel that basically the only times I text you lately are when I need drugs,personal
"Total disappointment, when I texted you was the craziest shit got :(",personal
Its just the effect of irritation. Just ignore it,personal
What about this one then.,personal
I think that tantrum's finished so yeah I'll be by at some point,personal
Compliments to you. Was away from the system. How your side.,personal
happened here while you were adventuring,personal
"Hey chief, can you give me a bell when you get this. Need to talk to you about this royal visit on the 1st june.",personal
Ok which your another number,personal
Aiyah ok wat as long as got improve can already wat...,personal
I can't believe how attached I am to seeing you every day. I know you will do the best you can to get to me babe. I will go to teach my class at your midnight,personal
Yeah it's jus rite...,personal
Armand says get your ass over to epsilon,personal
U still havent got urself a jacket ah?,personal
"I'm taking derek &amp; taylor to walmart, if I'm not back by the time you're done just leave the mouse on my desk and I'll text you when priscilla's ready",personal
Hi its in durban are you still on this number,personal
Ic. There are a lotta childporn cars then.,personal
"No, I was trying it all weekend ;V",personal
"You know, wot people wear. T shirts, jumpers, hat, belt, is all we know. We r at Cribbs",personal
"Cool, what time you think you can get here?",personal
Wen did you get so spiritual and deep. That's great,personal
Have a safe trip to Nigeria. Wish you happiness and very soon company to share moments with,personal
Well keep in mind I've only got enough gas for one more round trip barring a sudden influx of cash,personal
Yeh. Indians was nice. Tho it did kane me off a bit he he. We shud go out 4 a drink sometime soon. Mite hav 2 go 2 da works 4 a laugh soon. Love Pete x x,personal
Yes i have. So that's why u texted. Pshew...missing you so much,personal
No. I meant the calculation is the same. That &lt;#&gt; units at &lt;#&gt; . This school is really expensive. Have you started practicing your accent. Because its important. And have you decided if you are doing 4years of dental school or if you'll just do the nmde exam.,personal
if you aren't here in the next &lt;#&gt; hours imma flip my shit,personal
Anything lor. Juz both of us lor.,personal
Get me out of this dump heap. My mom decided to come to lowes. BORING.,personal
Ok lor... Sony ericsson salesman... I ask shuhui then she say quite gd 2 use so i considering...,personal
Ard 6 like dat lor.,personal
Why don't you wait 'til at least wednesday to see if you get your .,personal
Huh y lei...,personal
Will b going to esplanade fr home?,personal
"Pity, * was in mood for that. So...any other suggestions?",personal
The guy did some bitching but I acted like i'd be interested in buying something else next week and he gave it to us for free,personal
Rofl. Its true to its name,personal
